Copyright 1986-2022 Xilinx, Inc. All Rights Reserved. Copyright 2022-2024 Advanced Micro Devices, Inc. All Rights Reserved.
---------------------------------------------------------------------------------------------------------------------------------------------------------------------------------------------------------------------------------
| Tool Version : Vivado v.2024.1 (win64) Build 5076996 Wed May 22 18:37:14 MDT 2024
| Date         : Sun Dec 29 10:53:49 2024
| Host         : nightt_insider running 64-bit major release  (build 9200)
| Command      : report_timing_summary -max_paths 10 -report_unconstrained -file bd_0_wrapper_timing_summary_routed.rpt -pb bd_0_wrapper_timing_summary_routed.pb -rpx bd_0_wrapper_timing_summary_routed.rpx -warn_on_violation
| Design       : bd_0_wrapper
| Device       : 7z020-clg400
| Speed File   : -1  PRODUCTION 1.12 2019-11-22
| Design State : Routed
---------------------------------------------------------------------------------------------------------------------------------------------------------------------------------------------------------------------------------

Timing Summary Report

------------------------------------------------------------------------------------------------
| Timer Settings
| --------------
------------------------------------------------------------------------------------------------

  Enable Multi Corner Analysis               :  Yes
  Enable Pessimism Removal                   :  Yes
  Pessimism Removal Resolution               :  Nearest Common Node
  Enable Input Delay Default Clock           :  No
  Enable Preset / Clear Arcs                 :  No
  Disable Flight Delays                      :  No
  Ignore I/O Paths                           :  No
  Timing Early Launch at Borrowing Latches   :  No
  Borrow Time for Max Delay Exceptions       :  Yes
  Merge Timing Exceptions                    :  Yes
  Inter-SLR Compensation                     :  Conservative

  Corner  Analyze    Analyze    
  Name    Max Paths  Min Paths  
  ------  ---------  ---------  
  Slow    Yes        Yes        
  Fast    Yes        Yes        


------------------------------------------------------------------------------------------------
| Report Methodology
| ------------------
------------------------------------------------------------------------------------------------

Rule       Severity  Description                    Violations  
---------  --------  -----------------------------  ----------  
TIMING-18  Warning   Missing input or output delay  316         

Note: This report is based on the most recent report_methodology run and may not be up-to-date. Run report_methodology on the current design for the latest report.



check_timing report

Table of Contents
-----------------
1. checking no_clock (0)
2. checking constant_clock (0)
3. checking pulse_width_clock (0)
4. checking unconstrained_internal_endpoints (0)
5. checking no_input_delay (90)
6. checking no_output_delay (212)
7. checking multiple_clock (0)
8. checking generated_clocks (0)
9. checking loops (0)
10. checking partial_input_delay (0)
11. checking partial_output_delay (0)
12. checking latch_loops (0)

1. checking no_clock (0)
------------------------
 There are 0 register/latch pins with no clock.


2. checking constant_clock (0)
------------------------------
 There are 0 register/latch pins with constant_clock.


3. checking pulse_width_clock (0)
---------------------------------
 There are 0 register/latch pins which need pulse_width check


4. checking unconstrained_internal_endpoints (0)
------------------------------------------------
 There are 0 pins that are not constrained for maximum delay.

 There are 0 pins that are not constrained for maximum delay due to constant clock.


5. checking no_input_delay (90)
-------------------------------
 There are 90 input ports with no input delay specified. (HIGH)

 There are 0 input ports with no input delay but user has a false path constraint.


6. checking no_output_delay (212)
---------------------------------
 There are 212 ports with no output delay specified. (HIGH)

 There are 0 ports with no output delay but user has a false path constraint

 There are 0 ports with no output delay but with a timing clock defined on it or propagating through it


7. checking multiple_clock (0)
------------------------------
 There are 0 register/latch pins with multiple clocks.


8. checking generated_clocks (0)
--------------------------------
 There are 0 generated clocks that are not connected to a clock source.


9. checking loops (0)
---------------------
 There are 0 combinational loops in the design.


10. checking partial_input_delay (0)
------------------------------------
 There are 0 input ports with partial input delay specified.


11. checking partial_output_delay (0)
-------------------------------------
 There are 0 ports with partial output delay specified.


12. checking latch_loops (0)
----------------------------
 There are 0 combinational latch loops in the design through latch input



------------------------------------------------------------------------------------------------
| Design Timing Summary
| ---------------------
------------------------------------------------------------------------------------------------

    WNS(ns)      TNS(ns)  TNS Failing Endpoints  TNS Total Endpoints      WHS(ns)      THS(ns)  THS Failing Endpoints  THS Total Endpoints     WPWS(ns)     TPWS(ns)  TPWS Failing Endpoints  TPWS Total Endpoints  
    -------      -------  ---------------------  -------------------      -------      -------  ---------------------  -------------------     --------     --------  ----------------------  --------------------  
      1.659        0.000                      0                 8707        0.058        0.000                      0                 8707        4.020        0.000                       0                  4043  


All user specified timing constraints are met.


------------------------------------------------------------------------------------------------
| Clock Summary
| -------------
------------------------------------------------------------------------------------------------

Clock   Waveform(ns)       Period(ns)      Frequency(MHz)
-----   ------------       ----------      --------------
ap_clk  {0.000 5.000}      10.000          100.000         


------------------------------------------------------------------------------------------------
| Intra Clock Table
| -----------------
------------------------------------------------------------------------------------------------

Clock             WNS(ns)      TNS(ns)  TNS Failing Endpoints  TNS Total Endpoints      WHS(ns)      THS(ns)  THS Failing Endpoints  THS Total Endpoints     WPWS(ns)     TPWS(ns)  TPWS Failing Endpoints  TPWS Total Endpoints  
-----             -------      -------  ---------------------  -------------------      -------      -------  ---------------------  -------------------     --------     --------  ----------------------  --------------------  
ap_clk              1.659        0.000                      0                 8707        0.058        0.000                      0                 8707        4.020        0.000                       0                  4043  


------------------------------------------------------------------------------------------------
| Inter Clock Table
| -----------------
------------------------------------------------------------------------------------------------

From Clock    To Clock          WNS(ns)      TNS(ns)  TNS Failing Endpoints  TNS Total Endpoints      WHS(ns)      THS(ns)  THS Failing Endpoints  THS Total Endpoints  
----------    --------          -------      -------  ---------------------  -------------------      -------      -------  ---------------------  -------------------  


------------------------------------------------------------------------------------------------
| Other Path Groups Table
| -----------------------
------------------------------------------------------------------------------------------------

Path Group    From Clock    To Clock          WNS(ns)      TNS(ns)  TNS Failing Endpoints  TNS Total Endpoints      WHS(ns)      THS(ns)  THS Failing Endpoints  THS Total Endpoints  
----------    ----------    --------          -------      -------  ---------------------  -------------------      -------      -------  ---------------------  -------------------  


------------------------------------------------------------------------------------------------
| User Ignored Path Table
| -----------------------
------------------------------------------------------------------------------------------------

Path Group    From Clock    To Clock    
----------    ----------    --------    


------------------------------------------------------------------------------------------------
| Unconstrained Path Table
| ------------------------
------------------------------------------------------------------------------------------------

Path Group    From Clock    To Clock    
----------    ----------    --------    
(none)        ap_clk                      
(none)                      ap_clk        


------------------------------------------------------------------------------------------------
| Timing Details
| --------------
------------------------------------------------------------------------------------------------


---------------------------------------------------------------------------------------------------
From Clock:  ap_clk
  To Clock:  ap_clk

Setup :            0  Failing Endpoints,  Worst Slack        1.659ns,  Total Violation        0.000ns
Hold  :            0  Failing Endpoints,  Worst Slack        0.058ns,  Total Violation        0.000ns
PW    :            0  Failing Endpoints,  Worst Slack        4.020ns,  Total Violation        0.000ns
---------------------------------------------------------------------------------------------------


Max Delay Paths
--------------------------------------------------------------------------------------
Slack (MET) :             1.659ns  (required time - arrival time)
  Source:                 bd_0_i/hls_inst/inst/CTRL_s_axi_U/int_cols_reg[1]/C
                            (rising edge-triggered cell FDRE clocked by ap_clk  {rise@0.000ns fall@5.000ns period=10.000ns})
  Destination:            bd_0_i/hls_inst/inst/mul_32ns_32ns_64_2_1_U12/tmp_product/RSTA
                            (rising edge-triggered cell DSP48E1 clocked by ap_clk  {rise@0.000ns fall@5.000ns period=10.000ns})
  Path Group:             ap_clk
  Path Type:              Setup (Max at Slow Process Corner)
  Requirement:            10.000ns  (ap_clk rise@10.000ns - ap_clk rise@0.000ns)
  Data Path Delay:        7.750ns  (logic 3.484ns (44.953%)  route 4.266ns (55.047%))
  Logic Levels:           11  (CARRY4=8 LUT1=1 LUT2=2)
  Clock Path Skew:        -0.049ns (DCD - SCD + CPR)
    Destination Clock Delay (DCD):    0.924ns = ( 10.924 - 10.000 ) 
    Source Clock Delay      (SCD):    0.973ns
    Clock Pessimism Removal (CPR):    0.000ns
  Clock Uncertainty:      0.035ns  ((TSJ^2 + TIJ^2)^1/2 + DJ) / 2 + PE
    Total System Jitter     (TSJ):    0.071ns
    Total Input Jitter      (TIJ):    0.000ns
    Discrete Jitter          (DJ):    0.000ns
    Phase Error              (PE):    0.000ns

    Location             Delay type                Incr(ns)  Path(ns)    Netlist Resource(s)
  -------------------------------------------------------------------    -------------------
                         (clock ap_clk rise edge)     0.000     0.000 r  
                                                      0.000     0.000 r  ap_clk (IN)
                         net (fo=4044, unset)         0.973     0.973    bd_0_i/hls_inst/inst/CTRL_s_axi_U/ap_clk
    SLICE_X14Y43         FDRE                                         r  bd_0_i/hls_inst/inst/CTRL_s_axi_U/int_cols_reg[1]/C
  -------------------------------------------------------------------    -------------------
    SLICE_X14Y43         FDRE (Prop_fdre_C_Q)         0.478     1.451 f  bd_0_i/hls_inst/inst/CTRL_s_axi_U/int_cols_reg[1]/Q
                         net (fo=9, routed)           1.226     2.677    bd_0_i/hls_inst/inst/CTRL_s_axi_U/int_cols_reg[31]_0[1]
    SLICE_X25Y34         LUT1 (Prop_lut1_I0_O)        0.295     2.972 r  bd_0_i/hls_inst/inst/CTRL_s_axi_U/sub2_reg_227[4]_i_5/O
                         net (fo=1, routed)           0.000     2.972    bd_0_i/hls_inst/inst/CTRL_s_axi_U/sub2_reg_227[4]_i_5_n_0
    SLICE_X25Y34         CARRY4 (Prop_carry4_S[0]_CO[3])
                                                      0.532     3.504 r  bd_0_i/hls_inst/inst/CTRL_s_axi_U/sub2_reg_227_reg[4]_i_1/CO[3]
                         net (fo=1, routed)           0.000     3.504    bd_0_i/hls_inst/inst/CTRL_s_axi_U/sub2_reg_227_reg[4]_i_1_n_0
    SLICE_X25Y35         CARRY4 (Prop_carry4_CI_CO[3])
                                                      0.114     3.618 r  bd_0_i/hls_inst/inst/CTRL_s_axi_U/sub2_reg_227_reg[8]_i_1/CO[3]
                         net (fo=1, routed)           0.000     3.618    bd_0_i/hls_inst/inst/CTRL_s_axi_U/sub2_reg_227_reg[8]_i_1_n_0
    SLICE_X25Y36         CARRY4 (Prop_carry4_CI_CO[3])
                                                      0.114     3.732 r  bd_0_i/hls_inst/inst/CTRL_s_axi_U/sub2_reg_227_reg[12]_i_1/CO[3]
                         net (fo=1, routed)           0.000     3.732    bd_0_i/hls_inst/inst/CTRL_s_axi_U/sub2_reg_227_reg[12]_i_1_n_0
    SLICE_X25Y37         CARRY4 (Prop_carry4_CI_CO[3])
                                                      0.114     3.846 r  bd_0_i/hls_inst/inst/CTRL_s_axi_U/sub2_reg_227_reg[16]_i_1/CO[3]
                         net (fo=1, routed)           0.000     3.846    bd_0_i/hls_inst/inst/CTRL_s_axi_U/sub2_reg_227_reg[16]_i_1_n_0
    SLICE_X25Y38         CARRY4 (Prop_carry4_CI_CO[3])
                                                      0.114     3.960 r  bd_0_i/hls_inst/inst/CTRL_s_axi_U/sub2_reg_227_reg[20]_i_1/CO[3]
                         net (fo=1, routed)           0.000     3.960    bd_0_i/hls_inst/inst/CTRL_s_axi_U/sub2_reg_227_reg[20]_i_1_n_0
    SLICE_X25Y39         CARRY4 (Prop_carry4_CI_O[1])
                                                      0.348     4.308 f  bd_0_i/hls_inst/inst/CTRL_s_axi_U/sub2_reg_227_reg[24]_i_1/O[1]
                         net (fo=5, routed)           0.961     5.269    bd_0_i/hls_inst/inst/CTRL_s_axi_U/int_cols_reg[30]_0[22]
    SLICE_X30Y38         LUT2 (Prop_lut2_I0_O)        0.303     5.572 r  bd_0_i/hls_inst/inst/CTRL_s_axi_U/tmp_product_i_68/O
                         net (fo=1, routed)           0.000     5.572    bd_0_i/hls_inst/inst/CTRL_s_axi_U/tmp_product_i_68_n_0
    SLICE_X30Y38         CARRY4 (Prop_carry4_S[1]_CO[3])
                                                      0.533     6.105 r  bd_0_i/hls_inst/inst/CTRL_s_axi_U/tmp_product_i_49/CO[3]
                         net (fo=1, routed)           0.000     6.105    bd_0_i/hls_inst/inst/CTRL_s_axi_U/tmp_product_i_49_n_0
    SLICE_X30Y39         CARRY4 (Prop_carry4_CI_CO[2])
                                                      0.229     6.334 f  bd_0_i/hls_inst/inst/CTRL_s_axi_U/tmp_product_i_12/CO[2]
                         net (fo=1, routed)           0.400     6.734    bd_0_i/hls_inst/inst/CTRL_s_axi_U/p_0_in
    SLICE_X29Y38         LUT2 (Prop_lut2_I1_O)        0.310     7.044 r  bd_0_i/hls_inst/inst/CTRL_s_axi_U/tmp_product_i_1__0/O
                         net (fo=35, routed)          1.680     8.723    bd_0_i/hls_inst/inst/mul_32ns_32ns_64_2_1_U12/empty_reg_232
    DSP48_X0Y12          DSP48E1                                      r  bd_0_i/hls_inst/inst/mul_32ns_32ns_64_2_1_U12/tmp_product/RSTA
  -------------------------------------------------------------------    -------------------

                         (clock ap_clk rise edge)    10.000    10.000 r  
                                                      0.000    10.000 r  ap_clk (IN)
                         net (fo=4044, unset)         0.924    10.924    bd_0_i/hls_inst/inst/mul_32ns_32ns_64_2_1_U12/ap_clk
    DSP48_X0Y12          DSP48E1                                      r  bd_0_i/hls_inst/inst/mul_32ns_32ns_64_2_1_U12/tmp_product/CLK
                         clock pessimism              0.000    10.924    
                         clock uncertainty           -0.035    10.889    
    DSP48_X0Y12          DSP48E1 (Setup_dsp48e1_CLK_RSTA)
                                                     -0.507    10.382    bd_0_i/hls_inst/inst/mul_32ns_32ns_64_2_1_U12/tmp_product
  -------------------------------------------------------------------
                         required time                         10.382    
                         arrival time                          -8.723    
  -------------------------------------------------------------------
                         slack                                  1.659    

Slack (MET) :             1.736ns  (required time - arrival time)
  Source:                 bd_0_i/hls_inst/inst/CTRL_s_axi_U/int_cols_reg[1]/C
                            (rising edge-triggered cell FDRE clocked by ap_clk  {rise@0.000ns fall@5.000ns period=10.000ns})
  Destination:            bd_0_i/hls_inst/inst/mul_32ns_32ns_64_2_1_U12/buff0_reg/RSTB
                            (rising edge-triggered cell DSP48E1 clocked by ap_clk  {rise@0.000ns fall@5.000ns period=10.000ns})
  Path Group:             ap_clk
  Path Type:              Setup (Max at Slow Process Corner)
  Requirement:            10.000ns  (ap_clk rise@10.000ns - ap_clk rise@0.000ns)
  Data Path Delay:        7.637ns  (logic 3.484ns (45.618%)  route 4.153ns (54.382%))
  Logic Levels:           11  (CARRY4=8 LUT1=1 LUT2=2)
  Clock Path Skew:        -0.049ns (DCD - SCD + CPR)
    Destination Clock Delay (DCD):    0.924ns = ( 10.924 - 10.000 ) 
    Source Clock Delay      (SCD):    0.973ns
    Clock Pessimism Removal (CPR):    0.000ns
  Clock Uncertainty:      0.035ns  ((TSJ^2 + TIJ^2)^1/2 + DJ) / 2 + PE
    Total System Jitter     (TSJ):    0.071ns
    Total Input Jitter      (TIJ):    0.000ns
    Discrete Jitter          (DJ):    0.000ns
    Phase Error              (PE):    0.000ns

    Location             Delay type                Incr(ns)  Path(ns)    Netlist Resource(s)
  -------------------------------------------------------------------    -------------------
                         (clock ap_clk rise edge)     0.000     0.000 r  
                                                      0.000     0.000 r  ap_clk (IN)
                         net (fo=4044, unset)         0.973     0.973    bd_0_i/hls_inst/inst/CTRL_s_axi_U/ap_clk
    SLICE_X14Y43         FDRE                                         r  bd_0_i/hls_inst/inst/CTRL_s_axi_U/int_cols_reg[1]/C
  -------------------------------------------------------------------    -------------------
    SLICE_X14Y43         FDRE (Prop_fdre_C_Q)         0.478     1.451 f  bd_0_i/hls_inst/inst/CTRL_s_axi_U/int_cols_reg[1]/Q
                         net (fo=9, routed)           1.226     2.677    bd_0_i/hls_inst/inst/CTRL_s_axi_U/int_cols_reg[31]_0[1]
    SLICE_X25Y34         LUT1 (Prop_lut1_I0_O)        0.295     2.972 r  bd_0_i/hls_inst/inst/CTRL_s_axi_U/sub2_reg_227[4]_i_5/O
                         net (fo=1, routed)           0.000     2.972    bd_0_i/hls_inst/inst/CTRL_s_axi_U/sub2_reg_227[4]_i_5_n_0
    SLICE_X25Y34         CARRY4 (Prop_carry4_S[0]_CO[3])
                                                      0.532     3.504 r  bd_0_i/hls_inst/inst/CTRL_s_axi_U/sub2_reg_227_reg[4]_i_1/CO[3]
                         net (fo=1, routed)           0.000     3.504    bd_0_i/hls_inst/inst/CTRL_s_axi_U/sub2_reg_227_reg[4]_i_1_n_0
    SLICE_X25Y35         CARRY4 (Prop_carry4_CI_CO[3])
                                                      0.114     3.618 r  bd_0_i/hls_inst/inst/CTRL_s_axi_U/sub2_reg_227_reg[8]_i_1/CO[3]
                         net (fo=1, routed)           0.000     3.618    bd_0_i/hls_inst/inst/CTRL_s_axi_U/sub2_reg_227_reg[8]_i_1_n_0
    SLICE_X25Y36         CARRY4 (Prop_carry4_CI_CO[3])
                                                      0.114     3.732 r  bd_0_i/hls_inst/inst/CTRL_s_axi_U/sub2_reg_227_reg[12]_i_1/CO[3]
                         net (fo=1, routed)           0.000     3.732    bd_0_i/hls_inst/inst/CTRL_s_axi_U/sub2_reg_227_reg[12]_i_1_n_0
    SLICE_X25Y37         CARRY4 (Prop_carry4_CI_CO[3])
                                                      0.114     3.846 r  bd_0_i/hls_inst/inst/CTRL_s_axi_U/sub2_reg_227_reg[16]_i_1/CO[3]
                         net (fo=1, routed)           0.000     3.846    bd_0_i/hls_inst/inst/CTRL_s_axi_U/sub2_reg_227_reg[16]_i_1_n_0
    SLICE_X25Y38         CARRY4 (Prop_carry4_CI_CO[3])
                                                      0.114     3.960 r  bd_0_i/hls_inst/inst/CTRL_s_axi_U/sub2_reg_227_reg[20]_i_1/CO[3]
                         net (fo=1, routed)           0.000     3.960    bd_0_i/hls_inst/inst/CTRL_s_axi_U/sub2_reg_227_reg[20]_i_1_n_0
    SLICE_X25Y39         CARRY4 (Prop_carry4_CI_O[1])
                                                      0.348     4.308 f  bd_0_i/hls_inst/inst/CTRL_s_axi_U/sub2_reg_227_reg[24]_i_1/O[1]
                         net (fo=5, routed)           0.961     5.269    bd_0_i/hls_inst/inst/CTRL_s_axi_U/int_cols_reg[30]_0[22]
    SLICE_X30Y38         LUT2 (Prop_lut2_I0_O)        0.303     5.572 r  bd_0_i/hls_inst/inst/CTRL_s_axi_U/tmp_product_i_68/O
                         net (fo=1, routed)           0.000     5.572    bd_0_i/hls_inst/inst/CTRL_s_axi_U/tmp_product_i_68_n_0
    SLICE_X30Y38         CARRY4 (Prop_carry4_S[1]_CO[3])
                                                      0.533     6.105 r  bd_0_i/hls_inst/inst/CTRL_s_axi_U/tmp_product_i_49/CO[3]
                         net (fo=1, routed)           0.000     6.105    bd_0_i/hls_inst/inst/CTRL_s_axi_U/tmp_product_i_49_n_0
    SLICE_X30Y39         CARRY4 (Prop_carry4_CI_CO[2])
                                                      0.229     6.334 f  bd_0_i/hls_inst/inst/CTRL_s_axi_U/tmp_product_i_12/CO[2]
                         net (fo=1, routed)           0.400     6.734    bd_0_i/hls_inst/inst/CTRL_s_axi_U/p_0_in
    SLICE_X29Y38         LUT2 (Prop_lut2_I1_O)        0.310     7.044 r  bd_0_i/hls_inst/inst/CTRL_s_axi_U/tmp_product_i_1__0/O
                         net (fo=35, routed)          1.567     8.610    bd_0_i/hls_inst/inst/mul_32ns_32ns_64_2_1_U12/empty_reg_232
    DSP48_X0Y13          DSP48E1                                      r  bd_0_i/hls_inst/inst/mul_32ns_32ns_64_2_1_U12/buff0_reg/RSTB
  -------------------------------------------------------------------    -------------------

                         (clock ap_clk rise edge)    10.000    10.000 r  
                                                      0.000    10.000 r  ap_clk (IN)
                         net (fo=4044, unset)         0.924    10.924    bd_0_i/hls_inst/inst/mul_32ns_32ns_64_2_1_U12/ap_clk
    DSP48_X0Y13          DSP48E1                                      r  bd_0_i/hls_inst/inst/mul_32ns_32ns_64_2_1_U12/buff0_reg/CLK
                         clock pessimism              0.000    10.924    
                         clock uncertainty           -0.035    10.889    
    DSP48_X0Y13          DSP48E1 (Setup_dsp48e1_CLK_RSTB)
                                                     -0.543    10.346    bd_0_i/hls_inst/inst/mul_32ns_32ns_64_2_1_U12/buff0_reg
  -------------------------------------------------------------------
                         required time                         10.346    
                         arrival time                          -8.610    
  -------------------------------------------------------------------
                         slack                                  1.736    

Slack (MET) :             1.766ns  (required time - arrival time)
  Source:                 bd_0_i/hls_inst/inst/CTRL_s_axi_U/int_cols_reg[1]/C
                            (rising edge-triggered cell FDRE clocked by ap_clk  {rise@0.000ns fall@5.000ns period=10.000ns})
  Destination:            bd_0_i/hls_inst/inst/mul_32ns_32ns_64_2_1_U12/buff0_reg__0/RSTB
                            (rising edge-triggered cell DSP48E1 clocked by ap_clk  {rise@0.000ns fall@5.000ns period=10.000ns})
  Path Group:             ap_clk
  Path Type:              Setup (Max at Slow Process Corner)
  Requirement:            10.000ns  (ap_clk rise@10.000ns - ap_clk rise@0.000ns)
  Data Path Delay:        7.607ns  (logic 3.484ns (45.798%)  route 4.123ns (54.202%))
  Logic Levels:           11  (CARRY4=8 LUT1=1 LUT2=2)
  Clock Path Skew:        -0.049ns (DCD - SCD + CPR)
    Destination Clock Delay (DCD):    0.924ns = ( 10.924 - 10.000 ) 
    Source Clock Delay      (SCD):    0.973ns
    Clock Pessimism Removal (CPR):    0.000ns
  Clock Uncertainty:      0.035ns  ((TSJ^2 + TIJ^2)^1/2 + DJ) / 2 + PE
    Total System Jitter     (TSJ):    0.071ns
    Total Input Jitter      (TIJ):    0.000ns
    Discrete Jitter          (DJ):    0.000ns
    Phase Error              (PE):    0.000ns

    Location             Delay type                Incr(ns)  Path(ns)    Netlist Resource(s)
  -------------------------------------------------------------------    -------------------
                         (clock ap_clk rise edge)     0.000     0.000 r  
                                                      0.000     0.000 r  ap_clk (IN)
                         net (fo=4044, unset)         0.973     0.973    bd_0_i/hls_inst/inst/CTRL_s_axi_U/ap_clk
    SLICE_X14Y43         FDRE                                         r  bd_0_i/hls_inst/inst/CTRL_s_axi_U/int_cols_reg[1]/C
  -------------------------------------------------------------------    -------------------
    SLICE_X14Y43         FDRE (Prop_fdre_C_Q)         0.478     1.451 f  bd_0_i/hls_inst/inst/CTRL_s_axi_U/int_cols_reg[1]/Q
                         net (fo=9, routed)           1.226     2.677    bd_0_i/hls_inst/inst/CTRL_s_axi_U/int_cols_reg[31]_0[1]
    SLICE_X25Y34         LUT1 (Prop_lut1_I0_O)        0.295     2.972 r  bd_0_i/hls_inst/inst/CTRL_s_axi_U/sub2_reg_227[4]_i_5/O
                         net (fo=1, routed)           0.000     2.972    bd_0_i/hls_inst/inst/CTRL_s_axi_U/sub2_reg_227[4]_i_5_n_0
    SLICE_X25Y34         CARRY4 (Prop_carry4_S[0]_CO[3])
                                                      0.532     3.504 r  bd_0_i/hls_inst/inst/CTRL_s_axi_U/sub2_reg_227_reg[4]_i_1/CO[3]
                         net (fo=1, routed)           0.000     3.504    bd_0_i/hls_inst/inst/CTRL_s_axi_U/sub2_reg_227_reg[4]_i_1_n_0
    SLICE_X25Y35         CARRY4 (Prop_carry4_CI_CO[3])
                                                      0.114     3.618 r  bd_0_i/hls_inst/inst/CTRL_s_axi_U/sub2_reg_227_reg[8]_i_1/CO[3]
                         net (fo=1, routed)           0.000     3.618    bd_0_i/hls_inst/inst/CTRL_s_axi_U/sub2_reg_227_reg[8]_i_1_n_0
    SLICE_X25Y36         CARRY4 (Prop_carry4_CI_CO[3])
                                                      0.114     3.732 r  bd_0_i/hls_inst/inst/CTRL_s_axi_U/sub2_reg_227_reg[12]_i_1/CO[3]
                         net (fo=1, routed)           0.000     3.732    bd_0_i/hls_inst/inst/CTRL_s_axi_U/sub2_reg_227_reg[12]_i_1_n_0
    SLICE_X25Y37         CARRY4 (Prop_carry4_CI_CO[3])
                                                      0.114     3.846 r  bd_0_i/hls_inst/inst/CTRL_s_axi_U/sub2_reg_227_reg[16]_i_1/CO[3]
                         net (fo=1, routed)           0.000     3.846    bd_0_i/hls_inst/inst/CTRL_s_axi_U/sub2_reg_227_reg[16]_i_1_n_0
    SLICE_X25Y38         CARRY4 (Prop_carry4_CI_CO[3])
                                                      0.114     3.960 r  bd_0_i/hls_inst/inst/CTRL_s_axi_U/sub2_reg_227_reg[20]_i_1/CO[3]
                         net (fo=1, routed)           0.000     3.960    bd_0_i/hls_inst/inst/CTRL_s_axi_U/sub2_reg_227_reg[20]_i_1_n_0
    SLICE_X25Y39         CARRY4 (Prop_carry4_CI_O[1])
                                                      0.348     4.308 f  bd_0_i/hls_inst/inst/CTRL_s_axi_U/sub2_reg_227_reg[24]_i_1/O[1]
                         net (fo=5, routed)           0.961     5.269    bd_0_i/hls_inst/inst/CTRL_s_axi_U/int_cols_reg[30]_0[22]
    SLICE_X30Y38         LUT2 (Prop_lut2_I0_O)        0.303     5.572 r  bd_0_i/hls_inst/inst/CTRL_s_axi_U/tmp_product_i_68/O
                         net (fo=1, routed)           0.000     5.572    bd_0_i/hls_inst/inst/CTRL_s_axi_U/tmp_product_i_68_n_0
    SLICE_X30Y38         CARRY4 (Prop_carry4_S[1]_CO[3])
                                                      0.533     6.105 r  bd_0_i/hls_inst/inst/CTRL_s_axi_U/tmp_product_i_49/CO[3]
                         net (fo=1, routed)           0.000     6.105    bd_0_i/hls_inst/inst/CTRL_s_axi_U/tmp_product_i_49_n_0
    SLICE_X30Y39         CARRY4 (Prop_carry4_CI_CO[2])
                                                      0.229     6.334 f  bd_0_i/hls_inst/inst/CTRL_s_axi_U/tmp_product_i_12/CO[2]
                         net (fo=1, routed)           0.400     6.734    bd_0_i/hls_inst/inst/CTRL_s_axi_U/p_0_in
    SLICE_X29Y38         LUT2 (Prop_lut2_I1_O)        0.310     7.044 r  bd_0_i/hls_inst/inst/CTRL_s_axi_U/tmp_product_i_1__0/O
                         net (fo=35, routed)          1.537     8.580    bd_0_i/hls_inst/inst/mul_32ns_32ns_64_2_1_U12/empty_reg_232
    DSP48_X0Y15          DSP48E1                                      r  bd_0_i/hls_inst/inst/mul_32ns_32ns_64_2_1_U12/buff0_reg__0/RSTB
  -------------------------------------------------------------------    -------------------

                         (clock ap_clk rise edge)    10.000    10.000 r  
                                                      0.000    10.000 r  ap_clk (IN)
                         net (fo=4044, unset)         0.924    10.924    bd_0_i/hls_inst/inst/mul_32ns_32ns_64_2_1_U12/ap_clk
    DSP48_X0Y15          DSP48E1                                      r  bd_0_i/hls_inst/inst/mul_32ns_32ns_64_2_1_U12/buff0_reg__0/CLK
                         clock pessimism              0.000    10.924    
                         clock uncertainty           -0.035    10.889    
    DSP48_X0Y15          DSP48E1 (Setup_dsp48e1_CLK_RSTB)
                                                     -0.543    10.346    bd_0_i/hls_inst/inst/mul_32ns_32ns_64_2_1_U12/buff0_reg__0
  -------------------------------------------------------------------
                         required time                         10.346    
                         arrival time                          -8.580    
  -------------------------------------------------------------------
                         slack                                  1.766    

Slack (MET) :             1.821ns  (required time - arrival time)
  Source:                 bd_0_i/hls_inst/inst/CTRL_s_axi_U/int_cols_reg[1]/C
                            (rising edge-triggered cell FDRE clocked by ap_clk  {rise@0.000ns fall@5.000ns period=10.000ns})
  Destination:            bd_0_i/hls_inst/inst/mul_32ns_32ns_64_2_1_U12/tmp_product__0/RSTB
                            (rising edge-triggered cell DSP48E1 clocked by ap_clk  {rise@0.000ns fall@5.000ns period=10.000ns})
  Path Group:             ap_clk
  Path Type:              Setup (Max at Slow Process Corner)
  Requirement:            10.000ns  (ap_clk rise@10.000ns - ap_clk rise@0.000ns)
  Data Path Delay:        7.552ns  (logic 3.484ns (46.136%)  route 4.068ns (53.864%))
  Logic Levels:           11  (CARRY4=8 LUT1=1 LUT2=2)
  Clock Path Skew:        -0.049ns (DCD - SCD + CPR)
    Destination Clock Delay (DCD):    0.924ns = ( 10.924 - 10.000 ) 
    Source Clock Delay      (SCD):    0.973ns
    Clock Pessimism Removal (CPR):    0.000ns
  Clock Uncertainty:      0.035ns  ((TSJ^2 + TIJ^2)^1/2 + DJ) / 2 + PE
    Total System Jitter     (TSJ):    0.071ns
    Total Input Jitter      (TIJ):    0.000ns
    Discrete Jitter          (DJ):    0.000ns
    Phase Error              (PE):    0.000ns

    Location             Delay type                Incr(ns)  Path(ns)    Netlist Resource(s)
  -------------------------------------------------------------------    -------------------
                         (clock ap_clk rise edge)     0.000     0.000 r  
                                                      0.000     0.000 r  ap_clk (IN)
                         net (fo=4044, unset)         0.973     0.973    bd_0_i/hls_inst/inst/CTRL_s_axi_U/ap_clk
    SLICE_X14Y43         FDRE                                         r  bd_0_i/hls_inst/inst/CTRL_s_axi_U/int_cols_reg[1]/C
  -------------------------------------------------------------------    -------------------
    SLICE_X14Y43         FDRE (Prop_fdre_C_Q)         0.478     1.451 f  bd_0_i/hls_inst/inst/CTRL_s_axi_U/int_cols_reg[1]/Q
                         net (fo=9, routed)           1.226     2.677    bd_0_i/hls_inst/inst/CTRL_s_axi_U/int_cols_reg[31]_0[1]
    SLICE_X25Y34         LUT1 (Prop_lut1_I0_O)        0.295     2.972 r  bd_0_i/hls_inst/inst/CTRL_s_axi_U/sub2_reg_227[4]_i_5/O
                         net (fo=1, routed)           0.000     2.972    bd_0_i/hls_inst/inst/CTRL_s_axi_U/sub2_reg_227[4]_i_5_n_0
    SLICE_X25Y34         CARRY4 (Prop_carry4_S[0]_CO[3])
                                                      0.532     3.504 r  bd_0_i/hls_inst/inst/CTRL_s_axi_U/sub2_reg_227_reg[4]_i_1/CO[3]
                         net (fo=1, routed)           0.000     3.504    bd_0_i/hls_inst/inst/CTRL_s_axi_U/sub2_reg_227_reg[4]_i_1_n_0
    SLICE_X25Y35         CARRY4 (Prop_carry4_CI_CO[3])
                                                      0.114     3.618 r  bd_0_i/hls_inst/inst/CTRL_s_axi_U/sub2_reg_227_reg[8]_i_1/CO[3]
                         net (fo=1, routed)           0.000     3.618    bd_0_i/hls_inst/inst/CTRL_s_axi_U/sub2_reg_227_reg[8]_i_1_n_0
    SLICE_X25Y36         CARRY4 (Prop_carry4_CI_CO[3])
                                                      0.114     3.732 r  bd_0_i/hls_inst/inst/CTRL_s_axi_U/sub2_reg_227_reg[12]_i_1/CO[3]
                         net (fo=1, routed)           0.000     3.732    bd_0_i/hls_inst/inst/CTRL_s_axi_U/sub2_reg_227_reg[12]_i_1_n_0
    SLICE_X25Y37         CARRY4 (Prop_carry4_CI_CO[3])
                                                      0.114     3.846 r  bd_0_i/hls_inst/inst/CTRL_s_axi_U/sub2_reg_227_reg[16]_i_1/CO[3]
                         net (fo=1, routed)           0.000     3.846    bd_0_i/hls_inst/inst/CTRL_s_axi_U/sub2_reg_227_reg[16]_i_1_n_0
    SLICE_X25Y38         CARRY4 (Prop_carry4_CI_CO[3])
                                                      0.114     3.960 r  bd_0_i/hls_inst/inst/CTRL_s_axi_U/sub2_reg_227_reg[20]_i_1/CO[3]
                         net (fo=1, routed)           0.000     3.960    bd_0_i/hls_inst/inst/CTRL_s_axi_U/sub2_reg_227_reg[20]_i_1_n_0
    SLICE_X25Y39         CARRY4 (Prop_carry4_CI_O[1])
                                                      0.348     4.308 f  bd_0_i/hls_inst/inst/CTRL_s_axi_U/sub2_reg_227_reg[24]_i_1/O[1]
                         net (fo=5, routed)           0.961     5.269    bd_0_i/hls_inst/inst/CTRL_s_axi_U/int_cols_reg[30]_0[22]
    SLICE_X30Y38         LUT2 (Prop_lut2_I0_O)        0.303     5.572 r  bd_0_i/hls_inst/inst/CTRL_s_axi_U/tmp_product_i_68/O
                         net (fo=1, routed)           0.000     5.572    bd_0_i/hls_inst/inst/CTRL_s_axi_U/tmp_product_i_68_n_0
    SLICE_X30Y38         CARRY4 (Prop_carry4_S[1]_CO[3])
                                                      0.533     6.105 r  bd_0_i/hls_inst/inst/CTRL_s_axi_U/tmp_product_i_49/CO[3]
                         net (fo=1, routed)           0.000     6.105    bd_0_i/hls_inst/inst/CTRL_s_axi_U/tmp_product_i_49_n_0
    SLICE_X30Y39         CARRY4 (Prop_carry4_CI_CO[2])
                                                      0.229     6.334 f  bd_0_i/hls_inst/inst/CTRL_s_axi_U/tmp_product_i_12/CO[2]
                         net (fo=1, routed)           0.400     6.734    bd_0_i/hls_inst/inst/CTRL_s_axi_U/p_0_in
    SLICE_X29Y38         LUT2 (Prop_lut2_I1_O)        0.310     7.044 r  bd_0_i/hls_inst/inst/CTRL_s_axi_U/tmp_product_i_1__0/O
                         net (fo=35, routed)          1.481     8.525    bd_0_i/hls_inst/inst/mul_32ns_32ns_64_2_1_U12/empty_reg_232
    DSP48_X0Y14          DSP48E1                                      r  bd_0_i/hls_inst/inst/mul_32ns_32ns_64_2_1_U12/tmp_product__0/RSTB
  -------------------------------------------------------------------    -------------------

                         (clock ap_clk rise edge)    10.000    10.000 r  
                                                      0.000    10.000 r  ap_clk (IN)
                         net (fo=4044, unset)         0.924    10.924    bd_0_i/hls_inst/inst/mul_32ns_32ns_64_2_1_U12/ap_clk
    DSP48_X0Y14          DSP48E1                                      r  bd_0_i/hls_inst/inst/mul_32ns_32ns_64_2_1_U12/tmp_product__0/CLK
                         clock pessimism              0.000    10.924    
                         clock uncertainty           -0.035    10.889    
    DSP48_X0Y14          DSP48E1 (Setup_dsp48e1_CLK_RSTB)
                                                     -0.543    10.346    bd_0_i/hls_inst/inst/mul_32ns_32ns_64_2_1_U12/tmp_product__0
  -------------------------------------------------------------------
                         required time                         10.346    
                         arrival time                          -8.525    
  -------------------------------------------------------------------
                         slack                                  1.821    

Slack (MET) :             2.525ns  (required time - arrival time)
  Source:                 bd_0_i/hls_inst/inst/CTRL_s_axi_U/int_cols_reg[1]/C
                            (rising edge-triggered cell FDRE clocked by ap_clk  {rise@0.000ns fall@5.000ns period=10.000ns})
  Destination:            bd_0_i/hls_inst/inst/empty_reg_232_reg[25]/R
                            (rising edge-triggered cell FDRE clocked by ap_clk  {rise@0.000ns fall@5.000ns period=10.000ns})
  Path Group:             ap_clk
  Path Type:              Setup (Max at Slow Process Corner)
  Requirement:            10.000ns  (ap_clk rise@10.000ns - ap_clk rise@0.000ns)
  Data Path Delay:        6.962ns  (logic 3.484ns (50.045%)  route 3.478ns (49.955%))
  Logic Levels:           11  (CARRY4=8 LUT1=1 LUT2=2)
  Clock Path Skew:        -0.049ns (DCD - SCD + CPR)
    Destination Clock Delay (DCD):    0.924ns = ( 10.924 - 10.000 ) 
    Source Clock Delay      (SCD):    0.973ns
    Clock Pessimism Removal (CPR):    0.000ns
  Clock Uncertainty:      0.035ns  ((TSJ^2 + TIJ^2)^1/2 + DJ) / 2 + PE
    Total System Jitter     (TSJ):    0.071ns
    Total Input Jitter      (TIJ):    0.000ns
    Discrete Jitter          (DJ):    0.000ns
    Phase Error              (PE):    0.000ns

    Location             Delay type                Incr(ns)  Path(ns)    Netlist Resource(s)
  -------------------------------------------------------------------    -------------------
                         (clock ap_clk rise edge)     0.000     0.000 r  
                                                      0.000     0.000 r  ap_clk (IN)
                         net (fo=4044, unset)         0.973     0.973    bd_0_i/hls_inst/inst/CTRL_s_axi_U/ap_clk
    SLICE_X14Y43         FDRE                                         r  bd_0_i/hls_inst/inst/CTRL_s_axi_U/int_cols_reg[1]/C
  -------------------------------------------------------------------    -------------------
    SLICE_X14Y43         FDRE (Prop_fdre_C_Q)         0.478     1.451 f  bd_0_i/hls_inst/inst/CTRL_s_axi_U/int_cols_reg[1]/Q
                         net (fo=9, routed)           1.226     2.677    bd_0_i/hls_inst/inst/CTRL_s_axi_U/int_cols_reg[31]_0[1]
    SLICE_X25Y34         LUT1 (Prop_lut1_I0_O)        0.295     2.972 r  bd_0_i/hls_inst/inst/CTRL_s_axi_U/sub2_reg_227[4]_i_5/O
                         net (fo=1, routed)           0.000     2.972    bd_0_i/hls_inst/inst/CTRL_s_axi_U/sub2_reg_227[4]_i_5_n_0
    SLICE_X25Y34         CARRY4 (Prop_carry4_S[0]_CO[3])
                                                      0.532     3.504 r  bd_0_i/hls_inst/inst/CTRL_s_axi_U/sub2_reg_227_reg[4]_i_1/CO[3]
                         net (fo=1, routed)           0.000     3.504    bd_0_i/hls_inst/inst/CTRL_s_axi_U/sub2_reg_227_reg[4]_i_1_n_0
    SLICE_X25Y35         CARRY4 (Prop_carry4_CI_CO[3])
                                                      0.114     3.618 r  bd_0_i/hls_inst/inst/CTRL_s_axi_U/sub2_reg_227_reg[8]_i_1/CO[3]
                         net (fo=1, routed)           0.000     3.618    bd_0_i/hls_inst/inst/CTRL_s_axi_U/sub2_reg_227_reg[8]_i_1_n_0
    SLICE_X25Y36         CARRY4 (Prop_carry4_CI_CO[3])
                                                      0.114     3.732 r  bd_0_i/hls_inst/inst/CTRL_s_axi_U/sub2_reg_227_reg[12]_i_1/CO[3]
                         net (fo=1, routed)           0.000     3.732    bd_0_i/hls_inst/inst/CTRL_s_axi_U/sub2_reg_227_reg[12]_i_1_n_0
    SLICE_X25Y37         CARRY4 (Prop_carry4_CI_CO[3])
                                                      0.114     3.846 r  bd_0_i/hls_inst/inst/CTRL_s_axi_U/sub2_reg_227_reg[16]_i_1/CO[3]
                         net (fo=1, routed)           0.000     3.846    bd_0_i/hls_inst/inst/CTRL_s_axi_U/sub2_reg_227_reg[16]_i_1_n_0
    SLICE_X25Y38         CARRY4 (Prop_carry4_CI_CO[3])
                                                      0.114     3.960 r  bd_0_i/hls_inst/inst/CTRL_s_axi_U/sub2_reg_227_reg[20]_i_1/CO[3]
                         net (fo=1, routed)           0.000     3.960    bd_0_i/hls_inst/inst/CTRL_s_axi_U/sub2_reg_227_reg[20]_i_1_n_0
    SLICE_X25Y39         CARRY4 (Prop_carry4_CI_O[1])
                                                      0.348     4.308 f  bd_0_i/hls_inst/inst/CTRL_s_axi_U/sub2_reg_227_reg[24]_i_1/O[1]
                         net (fo=5, routed)           0.961     5.269    bd_0_i/hls_inst/inst/CTRL_s_axi_U/int_cols_reg[30]_0[22]
    SLICE_X30Y38         LUT2 (Prop_lut2_I0_O)        0.303     5.572 r  bd_0_i/hls_inst/inst/CTRL_s_axi_U/tmp_product_i_68/O
                         net (fo=1, routed)           0.000     5.572    bd_0_i/hls_inst/inst/CTRL_s_axi_U/tmp_product_i_68_n_0
    SLICE_X30Y38         CARRY4 (Prop_carry4_S[1]_CO[3])
                                                      0.533     6.105 r  bd_0_i/hls_inst/inst/CTRL_s_axi_U/tmp_product_i_49/CO[3]
                         net (fo=1, routed)           0.000     6.105    bd_0_i/hls_inst/inst/CTRL_s_axi_U/tmp_product_i_49_n_0
    SLICE_X30Y39         CARRY4 (Prop_carry4_CI_CO[2])
                                                      0.229     6.334 f  bd_0_i/hls_inst/inst/CTRL_s_axi_U/tmp_product_i_12/CO[2]
                         net (fo=1, routed)           0.400     6.734    bd_0_i/hls_inst/inst/CTRL_s_axi_U/p_0_in
    SLICE_X29Y38         LUT2 (Prop_lut2_I1_O)        0.310     7.044 r  bd_0_i/hls_inst/inst/CTRL_s_axi_U/tmp_product_i_1__0/O
                         net (fo=35, routed)          0.891     7.935    bd_0_i/hls_inst/inst/empty_reg_232
    SLICE_X31Y40         FDRE                                         r  bd_0_i/hls_inst/inst/empty_reg_232_reg[25]/R
  -------------------------------------------------------------------    -------------------

                         (clock ap_clk rise edge)    10.000    10.000 r  
                                                      0.000    10.000 r  ap_clk (IN)
                         net (fo=4044, unset)         0.924    10.924    bd_0_i/hls_inst/inst/ap_clk
    SLICE_X31Y40         FDRE                                         r  bd_0_i/hls_inst/inst/empty_reg_232_reg[25]/C
                         clock pessimism              0.000    10.924    
                         clock uncertainty           -0.035    10.889    
    SLICE_X31Y40         FDRE (Setup_fdre_C_R)       -0.429    10.460    bd_0_i/hls_inst/inst/empty_reg_232_reg[25]
  -------------------------------------------------------------------
                         required time                         10.460    
                         arrival time                          -7.935    
  -------------------------------------------------------------------
                         slack                                  2.525    

Slack (MET) :             2.525ns  (required time - arrival time)
  Source:                 bd_0_i/hls_inst/inst/CTRL_s_axi_U/int_cols_reg[1]/C
                            (rising edge-triggered cell FDRE clocked by ap_clk  {rise@0.000ns fall@5.000ns period=10.000ns})
  Destination:            bd_0_i/hls_inst/inst/empty_reg_232_reg[26]/R
                            (rising edge-triggered cell FDRE clocked by ap_clk  {rise@0.000ns fall@5.000ns period=10.000ns})
  Path Group:             ap_clk
  Path Type:              Setup (Max at Slow Process Corner)
  Requirement:            10.000ns  (ap_clk rise@10.000ns - ap_clk rise@0.000ns)
  Data Path Delay:        6.962ns  (logic 3.484ns (50.045%)  route 3.478ns (49.955%))
  Logic Levels:           11  (CARRY4=8 LUT1=1 LUT2=2)
  Clock Path Skew:        -0.049ns (DCD - SCD + CPR)
    Destination Clock Delay (DCD):    0.924ns = ( 10.924 - 10.000 ) 
    Source Clock Delay      (SCD):    0.973ns
    Clock Pessimism Removal (CPR):    0.000ns
  Clock Uncertainty:      0.035ns  ((TSJ^2 + TIJ^2)^1/2 + DJ) / 2 + PE
    Total System Jitter     (TSJ):    0.071ns
    Total Input Jitter      (TIJ):    0.000ns
    Discrete Jitter          (DJ):    0.000ns
    Phase Error              (PE):    0.000ns

    Location             Delay type                Incr(ns)  Path(ns)    Netlist Resource(s)
  -------------------------------------------------------------------    -------------------
                         (clock ap_clk rise edge)     0.000     0.000 r  
                                                      0.000     0.000 r  ap_clk (IN)
                         net (fo=4044, unset)         0.973     0.973    bd_0_i/hls_inst/inst/CTRL_s_axi_U/ap_clk
    SLICE_X14Y43         FDRE                                         r  bd_0_i/hls_inst/inst/CTRL_s_axi_U/int_cols_reg[1]/C
  -------------------------------------------------------------------    -------------------
    SLICE_X14Y43         FDRE (Prop_fdre_C_Q)         0.478     1.451 f  bd_0_i/hls_inst/inst/CTRL_s_axi_U/int_cols_reg[1]/Q
                         net (fo=9, routed)           1.226     2.677    bd_0_i/hls_inst/inst/CTRL_s_axi_U/int_cols_reg[31]_0[1]
    SLICE_X25Y34         LUT1 (Prop_lut1_I0_O)        0.295     2.972 r  bd_0_i/hls_inst/inst/CTRL_s_axi_U/sub2_reg_227[4]_i_5/O
                         net (fo=1, routed)           0.000     2.972    bd_0_i/hls_inst/inst/CTRL_s_axi_U/sub2_reg_227[4]_i_5_n_0
    SLICE_X25Y34         CARRY4 (Prop_carry4_S[0]_CO[3])
                                                      0.532     3.504 r  bd_0_i/hls_inst/inst/CTRL_s_axi_U/sub2_reg_227_reg[4]_i_1/CO[3]
                         net (fo=1, routed)           0.000     3.504    bd_0_i/hls_inst/inst/CTRL_s_axi_U/sub2_reg_227_reg[4]_i_1_n_0
    SLICE_X25Y35         CARRY4 (Prop_carry4_CI_CO[3])
                                                      0.114     3.618 r  bd_0_i/hls_inst/inst/CTRL_s_axi_U/sub2_reg_227_reg[8]_i_1/CO[3]
                         net (fo=1, routed)           0.000     3.618    bd_0_i/hls_inst/inst/CTRL_s_axi_U/sub2_reg_227_reg[8]_i_1_n_0
    SLICE_X25Y36         CARRY4 (Prop_carry4_CI_CO[3])
                                                      0.114     3.732 r  bd_0_i/hls_inst/inst/CTRL_s_axi_U/sub2_reg_227_reg[12]_i_1/CO[3]
                         net (fo=1, routed)           0.000     3.732    bd_0_i/hls_inst/inst/CTRL_s_axi_U/sub2_reg_227_reg[12]_i_1_n_0
    SLICE_X25Y37         CARRY4 (Prop_carry4_CI_CO[3])
                                                      0.114     3.846 r  bd_0_i/hls_inst/inst/CTRL_s_axi_U/sub2_reg_227_reg[16]_i_1/CO[3]
                         net (fo=1, routed)           0.000     3.846    bd_0_i/hls_inst/inst/CTRL_s_axi_U/sub2_reg_227_reg[16]_i_1_n_0
    SLICE_X25Y38         CARRY4 (Prop_carry4_CI_CO[3])
                                                      0.114     3.960 r  bd_0_i/hls_inst/inst/CTRL_s_axi_U/sub2_reg_227_reg[20]_i_1/CO[3]
                         net (fo=1, routed)           0.000     3.960    bd_0_i/hls_inst/inst/CTRL_s_axi_U/sub2_reg_227_reg[20]_i_1_n_0
    SLICE_X25Y39         CARRY4 (Prop_carry4_CI_O[1])
                                                      0.348     4.308 f  bd_0_i/hls_inst/inst/CTRL_s_axi_U/sub2_reg_227_reg[24]_i_1/O[1]
                         net (fo=5, routed)           0.961     5.269    bd_0_i/hls_inst/inst/CTRL_s_axi_U/int_cols_reg[30]_0[22]
    SLICE_X30Y38         LUT2 (Prop_lut2_I0_O)        0.303     5.572 r  bd_0_i/hls_inst/inst/CTRL_s_axi_U/tmp_product_i_68/O
                         net (fo=1, routed)           0.000     5.572    bd_0_i/hls_inst/inst/CTRL_s_axi_U/tmp_product_i_68_n_0
    SLICE_X30Y38         CARRY4 (Prop_carry4_S[1]_CO[3])
                                                      0.533     6.105 r  bd_0_i/hls_inst/inst/CTRL_s_axi_U/tmp_product_i_49/CO[3]
                         net (fo=1, routed)           0.000     6.105    bd_0_i/hls_inst/inst/CTRL_s_axi_U/tmp_product_i_49_n_0
    SLICE_X30Y39         CARRY4 (Prop_carry4_CI_CO[2])
                                                      0.229     6.334 f  bd_0_i/hls_inst/inst/CTRL_s_axi_U/tmp_product_i_12/CO[2]
                         net (fo=1, routed)           0.400     6.734    bd_0_i/hls_inst/inst/CTRL_s_axi_U/p_0_in
    SLICE_X29Y38         LUT2 (Prop_lut2_I1_O)        0.310     7.044 r  bd_0_i/hls_inst/inst/CTRL_s_axi_U/tmp_product_i_1__0/O
                         net (fo=35, routed)          0.891     7.935    bd_0_i/hls_inst/inst/empty_reg_232
    SLICE_X31Y40         FDRE                                         r  bd_0_i/hls_inst/inst/empty_reg_232_reg[26]/R
  -------------------------------------------------------------------    -------------------

                         (clock ap_clk rise edge)    10.000    10.000 r  
                                                      0.000    10.000 r  ap_clk (IN)
                         net (fo=4044, unset)         0.924    10.924    bd_0_i/hls_inst/inst/ap_clk
    SLICE_X31Y40         FDRE                                         r  bd_0_i/hls_inst/inst/empty_reg_232_reg[26]/C
                         clock pessimism              0.000    10.924    
                         clock uncertainty           -0.035    10.889    
    SLICE_X31Y40         FDRE (Setup_fdre_C_R)       -0.429    10.460    bd_0_i/hls_inst/inst/empty_reg_232_reg[26]
  -------------------------------------------------------------------
                         required time                         10.460    
                         arrival time                          -7.935    
  -------------------------------------------------------------------
                         slack                                  2.525    

Slack (MET) :             2.525ns  (required time - arrival time)
  Source:                 bd_0_i/hls_inst/inst/CTRL_s_axi_U/int_cols_reg[1]/C
                            (rising edge-triggered cell FDRE clocked by ap_clk  {rise@0.000ns fall@5.000ns period=10.000ns})
  Destination:            bd_0_i/hls_inst/inst/empty_reg_232_reg[27]/R
                            (rising edge-triggered cell FDRE clocked by ap_clk  {rise@0.000ns fall@5.000ns period=10.000ns})
  Path Group:             ap_clk
  Path Type:              Setup (Max at Slow Process Corner)
  Requirement:            10.000ns  (ap_clk rise@10.000ns - ap_clk rise@0.000ns)
  Data Path Delay:        6.962ns  (logic 3.484ns (50.045%)  route 3.478ns (49.955%))
  Logic Levels:           11  (CARRY4=8 LUT1=1 LUT2=2)
  Clock Path Skew:        -0.049ns (DCD - SCD + CPR)
    Destination Clock Delay (DCD):    0.924ns = ( 10.924 - 10.000 ) 
    Source Clock Delay      (SCD):    0.973ns
    Clock Pessimism Removal (CPR):    0.000ns
  Clock Uncertainty:      0.035ns  ((TSJ^2 + TIJ^2)^1/2 + DJ) / 2 + PE
    Total System Jitter     (TSJ):    0.071ns
    Total Input Jitter      (TIJ):    0.000ns
    Discrete Jitter          (DJ):    0.000ns
    Phase Error              (PE):    0.000ns

    Location             Delay type                Incr(ns)  Path(ns)    Netlist Resource(s)
  -------------------------------------------------------------------    -------------------
                         (clock ap_clk rise edge)     0.000     0.000 r  
                                                      0.000     0.000 r  ap_clk (IN)
                         net (fo=4044, unset)         0.973     0.973    bd_0_i/hls_inst/inst/CTRL_s_axi_U/ap_clk
    SLICE_X14Y43         FDRE                                         r  bd_0_i/hls_inst/inst/CTRL_s_axi_U/int_cols_reg[1]/C
  -------------------------------------------------------------------    -------------------
    SLICE_X14Y43         FDRE (Prop_fdre_C_Q)         0.478     1.451 f  bd_0_i/hls_inst/inst/CTRL_s_axi_U/int_cols_reg[1]/Q
                         net (fo=9, routed)           1.226     2.677    bd_0_i/hls_inst/inst/CTRL_s_axi_U/int_cols_reg[31]_0[1]
    SLICE_X25Y34         LUT1 (Prop_lut1_I0_O)        0.295     2.972 r  bd_0_i/hls_inst/inst/CTRL_s_axi_U/sub2_reg_227[4]_i_5/O
                         net (fo=1, routed)           0.000     2.972    bd_0_i/hls_inst/inst/CTRL_s_axi_U/sub2_reg_227[4]_i_5_n_0
    SLICE_X25Y34         CARRY4 (Prop_carry4_S[0]_CO[3])
                                                      0.532     3.504 r  bd_0_i/hls_inst/inst/CTRL_s_axi_U/sub2_reg_227_reg[4]_i_1/CO[3]
                         net (fo=1, routed)           0.000     3.504    bd_0_i/hls_inst/inst/CTRL_s_axi_U/sub2_reg_227_reg[4]_i_1_n_0
    SLICE_X25Y35         CARRY4 (Prop_carry4_CI_CO[3])
                                                      0.114     3.618 r  bd_0_i/hls_inst/inst/CTRL_s_axi_U/sub2_reg_227_reg[8]_i_1/CO[3]
                         net (fo=1, routed)           0.000     3.618    bd_0_i/hls_inst/inst/CTRL_s_axi_U/sub2_reg_227_reg[8]_i_1_n_0
    SLICE_X25Y36         CARRY4 (Prop_carry4_CI_CO[3])
                                                      0.114     3.732 r  bd_0_i/hls_inst/inst/CTRL_s_axi_U/sub2_reg_227_reg[12]_i_1/CO[3]
                         net (fo=1, routed)           0.000     3.732    bd_0_i/hls_inst/inst/CTRL_s_axi_U/sub2_reg_227_reg[12]_i_1_n_0
    SLICE_X25Y37         CARRY4 (Prop_carry4_CI_CO[3])
                                                      0.114     3.846 r  bd_0_i/hls_inst/inst/CTRL_s_axi_U/sub2_reg_227_reg[16]_i_1/CO[3]
                         net (fo=1, routed)           0.000     3.846    bd_0_i/hls_inst/inst/CTRL_s_axi_U/sub2_reg_227_reg[16]_i_1_n_0
    SLICE_X25Y38         CARRY4 (Prop_carry4_CI_CO[3])
                                                      0.114     3.960 r  bd_0_i/hls_inst/inst/CTRL_s_axi_U/sub2_reg_227_reg[20]_i_1/CO[3]
                         net (fo=1, routed)           0.000     3.960    bd_0_i/hls_inst/inst/CTRL_s_axi_U/sub2_reg_227_reg[20]_i_1_n_0
    SLICE_X25Y39         CARRY4 (Prop_carry4_CI_O[1])
                                                      0.348     4.308 f  bd_0_i/hls_inst/inst/CTRL_s_axi_U/sub2_reg_227_reg[24]_i_1/O[1]
                         net (fo=5, routed)           0.961     5.269    bd_0_i/hls_inst/inst/CTRL_s_axi_U/int_cols_reg[30]_0[22]
    SLICE_X30Y38         LUT2 (Prop_lut2_I0_O)        0.303     5.572 r  bd_0_i/hls_inst/inst/CTRL_s_axi_U/tmp_product_i_68/O
                         net (fo=1, routed)           0.000     5.572    bd_0_i/hls_inst/inst/CTRL_s_axi_U/tmp_product_i_68_n_0
    SLICE_X30Y38         CARRY4 (Prop_carry4_S[1]_CO[3])
                                                      0.533     6.105 r  bd_0_i/hls_inst/inst/CTRL_s_axi_U/tmp_product_i_49/CO[3]
                         net (fo=1, routed)           0.000     6.105    bd_0_i/hls_inst/inst/CTRL_s_axi_U/tmp_product_i_49_n_0
    SLICE_X30Y39         CARRY4 (Prop_carry4_CI_CO[2])
                                                      0.229     6.334 f  bd_0_i/hls_inst/inst/CTRL_s_axi_U/tmp_product_i_12/CO[2]
                         net (fo=1, routed)           0.400     6.734    bd_0_i/hls_inst/inst/CTRL_s_axi_U/p_0_in
    SLICE_X29Y38         LUT2 (Prop_lut2_I1_O)        0.310     7.044 r  bd_0_i/hls_inst/inst/CTRL_s_axi_U/tmp_product_i_1__0/O
                         net (fo=35, routed)          0.891     7.935    bd_0_i/hls_inst/inst/empty_reg_232
    SLICE_X31Y40         FDRE                                         r  bd_0_i/hls_inst/inst/empty_reg_232_reg[27]/R
  -------------------------------------------------------------------    -------------------

                         (clock ap_clk rise edge)    10.000    10.000 r  
                                                      0.000    10.000 r  ap_clk (IN)
                         net (fo=4044, unset)         0.924    10.924    bd_0_i/hls_inst/inst/ap_clk
    SLICE_X31Y40         FDRE                                         r  bd_0_i/hls_inst/inst/empty_reg_232_reg[27]/C
                         clock pessimism              0.000    10.924    
                         clock uncertainty           -0.035    10.889    
    SLICE_X31Y40         FDRE (Setup_fdre_C_R)       -0.429    10.460    bd_0_i/hls_inst/inst/empty_reg_232_reg[27]
  -------------------------------------------------------------------
                         required time                         10.460    
                         arrival time                          -7.935    
  -------------------------------------------------------------------
                         slack                                  2.525    

Slack (MET) :             2.525ns  (required time - arrival time)
  Source:                 bd_0_i/hls_inst/inst/CTRL_s_axi_U/int_cols_reg[1]/C
                            (rising edge-triggered cell FDRE clocked by ap_clk  {rise@0.000ns fall@5.000ns period=10.000ns})
  Destination:            bd_0_i/hls_inst/inst/empty_reg_232_reg[28]/R
                            (rising edge-triggered cell FDRE clocked by ap_clk  {rise@0.000ns fall@5.000ns period=10.000ns})
  Path Group:             ap_clk
  Path Type:              Setup (Max at Slow Process Corner)
  Requirement:            10.000ns  (ap_clk rise@10.000ns - ap_clk rise@0.000ns)
  Data Path Delay:        6.962ns  (logic 3.484ns (50.045%)  route 3.478ns (49.955%))
  Logic Levels:           11  (CARRY4=8 LUT1=1 LUT2=2)
  Clock Path Skew:        -0.049ns (DCD - SCD + CPR)
    Destination Clock Delay (DCD):    0.924ns = ( 10.924 - 10.000 ) 
    Source Clock Delay      (SCD):    0.973ns
    Clock Pessimism Removal (CPR):    0.000ns
  Clock Uncertainty:      0.035ns  ((TSJ^2 + TIJ^2)^1/2 + DJ) / 2 + PE
    Total System Jitter     (TSJ):    0.071ns
    Total Input Jitter      (TIJ):    0.000ns
    Discrete Jitter          (DJ):    0.000ns
    Phase Error              (PE):    0.000ns

    Location             Delay type                Incr(ns)  Path(ns)    Netlist Resource(s)
  -------------------------------------------------------------------    -------------------
                         (clock ap_clk rise edge)     0.000     0.000 r  
                                                      0.000     0.000 r  ap_clk (IN)
                         net (fo=4044, unset)         0.973     0.973    bd_0_i/hls_inst/inst/CTRL_s_axi_U/ap_clk
    SLICE_X14Y43         FDRE                                         r  bd_0_i/hls_inst/inst/CTRL_s_axi_U/int_cols_reg[1]/C
  -------------------------------------------------------------------    -------------------
    SLICE_X14Y43         FDRE (Prop_fdre_C_Q)         0.478     1.451 f  bd_0_i/hls_inst/inst/CTRL_s_axi_U/int_cols_reg[1]/Q
                         net (fo=9, routed)           1.226     2.677    bd_0_i/hls_inst/inst/CTRL_s_axi_U/int_cols_reg[31]_0[1]
    SLICE_X25Y34         LUT1 (Prop_lut1_I0_O)        0.295     2.972 r  bd_0_i/hls_inst/inst/CTRL_s_axi_U/sub2_reg_227[4]_i_5/O
                         net (fo=1, routed)           0.000     2.972    bd_0_i/hls_inst/inst/CTRL_s_axi_U/sub2_reg_227[4]_i_5_n_0
    SLICE_X25Y34         CARRY4 (Prop_carry4_S[0]_CO[3])
                                                      0.532     3.504 r  bd_0_i/hls_inst/inst/CTRL_s_axi_U/sub2_reg_227_reg[4]_i_1/CO[3]
                         net (fo=1, routed)           0.000     3.504    bd_0_i/hls_inst/inst/CTRL_s_axi_U/sub2_reg_227_reg[4]_i_1_n_0
    SLICE_X25Y35         CARRY4 (Prop_carry4_CI_CO[3])
                                                      0.114     3.618 r  bd_0_i/hls_inst/inst/CTRL_s_axi_U/sub2_reg_227_reg[8]_i_1/CO[3]
                         net (fo=1, routed)           0.000     3.618    bd_0_i/hls_inst/inst/CTRL_s_axi_U/sub2_reg_227_reg[8]_i_1_n_0
    SLICE_X25Y36         CARRY4 (Prop_carry4_CI_CO[3])
                                                      0.114     3.732 r  bd_0_i/hls_inst/inst/CTRL_s_axi_U/sub2_reg_227_reg[12]_i_1/CO[3]
                         net (fo=1, routed)           0.000     3.732    bd_0_i/hls_inst/inst/CTRL_s_axi_U/sub2_reg_227_reg[12]_i_1_n_0
    SLICE_X25Y37         CARRY4 (Prop_carry4_CI_CO[3])
                                                      0.114     3.846 r  bd_0_i/hls_inst/inst/CTRL_s_axi_U/sub2_reg_227_reg[16]_i_1/CO[3]
                         net (fo=1, routed)           0.000     3.846    bd_0_i/hls_inst/inst/CTRL_s_axi_U/sub2_reg_227_reg[16]_i_1_n_0
    SLICE_X25Y38         CARRY4 (Prop_carry4_CI_CO[3])
                                                      0.114     3.960 r  bd_0_i/hls_inst/inst/CTRL_s_axi_U/sub2_reg_227_reg[20]_i_1/CO[3]
                         net (fo=1, routed)           0.000     3.960    bd_0_i/hls_inst/inst/CTRL_s_axi_U/sub2_reg_227_reg[20]_i_1_n_0
    SLICE_X25Y39         CARRY4 (Prop_carry4_CI_O[1])
                                                      0.348     4.308 f  bd_0_i/hls_inst/inst/CTRL_s_axi_U/sub2_reg_227_reg[24]_i_1/O[1]
                         net (fo=5, routed)           0.961     5.269    bd_0_i/hls_inst/inst/CTRL_s_axi_U/int_cols_reg[30]_0[22]
    SLICE_X30Y38         LUT2 (Prop_lut2_I0_O)        0.303     5.572 r  bd_0_i/hls_inst/inst/CTRL_s_axi_U/tmp_product_i_68/O
                         net (fo=1, routed)           0.000     5.572    bd_0_i/hls_inst/inst/CTRL_s_axi_U/tmp_product_i_68_n_0
    SLICE_X30Y38         CARRY4 (Prop_carry4_S[1]_CO[3])
                                                      0.533     6.105 r  bd_0_i/hls_inst/inst/CTRL_s_axi_U/tmp_product_i_49/CO[3]
                         net (fo=1, routed)           0.000     6.105    bd_0_i/hls_inst/inst/CTRL_s_axi_U/tmp_product_i_49_n_0
    SLICE_X30Y39         CARRY4 (Prop_carry4_CI_CO[2])
                                                      0.229     6.334 f  bd_0_i/hls_inst/inst/CTRL_s_axi_U/tmp_product_i_12/CO[2]
                         net (fo=1, routed)           0.400     6.734    bd_0_i/hls_inst/inst/CTRL_s_axi_U/p_0_in
    SLICE_X29Y38         LUT2 (Prop_lut2_I1_O)        0.310     7.044 r  bd_0_i/hls_inst/inst/CTRL_s_axi_U/tmp_product_i_1__0/O
                         net (fo=35, routed)          0.891     7.935    bd_0_i/hls_inst/inst/empty_reg_232
    SLICE_X31Y40         FDRE                                         r  bd_0_i/hls_inst/inst/empty_reg_232_reg[28]/R
  -------------------------------------------------------------------    -------------------

                         (clock ap_clk rise edge)    10.000    10.000 r  
                                                      0.000    10.000 r  ap_clk (IN)
                         net (fo=4044, unset)         0.924    10.924    bd_0_i/hls_inst/inst/ap_clk
    SLICE_X31Y40         FDRE                                         r  bd_0_i/hls_inst/inst/empty_reg_232_reg[28]/C
                         clock pessimism              0.000    10.924    
                         clock uncertainty           -0.035    10.889    
    SLICE_X31Y40         FDRE (Setup_fdre_C_R)       -0.429    10.460    bd_0_i/hls_inst/inst/empty_reg_232_reg[28]
  -------------------------------------------------------------------
                         required time                         10.460    
                         arrival time                          -7.935    
  -------------------------------------------------------------------
                         slack                                  2.525    

Slack (MET) :             2.532ns  (required time - arrival time)
  Source:                 bd_0_i/hls_inst/inst/CTRL_s_axi_U/int_cols_reg[1]/C
                            (rising edge-triggered cell FDRE clocked by ap_clk  {rise@0.000ns fall@5.000ns period=10.000ns})
  Destination:            bd_0_i/hls_inst/inst/empty_reg_232_reg[10]/R
                            (rising edge-triggered cell FDRE clocked by ap_clk  {rise@0.000ns fall@5.000ns period=10.000ns})
  Path Group:             ap_clk
  Path Type:              Setup (Max at Slow Process Corner)
  Requirement:            10.000ns  (ap_clk rise@10.000ns - ap_clk rise@0.000ns)
  Data Path Delay:        6.955ns  (logic 3.484ns (50.094%)  route 3.471ns (49.906%))
  Logic Levels:           11  (CARRY4=8 LUT1=1 LUT2=2)
  Clock Path Skew:        -0.049ns (DCD - SCD + CPR)
    Destination Clock Delay (DCD):    0.924ns = ( 10.924 - 10.000 ) 
    Source Clock Delay      (SCD):    0.973ns
    Clock Pessimism Removal (CPR):    0.000ns
  Clock Uncertainty:      0.035ns  ((TSJ^2 + TIJ^2)^1/2 + DJ) / 2 + PE
    Total System Jitter     (TSJ):    0.071ns
    Total Input Jitter      (TIJ):    0.000ns
    Discrete Jitter          (DJ):    0.000ns
    Phase Error              (PE):    0.000ns

    Location             Delay type                Incr(ns)  Path(ns)    Netlist Resource(s)
  -------------------------------------------------------------------    -------------------
                         (clock ap_clk rise edge)     0.000     0.000 r  
                                                      0.000     0.000 r  ap_clk (IN)
                         net (fo=4044, unset)         0.973     0.973    bd_0_i/hls_inst/inst/CTRL_s_axi_U/ap_clk
    SLICE_X14Y43         FDRE                                         r  bd_0_i/hls_inst/inst/CTRL_s_axi_U/int_cols_reg[1]/C
  -------------------------------------------------------------------    -------------------
    SLICE_X14Y43         FDRE (Prop_fdre_C_Q)         0.478     1.451 f  bd_0_i/hls_inst/inst/CTRL_s_axi_U/int_cols_reg[1]/Q
                         net (fo=9, routed)           1.226     2.677    bd_0_i/hls_inst/inst/CTRL_s_axi_U/int_cols_reg[31]_0[1]
    SLICE_X25Y34         LUT1 (Prop_lut1_I0_O)        0.295     2.972 r  bd_0_i/hls_inst/inst/CTRL_s_axi_U/sub2_reg_227[4]_i_5/O
                         net (fo=1, routed)           0.000     2.972    bd_0_i/hls_inst/inst/CTRL_s_axi_U/sub2_reg_227[4]_i_5_n_0
    SLICE_X25Y34         CARRY4 (Prop_carry4_S[0]_CO[3])
                                                      0.532     3.504 r  bd_0_i/hls_inst/inst/CTRL_s_axi_U/sub2_reg_227_reg[4]_i_1/CO[3]
                         net (fo=1, routed)           0.000     3.504    bd_0_i/hls_inst/inst/CTRL_s_axi_U/sub2_reg_227_reg[4]_i_1_n_0
    SLICE_X25Y35         CARRY4 (Prop_carry4_CI_CO[3])
                                                      0.114     3.618 r  bd_0_i/hls_inst/inst/CTRL_s_axi_U/sub2_reg_227_reg[8]_i_1/CO[3]
                         net (fo=1, routed)           0.000     3.618    bd_0_i/hls_inst/inst/CTRL_s_axi_U/sub2_reg_227_reg[8]_i_1_n_0
    SLICE_X25Y36         CARRY4 (Prop_carry4_CI_CO[3])
                                                      0.114     3.732 r  bd_0_i/hls_inst/inst/CTRL_s_axi_U/sub2_reg_227_reg[12]_i_1/CO[3]
                         net (fo=1, routed)           0.000     3.732    bd_0_i/hls_inst/inst/CTRL_s_axi_U/sub2_reg_227_reg[12]_i_1_n_0
    SLICE_X25Y37         CARRY4 (Prop_carry4_CI_CO[3])
                                                      0.114     3.846 r  bd_0_i/hls_inst/inst/CTRL_s_axi_U/sub2_reg_227_reg[16]_i_1/CO[3]
                         net (fo=1, routed)           0.000     3.846    bd_0_i/hls_inst/inst/CTRL_s_axi_U/sub2_reg_227_reg[16]_i_1_n_0
    SLICE_X25Y38         CARRY4 (Prop_carry4_CI_CO[3])
                                                      0.114     3.960 r  bd_0_i/hls_inst/inst/CTRL_s_axi_U/sub2_reg_227_reg[20]_i_1/CO[3]
                         net (fo=1, routed)           0.000     3.960    bd_0_i/hls_inst/inst/CTRL_s_axi_U/sub2_reg_227_reg[20]_i_1_n_0
    SLICE_X25Y39         CARRY4 (Prop_carry4_CI_O[1])
                                                      0.348     4.308 f  bd_0_i/hls_inst/inst/CTRL_s_axi_U/sub2_reg_227_reg[24]_i_1/O[1]
                         net (fo=5, routed)           0.961     5.269    bd_0_i/hls_inst/inst/CTRL_s_axi_U/int_cols_reg[30]_0[22]
    SLICE_X30Y38         LUT2 (Prop_lut2_I0_O)        0.303     5.572 r  bd_0_i/hls_inst/inst/CTRL_s_axi_U/tmp_product_i_68/O
                         net (fo=1, routed)           0.000     5.572    bd_0_i/hls_inst/inst/CTRL_s_axi_U/tmp_product_i_68_n_0
    SLICE_X30Y38         CARRY4 (Prop_carry4_S[1]_CO[3])
                                                      0.533     6.105 r  bd_0_i/hls_inst/inst/CTRL_s_axi_U/tmp_product_i_49/CO[3]
                         net (fo=1, routed)           0.000     6.105    bd_0_i/hls_inst/inst/CTRL_s_axi_U/tmp_product_i_49_n_0
    SLICE_X30Y39         CARRY4 (Prop_carry4_CI_CO[2])
                                                      0.229     6.334 f  bd_0_i/hls_inst/inst/CTRL_s_axi_U/tmp_product_i_12/CO[2]
                         net (fo=1, routed)           0.400     6.734    bd_0_i/hls_inst/inst/CTRL_s_axi_U/p_0_in
    SLICE_X29Y38         LUT2 (Prop_lut2_I1_O)        0.310     7.044 r  bd_0_i/hls_inst/inst/CTRL_s_axi_U/tmp_product_i_1__0/O
                         net (fo=35, routed)          0.884     7.928    bd_0_i/hls_inst/inst/empty_reg_232
    SLICE_X31Y36         FDRE                                         r  bd_0_i/hls_inst/inst/empty_reg_232_reg[10]/R
  -------------------------------------------------------------------    -------------------

                         (clock ap_clk rise edge)    10.000    10.000 r  
                                                      0.000    10.000 r  ap_clk (IN)
                         net (fo=4044, unset)         0.924    10.924    bd_0_i/hls_inst/inst/ap_clk
    SLICE_X31Y36         FDRE                                         r  bd_0_i/hls_inst/inst/empty_reg_232_reg[10]/C
                         clock pessimism              0.000    10.924    
                         clock uncertainty           -0.035    10.889    
    SLICE_X31Y36         FDRE (Setup_fdre_C_R)       -0.429    10.460    bd_0_i/hls_inst/inst/empty_reg_232_reg[10]
  -------------------------------------------------------------------
                         required time                         10.460    
                         arrival time                          -7.928    
  -------------------------------------------------------------------
                         slack                                  2.532    

Slack (MET) :             2.532ns  (required time - arrival time)
  Source:                 bd_0_i/hls_inst/inst/CTRL_s_axi_U/int_cols_reg[1]/C
                            (rising edge-triggered cell FDRE clocked by ap_clk  {rise@0.000ns fall@5.000ns period=10.000ns})
  Destination:            bd_0_i/hls_inst/inst/empty_reg_232_reg[11]/R
                            (rising edge-triggered cell FDRE clocked by ap_clk  {rise@0.000ns fall@5.000ns period=10.000ns})
  Path Group:             ap_clk
  Path Type:              Setup (Max at Slow Process Corner)
  Requirement:            10.000ns  (ap_clk rise@10.000ns - ap_clk rise@0.000ns)
  Data Path Delay:        6.955ns  (logic 3.484ns (50.094%)  route 3.471ns (49.906%))
  Logic Levels:           11  (CARRY4=8 LUT1=1 LUT2=2)
  Clock Path Skew:        -0.049ns (DCD - SCD + CPR)
    Destination Clock Delay (DCD):    0.924ns = ( 10.924 - 10.000 ) 
    Source Clock Delay      (SCD):    0.973ns
    Clock Pessimism Removal (CPR):    0.000ns
  Clock Uncertainty:      0.035ns  ((TSJ^2 + TIJ^2)^1/2 + DJ) / 2 + PE
    Total System Jitter     (TSJ):    0.071ns
    Total Input Jitter      (TIJ):    0.000ns
    Discrete Jitter          (DJ):    0.000ns
    Phase Error              (PE):    0.000ns

    Location             Delay type                Incr(ns)  Path(ns)    Netlist Resource(s)
  -------------------------------------------------------------------    -------------------
                         (clock ap_clk rise edge)     0.000     0.000 r  
                                                      0.000     0.000 r  ap_clk (IN)
                         net (fo=4044, unset)         0.973     0.973    bd_0_i/hls_inst/inst/CTRL_s_axi_U/ap_clk
    SLICE_X14Y43         FDRE                                         r  bd_0_i/hls_inst/inst/CTRL_s_axi_U/int_cols_reg[1]/C
  -------------------------------------------------------------------    -------------------
    SLICE_X14Y43         FDRE (Prop_fdre_C_Q)         0.478     1.451 f  bd_0_i/hls_inst/inst/CTRL_s_axi_U/int_cols_reg[1]/Q
                         net (fo=9, routed)           1.226     2.677    bd_0_i/hls_inst/inst/CTRL_s_axi_U/int_cols_reg[31]_0[1]
    SLICE_X25Y34         LUT1 (Prop_lut1_I0_O)        0.295     2.972 r  bd_0_i/hls_inst/inst/CTRL_s_axi_U/sub2_reg_227[4]_i_5/O
                         net (fo=1, routed)           0.000     2.972    bd_0_i/hls_inst/inst/CTRL_s_axi_U/sub2_reg_227[4]_i_5_n_0
    SLICE_X25Y34         CARRY4 (Prop_carry4_S[0]_CO[3])
                                                      0.532     3.504 r  bd_0_i/hls_inst/inst/CTRL_s_axi_U/sub2_reg_227_reg[4]_i_1/CO[3]
                         net (fo=1, routed)           0.000     3.504    bd_0_i/hls_inst/inst/CTRL_s_axi_U/sub2_reg_227_reg[4]_i_1_n_0
    SLICE_X25Y35         CARRY4 (Prop_carry4_CI_CO[3])
                                                      0.114     3.618 r  bd_0_i/hls_inst/inst/CTRL_s_axi_U/sub2_reg_227_reg[8]_i_1/CO[3]
                         net (fo=1, routed)           0.000     3.618    bd_0_i/hls_inst/inst/CTRL_s_axi_U/sub2_reg_227_reg[8]_i_1_n_0
    SLICE_X25Y36         CARRY4 (Prop_carry4_CI_CO[3])
                                                      0.114     3.732 r  bd_0_i/hls_inst/inst/CTRL_s_axi_U/sub2_reg_227_reg[12]_i_1/CO[3]
                         net (fo=1, routed)           0.000     3.732    bd_0_i/hls_inst/inst/CTRL_s_axi_U/sub2_reg_227_reg[12]_i_1_n_0
    SLICE_X25Y37         CARRY4 (Prop_carry4_CI_CO[3])
                                                      0.114     3.846 r  bd_0_i/hls_inst/inst/CTRL_s_axi_U/sub2_reg_227_reg[16]_i_1/CO[3]
                         net (fo=1, routed)           0.000     3.846    bd_0_i/hls_inst/inst/CTRL_s_axi_U/sub2_reg_227_reg[16]_i_1_n_0
    SLICE_X25Y38         CARRY4 (Prop_carry4_CI_CO[3])
                                                      0.114     3.960 r  bd_0_i/hls_inst/inst/CTRL_s_axi_U/sub2_reg_227_reg[20]_i_1/CO[3]
                         net (fo=1, routed)           0.000     3.960    bd_0_i/hls_inst/inst/CTRL_s_axi_U/sub2_reg_227_reg[20]_i_1_n_0
    SLICE_X25Y39         CARRY4 (Prop_carry4_CI_O[1])
                                                      0.348     4.308 f  bd_0_i/hls_inst/inst/CTRL_s_axi_U/sub2_reg_227_reg[24]_i_1/O[1]
                         net (fo=5, routed)           0.961     5.269    bd_0_i/hls_inst/inst/CTRL_s_axi_U/int_cols_reg[30]_0[22]
    SLICE_X30Y38         LUT2 (Prop_lut2_I0_O)        0.303     5.572 r  bd_0_i/hls_inst/inst/CTRL_s_axi_U/tmp_product_i_68/O
                         net (fo=1, routed)           0.000     5.572    bd_0_i/hls_inst/inst/CTRL_s_axi_U/tmp_product_i_68_n_0
    SLICE_X30Y38         CARRY4 (Prop_carry4_S[1]_CO[3])
                                                      0.533     6.105 r  bd_0_i/hls_inst/inst/CTRL_s_axi_U/tmp_product_i_49/CO[3]
                         net (fo=1, routed)           0.000     6.105    bd_0_i/hls_inst/inst/CTRL_s_axi_U/tmp_product_i_49_n_0
    SLICE_X30Y39         CARRY4 (Prop_carry4_CI_CO[2])
                                                      0.229     6.334 f  bd_0_i/hls_inst/inst/CTRL_s_axi_U/tmp_product_i_12/CO[2]
                         net (fo=1, routed)           0.400     6.734    bd_0_i/hls_inst/inst/CTRL_s_axi_U/p_0_in
    SLICE_X29Y38         LUT2 (Prop_lut2_I1_O)        0.310     7.044 r  bd_0_i/hls_inst/inst/CTRL_s_axi_U/tmp_product_i_1__0/O
                         net (fo=35, routed)          0.884     7.928    bd_0_i/hls_inst/inst/empty_reg_232
    SLICE_X31Y36         FDRE                                         r  bd_0_i/hls_inst/inst/empty_reg_232_reg[11]/R
  -------------------------------------------------------------------    -------------------

                         (clock ap_clk rise edge)    10.000    10.000 r  
                                                      0.000    10.000 r  ap_clk (IN)
                         net (fo=4044, unset)         0.924    10.924    bd_0_i/hls_inst/inst/ap_clk
    SLICE_X31Y36         FDRE                                         r  bd_0_i/hls_inst/inst/empty_reg_232_reg[11]/C
                         clock pessimism              0.000    10.924    
                         clock uncertainty           -0.035    10.889    
    SLICE_X31Y36         FDRE (Setup_fdre_C_R)       -0.429    10.460    bd_0_i/hls_inst/inst/empty_reg_232_reg[11]
  -------------------------------------------------------------------
                         required time                         10.460    
                         arrival time                          -7.928    
  -------------------------------------------------------------------
                         slack                                  2.532    





Min Delay Paths
--------------------------------------------------------------------------------------
Slack (MET) :             0.058ns  (arrival time - required time)
  Source:                 bd_0_i/hls_inst/inst/grp_sobel_Pipeline_VITIS_LOOP_77_1_VITIS_LOOP_80_2_fu_94/zext_ln77_cast_reg_807_reg[28]/C
                            (rising edge-triggered cell FDRE clocked by ap_clk  {rise@0.000ns fall@5.000ns period=10.000ns})
  Destination:            bd_0_i/hls_inst/inst/gmem_m_axi_U/store_unit/fifo_wreq/U_fifo_srl/mem_reg[5][92]_srl6/D
                            (rising edge-triggered cell SRL16E clocked by ap_clk  {rise@0.000ns fall@5.000ns period=10.000ns})
  Path Group:             ap_clk
  Path Type:              Hold (Min at Fast Process Corner)
  Requirement:            0.000ns  (ap_clk rise@0.000ns - ap_clk rise@0.000ns)
  Data Path Delay:        0.197ns  (logic 0.141ns (71.611%)  route 0.056ns (28.389%))
  Logic Levels:           0  
  Clock Path Skew:        0.022ns (DCD - SCD - CPR)
    Destination Clock Delay (DCD):    0.432ns
    Source Clock Delay      (SCD):    0.410ns
    Clock Pessimism Removal (CPR):    -0.000ns

    Location             Delay type                Incr(ns)  Path(ns)    Netlist Resource(s)
  -------------------------------------------------------------------    -------------------
                         (clock ap_clk rise edge)     0.000     0.000 r  
                                                      0.000     0.000 r  ap_clk (IN)
                         net (fo=4044, unset)         0.410     0.410    bd_0_i/hls_inst/inst/grp_sobel_Pipeline_VITIS_LOOP_77_1_VITIS_LOOP_80_2_fu_94/ap_clk
    SLICE_X37Y40         FDRE                                         r  bd_0_i/hls_inst/inst/grp_sobel_Pipeline_VITIS_LOOP_77_1_VITIS_LOOP_80_2_fu_94/zext_ln77_cast_reg_807_reg[28]/C
  -------------------------------------------------------------------    -------------------
    SLICE_X37Y40         FDRE (Prop_fdre_C_Q)         0.141     0.551 r  bd_0_i/hls_inst/inst/grp_sobel_Pipeline_VITIS_LOOP_77_1_VITIS_LOOP_80_2_fu_94/zext_ln77_cast_reg_807_reg[28]/Q
                         net (fo=1, routed)           0.056     0.607    bd_0_i/hls_inst/inst/gmem_m_axi_U/store_unit/fifo_wreq/U_fifo_srl/in[92]
    SLICE_X36Y40         SRL16E                                       r  bd_0_i/hls_inst/inst/gmem_m_axi_U/store_unit/fifo_wreq/U_fifo_srl/mem_reg[5][92]_srl6/D
  -------------------------------------------------------------------    -------------------

                         (clock ap_clk rise edge)     0.000     0.000 r  
                                                      0.000     0.000 r  ap_clk (IN)
                         net (fo=4044, unset)         0.432     0.432    bd_0_i/hls_inst/inst/gmem_m_axi_U/store_unit/fifo_wreq/U_fifo_srl/ap_clk
    SLICE_X36Y40         SRL16E                                       r  bd_0_i/hls_inst/inst/gmem_m_axi_U/store_unit/fifo_wreq/U_fifo_srl/mem_reg[5][92]_srl6/CLK
                         clock pessimism              0.000     0.432    
    SLICE_X36Y40         SRL16E (Hold_srl16e_CLK_D)
                                                      0.117     0.549    bd_0_i/hls_inst/inst/gmem_m_axi_U/store_unit/fifo_wreq/U_fifo_srl/mem_reg[5][92]_srl6
  -------------------------------------------------------------------
                         required time                         -0.549    
                         arrival time                           0.607    
  -------------------------------------------------------------------
                         slack                                  0.058    

Slack (MET) :             0.060ns  (arrival time - required time)
  Source:                 bd_0_i/hls_inst/inst/gmem_m_axi_U/bus_write/wreq_burst_conv/could_multi_bursts.addr_buf_reg[9]/C
                            (rising edge-triggered cell FDRE clocked by ap_clk  {rise@0.000ns fall@5.000ns period=10.000ns})
  Destination:            bd_0_i/hls_inst/inst/gmem_m_axi_U/bus_write/wreq_throttle/req_fifo/U_fifo_srl/mem_reg[14][9]_srl15/D
                            (rising edge-triggered cell SRL16E clocked by ap_clk  {rise@0.000ns fall@5.000ns period=10.000ns})
  Path Group:             ap_clk
  Path Type:              Hold (Min at Fast Process Corner)
  Requirement:            0.000ns  (ap_clk rise@0.000ns - ap_clk rise@0.000ns)
  Data Path Delay:        0.264ns  (logic 0.141ns (53.387%)  route 0.123ns (46.613%))
  Logic Levels:           0  
  Clock Path Skew:        0.022ns (DCD - SCD - CPR)
    Destination Clock Delay (DCD):    0.432ns
    Source Clock Delay      (SCD):    0.410ns
    Clock Pessimism Removal (CPR):    -0.000ns

    Location             Delay type                Incr(ns)  Path(ns)    Netlist Resource(s)
  -------------------------------------------------------------------    -------------------
                         (clock ap_clk rise edge)     0.000     0.000 r  
                                                      0.000     0.000 r  ap_clk (IN)
                         net (fo=4044, unset)         0.410     0.410    bd_0_i/hls_inst/inst/gmem_m_axi_U/bus_write/wreq_burst_conv/ap_clk
    SLICE_X47Y41         FDRE                                         r  bd_0_i/hls_inst/inst/gmem_m_axi_U/bus_write/wreq_burst_conv/could_multi_bursts.addr_buf_reg[9]/C
  -------------------------------------------------------------------    -------------------
    SLICE_X47Y41         FDRE (Prop_fdre_C_Q)         0.141     0.551 r  bd_0_i/hls_inst/inst/gmem_m_axi_U/bus_write/wreq_burst_conv/could_multi_bursts.addr_buf_reg[9]/Q
                         net (fo=2, routed)           0.123     0.674    bd_0_i/hls_inst/inst/gmem_m_axi_U/bus_write/wreq_throttle/req_fifo/U_fifo_srl/in[7]
    SLICE_X46Y42         SRL16E                                       r  bd_0_i/hls_inst/inst/gmem_m_axi_U/bus_write/wreq_throttle/req_fifo/U_fifo_srl/mem_reg[14][9]_srl15/D
  -------------------------------------------------------------------    -------------------

                         (clock ap_clk rise edge)     0.000     0.000 r  
                                                      0.000     0.000 r  ap_clk (IN)
                         net (fo=4044, unset)         0.432     0.432    bd_0_i/hls_inst/inst/gmem_m_axi_U/bus_write/wreq_throttle/req_fifo/U_fifo_srl/ap_clk
    SLICE_X46Y42         SRL16E                                       r  bd_0_i/hls_inst/inst/gmem_m_axi_U/bus_write/wreq_throttle/req_fifo/U_fifo_srl/mem_reg[14][9]_srl15/CLK
                         clock pessimism              0.000     0.432    
    SLICE_X46Y42         SRL16E (Hold_srl16e_CLK_D)
                                                      0.183     0.615    bd_0_i/hls_inst/inst/gmem_m_axi_U/bus_write/wreq_throttle/req_fifo/U_fifo_srl/mem_reg[14][9]_srl15
  -------------------------------------------------------------------
                         required time                         -0.615    
                         arrival time                           0.674    
  -------------------------------------------------------------------
                         slack                                  0.060    

Slack (MET) :             0.061ns  (arrival time - required time)
  Source:                 bd_0_i/hls_inst/inst/gmem_m_axi_U/bus_write/wreq_burst_conv/could_multi_bursts.addr_buf_reg[17]/C
                            (rising edge-triggered cell FDRE clocked by ap_clk  {rise@0.000ns fall@5.000ns period=10.000ns})
  Destination:            bd_0_i/hls_inst/inst/gmem_m_axi_U/bus_write/wreq_throttle/req_fifo/U_fifo_srl/mem_reg[14][17]_srl15/D
                            (rising edge-triggered cell SRL16E clocked by ap_clk  {rise@0.000ns fall@5.000ns period=10.000ns})
  Path Group:             ap_clk
  Path Type:              Hold (Min at Fast Process Corner)
  Requirement:            0.000ns  (ap_clk rise@0.000ns - ap_clk rise@0.000ns)
  Data Path Delay:        0.265ns  (logic 0.141ns (53.180%)  route 0.124ns (46.820%))
  Logic Levels:           0  
  Clock Path Skew:        0.022ns (DCD - SCD - CPR)
    Destination Clock Delay (DCD):    0.432ns
    Source Clock Delay      (SCD):    0.410ns
    Clock Pessimism Removal (CPR):    -0.000ns

    Location             Delay type                Incr(ns)  Path(ns)    Netlist Resource(s)
  -------------------------------------------------------------------    -------------------
                         (clock ap_clk rise edge)     0.000     0.000 r  
                                                      0.000     0.000 r  ap_clk (IN)
                         net (fo=4044, unset)         0.410     0.410    bd_0_i/hls_inst/inst/gmem_m_axi_U/bus_write/wreq_burst_conv/ap_clk
    SLICE_X47Y43         FDRE                                         r  bd_0_i/hls_inst/inst/gmem_m_axi_U/bus_write/wreq_burst_conv/could_multi_bursts.addr_buf_reg[17]/C
  -------------------------------------------------------------------    -------------------
    SLICE_X47Y43         FDRE (Prop_fdre_C_Q)         0.141     0.551 r  bd_0_i/hls_inst/inst/gmem_m_axi_U/bus_write/wreq_burst_conv/could_multi_bursts.addr_buf_reg[17]/Q
                         net (fo=2, routed)           0.124     0.675    bd_0_i/hls_inst/inst/gmem_m_axi_U/bus_write/wreq_throttle/req_fifo/U_fifo_srl/in[15]
    SLICE_X46Y44         SRL16E                                       r  bd_0_i/hls_inst/inst/gmem_m_axi_U/bus_write/wreq_throttle/req_fifo/U_fifo_srl/mem_reg[14][17]_srl15/D
  -------------------------------------------------------------------    -------------------

                         (clock ap_clk rise edge)     0.000     0.000 r  
                                                      0.000     0.000 r  ap_clk (IN)
                         net (fo=4044, unset)         0.432     0.432    bd_0_i/hls_inst/inst/gmem_m_axi_U/bus_write/wreq_throttle/req_fifo/U_fifo_srl/ap_clk
    SLICE_X46Y44         SRL16E                                       r  bd_0_i/hls_inst/inst/gmem_m_axi_U/bus_write/wreq_throttle/req_fifo/U_fifo_srl/mem_reg[14][17]_srl15/CLK
                         clock pessimism              0.000     0.432    
    SLICE_X46Y44         SRL16E (Hold_srl16e_CLK_D)
                                                      0.183     0.615    bd_0_i/hls_inst/inst/gmem_m_axi_U/bus_write/wreq_throttle/req_fifo/U_fifo_srl/mem_reg[14][17]_srl15
  -------------------------------------------------------------------
                         required time                         -0.615    
                         arrival time                           0.675    
  -------------------------------------------------------------------
                         slack                                  0.061    

Slack (MET) :             0.069ns  (arrival time - required time)
  Source:                 bd_0_i/hls_inst/inst/gmem_m_axi_U/bus_write/wreq_burst_conv/could_multi_bursts.addr_buf_reg[22]/C
                            (rising edge-triggered cell FDRE clocked by ap_clk  {rise@0.000ns fall@5.000ns period=10.000ns})
  Destination:            bd_0_i/hls_inst/inst/gmem_m_axi_U/bus_write/wreq_throttle/req_fifo/U_fifo_srl/mem_reg[14][22]_srl15/D
                            (rising edge-triggered cell SRL16E clocked by ap_clk  {rise@0.000ns fall@5.000ns period=10.000ns})
  Path Group:             ap_clk
  Path Type:              Hold (Min at Fast Process Corner)
  Requirement:            0.000ns  (ap_clk rise@0.000ns - ap_clk rise@0.000ns)
  Data Path Delay:        0.208ns  (logic 0.141ns (67.788%)  route 0.067ns (32.212%))
  Logic Levels:           0  
  Clock Path Skew:        0.022ns (DCD - SCD - CPR)
    Destination Clock Delay (DCD):    0.432ns
    Source Clock Delay      (SCD):    0.410ns
    Clock Pessimism Removal (CPR):    -0.000ns

    Location             Delay type                Incr(ns)  Path(ns)    Netlist Resource(s)
  -------------------------------------------------------------------    -------------------
                         (clock ap_clk rise edge)     0.000     0.000 r  
                                                      0.000     0.000 r  ap_clk (IN)
                         net (fo=4044, unset)         0.410     0.410    bd_0_i/hls_inst/inst/gmem_m_axi_U/bus_write/wreq_burst_conv/ap_clk
    SLICE_X47Y45         FDRE                                         r  bd_0_i/hls_inst/inst/gmem_m_axi_U/bus_write/wreq_burst_conv/could_multi_bursts.addr_buf_reg[22]/C
  -------------------------------------------------------------------    -------------------
    SLICE_X47Y45         FDRE (Prop_fdre_C_Q)         0.141     0.551 r  bd_0_i/hls_inst/inst/gmem_m_axi_U/bus_write/wreq_burst_conv/could_multi_bursts.addr_buf_reg[22]/Q
                         net (fo=2, routed)           0.067     0.618    bd_0_i/hls_inst/inst/gmem_m_axi_U/bus_write/wreq_throttle/req_fifo/U_fifo_srl/in[20]
    SLICE_X46Y45         SRL16E                                       r  bd_0_i/hls_inst/inst/gmem_m_axi_U/bus_write/wreq_throttle/req_fifo/U_fifo_srl/mem_reg[14][22]_srl15/D
  -------------------------------------------------------------------    -------------------

                         (clock ap_clk rise edge)     0.000     0.000 r  
                                                      0.000     0.000 r  ap_clk (IN)
                         net (fo=4044, unset)         0.432     0.432    bd_0_i/hls_inst/inst/gmem_m_axi_U/bus_write/wreq_throttle/req_fifo/U_fifo_srl/ap_clk
    SLICE_X46Y45         SRL16E                                       r  bd_0_i/hls_inst/inst/gmem_m_axi_U/bus_write/wreq_throttle/req_fifo/U_fifo_srl/mem_reg[14][22]_srl15/CLK
                         clock pessimism              0.000     0.432    
    SLICE_X46Y45         SRL16E (Hold_srl16e_CLK_D)
                                                      0.117     0.549    bd_0_i/hls_inst/inst/gmem_m_axi_U/bus_write/wreq_throttle/req_fifo/U_fifo_srl/mem_reg[14][22]_srl15
  -------------------------------------------------------------------
                         required time                         -0.549    
                         arrival time                           0.618    
  -------------------------------------------------------------------
                         slack                                  0.069    

Slack (MET) :             0.069ns  (arrival time - required time)
  Source:                 bd_0_i/hls_inst/inst/gmem_m_axi_U/bus_write/wreq_burst_conv/could_multi_bursts.addr_buf_reg[30]/C
                            (rising edge-triggered cell FDRE clocked by ap_clk  {rise@0.000ns fall@5.000ns period=10.000ns})
  Destination:            bd_0_i/hls_inst/inst/gmem_m_axi_U/bus_write/wreq_throttle/req_fifo/U_fifo_srl/mem_reg[14][30]_srl15/D
                            (rising edge-triggered cell SRL16E clocked by ap_clk  {rise@0.000ns fall@5.000ns period=10.000ns})
  Path Group:             ap_clk
  Path Type:              Hold (Min at Fast Process Corner)
  Requirement:            0.000ns  (ap_clk rise@0.000ns - ap_clk rise@0.000ns)
  Data Path Delay:        0.208ns  (logic 0.141ns (67.788%)  route 0.067ns (32.212%))
  Logic Levels:           0  
  Clock Path Skew:        0.022ns (DCD - SCD - CPR)
    Destination Clock Delay (DCD):    0.432ns
    Source Clock Delay      (SCD):    0.410ns
    Clock Pessimism Removal (CPR):    -0.000ns

    Location             Delay type                Incr(ns)  Path(ns)    Netlist Resource(s)
  -------------------------------------------------------------------    -------------------
                         (clock ap_clk rise edge)     0.000     0.000 r  
                                                      0.000     0.000 r  ap_clk (IN)
                         net (fo=4044, unset)         0.410     0.410    bd_0_i/hls_inst/inst/gmem_m_axi_U/bus_write/wreq_burst_conv/ap_clk
    SLICE_X47Y47         FDRE                                         r  bd_0_i/hls_inst/inst/gmem_m_axi_U/bus_write/wreq_burst_conv/could_multi_bursts.addr_buf_reg[30]/C
  -------------------------------------------------------------------    -------------------
    SLICE_X47Y47         FDRE (Prop_fdre_C_Q)         0.141     0.551 r  bd_0_i/hls_inst/inst/gmem_m_axi_U/bus_write/wreq_burst_conv/could_multi_bursts.addr_buf_reg[30]/Q
                         net (fo=2, routed)           0.067     0.618    bd_0_i/hls_inst/inst/gmem_m_axi_U/bus_write/wreq_throttle/req_fifo/U_fifo_srl/in[28]
    SLICE_X46Y47         SRL16E                                       r  bd_0_i/hls_inst/inst/gmem_m_axi_U/bus_write/wreq_throttle/req_fifo/U_fifo_srl/mem_reg[14][30]_srl15/D
  -------------------------------------------------------------------    -------------------

                         (clock ap_clk rise edge)     0.000     0.000 r  
                                                      0.000     0.000 r  ap_clk (IN)
                         net (fo=4044, unset)         0.432     0.432    bd_0_i/hls_inst/inst/gmem_m_axi_U/bus_write/wreq_throttle/req_fifo/U_fifo_srl/ap_clk
    SLICE_X46Y47         SRL16E                                       r  bd_0_i/hls_inst/inst/gmem_m_axi_U/bus_write/wreq_throttle/req_fifo/U_fifo_srl/mem_reg[14][30]_srl15/CLK
                         clock pessimism              0.000     0.432    
    SLICE_X46Y47         SRL16E (Hold_srl16e_CLK_D)
                                                      0.117     0.549    bd_0_i/hls_inst/inst/gmem_m_axi_U/bus_write/wreq_throttle/req_fifo/U_fifo_srl/mem_reg[14][30]_srl15
  -------------------------------------------------------------------
                         required time                         -0.549    
                         arrival time                           0.618    
  -------------------------------------------------------------------
                         slack                                  0.069    

Slack (MET) :             0.069ns  (arrival time - required time)
  Source:                 bd_0_i/hls_inst/inst/gmem_m_axi_U/bus_write/wreq_burst_conv/could_multi_bursts.addr_buf_reg[38]/C
                            (rising edge-triggered cell FDRE clocked by ap_clk  {rise@0.000ns fall@5.000ns period=10.000ns})
  Destination:            bd_0_i/hls_inst/inst/gmem_m_axi_U/bus_write/wreq_throttle/req_fifo/U_fifo_srl/mem_reg[14][38]_srl15/D
                            (rising edge-triggered cell SRL16E clocked by ap_clk  {rise@0.000ns fall@5.000ns period=10.000ns})
  Path Group:             ap_clk
  Path Type:              Hold (Min at Fast Process Corner)
  Requirement:            0.000ns  (ap_clk rise@0.000ns - ap_clk rise@0.000ns)
  Data Path Delay:        0.208ns  (logic 0.141ns (67.788%)  route 0.067ns (32.212%))
  Logic Levels:           0  
  Clock Path Skew:        0.022ns (DCD - SCD - CPR)
    Destination Clock Delay (DCD):    0.432ns
    Source Clock Delay      (SCD):    0.410ns
    Clock Pessimism Removal (CPR):    -0.000ns

    Location             Delay type                Incr(ns)  Path(ns)    Netlist Resource(s)
  -------------------------------------------------------------------    -------------------
                         (clock ap_clk rise edge)     0.000     0.000 r  
                                                      0.000     0.000 r  ap_clk (IN)
                         net (fo=4044, unset)         0.410     0.410    bd_0_i/hls_inst/inst/gmem_m_axi_U/bus_write/wreq_burst_conv/ap_clk
    SLICE_X47Y49         FDRE                                         r  bd_0_i/hls_inst/inst/gmem_m_axi_U/bus_write/wreq_burst_conv/could_multi_bursts.addr_buf_reg[38]/C
  -------------------------------------------------------------------    -------------------
    SLICE_X47Y49         FDRE (Prop_fdre_C_Q)         0.141     0.551 r  bd_0_i/hls_inst/inst/gmem_m_axi_U/bus_write/wreq_burst_conv/could_multi_bursts.addr_buf_reg[38]/Q
                         net (fo=2, routed)           0.067     0.618    bd_0_i/hls_inst/inst/gmem_m_axi_U/bus_write/wreq_throttle/req_fifo/U_fifo_srl/in[36]
    SLICE_X46Y49         SRL16E                                       r  bd_0_i/hls_inst/inst/gmem_m_axi_U/bus_write/wreq_throttle/req_fifo/U_fifo_srl/mem_reg[14][38]_srl15/D
  -------------------------------------------------------------------    -------------------

                         (clock ap_clk rise edge)     0.000     0.000 r  
                                                      0.000     0.000 r  ap_clk (IN)
                         net (fo=4044, unset)         0.432     0.432    bd_0_i/hls_inst/inst/gmem_m_axi_U/bus_write/wreq_throttle/req_fifo/U_fifo_srl/ap_clk
    SLICE_X46Y49         SRL16E                                       r  bd_0_i/hls_inst/inst/gmem_m_axi_U/bus_write/wreq_throttle/req_fifo/U_fifo_srl/mem_reg[14][38]_srl15/CLK
                         clock pessimism              0.000     0.432    
    SLICE_X46Y49         SRL16E (Hold_srl16e_CLK_D)
                                                      0.117     0.549    bd_0_i/hls_inst/inst/gmem_m_axi_U/bus_write/wreq_throttle/req_fifo/U_fifo_srl/mem_reg[14][38]_srl15
  -------------------------------------------------------------------
                         required time                         -0.549    
                         arrival time                           0.618    
  -------------------------------------------------------------------
                         slack                                  0.069    

Slack (MET) :             0.069ns  (arrival time - required time)
  Source:                 bd_0_i/hls_inst/inst/gmem_m_axi_U/bus_write/wreq_burst_conv/could_multi_bursts.addr_buf_reg[46]/C
                            (rising edge-triggered cell FDRE clocked by ap_clk  {rise@0.000ns fall@5.000ns period=10.000ns})
  Destination:            bd_0_i/hls_inst/inst/gmem_m_axi_U/bus_write/wreq_throttle/req_fifo/U_fifo_srl/mem_reg[14][46]_srl15/D
                            (rising edge-triggered cell SRL16E clocked by ap_clk  {rise@0.000ns fall@5.000ns period=10.000ns})
  Path Group:             ap_clk
  Path Type:              Hold (Min at Fast Process Corner)
  Requirement:            0.000ns  (ap_clk rise@0.000ns - ap_clk rise@0.000ns)
  Data Path Delay:        0.208ns  (logic 0.141ns (67.788%)  route 0.067ns (32.212%))
  Logic Levels:           0  
  Clock Path Skew:        0.022ns (DCD - SCD - CPR)
    Destination Clock Delay (DCD):    0.432ns
    Source Clock Delay      (SCD):    0.410ns
    Clock Pessimism Removal (CPR):    -0.000ns

    Location             Delay type                Incr(ns)  Path(ns)    Netlist Resource(s)
  -------------------------------------------------------------------    -------------------
                         (clock ap_clk rise edge)     0.000     0.000 r  
                                                      0.000     0.000 r  ap_clk (IN)
                         net (fo=4044, unset)         0.410     0.410    bd_0_i/hls_inst/inst/gmem_m_axi_U/bus_write/wreq_burst_conv/ap_clk
    SLICE_X47Y51         FDRE                                         r  bd_0_i/hls_inst/inst/gmem_m_axi_U/bus_write/wreq_burst_conv/could_multi_bursts.addr_buf_reg[46]/C
  -------------------------------------------------------------------    -------------------
    SLICE_X47Y51         FDRE (Prop_fdre_C_Q)         0.141     0.551 r  bd_0_i/hls_inst/inst/gmem_m_axi_U/bus_write/wreq_burst_conv/could_multi_bursts.addr_buf_reg[46]/Q
                         net (fo=2, routed)           0.067     0.618    bd_0_i/hls_inst/inst/gmem_m_axi_U/bus_write/wreq_throttle/req_fifo/U_fifo_srl/in[44]
    SLICE_X46Y51         SRL16E                                       r  bd_0_i/hls_inst/inst/gmem_m_axi_U/bus_write/wreq_throttle/req_fifo/U_fifo_srl/mem_reg[14][46]_srl15/D
  -------------------------------------------------------------------    -------------------

                         (clock ap_clk rise edge)     0.000     0.000 r  
                                                      0.000     0.000 r  ap_clk (IN)
                         net (fo=4044, unset)         0.432     0.432    bd_0_i/hls_inst/inst/gmem_m_axi_U/bus_write/wreq_throttle/req_fifo/U_fifo_srl/ap_clk
    SLICE_X46Y51         SRL16E                                       r  bd_0_i/hls_inst/inst/gmem_m_axi_U/bus_write/wreq_throttle/req_fifo/U_fifo_srl/mem_reg[14][46]_srl15/CLK
                         clock pessimism              0.000     0.432    
    SLICE_X46Y51         SRL16E (Hold_srl16e_CLK_D)
                                                      0.117     0.549    bd_0_i/hls_inst/inst/gmem_m_axi_U/bus_write/wreq_throttle/req_fifo/U_fifo_srl/mem_reg[14][46]_srl15
  -------------------------------------------------------------------
                         required time                         -0.549    
                         arrival time                           0.618    
  -------------------------------------------------------------------
                         slack                                  0.069    

Slack (MET) :             0.069ns  (arrival time - required time)
  Source:                 bd_0_i/hls_inst/inst/gmem_m_axi_U/bus_write/wreq_burst_conv/could_multi_bursts.addr_buf_reg[54]/C
                            (rising edge-triggered cell FDRE clocked by ap_clk  {rise@0.000ns fall@5.000ns period=10.000ns})
  Destination:            bd_0_i/hls_inst/inst/gmem_m_axi_U/bus_write/wreq_throttle/req_fifo/U_fifo_srl/mem_reg[14][54]_srl15/D
                            (rising edge-triggered cell SRL16E clocked by ap_clk  {rise@0.000ns fall@5.000ns period=10.000ns})
  Path Group:             ap_clk
  Path Type:              Hold (Min at Fast Process Corner)
  Requirement:            0.000ns  (ap_clk rise@0.000ns - ap_clk rise@0.000ns)
  Data Path Delay:        0.208ns  (logic 0.141ns (67.788%)  route 0.067ns (32.212%))
  Logic Levels:           0  
  Clock Path Skew:        0.022ns (DCD - SCD - CPR)
    Destination Clock Delay (DCD):    0.432ns
    Source Clock Delay      (SCD):    0.410ns
    Clock Pessimism Removal (CPR):    -0.000ns

    Location             Delay type                Incr(ns)  Path(ns)    Netlist Resource(s)
  -------------------------------------------------------------------    -------------------
                         (clock ap_clk rise edge)     0.000     0.000 r  
                                                      0.000     0.000 r  ap_clk (IN)
                         net (fo=4044, unset)         0.410     0.410    bd_0_i/hls_inst/inst/gmem_m_axi_U/bus_write/wreq_burst_conv/ap_clk
    SLICE_X47Y53         FDRE                                         r  bd_0_i/hls_inst/inst/gmem_m_axi_U/bus_write/wreq_burst_conv/could_multi_bursts.addr_buf_reg[54]/C
  -------------------------------------------------------------------    -------------------
    SLICE_X47Y53         FDRE (Prop_fdre_C_Q)         0.141     0.551 r  bd_0_i/hls_inst/inst/gmem_m_axi_U/bus_write/wreq_burst_conv/could_multi_bursts.addr_buf_reg[54]/Q
                         net (fo=2, routed)           0.067     0.618    bd_0_i/hls_inst/inst/gmem_m_axi_U/bus_write/wreq_throttle/req_fifo/U_fifo_srl/in[52]
    SLICE_X46Y53         SRL16E                                       r  bd_0_i/hls_inst/inst/gmem_m_axi_U/bus_write/wreq_throttle/req_fifo/U_fifo_srl/mem_reg[14][54]_srl15/D
  -------------------------------------------------------------------    -------------------

                         (clock ap_clk rise edge)     0.000     0.000 r  
                                                      0.000     0.000 r  ap_clk (IN)
                         net (fo=4044, unset)         0.432     0.432    bd_0_i/hls_inst/inst/gmem_m_axi_U/bus_write/wreq_throttle/req_fifo/U_fifo_srl/ap_clk
    SLICE_X46Y53         SRL16E                                       r  bd_0_i/hls_inst/inst/gmem_m_axi_U/bus_write/wreq_throttle/req_fifo/U_fifo_srl/mem_reg[14][54]_srl15/CLK
                         clock pessimism              0.000     0.432    
    SLICE_X46Y53         SRL16E (Hold_srl16e_CLK_D)
                                                      0.117     0.549    bd_0_i/hls_inst/inst/gmem_m_axi_U/bus_write/wreq_throttle/req_fifo/U_fifo_srl/mem_reg[14][54]_srl15
  -------------------------------------------------------------------
                         required time                         -0.549    
                         arrival time                           0.618    
  -------------------------------------------------------------------
                         slack                                  0.069    

Slack (MET) :             0.090ns  (arrival time - required time)
  Source:                 bd_0_i/hls_inst/inst/gmem_m_axi_U/bus_write/data_buf_reg[7]/C
                            (rising edge-triggered cell FDRE clocked by ap_clk  {rise@0.000ns fall@5.000ns period=10.000ns})
  Destination:            bd_0_i/hls_inst/inst/gmem_m_axi_U/bus_write/wreq_throttle/data_fifo/U_fifo_srl/mem_reg[14][7]_srl15/D
                            (rising edge-triggered cell SRL16E clocked by ap_clk  {rise@0.000ns fall@5.000ns period=10.000ns})
  Path Group:             ap_clk
  Path Type:              Hold (Min at Fast Process Corner)
  Requirement:            0.000ns  (ap_clk rise@0.000ns - ap_clk rise@0.000ns)
  Data Path Delay:        0.241ns  (logic 0.128ns (53.025%)  route 0.113ns (46.975%))
  Logic Levels:           0  
  Clock Path Skew:        0.022ns (DCD - SCD - CPR)
    Destination Clock Delay (DCD):    0.432ns
    Source Clock Delay      (SCD):    0.410ns
    Clock Pessimism Removal (CPR):    -0.000ns

    Location             Delay type                Incr(ns)  Path(ns)    Netlist Resource(s)
  -------------------------------------------------------------------    -------------------
                         (clock ap_clk rise edge)     0.000     0.000 r  
                                                      0.000     0.000 r  ap_clk (IN)
                         net (fo=4044, unset)         0.410     0.410    bd_0_i/hls_inst/inst/gmem_m_axi_U/bus_write/ap_clk
    SLICE_X39Y27         FDRE                                         r  bd_0_i/hls_inst/inst/gmem_m_axi_U/bus_write/data_buf_reg[7]/C
  -------------------------------------------------------------------    -------------------
    SLICE_X39Y27         FDRE (Prop_fdre_C_Q)         0.128     0.538 r  bd_0_i/hls_inst/inst/gmem_m_axi_U/bus_write/data_buf_reg[7]/Q
                         net (fo=1, routed)           0.113     0.652    bd_0_i/hls_inst/inst/gmem_m_axi_U/bus_write/wreq_throttle/data_fifo/U_fifo_srl/in[7]
    SLICE_X38Y27         SRL16E                                       r  bd_0_i/hls_inst/inst/gmem_m_axi_U/bus_write/wreq_throttle/data_fifo/U_fifo_srl/mem_reg[14][7]_srl15/D
  -------------------------------------------------------------------    -------------------

                         (clock ap_clk rise edge)     0.000     0.000 r  
                                                      0.000     0.000 r  ap_clk (IN)
                         net (fo=4044, unset)         0.432     0.432    bd_0_i/hls_inst/inst/gmem_m_axi_U/bus_write/wreq_throttle/data_fifo/U_fifo_srl/ap_clk
    SLICE_X38Y27         SRL16E                                       r  bd_0_i/hls_inst/inst/gmem_m_axi_U/bus_write/wreq_throttle/data_fifo/U_fifo_srl/mem_reg[14][7]_srl15/CLK
                         clock pessimism              0.000     0.432    
    SLICE_X38Y27         SRL16E (Hold_srl16e_CLK_D)
                                                      0.130     0.562    bd_0_i/hls_inst/inst/gmem_m_axi_U/bus_write/wreq_throttle/data_fifo/U_fifo_srl/mem_reg[14][7]_srl15
  -------------------------------------------------------------------
                         required time                         -0.562    
                         arrival time                           0.652    
  -------------------------------------------------------------------
                         slack                                  0.090    

Slack (MET) :             0.091ns  (arrival time - required time)
  Source:                 bd_0_i/hls_inst/inst/gmem_m_axi_U/bus_write/data_buf_reg[15]/C
                            (rising edge-triggered cell FDRE clocked by ap_clk  {rise@0.000ns fall@5.000ns period=10.000ns})
  Destination:            bd_0_i/hls_inst/inst/gmem_m_axi_U/bus_write/wreq_throttle/data_fifo/U_fifo_srl/mem_reg[14][15]_srl15/D
                            (rising edge-triggered cell SRL16E clocked by ap_clk  {rise@0.000ns fall@5.000ns period=10.000ns})
  Path Group:             ap_clk
  Path Type:              Hold (Min at Fast Process Corner)
  Requirement:            0.000ns  (ap_clk rise@0.000ns - ap_clk rise@0.000ns)
  Data Path Delay:        0.295ns  (logic 0.141ns (47.774%)  route 0.154ns (52.226%))
  Logic Levels:           0  
  Clock Path Skew:        0.022ns (DCD - SCD - CPR)
    Destination Clock Delay (DCD):    0.432ns
    Source Clock Delay      (SCD):    0.410ns
    Clock Pessimism Removal (CPR):    -0.000ns

    Location             Delay type                Incr(ns)  Path(ns)    Netlist Resource(s)
  -------------------------------------------------------------------    -------------------
                         (clock ap_clk rise edge)     0.000     0.000 r  
                                                      0.000     0.000 r  ap_clk (IN)
                         net (fo=4044, unset)         0.410     0.410    bd_0_i/hls_inst/inst/gmem_m_axi_U/bus_write/ap_clk
    SLICE_X41Y26         FDRE                                         r  bd_0_i/hls_inst/inst/gmem_m_axi_U/bus_write/data_buf_reg[15]/C
  -------------------------------------------------------------------    -------------------
    SLICE_X41Y26         FDRE (Prop_fdre_C_Q)         0.141     0.551 r  bd_0_i/hls_inst/inst/gmem_m_axi_U/bus_write/data_buf_reg[15]/Q
                         net (fo=1, routed)           0.154     0.705    bd_0_i/hls_inst/inst/gmem_m_axi_U/bus_write/wreq_throttle/data_fifo/U_fifo_srl/in[15]
    SLICE_X42Y26         SRL16E                                       r  bd_0_i/hls_inst/inst/gmem_m_axi_U/bus_write/wreq_throttle/data_fifo/U_fifo_srl/mem_reg[14][15]_srl15/D
  -------------------------------------------------------------------    -------------------

                         (clock ap_clk rise edge)     0.000     0.000 r  
                                                      0.000     0.000 r  ap_clk (IN)
                         net (fo=4044, unset)         0.432     0.432    bd_0_i/hls_inst/inst/gmem_m_axi_U/bus_write/wreq_throttle/data_fifo/U_fifo_srl/ap_clk
    SLICE_X42Y26         SRL16E                                       r  bd_0_i/hls_inst/inst/gmem_m_axi_U/bus_write/wreq_throttle/data_fifo/U_fifo_srl/mem_reg[14][15]_srl15/CLK
                         clock pessimism              0.000     0.432    
    SLICE_X42Y26         SRL16E (Hold_srl16e_CLK_D)
                                                      0.183     0.615    bd_0_i/hls_inst/inst/gmem_m_axi_U/bus_write/wreq_throttle/data_fifo/U_fifo_srl/mem_reg[14][15]_srl15
  -------------------------------------------------------------------
                         required time                         -0.615    
                         arrival time                           0.705    
  -------------------------------------------------------------------
                         slack                                  0.091    





Pulse Width Checks
--------------------------------------------------------------------------------------
Clock Name:         ap_clk
Waveform(ns):       { 0.000 5.000 }
Period(ns):         10.000
Sources:            { ap_clk }

Check Type        Corner  Lib Pin             Reference Pin  Required(ns)  Actual(ns)  Slack(ns)  Location      Pin
Min Period        n/a     DSP48E1/CLK         n/a            3.884         10.000      6.116      DSP48_X0Y19   bd_0_i/hls_inst/inst/grp_sobel_Pipeline_VITIS_LOOP_77_1_VITIS_LOOP_80_2_fu_94/mul_31ns_32s_63_2_1_U1/buff0_reg/CLK
Min Period        n/a     DSP48E1/CLK         n/a            3.884         10.000      6.116      DSP48_X0Y17   bd_0_i/hls_inst/inst/grp_sobel_Pipeline_VITIS_LOOP_77_1_VITIS_LOOP_80_2_fu_94/mul_31ns_32s_63_2_1_U1/buff0_reg__0/CLK
Min Period        n/a     DSP48E1/CLK         n/a            3.884         10.000      6.116      DSP48_X0Y13   bd_0_i/hls_inst/inst/mul_32ns_32ns_64_2_1_U12/buff0_reg/CLK
Min Period        n/a     DSP48E1/CLK         n/a            3.687         10.000      6.313      DSP48_X0Y15   bd_0_i/hls_inst/inst/mul_32ns_32ns_64_2_1_U12/buff0_reg__0/CLK
Min Period        n/a     RAMB18E1/CLKARDCLK  n/a            2.944         10.000      7.056      RAMB18_X1Y10  bd_0_i/hls_inst/inst/gmem_m_axi_U/load_unit_0/buff_rdata/U_fifo_mem/mem_reg/CLKARDCLK
Min Period        n/a     RAMB18E1/CLKBWRCLK  n/a            2.944         10.000      7.056      RAMB18_X1Y10  bd_0_i/hls_inst/inst/gmem_m_axi_U/load_unit_0/buff_rdata/U_fifo_mem/mem_reg/CLKBWRCLK
Min Period        n/a     RAMB18E1/CLKARDCLK  n/a            2.944         10.000      7.056      RAMB18_X2Y10  bd_0_i/hls_inst/inst/gmem_m_axi_U/store_unit/buff_wdata/U_fifo_mem/mem_reg/CLKARDCLK
Min Period        n/a     RAMB18E1/CLKBWRCLK  n/a            2.576         10.000      7.424      RAMB18_X2Y10  bd_0_i/hls_inst/inst/gmem_m_axi_U/store_unit/buff_wdata/U_fifo_mem/mem_reg/CLKBWRCLK
Min Period        n/a     DSP48E1/CLK         n/a            2.154         10.000      7.846      DSP48_X0Y18   bd_0_i/hls_inst/inst/grp_sobel_Pipeline_VITIS_LOOP_77_1_VITIS_LOOP_80_2_fu_94/mul_31ns_32s_63_2_1_U1/tmp_product/CLK
Min Period        n/a     DSP48E1/CLK         n/a            2.154         10.000      7.846      DSP48_X0Y16   bd_0_i/hls_inst/inst/grp_sobel_Pipeline_VITIS_LOOP_77_1_VITIS_LOOP_80_2_fu_94/mul_31ns_32s_63_2_1_U1/tmp_product__0/CLK
Low Pulse Width   Slow    SRL16E/CLK          n/a            0.980         5.000       4.020      SLICE_X34Y28  bd_0_i/hls_inst/inst/gmem_m_axi_U/bus_read/fifo_burst/U_fifo_srl/mem_reg[14][0]_srl15/CLK
Low Pulse Width   Fast    SRL16E/CLK          n/a            0.980         5.000       4.020      SLICE_X34Y28  bd_0_i/hls_inst/inst/gmem_m_axi_U/bus_read/fifo_burst/U_fifo_srl/mem_reg[14][0]_srl15/CLK
Low Pulse Width   Slow    SRL16E/CLK          n/a            0.980         5.000       4.020      SLICE_X46Y32  bd_0_i/hls_inst/inst/gmem_m_axi_U/bus_write/fifo_burst/U_fifo_srl/mem_reg[14][0]_srl15/CLK
Low Pulse Width   Fast    SRL16E/CLK          n/a            0.980         5.000       4.020      SLICE_X46Y32  bd_0_i/hls_inst/inst/gmem_m_axi_U/bus_write/fifo_burst/U_fifo_srl/mem_reg[14][0]_srl15/CLK
Low Pulse Width   Slow    SRL16E/CLK          n/a            0.980         5.000       4.020      SLICE_X46Y32  bd_0_i/hls_inst/inst/gmem_m_axi_U/bus_write/fifo_burst/U_fifo_srl/mem_reg[14][1]_srl15/CLK
Low Pulse Width   Fast    SRL16E/CLK          n/a            0.980         5.000       4.020      SLICE_X46Y32  bd_0_i/hls_inst/inst/gmem_m_axi_U/bus_write/fifo_burst/U_fifo_srl/mem_reg[14][1]_srl15/CLK
Low Pulse Width   Slow    SRL16E/CLK          n/a            0.980         5.000       4.020      SLICE_X46Y32  bd_0_i/hls_inst/inst/gmem_m_axi_U/bus_write/fifo_burst/U_fifo_srl/mem_reg[14][2]_srl15/CLK
Low Pulse Width   Fast    SRL16E/CLK          n/a            0.980         5.000       4.020      SLICE_X46Y32  bd_0_i/hls_inst/inst/gmem_m_axi_U/bus_write/fifo_burst/U_fifo_srl/mem_reg[14][2]_srl15/CLK
Low Pulse Width   Slow    SRL16E/CLK          n/a            0.980         5.000       4.020      SLICE_X46Y32  bd_0_i/hls_inst/inst/gmem_m_axi_U/bus_write/fifo_burst/U_fifo_srl/mem_reg[14][3]_srl15/CLK
Low Pulse Width   Fast    SRL16E/CLK          n/a            0.980         5.000       4.020      SLICE_X46Y32  bd_0_i/hls_inst/inst/gmem_m_axi_U/bus_write/fifo_burst/U_fifo_srl/mem_reg[14][3]_srl15/CLK
High Pulse Width  Slow    SRL16E/CLK          n/a            0.980         5.000       4.020      SLICE_X34Y28  bd_0_i/hls_inst/inst/gmem_m_axi_U/bus_read/fifo_burst/U_fifo_srl/mem_reg[14][0]_srl15/CLK
High Pulse Width  Fast    SRL16E/CLK          n/a            0.980         5.000       4.020      SLICE_X34Y28  bd_0_i/hls_inst/inst/gmem_m_axi_U/bus_read/fifo_burst/U_fifo_srl/mem_reg[14][0]_srl15/CLK
High Pulse Width  Slow    SRL16E/CLK          n/a            0.980         5.000       4.020      SLICE_X46Y32  bd_0_i/hls_inst/inst/gmem_m_axi_U/bus_write/fifo_burst/U_fifo_srl/mem_reg[14][0]_srl15/CLK
High Pulse Width  Fast    SRL16E/CLK          n/a            0.980         5.000       4.020      SLICE_X46Y32  bd_0_i/hls_inst/inst/gmem_m_axi_U/bus_write/fifo_burst/U_fifo_srl/mem_reg[14][0]_srl15/CLK
High Pulse Width  Slow    SRL16E/CLK          n/a            0.980         5.000       4.020      SLICE_X46Y32  bd_0_i/hls_inst/inst/gmem_m_axi_U/bus_write/fifo_burst/U_fifo_srl/mem_reg[14][1]_srl15/CLK
High Pulse Width  Fast    SRL16E/CLK          n/a            0.980         5.000       4.020      SLICE_X46Y32  bd_0_i/hls_inst/inst/gmem_m_axi_U/bus_write/fifo_burst/U_fifo_srl/mem_reg[14][1]_srl15/CLK
High Pulse Width  Slow    SRL16E/CLK          n/a            0.980         5.000       4.020      SLICE_X46Y32  bd_0_i/hls_inst/inst/gmem_m_axi_U/bus_write/fifo_burst/U_fifo_srl/mem_reg[14][2]_srl15/CLK
High Pulse Width  Fast    SRL16E/CLK          n/a            0.980         5.000       4.020      SLICE_X46Y32  bd_0_i/hls_inst/inst/gmem_m_axi_U/bus_write/fifo_burst/U_fifo_srl/mem_reg[14][2]_srl15/CLK
High Pulse Width  Slow    SRL16E/CLK          n/a            0.980         5.000       4.020      SLICE_X46Y32  bd_0_i/hls_inst/inst/gmem_m_axi_U/bus_write/fifo_burst/U_fifo_srl/mem_reg[14][3]_srl15/CLK
High Pulse Width  Fast    SRL16E/CLK          n/a            0.980         5.000       4.020      SLICE_X46Y32  bd_0_i/hls_inst/inst/gmem_m_axi_U/bus_write/fifo_burst/U_fifo_srl/mem_reg[14][3]_srl15/CLK



--------------------------------------------------------------------------------------
Path Group:  (none)
From Clock:  ap_clk
  To Clock:  

Max Delay           212 Endpoints
Min Delay           212 Endpoints
--------------------------------------------------------------------------------------


Max Delay Paths
--------------------------------------------------------------------------------------
Slack:                    inf
  Source:                 bd_0_i/hls_inst/inst/gmem_m_axi_U/bus_write/wreq_throttle/flying_req_reg/C
                            (rising edge-triggered cell FDRE clocked by ap_clk  {rise@0.000ns fall@5.000ns period=10.000ns})
  Destination:            m_axi_gmem_wvalid
                            (output port)
  Path Group:             (none)
  Path Type:              Max at Slow Process Corner
  Data Path Delay:        3.974ns  (logic 0.794ns (19.978%)  route 3.180ns (80.022%))
  Logic Levels:           2  (LUT2=1 LUT6=1)
  Clock Uncertainty:      0.025ns  ((TSJ^2 + TIJ^2)^1/2 + DJ) / 2 + PE
    Total System Jitter     (TSJ):    0.050ns
    Total Input Jitter      (TIJ):    0.000ns
    Discrete Jitter          (DJ):    0.000ns
    Phase Error              (PE):    0.000ns

    Location             Delay type                Incr(ns)  Path(ns)    Netlist Resource(s)
  -------------------------------------------------------------------    -------------------
                         (clock ap_clk rise edge)     0.000     0.000 r  
                                                      0.000     0.000 r  ap_clk (IN)
                         net (fo=4044, unset)         0.973     0.973    bd_0_i/hls_inst/inst/gmem_m_axi_U/bus_write/wreq_throttle/ap_clk
    SLICE_X50Y39         FDRE                                         r  bd_0_i/hls_inst/inst/gmem_m_axi_U/bus_write/wreq_throttle/flying_req_reg/C
  -------------------------------------------------------------------    -------------------
    SLICE_X50Y39         FDRE (Prop_fdre_C_Q)         0.518     1.491 r  bd_0_i/hls_inst/inst/gmem_m_axi_U/bus_write/wreq_throttle/flying_req_reg/Q
                         net (fo=3, routed)           1.232     2.723    bd_0_i/hls_inst/inst/gmem_m_axi_U/bus_write/wreq_throttle/data_fifo/U_fifo_srl/flying_req_reg_1
    SLICE_X48Y30         LUT6 (Prop_lut6_I0_O)        0.124     2.847 r  bd_0_i/hls_inst/inst/gmem_m_axi_U/bus_write/wreq_throttle/data_fifo/U_fifo_srl/m_axi_gmem_WVALID_INST_0_i_1/O
                         net (fo=4, routed)           0.976     3.822    bd_0_i/hls_inst/inst/gmem_m_axi_U/bus_write/wreq_throttle/data_fifo/U_fifo_srl_n_44
    SLICE_X45Y29         LUT2 (Prop_lut2_I0_O)        0.152     3.974 r  bd_0_i/hls_inst/inst/gmem_m_axi_U/bus_write/wreq_throttle/data_fifo/m_axi_gmem_WVALID_INST_0/O
                         net (fo=0)                   0.973     4.947    m_axi_gmem_wvalid
                                                                      r  m_axi_gmem_wvalid (OUT)
  -------------------------------------------------------------------    -------------------

Slack:                    inf
  Source:                 bd_0_i/hls_inst/inst/CTRL_s_axi_U/int_interrupt_reg/C
                            (rising edge-triggered cell FDRE clocked by ap_clk  {rise@0.000ns fall@5.000ns period=10.000ns})
  Destination:            interrupt
                            (output port)
  Path Group:             (none)
  Path Type:              Max at Slow Process Corner
  Data Path Delay:        1.491ns  (logic 0.518ns (34.742%)  route 0.973ns (65.258%))
  Logic Levels:           0  
  Clock Uncertainty:      0.025ns  ((TSJ^2 + TIJ^2)^1/2 + DJ) / 2 + PE
    Total System Jitter     (TSJ):    0.050ns
    Total Input Jitter      (TIJ):    0.000ns
    Discrete Jitter          (DJ):    0.000ns
    Phase Error              (PE):    0.000ns

    Location             Delay type                Incr(ns)  Path(ns)    Netlist Resource(s)
  -------------------------------------------------------------------    -------------------
                         (clock ap_clk rise edge)     0.000     0.000 r  
                                                      0.000     0.000 r  ap_clk (IN)
                         net (fo=4044, unset)         0.973     0.973    bd_0_i/hls_inst/inst/CTRL_s_axi_U/ap_clk
    SLICE_X18Y35         FDRE                                         r  bd_0_i/hls_inst/inst/CTRL_s_axi_U/int_interrupt_reg/C
  -------------------------------------------------------------------    -------------------
    SLICE_X18Y35         FDRE (Prop_fdre_C_Q)         0.518     1.491 r  bd_0_i/hls_inst/inst/CTRL_s_axi_U/int_interrupt_reg/Q
                         net (fo=1, unset)            0.973     2.464    interrupt
                                                                      r  interrupt (OUT)
  -------------------------------------------------------------------    -------------------

Slack:                    inf
  Source:                 bd_0_i/hls_inst/inst/gmem_m_axi_U/bus_read/rreq_burst_conv/could_multi_bursts.addr_buf_reg[10]/C
                            (rising edge-triggered cell FDRE clocked by ap_clk  {rise@0.000ns fall@5.000ns period=10.000ns})
  Destination:            m_axi_gmem_araddr[10]
                            (output port)
  Path Group:             (none)
  Path Type:              Max at Slow Process Corner
  Data Path Delay:        1.491ns  (logic 0.518ns (34.742%)  route 0.973ns (65.258%))
  Logic Levels:           0  
  Clock Uncertainty:      0.025ns  ((TSJ^2 + TIJ^2)^1/2 + DJ) / 2 + PE
    Total System Jitter     (TSJ):    0.050ns
    Total Input Jitter      (TIJ):    0.000ns
    Discrete Jitter          (DJ):    0.000ns
    Phase Error              (PE):    0.000ns

    Location             Delay type                Incr(ns)  Path(ns)    Netlist Resource(s)
  -------------------------------------------------------------------    -------------------
                         (clock ap_clk rise edge)     0.000     0.000 r  
                                                      0.000     0.000 r  ap_clk (IN)
                         net (fo=4044, unset)         0.973     0.973    bd_0_i/hls_inst/inst/gmem_m_axi_U/bus_read/rreq_burst_conv/ap_clk
    SLICE_X34Y44         FDRE                                         r  bd_0_i/hls_inst/inst/gmem_m_axi_U/bus_read/rreq_burst_conv/could_multi_bursts.addr_buf_reg[10]/C
  -------------------------------------------------------------------    -------------------
    SLICE_X34Y44         FDRE (Prop_fdre_C_Q)         0.518     1.491 r  bd_0_i/hls_inst/inst/gmem_m_axi_U/bus_read/rreq_burst_conv/could_multi_bursts.addr_buf_reg[10]/Q
                         net (fo=1, unset)            0.973     2.464    m_axi_gmem_araddr[10]
                                                                      r  m_axi_gmem_araddr[10] (OUT)
  -------------------------------------------------------------------    -------------------

Slack:                    inf
  Source:                 bd_0_i/hls_inst/inst/gmem_m_axi_U/bus_read/rreq_burst_conv/could_multi_bursts.addr_buf_reg[11]/C
                            (rising edge-triggered cell FDRE clocked by ap_clk  {rise@0.000ns fall@5.000ns period=10.000ns})
  Destination:            m_axi_gmem_araddr[11]
                            (output port)
  Path Group:             (none)
  Path Type:              Max at Slow Process Corner
  Data Path Delay:        1.491ns  (logic 0.518ns (34.742%)  route 0.973ns (65.258%))
  Logic Levels:           0  
  Clock Uncertainty:      0.025ns  ((TSJ^2 + TIJ^2)^1/2 + DJ) / 2 + PE
    Total System Jitter     (TSJ):    0.050ns
    Total Input Jitter      (TIJ):    0.000ns
    Discrete Jitter          (DJ):    0.000ns
    Phase Error              (PE):    0.000ns

    Location             Delay type                Incr(ns)  Path(ns)    Netlist Resource(s)
  -------------------------------------------------------------------    -------------------
                         (clock ap_clk rise edge)     0.000     0.000 r  
                                                      0.000     0.000 r  ap_clk (IN)
                         net (fo=4044, unset)         0.973     0.973    bd_0_i/hls_inst/inst/gmem_m_axi_U/bus_read/rreq_burst_conv/ap_clk
    SLICE_X34Y44         FDRE                                         r  bd_0_i/hls_inst/inst/gmem_m_axi_U/bus_read/rreq_burst_conv/could_multi_bursts.addr_buf_reg[11]/C
  -------------------------------------------------------------------    -------------------
    SLICE_X34Y44         FDRE (Prop_fdre_C_Q)         0.518     1.491 r  bd_0_i/hls_inst/inst/gmem_m_axi_U/bus_read/rreq_burst_conv/could_multi_bursts.addr_buf_reg[11]/Q
                         net (fo=1, unset)            0.973     2.464    m_axi_gmem_araddr[11]
                                                                      r  m_axi_gmem_araddr[11] (OUT)
  -------------------------------------------------------------------    -------------------

Slack:                    inf
  Source:                 bd_0_i/hls_inst/inst/gmem_m_axi_U/bus_read/rreq_burst_conv/could_multi_bursts.addr_buf_reg[12]/C
                            (rising edge-triggered cell FDRE clocked by ap_clk  {rise@0.000ns fall@5.000ns period=10.000ns})
  Destination:            m_axi_gmem_araddr[12]
                            (output port)
  Path Group:             (none)
  Path Type:              Max at Slow Process Corner
  Data Path Delay:        1.491ns  (logic 0.518ns (34.742%)  route 0.973ns (65.258%))
  Logic Levels:           0  
  Clock Uncertainty:      0.025ns  ((TSJ^2 + TIJ^2)^1/2 + DJ) / 2 + PE
    Total System Jitter     (TSJ):    0.050ns
    Total Input Jitter      (TIJ):    0.000ns
    Discrete Jitter          (DJ):    0.000ns
    Phase Error              (PE):    0.000ns

    Location             Delay type                Incr(ns)  Path(ns)    Netlist Resource(s)
  -------------------------------------------------------------------    -------------------
                         (clock ap_clk rise edge)     0.000     0.000 r  
                                                      0.000     0.000 r  ap_clk (IN)
                         net (fo=4044, unset)         0.973     0.973    bd_0_i/hls_inst/inst/gmem_m_axi_U/bus_read/rreq_burst_conv/ap_clk
    SLICE_X34Y44         FDRE                                         r  bd_0_i/hls_inst/inst/gmem_m_axi_U/bus_read/rreq_burst_conv/could_multi_bursts.addr_buf_reg[12]/C
  -------------------------------------------------------------------    -------------------
    SLICE_X34Y44         FDRE (Prop_fdre_C_Q)         0.518     1.491 r  bd_0_i/hls_inst/inst/gmem_m_axi_U/bus_read/rreq_burst_conv/could_multi_bursts.addr_buf_reg[12]/Q
                         net (fo=1, unset)            0.973     2.464    m_axi_gmem_araddr[12]
                                                                      r  m_axi_gmem_araddr[12] (OUT)
  -------------------------------------------------------------------    -------------------

Slack:                    inf
  Source:                 bd_0_i/hls_inst/inst/gmem_m_axi_U/bus_read/rreq_burst_conv/could_multi_bursts.addr_buf_reg[13]/C
                            (rising edge-triggered cell FDRE clocked by ap_clk  {rise@0.000ns fall@5.000ns period=10.000ns})
  Destination:            m_axi_gmem_araddr[13]
                            (output port)
  Path Group:             (none)
  Path Type:              Max at Slow Process Corner
  Data Path Delay:        1.491ns  (logic 0.518ns (34.742%)  route 0.973ns (65.258%))
  Logic Levels:           0  
  Clock Uncertainty:      0.025ns  ((TSJ^2 + TIJ^2)^1/2 + DJ) / 2 + PE
    Total System Jitter     (TSJ):    0.050ns
    Total Input Jitter      (TIJ):    0.000ns
    Discrete Jitter          (DJ):    0.000ns
    Phase Error              (PE):    0.000ns

    Location             Delay type                Incr(ns)  Path(ns)    Netlist Resource(s)
  -------------------------------------------------------------------    -------------------
                         (clock ap_clk rise edge)     0.000     0.000 r  
                                                      0.000     0.000 r  ap_clk (IN)
                         net (fo=4044, unset)         0.973     0.973    bd_0_i/hls_inst/inst/gmem_m_axi_U/bus_read/rreq_burst_conv/ap_clk
    SLICE_X34Y44         FDRE                                         r  bd_0_i/hls_inst/inst/gmem_m_axi_U/bus_read/rreq_burst_conv/could_multi_bursts.addr_buf_reg[13]/C
  -------------------------------------------------------------------    -------------------
    SLICE_X34Y44         FDRE (Prop_fdre_C_Q)         0.518     1.491 r  bd_0_i/hls_inst/inst/gmem_m_axi_U/bus_read/rreq_burst_conv/could_multi_bursts.addr_buf_reg[13]/Q
                         net (fo=1, unset)            0.973     2.464    m_axi_gmem_araddr[13]
                                                                      r  m_axi_gmem_araddr[13] (OUT)
  -------------------------------------------------------------------    -------------------

Slack:                    inf
  Source:                 bd_0_i/hls_inst/inst/gmem_m_axi_U/bus_read/rreq_burst_conv/could_multi_bursts.addr_buf_reg[14]/C
                            (rising edge-triggered cell FDRE clocked by ap_clk  {rise@0.000ns fall@5.000ns period=10.000ns})
  Destination:            m_axi_gmem_araddr[14]
                            (output port)
  Path Group:             (none)
  Path Type:              Max at Slow Process Corner
  Data Path Delay:        1.491ns  (logic 0.518ns (34.742%)  route 0.973ns (65.258%))
  Logic Levels:           0  
  Clock Uncertainty:      0.025ns  ((TSJ^2 + TIJ^2)^1/2 + DJ) / 2 + PE
    Total System Jitter     (TSJ):    0.050ns
    Total Input Jitter      (TIJ):    0.000ns
    Discrete Jitter          (DJ):    0.000ns
    Phase Error              (PE):    0.000ns

    Location             Delay type                Incr(ns)  Path(ns)    Netlist Resource(s)
  -------------------------------------------------------------------    -------------------
                         (clock ap_clk rise edge)     0.000     0.000 r  
                                                      0.000     0.000 r  ap_clk (IN)
                         net (fo=4044, unset)         0.973     0.973    bd_0_i/hls_inst/inst/gmem_m_axi_U/bus_read/rreq_burst_conv/ap_clk
    SLICE_X34Y45         FDRE                                         r  bd_0_i/hls_inst/inst/gmem_m_axi_U/bus_read/rreq_burst_conv/could_multi_bursts.addr_buf_reg[14]/C
  -------------------------------------------------------------------    -------------------
    SLICE_X34Y45         FDRE (Prop_fdre_C_Q)         0.518     1.491 r  bd_0_i/hls_inst/inst/gmem_m_axi_U/bus_read/rreq_burst_conv/could_multi_bursts.addr_buf_reg[14]/Q
                         net (fo=1, unset)            0.973     2.464    m_axi_gmem_araddr[14]
                                                                      r  m_axi_gmem_araddr[14] (OUT)
  -------------------------------------------------------------------    -------------------

Slack:                    inf
  Source:                 bd_0_i/hls_inst/inst/gmem_m_axi_U/bus_read/rreq_burst_conv/could_multi_bursts.addr_buf_reg[15]/C
                            (rising edge-triggered cell FDRE clocked by ap_clk  {rise@0.000ns fall@5.000ns period=10.000ns})
  Destination:            m_axi_gmem_araddr[15]
                            (output port)
  Path Group:             (none)
  Path Type:              Max at Slow Process Corner
  Data Path Delay:        1.491ns  (logic 0.518ns (34.742%)  route 0.973ns (65.258%))
  Logic Levels:           0  
  Clock Uncertainty:      0.025ns  ((TSJ^2 + TIJ^2)^1/2 + DJ) / 2 + PE
    Total System Jitter     (TSJ):    0.050ns
    Total Input Jitter      (TIJ):    0.000ns
    Discrete Jitter          (DJ):    0.000ns
    Phase Error              (PE):    0.000ns

    Location             Delay type                Incr(ns)  Path(ns)    Netlist Resource(s)
  -------------------------------------------------------------------    -------------------
                         (clock ap_clk rise edge)     0.000     0.000 r  
                                                      0.000     0.000 r  ap_clk (IN)
                         net (fo=4044, unset)         0.973     0.973    bd_0_i/hls_inst/inst/gmem_m_axi_U/bus_read/rreq_burst_conv/ap_clk
    SLICE_X34Y45         FDRE                                         r  bd_0_i/hls_inst/inst/gmem_m_axi_U/bus_read/rreq_burst_conv/could_multi_bursts.addr_buf_reg[15]/C
  -------------------------------------------------------------------    -------------------
    SLICE_X34Y45         FDRE (Prop_fdre_C_Q)         0.518     1.491 r  bd_0_i/hls_inst/inst/gmem_m_axi_U/bus_read/rreq_burst_conv/could_multi_bursts.addr_buf_reg[15]/Q
                         net (fo=1, unset)            0.973     2.464    m_axi_gmem_araddr[15]
                                                                      r  m_axi_gmem_araddr[15] (OUT)
  -------------------------------------------------------------------    -------------------

Slack:                    inf
  Source:                 bd_0_i/hls_inst/inst/gmem_m_axi_U/bus_read/rreq_burst_conv/could_multi_bursts.addr_buf_reg[16]/C
                            (rising edge-triggered cell FDRE clocked by ap_clk  {rise@0.000ns fall@5.000ns period=10.000ns})
  Destination:            m_axi_gmem_araddr[16]
                            (output port)
  Path Group:             (none)
  Path Type:              Max at Slow Process Corner
  Data Path Delay:        1.491ns  (logic 0.518ns (34.742%)  route 0.973ns (65.258%))
  Logic Levels:           0  
  Clock Uncertainty:      0.025ns  ((TSJ^2 + TIJ^2)^1/2 + DJ) / 2 + PE
    Total System Jitter     (TSJ):    0.050ns
    Total Input Jitter      (TIJ):    0.000ns
    Discrete Jitter          (DJ):    0.000ns
    Phase Error              (PE):    0.000ns

    Location             Delay type                Incr(ns)  Path(ns)    Netlist Resource(s)
  -------------------------------------------------------------------    -------------------
                         (clock ap_clk rise edge)     0.000     0.000 r  
                                                      0.000     0.000 r  ap_clk (IN)
                         net (fo=4044, unset)         0.973     0.973    bd_0_i/hls_inst/inst/gmem_m_axi_U/bus_read/rreq_burst_conv/ap_clk
    SLICE_X34Y45         FDRE                                         r  bd_0_i/hls_inst/inst/gmem_m_axi_U/bus_read/rreq_burst_conv/could_multi_bursts.addr_buf_reg[16]/C
  -------------------------------------------------------------------    -------------------
    SLICE_X34Y45         FDRE (Prop_fdre_C_Q)         0.518     1.491 r  bd_0_i/hls_inst/inst/gmem_m_axi_U/bus_read/rreq_burst_conv/could_multi_bursts.addr_buf_reg[16]/Q
                         net (fo=1, unset)            0.973     2.464    m_axi_gmem_araddr[16]
                                                                      r  m_axi_gmem_araddr[16] (OUT)
  -------------------------------------------------------------------    -------------------

Slack:                    inf
  Source:                 bd_0_i/hls_inst/inst/gmem_m_axi_U/bus_read/rreq_burst_conv/could_multi_bursts.addr_buf_reg[17]/C
                            (rising edge-triggered cell FDRE clocked by ap_clk  {rise@0.000ns fall@5.000ns period=10.000ns})
  Destination:            m_axi_gmem_araddr[17]
                            (output port)
  Path Group:             (none)
  Path Type:              Max at Slow Process Corner
  Data Path Delay:        1.491ns  (logic 0.518ns (34.742%)  route 0.973ns (65.258%))
  Logic Levels:           0  
  Clock Uncertainty:      0.025ns  ((TSJ^2 + TIJ^2)^1/2 + DJ) / 2 + PE
    Total System Jitter     (TSJ):    0.050ns
    Total Input Jitter      (TIJ):    0.000ns
    Discrete Jitter          (DJ):    0.000ns
    Phase Error              (PE):    0.000ns

    Location             Delay type                Incr(ns)  Path(ns)    Netlist Resource(s)
  -------------------------------------------------------------------    -------------------
                         (clock ap_clk rise edge)     0.000     0.000 r  
                                                      0.000     0.000 r  ap_clk (IN)
                         net (fo=4044, unset)         0.973     0.973    bd_0_i/hls_inst/inst/gmem_m_axi_U/bus_read/rreq_burst_conv/ap_clk
    SLICE_X34Y45         FDRE                                         r  bd_0_i/hls_inst/inst/gmem_m_axi_U/bus_read/rreq_burst_conv/could_multi_bursts.addr_buf_reg[17]/C
  -------------------------------------------------------------------    -------------------
    SLICE_X34Y45         FDRE (Prop_fdre_C_Q)         0.518     1.491 r  bd_0_i/hls_inst/inst/gmem_m_axi_U/bus_read/rreq_burst_conv/could_multi_bursts.addr_buf_reg[17]/Q
                         net (fo=1, unset)            0.973     2.464    m_axi_gmem_araddr[17]
                                                                      r  m_axi_gmem_araddr[17] (OUT)
  -------------------------------------------------------------------    -------------------





Min Delay Paths
--------------------------------------------------------------------------------------
Slack:                    inf
  Source:                 bd_0_i/hls_inst/inst/gmem_m_axi_U/bus_write/rs_resp/s_ready_t_reg/C
                            (rising edge-triggered cell FDRE clocked by ap_clk  {rise@0.000ns fall@5.000ns period=10.000ns})
  Destination:            m_axi_gmem_bready
                            (output port)
  Path Group:             (none)
  Path Type:              Min at Fast Process Corner
  Data Path Delay:        0.538ns  (logic 0.128ns (23.786%)  route 0.410ns (76.214%))
  Logic Levels:           0  
  Clock Uncertainty:      0.025ns  ((TSJ^2 + TIJ^2)^1/2 + DJ) / 2 + PE
    Total System Jitter     (TSJ):    0.050ns
    Total Input Jitter      (TIJ):    0.000ns
    Discrete Jitter          (DJ):    0.000ns
    Phase Error              (PE):    0.000ns

    Location             Delay type                Incr(ns)  Path(ns)    Netlist Resource(s)
  -------------------------------------------------------------------    -------------------
                         (clock ap_clk rise edge)     0.000     0.000 r  
                                                      0.000     0.000 r  ap_clk (IN)
                         net (fo=4044, unset)         0.410     0.410    bd_0_i/hls_inst/inst/gmem_m_axi_U/bus_write/rs_resp/ap_clk
    SLICE_X39Y32         FDRE                                         r  bd_0_i/hls_inst/inst/gmem_m_axi_U/bus_write/rs_resp/s_ready_t_reg/C
  -------------------------------------------------------------------    -------------------
    SLICE_X39Y32         FDRE (Prop_fdre_C_Q)         0.128     0.538 r  bd_0_i/hls_inst/inst/gmem_m_axi_U/bus_write/rs_resp/s_ready_t_reg/Q
                         net (fo=3, unset)            0.410     0.948    m_axi_gmem_bready
                                                                      r  m_axi_gmem_bready (OUT)
  -------------------------------------------------------------------    -------------------

Slack:                    inf
  Source:                 bd_0_i/hls_inst/inst/gmem_m_axi_U/bus_read/rreq_burst_conv/could_multi_bursts.burst_valid_reg/C
                            (rising edge-triggered cell FDRE clocked by ap_clk  {rise@0.000ns fall@5.000ns period=10.000ns})
  Destination:            m_axi_gmem_arvalid
                            (output port)
  Path Group:             (none)
  Path Type:              Min at Fast Process Corner
  Data Path Delay:        0.551ns  (logic 0.141ns (25.583%)  route 0.410ns (74.417%))
  Logic Levels:           0  
  Clock Uncertainty:      0.025ns  ((TSJ^2 + TIJ^2)^1/2 + DJ) / 2 + PE
    Total System Jitter     (TSJ):    0.050ns
    Total Input Jitter      (TIJ):    0.000ns
    Discrete Jitter          (DJ):    0.000ns
    Phase Error              (PE):    0.000ns

    Location             Delay type                Incr(ns)  Path(ns)    Netlist Resource(s)
  -------------------------------------------------------------------    -------------------
                         (clock ap_clk rise edge)     0.000     0.000 r  
                                                      0.000     0.000 r  ap_clk (IN)
                         net (fo=4044, unset)         0.410     0.410    bd_0_i/hls_inst/inst/gmem_m_axi_U/bus_read/rreq_burst_conv/ap_clk
    SLICE_X33Y30         FDRE                                         r  bd_0_i/hls_inst/inst/gmem_m_axi_U/bus_read/rreq_burst_conv/could_multi_bursts.burst_valid_reg/C
  -------------------------------------------------------------------    -------------------
    SLICE_X33Y30         FDRE (Prop_fdre_C_Q)         0.141     0.551 r  bd_0_i/hls_inst/inst/gmem_m_axi_U/bus_read/rreq_burst_conv/could_multi_bursts.burst_valid_reg/Q
                         net (fo=6, unset)            0.410     0.961    m_axi_gmem_arvalid
                                                                      r  m_axi_gmem_arvalid (OUT)
  -------------------------------------------------------------------    -------------------

Slack:                    inf
  Source:                 bd_0_i/hls_inst/inst/gmem_m_axi_U/bus_write/wreq_throttle/rs_req/data_p1_reg[10]/C
                            (rising edge-triggered cell FDRE clocked by ap_clk  {rise@0.000ns fall@5.000ns period=10.000ns})
  Destination:            m_axi_gmem_awaddr[10]
                            (output port)
  Path Group:             (none)
  Path Type:              Min at Fast Process Corner
  Data Path Delay:        0.551ns  (logic 0.141ns (25.583%)  route 0.410ns (74.417%))
  Logic Levels:           0  
  Clock Uncertainty:      0.025ns  ((TSJ^2 + TIJ^2)^1/2 + DJ) / 2 + PE
    Total System Jitter     (TSJ):    0.050ns
    Total Input Jitter      (TIJ):    0.000ns
    Discrete Jitter          (DJ):    0.000ns
    Phase Error              (PE):    0.000ns

    Location             Delay type                Incr(ns)  Path(ns)    Netlist Resource(s)
  -------------------------------------------------------------------    -------------------
                         (clock ap_clk rise edge)     0.000     0.000 r  
                                                      0.000     0.000 r  ap_clk (IN)
                         net (fo=4044, unset)         0.410     0.410    bd_0_i/hls_inst/inst/gmem_m_axi_U/bus_write/wreq_throttle/rs_req/ap_clk
    SLICE_X49Y44         FDRE                                         r  bd_0_i/hls_inst/inst/gmem_m_axi_U/bus_write/wreq_throttle/rs_req/data_p1_reg[10]/C
  -------------------------------------------------------------------    -------------------
    SLICE_X49Y44         FDRE (Prop_fdre_C_Q)         0.141     0.551 r  bd_0_i/hls_inst/inst/gmem_m_axi_U/bus_write/wreq_throttle/rs_req/data_p1_reg[10]/Q
                         net (fo=0)                   0.410     0.961    m_axi_gmem_awaddr[10]
                                                                      r  m_axi_gmem_awaddr[10] (OUT)
  -------------------------------------------------------------------    -------------------

Slack:                    inf
  Source:                 bd_0_i/hls_inst/inst/gmem_m_axi_U/bus_write/wreq_throttle/rs_req/data_p1_reg[12]/C
                            (rising edge-triggered cell FDRE clocked by ap_clk  {rise@0.000ns fall@5.000ns period=10.000ns})
  Destination:            m_axi_gmem_awaddr[12]
                            (output port)
  Path Group:             (none)
  Path Type:              Min at Fast Process Corner
  Data Path Delay:        0.551ns  (logic 0.141ns (25.583%)  route 0.410ns (74.417%))
  Logic Levels:           0  
  Clock Uncertainty:      0.025ns  ((TSJ^2 + TIJ^2)^1/2 + DJ) / 2 + PE
    Total System Jitter     (TSJ):    0.050ns
    Total Input Jitter      (TIJ):    0.000ns
    Discrete Jitter          (DJ):    0.000ns
    Phase Error              (PE):    0.000ns

    Location             Delay type                Incr(ns)  Path(ns)    Netlist Resource(s)
  -------------------------------------------------------------------    -------------------
                         (clock ap_clk rise edge)     0.000     0.000 r  
                                                      0.000     0.000 r  ap_clk (IN)
                         net (fo=4044, unset)         0.410     0.410    bd_0_i/hls_inst/inst/gmem_m_axi_U/bus_write/wreq_throttle/rs_req/ap_clk
    SLICE_X48Y45         FDRE                                         r  bd_0_i/hls_inst/inst/gmem_m_axi_U/bus_write/wreq_throttle/rs_req/data_p1_reg[12]/C
  -------------------------------------------------------------------    -------------------
    SLICE_X48Y45         FDRE (Prop_fdre_C_Q)         0.141     0.551 r  bd_0_i/hls_inst/inst/gmem_m_axi_U/bus_write/wreq_throttle/rs_req/data_p1_reg[12]/Q
                         net (fo=0)                   0.410     0.961    m_axi_gmem_awaddr[12]
                                                                      r  m_axi_gmem_awaddr[12] (OUT)
  -------------------------------------------------------------------    -------------------

Slack:                    inf
  Source:                 bd_0_i/hls_inst/inst/gmem_m_axi_U/bus_write/wreq_throttle/rs_req/data_p1_reg[14]/C
                            (rising edge-triggered cell FDRE clocked by ap_clk  {rise@0.000ns fall@5.000ns period=10.000ns})
  Destination:            m_axi_gmem_awaddr[14]
                            (output port)
  Path Group:             (none)
  Path Type:              Min at Fast Process Corner
  Data Path Delay:        0.551ns  (logic 0.141ns (25.583%)  route 0.410ns (74.417%))
  Logic Levels:           0  
  Clock Uncertainty:      0.025ns  ((TSJ^2 + TIJ^2)^1/2 + DJ) / 2 + PE
    Total System Jitter     (TSJ):    0.050ns
    Total Input Jitter      (TIJ):    0.000ns
    Discrete Jitter          (DJ):    0.000ns
    Phase Error              (PE):    0.000ns

    Location             Delay type                Incr(ns)  Path(ns)    Netlist Resource(s)
  -------------------------------------------------------------------    -------------------
                         (clock ap_clk rise edge)     0.000     0.000 r  
                                                      0.000     0.000 r  ap_clk (IN)
                         net (fo=4044, unset)         0.410     0.410    bd_0_i/hls_inst/inst/gmem_m_axi_U/bus_write/wreq_throttle/rs_req/ap_clk
    SLICE_X49Y45         FDRE                                         r  bd_0_i/hls_inst/inst/gmem_m_axi_U/bus_write/wreq_throttle/rs_req/data_p1_reg[14]/C
  -------------------------------------------------------------------    -------------------
    SLICE_X49Y45         FDRE (Prop_fdre_C_Q)         0.141     0.551 r  bd_0_i/hls_inst/inst/gmem_m_axi_U/bus_write/wreq_throttle/rs_req/data_p1_reg[14]/Q
                         net (fo=0)                   0.410     0.961    m_axi_gmem_awaddr[14]
                                                                      r  m_axi_gmem_awaddr[14] (OUT)
  -------------------------------------------------------------------    -------------------

Slack:                    inf
  Source:                 bd_0_i/hls_inst/inst/gmem_m_axi_U/bus_write/wreq_throttle/rs_req/data_p1_reg[18]/C
                            (rising edge-triggered cell FDRE clocked by ap_clk  {rise@0.000ns fall@5.000ns period=10.000ns})
  Destination:            m_axi_gmem_awaddr[18]
                            (output port)
  Path Group:             (none)
  Path Type:              Min at Fast Process Corner
  Data Path Delay:        0.551ns  (logic 0.141ns (25.583%)  route 0.410ns (74.417%))
  Logic Levels:           0  
  Clock Uncertainty:      0.025ns  ((TSJ^2 + TIJ^2)^1/2 + DJ) / 2 + PE
    Total System Jitter     (TSJ):    0.050ns
    Total Input Jitter      (TIJ):    0.000ns
    Discrete Jitter          (DJ):    0.000ns
    Phase Error              (PE):    0.000ns

    Location             Delay type                Incr(ns)  Path(ns)    Netlist Resource(s)
  -------------------------------------------------------------------    -------------------
                         (clock ap_clk rise edge)     0.000     0.000 r  
                                                      0.000     0.000 r  ap_clk (IN)
                         net (fo=4044, unset)         0.410     0.410    bd_0_i/hls_inst/inst/gmem_m_axi_U/bus_write/wreq_throttle/rs_req/ap_clk
    SLICE_X48Y45         FDRE                                         r  bd_0_i/hls_inst/inst/gmem_m_axi_U/bus_write/wreq_throttle/rs_req/data_p1_reg[18]/C
  -------------------------------------------------------------------    -------------------
    SLICE_X48Y45         FDRE (Prop_fdre_C_Q)         0.141     0.551 r  bd_0_i/hls_inst/inst/gmem_m_axi_U/bus_write/wreq_throttle/rs_req/data_p1_reg[18]/Q
                         net (fo=0)                   0.410     0.961    m_axi_gmem_awaddr[18]
                                                                      r  m_axi_gmem_awaddr[18] (OUT)
  -------------------------------------------------------------------    -------------------

Slack:                    inf
  Source:                 bd_0_i/hls_inst/inst/gmem_m_axi_U/bus_write/wreq_throttle/rs_req/data_p1_reg[21]/C
                            (rising edge-triggered cell FDRE clocked by ap_clk  {rise@0.000ns fall@5.000ns period=10.000ns})
  Destination:            m_axi_gmem_awaddr[21]
                            (output port)
  Path Group:             (none)
  Path Type:              Min at Fast Process Corner
  Data Path Delay:        0.551ns  (logic 0.141ns (25.583%)  route 0.410ns (74.417%))
  Logic Levels:           0  
  Clock Uncertainty:      0.025ns  ((TSJ^2 + TIJ^2)^1/2 + DJ) / 2 + PE
    Total System Jitter     (TSJ):    0.050ns
    Total Input Jitter      (TIJ):    0.000ns
    Discrete Jitter          (DJ):    0.000ns
    Phase Error              (PE):    0.000ns

    Location             Delay type                Incr(ns)  Path(ns)    Netlist Resource(s)
  -------------------------------------------------------------------    -------------------
                         (clock ap_clk rise edge)     0.000     0.000 r  
                                                      0.000     0.000 r  ap_clk (IN)
                         net (fo=4044, unset)         0.410     0.410    bd_0_i/hls_inst/inst/gmem_m_axi_U/bus_write/wreq_throttle/rs_req/ap_clk
    SLICE_X49Y45         FDRE                                         r  bd_0_i/hls_inst/inst/gmem_m_axi_U/bus_write/wreq_throttle/rs_req/data_p1_reg[21]/C
  -------------------------------------------------------------------    -------------------
    SLICE_X49Y45         FDRE (Prop_fdre_C_Q)         0.141     0.551 r  bd_0_i/hls_inst/inst/gmem_m_axi_U/bus_write/wreq_throttle/rs_req/data_p1_reg[21]/Q
                         net (fo=0)                   0.410     0.961    m_axi_gmem_awaddr[21]
                                                                      r  m_axi_gmem_awaddr[21] (OUT)
  -------------------------------------------------------------------    -------------------

Slack:                    inf
  Source:                 bd_0_i/hls_inst/inst/gmem_m_axi_U/bus_write/wreq_throttle/rs_req/data_p1_reg[22]/C
                            (rising edge-triggered cell FDRE clocked by ap_clk  {rise@0.000ns fall@5.000ns period=10.000ns})
  Destination:            m_axi_gmem_awaddr[22]
                            (output port)
  Path Group:             (none)
  Path Type:              Min at Fast Process Corner
  Data Path Delay:        0.551ns  (logic 0.141ns (25.583%)  route 0.410ns (74.417%))
  Logic Levels:           0  
  Clock Uncertainty:      0.025ns  ((TSJ^2 + TIJ^2)^1/2 + DJ) / 2 + PE
    Total System Jitter     (TSJ):    0.050ns
    Total Input Jitter      (TIJ):    0.000ns
    Discrete Jitter          (DJ):    0.000ns
    Phase Error              (PE):    0.000ns

    Location             Delay type                Incr(ns)  Path(ns)    Netlist Resource(s)
  -------------------------------------------------------------------    -------------------
                         (clock ap_clk rise edge)     0.000     0.000 r  
                                                      0.000     0.000 r  ap_clk (IN)
                         net (fo=4044, unset)         0.410     0.410    bd_0_i/hls_inst/inst/gmem_m_axi_U/bus_write/wreq_throttle/rs_req/ap_clk
    SLICE_X48Y46         FDRE                                         r  bd_0_i/hls_inst/inst/gmem_m_axi_U/bus_write/wreq_throttle/rs_req/data_p1_reg[22]/C
  -------------------------------------------------------------------    -------------------
    SLICE_X48Y46         FDRE (Prop_fdre_C_Q)         0.141     0.551 r  bd_0_i/hls_inst/inst/gmem_m_axi_U/bus_write/wreq_throttle/rs_req/data_p1_reg[22]/Q
                         net (fo=0)                   0.410     0.961    m_axi_gmem_awaddr[22]
                                                                      r  m_axi_gmem_awaddr[22] (OUT)
  -------------------------------------------------------------------    -------------------

Slack:                    inf
  Source:                 bd_0_i/hls_inst/inst/gmem_m_axi_U/bus_write/wreq_throttle/rs_req/data_p1_reg[23]/C
                            (rising edge-triggered cell FDRE clocked by ap_clk  {rise@0.000ns fall@5.000ns period=10.000ns})
  Destination:            m_axi_gmem_awaddr[23]
                            (output port)
  Path Group:             (none)
  Path Type:              Min at Fast Process Corner
  Data Path Delay:        0.551ns  (logic 0.141ns (25.583%)  route 0.410ns (74.417%))
  Logic Levels:           0  
  Clock Uncertainty:      0.025ns  ((TSJ^2 + TIJ^2)^1/2 + DJ) / 2 + PE
    Total System Jitter     (TSJ):    0.050ns
    Total Input Jitter      (TIJ):    0.000ns
    Discrete Jitter          (DJ):    0.000ns
    Phase Error              (PE):    0.000ns

    Location             Delay type                Incr(ns)  Path(ns)    Netlist Resource(s)
  -------------------------------------------------------------------    -------------------
                         (clock ap_clk rise edge)     0.000     0.000 r  
                                                      0.000     0.000 r  ap_clk (IN)
                         net (fo=4044, unset)         0.410     0.410    bd_0_i/hls_inst/inst/gmem_m_axi_U/bus_write/wreq_throttle/rs_req/ap_clk
    SLICE_X48Y46         FDRE                                         r  bd_0_i/hls_inst/inst/gmem_m_axi_U/bus_write/wreq_throttle/rs_req/data_p1_reg[23]/C
  -------------------------------------------------------------------    -------------------
    SLICE_X48Y46         FDRE (Prop_fdre_C_Q)         0.141     0.551 r  bd_0_i/hls_inst/inst/gmem_m_axi_U/bus_write/wreq_throttle/rs_req/data_p1_reg[23]/Q
                         net (fo=0)                   0.410     0.961    m_axi_gmem_awaddr[23]
                                                                      r  m_axi_gmem_awaddr[23] (OUT)
  -------------------------------------------------------------------    -------------------

Slack:                    inf
  Source:                 bd_0_i/hls_inst/inst/gmem_m_axi_U/bus_write/wreq_throttle/rs_req/data_p1_reg[24]/C
                            (rising edge-triggered cell FDRE clocked by ap_clk  {rise@0.000ns fall@5.000ns period=10.000ns})
  Destination:            m_axi_gmem_awaddr[24]
                            (output port)
  Path Group:             (none)
  Path Type:              Min at Fast Process Corner
  Data Path Delay:        0.551ns  (logic 0.141ns (25.583%)  route 0.410ns (74.417%))
  Logic Levels:           0  
  Clock Uncertainty:      0.025ns  ((TSJ^2 + TIJ^2)^1/2 + DJ) / 2 + PE
    Total System Jitter     (TSJ):    0.050ns
    Total Input Jitter      (TIJ):    0.000ns
    Discrete Jitter          (DJ):    0.000ns
    Phase Error              (PE):    0.000ns

    Location             Delay type                Incr(ns)  Path(ns)    Netlist Resource(s)
  -------------------------------------------------------------------    -------------------
                         (clock ap_clk rise edge)     0.000     0.000 r  
                                                      0.000     0.000 r  ap_clk (IN)
                         net (fo=4044, unset)         0.410     0.410    bd_0_i/hls_inst/inst/gmem_m_axi_U/bus_write/wreq_throttle/rs_req/ap_clk
    SLICE_X48Y46         FDRE                                         r  bd_0_i/hls_inst/inst/gmem_m_axi_U/bus_write/wreq_throttle/rs_req/data_p1_reg[24]/C
  -------------------------------------------------------------------    -------------------
    SLICE_X48Y46         FDRE (Prop_fdre_C_Q)         0.141     0.551 r  bd_0_i/hls_inst/inst/gmem_m_axi_U/bus_write/wreq_throttle/rs_req/data_p1_reg[24]/Q
                         net (fo=0)                   0.410     0.961    m_axi_gmem_awaddr[24]
                                                                      r  m_axi_gmem_awaddr[24] (OUT)
  -------------------------------------------------------------------    -------------------





--------------------------------------------------------------------------------------
Path Group:  (none)
From Clock:  
  To Clock:  ap_clk

Max Delay          3242 Endpoints
Min Delay          3242 Endpoints
--------------------------------------------------------------------------------------


Max Delay Paths
--------------------------------------------------------------------------------------
Slack:                    inf
  Source:                 ap_rst_n
                            (input port)
  Destination:            bd_0_i/hls_inst/inst/gmem_m_axi_U/bus_read/rs_rdata/FSM_sequential_state_reg[0]/R
                            (rising edge-triggered cell FDRE clocked by ap_clk  {rise@0.000ns fall@5.000ns period=10.000ns})
  Path Group:             (none)
  Path Type:              Setup (Max at Slow Process Corner)
  Data Path Delay:        8.969ns  (logic 0.124ns (1.383%)  route 8.845ns (98.617%))
  Logic Levels:           1  (LUT1=1)
  Clock Path Skew:        0.924ns (DCD - SCD + CPR)
    Destination Clock Delay (DCD):    0.924ns
    Source Clock Delay      (SCD):    0.000ns
    Clock Pessimism Removal (CPR):    0.000ns
  Clock Uncertainty:      0.025ns  ((TSJ^2 + TIJ^2)^1/2 + DJ) / 2 + PE
    Total System Jitter     (TSJ):    0.050ns
    Total Input Jitter      (TIJ):    0.000ns
    Discrete Jitter          (DJ):    0.000ns
    Phase Error              (PE):    0.000ns

    Location             Delay type                Incr(ns)  Path(ns)    Netlist Resource(s)
  -------------------------------------------------------------------    -------------------
                                                      0.000     0.000 f  ap_rst_n (IN)
                         net (fo=37, unset)           0.973     0.973    bd_0_i/hls_inst/inst/gmem_m_axi_U/bus_write/wreq_burst_conv/rs_req/ap_rst_n
    SLICE_X40Y54         LUT1 (Prop_lut1_I0_O)        0.124     1.097 r  bd_0_i/hls_inst/inst/gmem_m_axi_U/bus_write/wreq_burst_conv/rs_req/state[0]_i_1__3/O
                         net (fo=1627, routed)        7.872     8.969    bd_0_i/hls_inst/inst/gmem_m_axi_U/bus_read/rs_rdata/SR[0]
    SLICE_X22Y22         FDRE                                         r  bd_0_i/hls_inst/inst/gmem_m_axi_U/bus_read/rs_rdata/FSM_sequential_state_reg[0]/R
  -------------------------------------------------------------------    -------------------

                         (clock ap_clk rise edge)     0.000     0.000 r  
                                                      0.000     0.000 r  ap_clk (IN)
                         net (fo=4044, unset)         0.924     0.924    bd_0_i/hls_inst/inst/gmem_m_axi_U/bus_read/rs_rdata/ap_clk
    SLICE_X22Y22         FDRE                                         r  bd_0_i/hls_inst/inst/gmem_m_axi_U/bus_read/rs_rdata/FSM_sequential_state_reg[0]/C

Slack:                    inf
  Source:                 ap_rst_n
                            (input port)
  Destination:            bd_0_i/hls_inst/inst/gmem_m_axi_U/bus_read/rs_rdata/FSM_sequential_state_reg[1]/R
                            (rising edge-triggered cell FDRE clocked by ap_clk  {rise@0.000ns fall@5.000ns period=10.000ns})
  Path Group:             (none)
  Path Type:              Setup (Max at Slow Process Corner)
  Data Path Delay:        8.969ns  (logic 0.124ns (1.383%)  route 8.845ns (98.617%))
  Logic Levels:           1  (LUT1=1)
  Clock Path Skew:        0.924ns (DCD - SCD + CPR)
    Destination Clock Delay (DCD):    0.924ns
    Source Clock Delay      (SCD):    0.000ns
    Clock Pessimism Removal (CPR):    0.000ns
  Clock Uncertainty:      0.025ns  ((TSJ^2 + TIJ^2)^1/2 + DJ) / 2 + PE
    Total System Jitter     (TSJ):    0.050ns
    Total Input Jitter      (TIJ):    0.000ns
    Discrete Jitter          (DJ):    0.000ns
    Phase Error              (PE):    0.000ns

    Location             Delay type                Incr(ns)  Path(ns)    Netlist Resource(s)
  -------------------------------------------------------------------    -------------------
                                                      0.000     0.000 f  ap_rst_n (IN)
                         net (fo=37, unset)           0.973     0.973    bd_0_i/hls_inst/inst/gmem_m_axi_U/bus_write/wreq_burst_conv/rs_req/ap_rst_n
    SLICE_X40Y54         LUT1 (Prop_lut1_I0_O)        0.124     1.097 r  bd_0_i/hls_inst/inst/gmem_m_axi_U/bus_write/wreq_burst_conv/rs_req/state[0]_i_1__3/O
                         net (fo=1627, routed)        7.872     8.969    bd_0_i/hls_inst/inst/gmem_m_axi_U/bus_read/rs_rdata/SR[0]
    SLICE_X22Y22         FDRE                                         r  bd_0_i/hls_inst/inst/gmem_m_axi_U/bus_read/rs_rdata/FSM_sequential_state_reg[1]/R
  -------------------------------------------------------------------    -------------------

                         (clock ap_clk rise edge)     0.000     0.000 r  
                                                      0.000     0.000 r  ap_clk (IN)
                         net (fo=4044, unset)         0.924     0.924    bd_0_i/hls_inst/inst/gmem_m_axi_U/bus_read/rs_rdata/ap_clk
    SLICE_X22Y22         FDRE                                         r  bd_0_i/hls_inst/inst/gmem_m_axi_U/bus_read/rs_rdata/FSM_sequential_state_reg[1]/C

Slack:                    inf
  Source:                 ap_rst_n
                            (input port)
  Destination:            bd_0_i/hls_inst/inst/gmem_m_axi_U/bus_read/rs_rdata/s_ready_t_reg/R
                            (rising edge-triggered cell FDRE clocked by ap_clk  {rise@0.000ns fall@5.000ns period=10.000ns})
  Path Group:             (none)
  Path Type:              Setup (Max at Slow Process Corner)
  Data Path Delay:        8.969ns  (logic 0.124ns (1.383%)  route 8.845ns (98.617%))
  Logic Levels:           1  (LUT1=1)
  Clock Path Skew:        0.924ns (DCD - SCD + CPR)
    Destination Clock Delay (DCD):    0.924ns
    Source Clock Delay      (SCD):    0.000ns
    Clock Pessimism Removal (CPR):    0.000ns
  Clock Uncertainty:      0.025ns  ((TSJ^2 + TIJ^2)^1/2 + DJ) / 2 + PE
    Total System Jitter     (TSJ):    0.050ns
    Total Input Jitter      (TIJ):    0.000ns
    Discrete Jitter          (DJ):    0.000ns
    Phase Error              (PE):    0.000ns

    Location             Delay type                Incr(ns)  Path(ns)    Netlist Resource(s)
  -------------------------------------------------------------------    -------------------
                                                      0.000     0.000 f  ap_rst_n (IN)
                         net (fo=37, unset)           0.973     0.973    bd_0_i/hls_inst/inst/gmem_m_axi_U/bus_write/wreq_burst_conv/rs_req/ap_rst_n
    SLICE_X40Y54         LUT1 (Prop_lut1_I0_O)        0.124     1.097 r  bd_0_i/hls_inst/inst/gmem_m_axi_U/bus_write/wreq_burst_conv/rs_req/state[0]_i_1__3/O
                         net (fo=1627, routed)        7.872     8.969    bd_0_i/hls_inst/inst/gmem_m_axi_U/bus_read/rs_rdata/SR[0]
    SLICE_X22Y22         FDRE                                         r  bd_0_i/hls_inst/inst/gmem_m_axi_U/bus_read/rs_rdata/s_ready_t_reg/R
  -------------------------------------------------------------------    -------------------

                         (clock ap_clk rise edge)     0.000     0.000 r  
                                                      0.000     0.000 r  ap_clk (IN)
                         net (fo=4044, unset)         0.924     0.924    bd_0_i/hls_inst/inst/gmem_m_axi_U/bus_read/rs_rdata/ap_clk
    SLICE_X22Y22         FDRE                                         r  bd_0_i/hls_inst/inst/gmem_m_axi_U/bus_read/rs_rdata/s_ready_t_reg/C

Slack:                    inf
  Source:                 ap_rst_n
                            (input port)
  Destination:            bd_0_i/hls_inst/inst/gmem_m_axi_U/load_unit_0/bus_wide_gen.rs_tmp_rdata/state_reg[0]/R
                            (rising edge-triggered cell FDRE clocked by ap_clk  {rise@0.000ns fall@5.000ns period=10.000ns})
  Path Group:             (none)
  Path Type:              Setup (Max at Slow Process Corner)
  Data Path Delay:        8.776ns  (logic 0.124ns (1.413%)  route 8.652ns (98.587%))
  Logic Levels:           1  (LUT1=1)
  Clock Path Skew:        0.924ns (DCD - SCD + CPR)
    Destination Clock Delay (DCD):    0.924ns
    Source Clock Delay      (SCD):    0.000ns
    Clock Pessimism Removal (CPR):    0.000ns
  Clock Uncertainty:      0.025ns  ((TSJ^2 + TIJ^2)^1/2 + DJ) / 2 + PE
    Total System Jitter     (TSJ):    0.050ns
    Total Input Jitter      (TIJ):    0.000ns
    Discrete Jitter          (DJ):    0.000ns
    Phase Error              (PE):    0.000ns

    Location             Delay type                Incr(ns)  Path(ns)    Netlist Resource(s)
  -------------------------------------------------------------------    -------------------
                                                      0.000     0.000 f  ap_rst_n (IN)
                         net (fo=37, unset)           0.973     0.973    bd_0_i/hls_inst/inst/gmem_m_axi_U/bus_write/wreq_burst_conv/rs_req/ap_rst_n
    SLICE_X40Y54         LUT1 (Prop_lut1_I0_O)        0.124     1.097 r  bd_0_i/hls_inst/inst/gmem_m_axi_U/bus_write/wreq_burst_conv/rs_req/state[0]_i_1__3/O
                         net (fo=1627, routed)        7.679     8.776    bd_0_i/hls_inst/inst/gmem_m_axi_U/load_unit_0/bus_wide_gen.rs_tmp_rdata/SR[0]
    SLICE_X29Y27         FDRE                                         r  bd_0_i/hls_inst/inst/gmem_m_axi_U/load_unit_0/bus_wide_gen.rs_tmp_rdata/state_reg[0]/R
  -------------------------------------------------------------------    -------------------

                         (clock ap_clk rise edge)     0.000     0.000 r  
                                                      0.000     0.000 r  ap_clk (IN)
                         net (fo=4044, unset)         0.924     0.924    bd_0_i/hls_inst/inst/gmem_m_axi_U/load_unit_0/bus_wide_gen.rs_tmp_rdata/ap_clk
    SLICE_X29Y27         FDRE                                         r  bd_0_i/hls_inst/inst/gmem_m_axi_U/load_unit_0/bus_wide_gen.rs_tmp_rdata/state_reg[0]/C

Slack:                    inf
  Source:                 ap_rst_n
                            (input port)
  Destination:            bd_0_i/hls_inst/inst/gmem_m_axi_U/load_unit_0/bus_wide_gen.rs_tmp_rdata/state_reg[1]/S
                            (rising edge-triggered cell FDSE clocked by ap_clk  {rise@0.000ns fall@5.000ns period=10.000ns})
  Path Group:             (none)
  Path Type:              Setup (Max at Slow Process Corner)
  Data Path Delay:        8.776ns  (logic 0.124ns (1.413%)  route 8.652ns (98.587%))
  Logic Levels:           1  (LUT1=1)
  Clock Path Skew:        0.924ns (DCD - SCD + CPR)
    Destination Clock Delay (DCD):    0.924ns
    Source Clock Delay      (SCD):    0.000ns
    Clock Pessimism Removal (CPR):    0.000ns
  Clock Uncertainty:      0.025ns  ((TSJ^2 + TIJ^2)^1/2 + DJ) / 2 + PE
    Total System Jitter     (TSJ):    0.050ns
    Total Input Jitter      (TIJ):    0.000ns
    Discrete Jitter          (DJ):    0.000ns
    Phase Error              (PE):    0.000ns

    Location             Delay type                Incr(ns)  Path(ns)    Netlist Resource(s)
  -------------------------------------------------------------------    -------------------
                                                      0.000     0.000 f  ap_rst_n (IN)
                         net (fo=37, unset)           0.973     0.973    bd_0_i/hls_inst/inst/gmem_m_axi_U/bus_write/wreq_burst_conv/rs_req/ap_rst_n
    SLICE_X40Y54         LUT1 (Prop_lut1_I0_O)        0.124     1.097 r  bd_0_i/hls_inst/inst/gmem_m_axi_U/bus_write/wreq_burst_conv/rs_req/state[0]_i_1__3/O
                         net (fo=1627, routed)        7.679     8.776    bd_0_i/hls_inst/inst/gmem_m_axi_U/load_unit_0/bus_wide_gen.rs_tmp_rdata/SR[0]
    SLICE_X29Y27         FDSE                                         r  bd_0_i/hls_inst/inst/gmem_m_axi_U/load_unit_0/bus_wide_gen.rs_tmp_rdata/state_reg[1]/S
  -------------------------------------------------------------------    -------------------

                         (clock ap_clk rise edge)     0.000     0.000 r  
                                                      0.000     0.000 r  ap_clk (IN)
                         net (fo=4044, unset)         0.924     0.924    bd_0_i/hls_inst/inst/gmem_m_axi_U/load_unit_0/bus_wide_gen.rs_tmp_rdata/ap_clk
    SLICE_X29Y27         FDSE                                         r  bd_0_i/hls_inst/inst/gmem_m_axi_U/load_unit_0/bus_wide_gen.rs_tmp_rdata/state_reg[1]/C

Slack:                    inf
  Source:                 ap_rst_n
                            (input port)
  Destination:            bd_0_i/hls_inst/inst/gmem_m_axi_U/load_unit_0/buff_rdata/waddr_reg[1]/R
                            (rising edge-triggered cell FDRE clocked by ap_clk  {rise@0.000ns fall@5.000ns period=10.000ns})
  Path Group:             (none)
  Path Type:              Setup (Max at Slow Process Corner)
  Data Path Delay:        8.645ns  (logic 0.124ns (1.434%)  route 8.521ns (98.566%))
  Logic Levels:           1  (LUT1=1)
  Clock Path Skew:        0.924ns (DCD - SCD + CPR)
    Destination Clock Delay (DCD):    0.924ns
    Source Clock Delay      (SCD):    0.000ns
    Clock Pessimism Removal (CPR):    0.000ns
  Clock Uncertainty:      0.025ns  ((TSJ^2 + TIJ^2)^1/2 + DJ) / 2 + PE
    Total System Jitter     (TSJ):    0.050ns
    Total Input Jitter      (TIJ):    0.000ns
    Discrete Jitter          (DJ):    0.000ns
    Phase Error              (PE):    0.000ns

    Location             Delay type                Incr(ns)  Path(ns)    Netlist Resource(s)
  -------------------------------------------------------------------    -------------------
                                                      0.000     0.000 f  ap_rst_n (IN)
                         net (fo=37, unset)           0.973     0.973    bd_0_i/hls_inst/inst/gmem_m_axi_U/bus_write/wreq_burst_conv/rs_req/ap_rst_n
    SLICE_X40Y54         LUT1 (Prop_lut1_I0_O)        0.124     1.097 r  bd_0_i/hls_inst/inst/gmem_m_axi_U/bus_write/wreq_burst_conv/rs_req/state[0]_i_1__3/O
                         net (fo=1627, routed)        7.548     8.645    bd_0_i/hls_inst/inst/gmem_m_axi_U/load_unit_0/buff_rdata/SR[0]
    SLICE_X25Y26         FDRE                                         r  bd_0_i/hls_inst/inst/gmem_m_axi_U/load_unit_0/buff_rdata/waddr_reg[1]/R
  -------------------------------------------------------------------    -------------------

                         (clock ap_clk rise edge)     0.000     0.000 r  
                                                      0.000     0.000 r  ap_clk (IN)
                         net (fo=4044, unset)         0.924     0.924    bd_0_i/hls_inst/inst/gmem_m_axi_U/load_unit_0/buff_rdata/ap_clk
    SLICE_X25Y26         FDRE                                         r  bd_0_i/hls_inst/inst/gmem_m_axi_U/load_unit_0/buff_rdata/waddr_reg[1]/C

Slack:                    inf
  Source:                 ap_rst_n
                            (input port)
  Destination:            bd_0_i/hls_inst/inst/gmem_m_axi_U/load_unit_0/buff_rdata/waddr_reg[2]/R
                            (rising edge-triggered cell FDRE clocked by ap_clk  {rise@0.000ns fall@5.000ns period=10.000ns})
  Path Group:             (none)
  Path Type:              Setup (Max at Slow Process Corner)
  Data Path Delay:        8.645ns  (logic 0.124ns (1.434%)  route 8.521ns (98.566%))
  Logic Levels:           1  (LUT1=1)
  Clock Path Skew:        0.924ns (DCD - SCD + CPR)
    Destination Clock Delay (DCD):    0.924ns
    Source Clock Delay      (SCD):    0.000ns
    Clock Pessimism Removal (CPR):    0.000ns
  Clock Uncertainty:      0.025ns  ((TSJ^2 + TIJ^2)^1/2 + DJ) / 2 + PE
    Total System Jitter     (TSJ):    0.050ns
    Total Input Jitter      (TIJ):    0.000ns
    Discrete Jitter          (DJ):    0.000ns
    Phase Error              (PE):    0.000ns

    Location             Delay type                Incr(ns)  Path(ns)    Netlist Resource(s)
  -------------------------------------------------------------------    -------------------
                                                      0.000     0.000 f  ap_rst_n (IN)
                         net (fo=37, unset)           0.973     0.973    bd_0_i/hls_inst/inst/gmem_m_axi_U/bus_write/wreq_burst_conv/rs_req/ap_rst_n
    SLICE_X40Y54         LUT1 (Prop_lut1_I0_O)        0.124     1.097 r  bd_0_i/hls_inst/inst/gmem_m_axi_U/bus_write/wreq_burst_conv/rs_req/state[0]_i_1__3/O
                         net (fo=1627, routed)        7.548     8.645    bd_0_i/hls_inst/inst/gmem_m_axi_U/load_unit_0/buff_rdata/SR[0]
    SLICE_X25Y26         FDRE                                         r  bd_0_i/hls_inst/inst/gmem_m_axi_U/load_unit_0/buff_rdata/waddr_reg[2]/R
  -------------------------------------------------------------------    -------------------

                         (clock ap_clk rise edge)     0.000     0.000 r  
                                                      0.000     0.000 r  ap_clk (IN)
                         net (fo=4044, unset)         0.924     0.924    bd_0_i/hls_inst/inst/gmem_m_axi_U/load_unit_0/buff_rdata/ap_clk
    SLICE_X25Y26         FDRE                                         r  bd_0_i/hls_inst/inst/gmem_m_axi_U/load_unit_0/buff_rdata/waddr_reg[2]/C

Slack:                    inf
  Source:                 ap_rst_n
                            (input port)
  Destination:            bd_0_i/hls_inst/inst/gmem_m_axi_U/load_unit_0/buff_rdata/waddr_reg[3]/R
                            (rising edge-triggered cell FDRE clocked by ap_clk  {rise@0.000ns fall@5.000ns period=10.000ns})
  Path Group:             (none)
  Path Type:              Setup (Max at Slow Process Corner)
  Data Path Delay:        8.645ns  (logic 0.124ns (1.434%)  route 8.521ns (98.566%))
  Logic Levels:           1  (LUT1=1)
  Clock Path Skew:        0.924ns (DCD - SCD + CPR)
    Destination Clock Delay (DCD):    0.924ns
    Source Clock Delay      (SCD):    0.000ns
    Clock Pessimism Removal (CPR):    0.000ns
  Clock Uncertainty:      0.025ns  ((TSJ^2 + TIJ^2)^1/2 + DJ) / 2 + PE
    Total System Jitter     (TSJ):    0.050ns
    Total Input Jitter      (TIJ):    0.000ns
    Discrete Jitter          (DJ):    0.000ns
    Phase Error              (PE):    0.000ns

    Location             Delay type                Incr(ns)  Path(ns)    Netlist Resource(s)
  -------------------------------------------------------------------    -------------------
                                                      0.000     0.000 f  ap_rst_n (IN)
                         net (fo=37, unset)           0.973     0.973    bd_0_i/hls_inst/inst/gmem_m_axi_U/bus_write/wreq_burst_conv/rs_req/ap_rst_n
    SLICE_X40Y54         LUT1 (Prop_lut1_I0_O)        0.124     1.097 r  bd_0_i/hls_inst/inst/gmem_m_axi_U/bus_write/wreq_burst_conv/rs_req/state[0]_i_1__3/O
                         net (fo=1627, routed)        7.548     8.645    bd_0_i/hls_inst/inst/gmem_m_axi_U/load_unit_0/buff_rdata/SR[0]
    SLICE_X25Y26         FDRE                                         r  bd_0_i/hls_inst/inst/gmem_m_axi_U/load_unit_0/buff_rdata/waddr_reg[3]/R
  -------------------------------------------------------------------    -------------------

                         (clock ap_clk rise edge)     0.000     0.000 r  
                                                      0.000     0.000 r  ap_clk (IN)
                         net (fo=4044, unset)         0.924     0.924    bd_0_i/hls_inst/inst/gmem_m_axi_U/load_unit_0/buff_rdata/ap_clk
    SLICE_X25Y26         FDRE                                         r  bd_0_i/hls_inst/inst/gmem_m_axi_U/load_unit_0/buff_rdata/waddr_reg[3]/C

Slack:                    inf
  Source:                 ap_rst_n
                            (input port)
  Destination:            bd_0_i/hls_inst/inst/gmem_m_axi_U/load_unit_0/buff_rdata/waddr_reg[4]/R
                            (rising edge-triggered cell FDRE clocked by ap_clk  {rise@0.000ns fall@5.000ns period=10.000ns})
  Path Group:             (none)
  Path Type:              Setup (Max at Slow Process Corner)
  Data Path Delay:        8.645ns  (logic 0.124ns (1.434%)  route 8.521ns (98.566%))
  Logic Levels:           1  (LUT1=1)
  Clock Path Skew:        0.924ns (DCD - SCD + CPR)
    Destination Clock Delay (DCD):    0.924ns
    Source Clock Delay      (SCD):    0.000ns
    Clock Pessimism Removal (CPR):    0.000ns
  Clock Uncertainty:      0.025ns  ((TSJ^2 + TIJ^2)^1/2 + DJ) / 2 + PE
    Total System Jitter     (TSJ):    0.050ns
    Total Input Jitter      (TIJ):    0.000ns
    Discrete Jitter          (DJ):    0.000ns
    Phase Error              (PE):    0.000ns

    Location             Delay type                Incr(ns)  Path(ns)    Netlist Resource(s)
  -------------------------------------------------------------------    -------------------
                                                      0.000     0.000 f  ap_rst_n (IN)
                         net (fo=37, unset)           0.973     0.973    bd_0_i/hls_inst/inst/gmem_m_axi_U/bus_write/wreq_burst_conv/rs_req/ap_rst_n
    SLICE_X40Y54         LUT1 (Prop_lut1_I0_O)        0.124     1.097 r  bd_0_i/hls_inst/inst/gmem_m_axi_U/bus_write/wreq_burst_conv/rs_req/state[0]_i_1__3/O
                         net (fo=1627, routed)        7.548     8.645    bd_0_i/hls_inst/inst/gmem_m_axi_U/load_unit_0/buff_rdata/SR[0]
    SLICE_X25Y26         FDRE                                         r  bd_0_i/hls_inst/inst/gmem_m_axi_U/load_unit_0/buff_rdata/waddr_reg[4]/R
  -------------------------------------------------------------------    -------------------

                         (clock ap_clk rise edge)     0.000     0.000 r  
                                                      0.000     0.000 r  ap_clk (IN)
                         net (fo=4044, unset)         0.924     0.924    bd_0_i/hls_inst/inst/gmem_m_axi_U/load_unit_0/buff_rdata/ap_clk
    SLICE_X25Y26         FDRE                                         r  bd_0_i/hls_inst/inst/gmem_m_axi_U/load_unit_0/buff_rdata/waddr_reg[4]/C

Slack:                    inf
  Source:                 ap_rst_n
                            (input port)
  Destination:            bd_0_i/hls_inst/inst/gmem_m_axi_U/load_unit_0/buff_rdata/mOutPtr_reg[6]/R
                            (rising edge-triggered cell FDRE clocked by ap_clk  {rise@0.000ns fall@5.000ns period=10.000ns})
  Path Group:             (none)
  Path Type:              Setup (Max at Slow Process Corner)
  Data Path Delay:        8.584ns  (logic 0.124ns (1.445%)  route 8.460ns (98.555%))
  Logic Levels:           1  (LUT1=1)
  Clock Path Skew:        0.924ns (DCD - SCD + CPR)
    Destination Clock Delay (DCD):    0.924ns
    Source Clock Delay      (SCD):    0.000ns
    Clock Pessimism Removal (CPR):    0.000ns
  Clock Uncertainty:      0.025ns  ((TSJ^2 + TIJ^2)^1/2 + DJ) / 2 + PE
    Total System Jitter     (TSJ):    0.050ns
    Total Input Jitter      (TIJ):    0.000ns
    Discrete Jitter          (DJ):    0.000ns
    Phase Error              (PE):    0.000ns

    Location             Delay type                Incr(ns)  Path(ns)    Netlist Resource(s)
  -------------------------------------------------------------------    -------------------
                                                      0.000     0.000 f  ap_rst_n (IN)
                         net (fo=37, unset)           0.973     0.973    bd_0_i/hls_inst/inst/gmem_m_axi_U/bus_write/wreq_burst_conv/rs_req/ap_rst_n
    SLICE_X40Y54         LUT1 (Prop_lut1_I0_O)        0.124     1.097 r  bd_0_i/hls_inst/inst/gmem_m_axi_U/bus_write/wreq_burst_conv/rs_req/state[0]_i_1__3/O
                         net (fo=1627, routed)        7.487     8.584    bd_0_i/hls_inst/inst/gmem_m_axi_U/load_unit_0/buff_rdata/SR[0]
    SLICE_X25Y22         FDRE                                         r  bd_0_i/hls_inst/inst/gmem_m_axi_U/load_unit_0/buff_rdata/mOutPtr_reg[6]/R
  -------------------------------------------------------------------    -------------------

                         (clock ap_clk rise edge)     0.000     0.000 r  
                                                      0.000     0.000 r  ap_clk (IN)
                         net (fo=4044, unset)         0.924     0.924    bd_0_i/hls_inst/inst/gmem_m_axi_U/load_unit_0/buff_rdata/ap_clk
    SLICE_X25Y22         FDRE                                         r  bd_0_i/hls_inst/inst/gmem_m_axi_U/load_unit_0/buff_rdata/mOutPtr_reg[6]/C





Min Delay Paths
--------------------------------------------------------------------------------------
Slack:                    inf
  Source:                 bd_0_i/hls_inst/inst/mul_32ns_32ns_64_2_1_U12/tmp_product__0/ACOUT[0]
                            (internal pin)
  Destination:            bd_0_i/hls_inst/inst/mul_32ns_32ns_64_2_1_U12/buff0_reg__0/ACIN[0]
                            (rising edge-triggered cell DSP48E1 clocked by ap_clk  {rise@0.000ns fall@5.000ns period=10.000ns})
  Path Group:             (none)
  Path Type:              Hold (Min at Slow Process Corner)
  Data Path Delay:        0.002ns  (logic 0.000ns (0.000%)  route 0.002ns (100.000%))
  Logic Levels:           0  
  Clock Uncertainty:      0.025ns  ((TSJ^2 + TIJ^2)^1/2 + DJ) / 2 + PE
    Total System Jitter     (TSJ):    0.050ns
    Total Input Jitter      (TIJ):    0.000ns
    Discrete Jitter          (DJ):    0.000ns
    Phase Error              (PE):    0.000ns

    Location             Delay type                Incr(ns)  Path(ns)    Netlist Resource(s)
  -------------------------------------------------------------------    -------------------
    DSP48_X0Y14          DSP48E1                      0.000     0.000 r  bd_0_i/hls_inst/inst/mul_32ns_32ns_64_2_1_U12/tmp_product__0/ACOUT[0]
                         net (fo=1, routed)           0.002     0.002    bd_0_i/hls_inst/inst/mul_32ns_32ns_64_2_1_U12/tmp_product__0_n_53
    DSP48_X0Y15          DSP48E1                                      r  bd_0_i/hls_inst/inst/mul_32ns_32ns_64_2_1_U12/buff0_reg__0/ACIN[0]
  -------------------------------------------------------------------    -------------------

                         (clock ap_clk rise edge)     0.000     0.000 r  
                                                      0.000     0.000 r  ap_clk (IN)
                         net (fo=4044, unset)         0.973     0.973    bd_0_i/hls_inst/inst/mul_32ns_32ns_64_2_1_U12/ap_clk
    DSP48_X0Y15          DSP48E1                                      r  bd_0_i/hls_inst/inst/mul_32ns_32ns_64_2_1_U12/buff0_reg__0/CLK

Slack:                    inf
  Source:                 bd_0_i/hls_inst/inst/mul_32ns_32ns_64_2_1_U12/tmp_product__0/ACOUT[10]
                            (internal pin)
  Destination:            bd_0_i/hls_inst/inst/mul_32ns_32ns_64_2_1_U12/buff0_reg__0/ACIN[10]
                            (rising edge-triggered cell DSP48E1 clocked by ap_clk  {rise@0.000ns fall@5.000ns period=10.000ns})
  Path Group:             (none)
  Path Type:              Hold (Min at Slow Process Corner)
  Data Path Delay:        0.002ns  (logic 0.000ns (0.000%)  route 0.002ns (100.000%))
  Logic Levels:           0  
  Clock Uncertainty:      0.025ns  ((TSJ^2 + TIJ^2)^1/2 + DJ) / 2 + PE
    Total System Jitter     (TSJ):    0.050ns
    Total Input Jitter      (TIJ):    0.000ns
    Discrete Jitter          (DJ):    0.000ns
    Phase Error              (PE):    0.000ns

    Location             Delay type                Incr(ns)  Path(ns)    Netlist Resource(s)
  -------------------------------------------------------------------    -------------------
    DSP48_X0Y14          DSP48E1                      0.000     0.000 r  bd_0_i/hls_inst/inst/mul_32ns_32ns_64_2_1_U12/tmp_product__0/ACOUT[10]
                         net (fo=1, routed)           0.002     0.002    bd_0_i/hls_inst/inst/mul_32ns_32ns_64_2_1_U12/tmp_product__0_n_43
    DSP48_X0Y15          DSP48E1                                      r  bd_0_i/hls_inst/inst/mul_32ns_32ns_64_2_1_U12/buff0_reg__0/ACIN[10]
  -------------------------------------------------------------------    -------------------

                         (clock ap_clk rise edge)     0.000     0.000 r  
                                                      0.000     0.000 r  ap_clk (IN)
                         net (fo=4044, unset)         0.973     0.973    bd_0_i/hls_inst/inst/mul_32ns_32ns_64_2_1_U12/ap_clk
    DSP48_X0Y15          DSP48E1                                      r  bd_0_i/hls_inst/inst/mul_32ns_32ns_64_2_1_U12/buff0_reg__0/CLK

Slack:                    inf
  Source:                 bd_0_i/hls_inst/inst/mul_32ns_32ns_64_2_1_U12/tmp_product__0/ACOUT[11]
                            (internal pin)
  Destination:            bd_0_i/hls_inst/inst/mul_32ns_32ns_64_2_1_U12/buff0_reg__0/ACIN[11]
                            (rising edge-triggered cell DSP48E1 clocked by ap_clk  {rise@0.000ns fall@5.000ns period=10.000ns})
  Path Group:             (none)
  Path Type:              Hold (Min at Slow Process Corner)
  Data Path Delay:        0.002ns  (logic 0.000ns (0.000%)  route 0.002ns (100.000%))
  Logic Levels:           0  
  Clock Uncertainty:      0.025ns  ((TSJ^2 + TIJ^2)^1/2 + DJ) / 2 + PE
    Total System Jitter     (TSJ):    0.050ns
    Total Input Jitter      (TIJ):    0.000ns
    Discrete Jitter          (DJ):    0.000ns
    Phase Error              (PE):    0.000ns

    Location             Delay type                Incr(ns)  Path(ns)    Netlist Resource(s)
  -------------------------------------------------------------------    -------------------
    DSP48_X0Y14          DSP48E1                      0.000     0.000 r  bd_0_i/hls_inst/inst/mul_32ns_32ns_64_2_1_U12/tmp_product__0/ACOUT[11]
                         net (fo=1, routed)           0.002     0.002    bd_0_i/hls_inst/inst/mul_32ns_32ns_64_2_1_U12/tmp_product__0_n_42
    DSP48_X0Y15          DSP48E1                                      r  bd_0_i/hls_inst/inst/mul_32ns_32ns_64_2_1_U12/buff0_reg__0/ACIN[11]
  -------------------------------------------------------------------    -------------------

                         (clock ap_clk rise edge)     0.000     0.000 r  
                                                      0.000     0.000 r  ap_clk (IN)
                         net (fo=4044, unset)         0.973     0.973    bd_0_i/hls_inst/inst/mul_32ns_32ns_64_2_1_U12/ap_clk
    DSP48_X0Y15          DSP48E1                                      r  bd_0_i/hls_inst/inst/mul_32ns_32ns_64_2_1_U12/buff0_reg__0/CLK

Slack:                    inf
  Source:                 bd_0_i/hls_inst/inst/mul_32ns_32ns_64_2_1_U12/tmp_product__0/ACOUT[12]
                            (internal pin)
  Destination:            bd_0_i/hls_inst/inst/mul_32ns_32ns_64_2_1_U12/buff0_reg__0/ACIN[12]
                            (rising edge-triggered cell DSP48E1 clocked by ap_clk  {rise@0.000ns fall@5.000ns period=10.000ns})
  Path Group:             (none)
  Path Type:              Hold (Min at Slow Process Corner)
  Data Path Delay:        0.002ns  (logic 0.000ns (0.000%)  route 0.002ns (100.000%))
  Logic Levels:           0  
  Clock Uncertainty:      0.025ns  ((TSJ^2 + TIJ^2)^1/2 + DJ) / 2 + PE
    Total System Jitter     (TSJ):    0.050ns
    Total Input Jitter      (TIJ):    0.000ns
    Discrete Jitter          (DJ):    0.000ns
    Phase Error              (PE):    0.000ns

    Location             Delay type                Incr(ns)  Path(ns)    Netlist Resource(s)
  -------------------------------------------------------------------    -------------------
    DSP48_X0Y14          DSP48E1                      0.000     0.000 r  bd_0_i/hls_inst/inst/mul_32ns_32ns_64_2_1_U12/tmp_product__0/ACOUT[12]
                         net (fo=1, routed)           0.002     0.002    bd_0_i/hls_inst/inst/mul_32ns_32ns_64_2_1_U12/tmp_product__0_n_41
    DSP48_X0Y15          DSP48E1                                      r  bd_0_i/hls_inst/inst/mul_32ns_32ns_64_2_1_U12/buff0_reg__0/ACIN[12]
  -------------------------------------------------------------------    -------------------

                         (clock ap_clk rise edge)     0.000     0.000 r  
                                                      0.000     0.000 r  ap_clk (IN)
                         net (fo=4044, unset)         0.973     0.973    bd_0_i/hls_inst/inst/mul_32ns_32ns_64_2_1_U12/ap_clk
    DSP48_X0Y15          DSP48E1                                      r  bd_0_i/hls_inst/inst/mul_32ns_32ns_64_2_1_U12/buff0_reg__0/CLK

Slack:                    inf
  Source:                 bd_0_i/hls_inst/inst/mul_32ns_32ns_64_2_1_U12/tmp_product__0/ACOUT[13]
                            (internal pin)
  Destination:            bd_0_i/hls_inst/inst/mul_32ns_32ns_64_2_1_U12/buff0_reg__0/ACIN[13]
                            (rising edge-triggered cell DSP48E1 clocked by ap_clk  {rise@0.000ns fall@5.000ns period=10.000ns})
  Path Group:             (none)
  Path Type:              Hold (Min at Slow Process Corner)
  Data Path Delay:        0.002ns  (logic 0.000ns (0.000%)  route 0.002ns (100.000%))
  Logic Levels:           0  
  Clock Uncertainty:      0.025ns  ((TSJ^2 + TIJ^2)^1/2 + DJ) / 2 + PE
    Total System Jitter     (TSJ):    0.050ns
    Total Input Jitter      (TIJ):    0.000ns
    Discrete Jitter          (DJ):    0.000ns
    Phase Error              (PE):    0.000ns

    Location             Delay type                Incr(ns)  Path(ns)    Netlist Resource(s)
  -------------------------------------------------------------------    -------------------
    DSP48_X0Y14          DSP48E1                      0.000     0.000 r  bd_0_i/hls_inst/inst/mul_32ns_32ns_64_2_1_U12/tmp_product__0/ACOUT[13]
                         net (fo=1, routed)           0.002     0.002    bd_0_i/hls_inst/inst/mul_32ns_32ns_64_2_1_U12/tmp_product__0_n_40
    DSP48_X0Y15          DSP48E1                                      r  bd_0_i/hls_inst/inst/mul_32ns_32ns_64_2_1_U12/buff0_reg__0/ACIN[13]
  -------------------------------------------------------------------    -------------------

                         (clock ap_clk rise edge)     0.000     0.000 r  
                                                      0.000     0.000 r  ap_clk (IN)
                         net (fo=4044, unset)         0.973     0.973    bd_0_i/hls_inst/inst/mul_32ns_32ns_64_2_1_U12/ap_clk
    DSP48_X0Y15          DSP48E1                                      r  bd_0_i/hls_inst/inst/mul_32ns_32ns_64_2_1_U12/buff0_reg__0/CLK

Slack:                    inf
  Source:                 bd_0_i/hls_inst/inst/mul_32ns_32ns_64_2_1_U12/tmp_product__0/ACOUT[14]
                            (internal pin)
  Destination:            bd_0_i/hls_inst/inst/mul_32ns_32ns_64_2_1_U12/buff0_reg__0/ACIN[14]
                            (rising edge-triggered cell DSP48E1 clocked by ap_clk  {rise@0.000ns fall@5.000ns period=10.000ns})
  Path Group:             (none)
  Path Type:              Hold (Min at Slow Process Corner)
  Data Path Delay:        0.002ns  (logic 0.000ns (0.000%)  route 0.002ns (100.000%))
  Logic Levels:           0  
  Clock Uncertainty:      0.025ns  ((TSJ^2 + TIJ^2)^1/2 + DJ) / 2 + PE
    Total System Jitter     (TSJ):    0.050ns
    Total Input Jitter      (TIJ):    0.000ns
    Discrete Jitter          (DJ):    0.000ns
    Phase Error              (PE):    0.000ns

    Location             Delay type                Incr(ns)  Path(ns)    Netlist Resource(s)
  -------------------------------------------------------------------    -------------------
    DSP48_X0Y14          DSP48E1                      0.000     0.000 r  bd_0_i/hls_inst/inst/mul_32ns_32ns_64_2_1_U12/tmp_product__0/ACOUT[14]
                         net (fo=1, routed)           0.002     0.002    bd_0_i/hls_inst/inst/mul_32ns_32ns_64_2_1_U12/tmp_product__0_n_39
    DSP48_X0Y15          DSP48E1                                      r  bd_0_i/hls_inst/inst/mul_32ns_32ns_64_2_1_U12/buff0_reg__0/ACIN[14]
  -------------------------------------------------------------------    -------------------

                         (clock ap_clk rise edge)     0.000     0.000 r  
                                                      0.000     0.000 r  ap_clk (IN)
                         net (fo=4044, unset)         0.973     0.973    bd_0_i/hls_inst/inst/mul_32ns_32ns_64_2_1_U12/ap_clk
    DSP48_X0Y15          DSP48E1                                      r  bd_0_i/hls_inst/inst/mul_32ns_32ns_64_2_1_U12/buff0_reg__0/CLK

Slack:                    inf
  Source:                 bd_0_i/hls_inst/inst/mul_32ns_32ns_64_2_1_U12/tmp_product__0/ACOUT[15]
                            (internal pin)
  Destination:            bd_0_i/hls_inst/inst/mul_32ns_32ns_64_2_1_U12/buff0_reg__0/ACIN[15]
                            (rising edge-triggered cell DSP48E1 clocked by ap_clk  {rise@0.000ns fall@5.000ns period=10.000ns})
  Path Group:             (none)
  Path Type:              Hold (Min at Slow Process Corner)
  Data Path Delay:        0.002ns  (logic 0.000ns (0.000%)  route 0.002ns (100.000%))
  Logic Levels:           0  
  Clock Uncertainty:      0.025ns  ((TSJ^2 + TIJ^2)^1/2 + DJ) / 2 + PE
    Total System Jitter     (TSJ):    0.050ns
    Total Input Jitter      (TIJ):    0.000ns
    Discrete Jitter          (DJ):    0.000ns
    Phase Error              (PE):    0.000ns

    Location             Delay type                Incr(ns)  Path(ns)    Netlist Resource(s)
  -------------------------------------------------------------------    -------------------
    DSP48_X0Y14          DSP48E1                      0.000     0.000 r  bd_0_i/hls_inst/inst/mul_32ns_32ns_64_2_1_U12/tmp_product__0/ACOUT[15]
                         net (fo=1, routed)           0.002     0.002    bd_0_i/hls_inst/inst/mul_32ns_32ns_64_2_1_U12/tmp_product__0_n_38
    DSP48_X0Y15          DSP48E1                                      r  bd_0_i/hls_inst/inst/mul_32ns_32ns_64_2_1_U12/buff0_reg__0/ACIN[15]
  -------------------------------------------------------------------    -------------------

                         (clock ap_clk rise edge)     0.000     0.000 r  
                                                      0.000     0.000 r  ap_clk (IN)
                         net (fo=4044, unset)         0.973     0.973    bd_0_i/hls_inst/inst/mul_32ns_32ns_64_2_1_U12/ap_clk
    DSP48_X0Y15          DSP48E1                                      r  bd_0_i/hls_inst/inst/mul_32ns_32ns_64_2_1_U12/buff0_reg__0/CLK

Slack:                    inf
  Source:                 bd_0_i/hls_inst/inst/mul_32ns_32ns_64_2_1_U12/tmp_product__0/ACOUT[16]
                            (internal pin)
  Destination:            bd_0_i/hls_inst/inst/mul_32ns_32ns_64_2_1_U12/buff0_reg__0/ACIN[16]
                            (rising edge-triggered cell DSP48E1 clocked by ap_clk  {rise@0.000ns fall@5.000ns period=10.000ns})
  Path Group:             (none)
  Path Type:              Hold (Min at Slow Process Corner)
  Data Path Delay:        0.002ns  (logic 0.000ns (0.000%)  route 0.002ns (100.000%))
  Logic Levels:           0  
  Clock Uncertainty:      0.025ns  ((TSJ^2 + TIJ^2)^1/2 + DJ) / 2 + PE
    Total System Jitter     (TSJ):    0.050ns
    Total Input Jitter      (TIJ):    0.000ns
    Discrete Jitter          (DJ):    0.000ns
    Phase Error              (PE):    0.000ns

    Location             Delay type                Incr(ns)  Path(ns)    Netlist Resource(s)
  -------------------------------------------------------------------    -------------------
    DSP48_X0Y14          DSP48E1                      0.000     0.000 r  bd_0_i/hls_inst/inst/mul_32ns_32ns_64_2_1_U12/tmp_product__0/ACOUT[16]
                         net (fo=1, routed)           0.002     0.002    bd_0_i/hls_inst/inst/mul_32ns_32ns_64_2_1_U12/tmp_product__0_n_37
    DSP48_X0Y15          DSP48E1                                      r  bd_0_i/hls_inst/inst/mul_32ns_32ns_64_2_1_U12/buff0_reg__0/ACIN[16]
  -------------------------------------------------------------------    -------------------

                         (clock ap_clk rise edge)     0.000     0.000 r  
                                                      0.000     0.000 r  ap_clk (IN)
                         net (fo=4044, unset)         0.973     0.973    bd_0_i/hls_inst/inst/mul_32ns_32ns_64_2_1_U12/ap_clk
    DSP48_X0Y15          DSP48E1                                      r  bd_0_i/hls_inst/inst/mul_32ns_32ns_64_2_1_U12/buff0_reg__0/CLK

Slack:                    inf
  Source:                 bd_0_i/hls_inst/inst/mul_32ns_32ns_64_2_1_U12/tmp_product__0/ACOUT[17]
                            (internal pin)
  Destination:            bd_0_i/hls_inst/inst/mul_32ns_32ns_64_2_1_U12/buff0_reg__0/ACIN[17]
                            (rising edge-triggered cell DSP48E1 clocked by ap_clk  {rise@0.000ns fall@5.000ns period=10.000ns})
  Path Group:             (none)
  Path Type:              Hold (Min at Slow Process Corner)
  Data Path Delay:        0.002ns  (logic 0.000ns (0.000%)  route 0.002ns (100.000%))
  Logic Levels:           0  
  Clock Uncertainty:      0.025ns  ((TSJ^2 + TIJ^2)^1/2 + DJ) / 2 + PE
    Total System Jitter     (TSJ):    0.050ns
    Total Input Jitter      (TIJ):    0.000ns
    Discrete Jitter          (DJ):    0.000ns
    Phase Error              (PE):    0.000ns

    Location             Delay type                Incr(ns)  Path(ns)    Netlist Resource(s)
  -------------------------------------------------------------------    -------------------
    DSP48_X0Y14          DSP48E1                      0.000     0.000 r  bd_0_i/hls_inst/inst/mul_32ns_32ns_64_2_1_U12/tmp_product__0/ACOUT[17]
                         net (fo=1, routed)           0.002     0.002    bd_0_i/hls_inst/inst/mul_32ns_32ns_64_2_1_U12/tmp_product__0_n_36
    DSP48_X0Y15          DSP48E1                                      r  bd_0_i/hls_inst/inst/mul_32ns_32ns_64_2_1_U12/buff0_reg__0/ACIN[17]
  -------------------------------------------------------------------    -------------------

                         (clock ap_clk rise edge)     0.000     0.000 r  
                                                      0.000     0.000 r  ap_clk (IN)
                         net (fo=4044, unset)         0.973     0.973    bd_0_i/hls_inst/inst/mul_32ns_32ns_64_2_1_U12/ap_clk
    DSP48_X0Y15          DSP48E1                                      r  bd_0_i/hls_inst/inst/mul_32ns_32ns_64_2_1_U12/buff0_reg__0/CLK

Slack:                    inf
  Source:                 bd_0_i/hls_inst/inst/mul_32ns_32ns_64_2_1_U12/tmp_product__0/ACOUT[18]
                            (internal pin)
  Destination:            bd_0_i/hls_inst/inst/mul_32ns_32ns_64_2_1_U12/buff0_reg__0/ACIN[18]
                            (rising edge-triggered cell DSP48E1 clocked by ap_clk  {rise@0.000ns fall@5.000ns period=10.000ns})
  Path Group:             (none)
  Path Type:              Hold (Min at Slow Process Corner)
  Data Path Delay:        0.002ns  (logic 0.000ns (0.000%)  route 0.002ns (100.000%))
  Logic Levels:           0  
  Clock Uncertainty:      0.025ns  ((TSJ^2 + TIJ^2)^1/2 + DJ) / 2 + PE
    Total System Jitter     (TSJ):    0.050ns
    Total Input Jitter      (TIJ):    0.000ns
    Discrete Jitter          (DJ):    0.000ns
    Phase Error              (PE):    0.000ns

    Location             Delay type                Incr(ns)  Path(ns)    Netlist Resource(s)
  -------------------------------------------------------------------    -------------------
    DSP48_X0Y14          DSP48E1                      0.000     0.000 r  bd_0_i/hls_inst/inst/mul_32ns_32ns_64_2_1_U12/tmp_product__0/ACOUT[18]
                         net (fo=1, routed)           0.002     0.002    bd_0_i/hls_inst/inst/mul_32ns_32ns_64_2_1_U12/tmp_product__0_n_35
    DSP48_X0Y15          DSP48E1                                      r  bd_0_i/hls_inst/inst/mul_32ns_32ns_64_2_1_U12/buff0_reg__0/ACIN[18]
  -------------------------------------------------------------------    -------------------

                         (clock ap_clk rise edge)     0.000     0.000 r  
                                                      0.000     0.000 r  ap_clk (IN)
                         net (fo=4044, unset)         0.973     0.973    bd_0_i/hls_inst/inst/mul_32ns_32ns_64_2_1_U12/ap_clk
    DSP48_X0Y15          DSP48E1                                      r  bd_0_i/hls_inst/inst/mul_32ns_32ns_64_2_1_U12/buff0_reg__0/CLK





