Copyright 1986-2022 Xilinx, Inc. All Rights Reserved. Copyright 2022-2024 Advanced Micro Devices, Inc. All Rights Reserved.
---------------------------------------------------------------------------------------------------------------------------------------------------------------------------------------------------------------------------------
| Tool Version : Vivado v.2024.1 (win64) Build 5076996 Wed May 22 18:37:14 MDT 2024
| Date         : Thu Oct 24 17:40:12 2024
| Host         : nightt_insider running 64-bit major release  (build 9200)
| Command      : report_timing_summary -max_paths 10 -report_unconstrained -file bd_0_wrapper_timing_summary_routed.rpt -pb bd_0_wrapper_timing_summary_routed.pb -rpx bd_0_wrapper_timing_summary_routed.rpx -warn_on_violation
| Design       : bd_0_wrapper
| Device       : 7z020-clg484
| Speed File   : -1  PRODUCTION 1.12 2019-11-22
| Design State : Routed
---------------------------------------------------------------------------------------------------------------------------------------------------------------------------------------------------------------------------------

Timing Summary Report

------------------------------------------------------------------------------------------------
| Timer Settings
| --------------
------------------------------------------------------------------------------------------------

  Enable Multi Corner Analysis               :  Yes
  Enable Pessimism Removal                   :  Yes
  Pessimism Removal Resolution               :  Nearest Common Node
  Enable Input Delay Default Clock           :  No
  Enable Preset / Clear Arcs                 :  No
  Disable Flight Delays                      :  No
  Ignore I/O Paths                           :  No
  Timing Early Launch at Borrowing Latches   :  No
  Borrow Time for Max Delay Exceptions       :  Yes
  Merge Timing Exceptions                    :  Yes
  Inter-SLR Compensation                     :  Conservative

  Corner  Analyze    Analyze    
  Name    Max Paths  Min Paths  
  ------  ---------  ---------  
  Slow    Yes        Yes        
  Fast    Yes        Yes        


------------------------------------------------------------------------------------------------
| Report Methodology
| ------------------
------------------------------------------------------------------------------------------------

Rule       Severity  Description                    Violations  
---------  --------  -----------------------------  ----------  
TIMING-18  Warning   Missing input or output delay  316         

Note: This report is based on the most recent report_methodology run and may not be up-to-date. Run report_methodology on the current design for the latest report.



check_timing report

Table of Contents
-----------------
1. checking no_clock (0)
2. checking constant_clock (0)
3. checking pulse_width_clock (0)
4. checking unconstrained_internal_endpoints (0)
5. checking no_input_delay (90)
6. checking no_output_delay (212)
7. checking multiple_clock (0)
8. checking generated_clocks (0)
9. checking loops (0)
10. checking partial_input_delay (0)
11. checking partial_output_delay (0)
12. checking latch_loops (0)

1. checking no_clock (0)
------------------------
 There are 0 register/latch pins with no clock.


2. checking constant_clock (0)
------------------------------
 There are 0 register/latch pins with constant_clock.


3. checking pulse_width_clock (0)
---------------------------------
 There are 0 register/latch pins which need pulse_width check


4. checking unconstrained_internal_endpoints (0)
------------------------------------------------
 There are 0 pins that are not constrained for maximum delay.

 There are 0 pins that are not constrained for maximum delay due to constant clock.


5. checking no_input_delay (90)
-------------------------------
 There are 90 input ports with no input delay specified. (HIGH)

 There are 0 input ports with no input delay but user has a false path constraint.


6. checking no_output_delay (212)
---------------------------------
 There are 212 ports with no output delay specified. (HIGH)

 There are 0 ports with no output delay but user has a false path constraint

 There are 0 ports with no output delay but with a timing clock defined on it or propagating through it


7. checking multiple_clock (0)
------------------------------
 There are 0 register/latch pins with multiple clocks.


8. checking generated_clocks (0)
--------------------------------
 There are 0 generated clocks that are not connected to a clock source.


9. checking loops (0)
---------------------
 There are 0 combinational loops in the design.


10. checking partial_input_delay (0)
------------------------------------
 There are 0 input ports with partial input delay specified.


11. checking partial_output_delay (0)
-------------------------------------
 There are 0 ports with partial output delay specified.


12. checking latch_loops (0)
----------------------------
 There are 0 combinational latch loops in the design through latch input



------------------------------------------------------------------------------------------------
| Design Timing Summary
| ---------------------
------------------------------------------------------------------------------------------------

    WNS(ns)      TNS(ns)  TNS Failing Endpoints  TNS Total Endpoints      WHS(ns)      THS(ns)  THS Failing Endpoints  THS Total Endpoints     WPWS(ns)     TPWS(ns)  TPWS Failing Endpoints  TPWS Total Endpoints  
    -------      -------  ---------------------  -------------------      -------      -------  ---------------------  -------------------     --------     --------  ----------------------  --------------------  
      0.029        0.000                      0                 6755        0.048        0.000                      0                 6755        1.116        0.000                       0                  3250  


All user specified timing constraints are met.


------------------------------------------------------------------------------------------------
| Clock Summary
| -------------
------------------------------------------------------------------------------------------------

Clock   Waveform(ns)         Period(ns)      Frequency(MHz)
-----   ------------         ----------      --------------
ap_clk  {0.000 2.500}        5.000           200.000         


------------------------------------------------------------------------------------------------
| Intra Clock Table
| -----------------
------------------------------------------------------------------------------------------------

Clock             WNS(ns)      TNS(ns)  TNS Failing Endpoints  TNS Total Endpoints      WHS(ns)      THS(ns)  THS Failing Endpoints  THS Total Endpoints     WPWS(ns)     TPWS(ns)  TPWS Failing Endpoints  TPWS Total Endpoints  
-----             -------      -------  ---------------------  -------------------      -------      -------  ---------------------  -------------------     --------     --------  ----------------------  --------------------  
ap_clk              0.029        0.000                      0                 6755        0.048        0.000                      0                 6755        1.116        0.000                       0                  3250  


------------------------------------------------------------------------------------------------
| Inter Clock Table
| -----------------
------------------------------------------------------------------------------------------------

From Clock    To Clock          WNS(ns)      TNS(ns)  TNS Failing Endpoints  TNS Total Endpoints      WHS(ns)      THS(ns)  THS Failing Endpoints  THS Total Endpoints  
----------    --------          -------      -------  ---------------------  -------------------      -------      -------  ---------------------  -------------------  


------------------------------------------------------------------------------------------------
| Other Path Groups Table
| -----------------------
------------------------------------------------------------------------------------------------

Path Group    From Clock    To Clock          WNS(ns)      TNS(ns)  TNS Failing Endpoints  TNS Total Endpoints      WHS(ns)      THS(ns)  THS Failing Endpoints  THS Total Endpoints  
----------    ----------    --------          -------      -------  ---------------------  -------------------      -------      -------  ---------------------  -------------------  


------------------------------------------------------------------------------------------------
| User Ignored Path Table
| -----------------------
------------------------------------------------------------------------------------------------

Path Group    From Clock    To Clock    
----------    ----------    --------    


------------------------------------------------------------------------------------------------
| Unconstrained Path Table
| ------------------------
------------------------------------------------------------------------------------------------

Path Group    From Clock    To Clock    
----------    ----------    --------    
(none)        ap_clk                      
(none)                      ap_clk        


------------------------------------------------------------------------------------------------
| Timing Details
| --------------
------------------------------------------------------------------------------------------------


---------------------------------------------------------------------------------------------------
From Clock:  ap_clk
  To Clock:  ap_clk

Setup :            0  Failing Endpoints,  Worst Slack        0.029ns,  Total Violation        0.000ns
Hold  :            0  Failing Endpoints,  Worst Slack        0.048ns,  Total Violation        0.000ns
PW    :            0  Failing Endpoints,  Worst Slack        1.116ns,  Total Violation        0.000ns
---------------------------------------------------------------------------------------------------


Max Delay Paths
--------------------------------------------------------------------------------------
Slack (MET) :             0.029ns  (required time - arrival time)
  Source:                 bd_0_i/hls_inst/inst/gmem_m_axi_U/bus_read/rreq_burst_conv/could_multi_bursts.burst_valid_reg/C
                            (rising edge-triggered cell FDRE clocked by ap_clk  {rise@0.000ns fall@2.500ns period=5.000ns})
  Destination:            bd_0_i/hls_inst/inst/gmem_m_axi_U/bus_read/rreq_burst_conv/rs_req/data_p1_reg[14]/CE
                            (rising edge-triggered cell FDRE clocked by ap_clk  {rise@0.000ns fall@2.500ns period=5.000ns})
  Path Group:             ap_clk
  Path Type:              Setup (Max at Slow Process Corner)
  Requirement:            5.000ns  (ap_clk rise@5.000ns - ap_clk rise@0.000ns)
  Data Path Delay:        4.474ns  (logic 0.853ns (19.066%)  route 3.621ns (80.934%))
  Logic Levels:           3  (LUT4=1 LUT5=1 LUT6=1)
  Clock Path Skew:        -0.049ns (DCD - SCD + CPR)
    Destination Clock Delay (DCD):    0.924ns = ( 5.924 - 5.000 ) 
    Source Clock Delay      (SCD):    0.973ns
    Clock Pessimism Removal (CPR):    0.000ns
  Clock Uncertainty:      0.035ns  ((TSJ^2 + TIJ^2)^1/2 + DJ) / 2 + PE
    Total System Jitter     (TSJ):    0.071ns
    Total Input Jitter      (TIJ):    0.000ns
    Discrete Jitter          (DJ):    0.000ns
    Phase Error              (PE):    0.000ns

    Location             Delay type                Incr(ns)  Path(ns)    Netlist Resource(s)
  -------------------------------------------------------------------    -------------------
                         (clock ap_clk rise edge)     0.000     0.000 r  
                                                      0.000     0.000 r  ap_clk (IN)
                         net (fo=3249, unset)         0.973     0.973    bd_0_i/hls_inst/inst/gmem_m_axi_U/bus_read/rreq_burst_conv/ap_clk
    SLICE_X43Y35         FDRE                                         r  bd_0_i/hls_inst/inst/gmem_m_axi_U/bus_read/rreq_burst_conv/could_multi_bursts.burst_valid_reg/C
  -------------------------------------------------------------------    -------------------
    SLICE_X43Y35         FDRE (Prop_fdre_C_Q)         0.456     1.429 f  bd_0_i/hls_inst/inst/gmem_m_axi_U/bus_read/rreq_burst_conv/could_multi_bursts.burst_valid_reg/Q
                         net (fo=6, routed)           1.343     2.772    bd_0_i/hls_inst/inst/gmem_m_axi_U/bus_read/rreq_burst_conv/rs_req/sect_total_buf_reg[0]
    SLICE_X49Y45         LUT6 (Prop_lut6_I1_O)        0.124     2.896 r  bd_0_i/hls_inst/inst/gmem_m_axi_U/bus_read/rreq_burst_conv/rs_req/sect_addr_buf[63]_i_1/O
                         net (fo=100, routed)         0.596     3.492    bd_0_i/hls_inst/inst/gmem_m_axi_U/bus_read/rreq_burst_conv/rs_req/p_15_in
    SLICE_X49Y49         LUT5 (Prop_lut5_I0_O)        0.124     3.616 r  bd_0_i/hls_inst/inst/gmem_m_axi_U/bus_read/rreq_burst_conv/rs_req/sect_total[19]_i_1__0/O
                         net (fo=174, routed)         0.995     4.611    bd_0_i/hls_inst/inst/gmem_m_axi_U/bus_read/rreq_burst_conv/rs_req/next_req
    SLICE_X49Y51         LUT4 (Prop_lut4_I0_O)        0.149     4.760 r  bd_0_i/hls_inst/inst/gmem_m_axi_U/bus_read/rreq_burst_conv/rs_req/data_p1[95]_i_1__0/O
                         net (fo=92, routed)          0.686     5.447    bd_0_i/hls_inst/inst/gmem_m_axi_U/bus_read/rreq_burst_conv/rs_req/load_p1
    SLICE_X47Y52         FDRE                                         r  bd_0_i/hls_inst/inst/gmem_m_axi_U/bus_read/rreq_burst_conv/rs_req/data_p1_reg[14]/CE
  -------------------------------------------------------------------    -------------------

                         (clock ap_clk rise edge)     5.000     5.000 r  
                                                      0.000     5.000 r  ap_clk (IN)
                         net (fo=3249, unset)         0.924     5.924    bd_0_i/hls_inst/inst/gmem_m_axi_U/bus_read/rreq_burst_conv/rs_req/ap_clk
    SLICE_X47Y52         FDRE                                         r  bd_0_i/hls_inst/inst/gmem_m_axi_U/bus_read/rreq_burst_conv/rs_req/data_p1_reg[14]/C
                         clock pessimism              0.000     5.924    
                         clock uncertainty           -0.035     5.889    
    SLICE_X47Y52         FDRE (Setup_fdre_C_CE)      -0.413     5.476    bd_0_i/hls_inst/inst/gmem_m_axi_U/bus_read/rreq_burst_conv/rs_req/data_p1_reg[14]
  -------------------------------------------------------------------
                         required time                          5.476    
                         arrival time                          -5.447    
  -------------------------------------------------------------------
                         slack                                  0.029    

Slack (MET) :             0.029ns  (required time - arrival time)
  Source:                 bd_0_i/hls_inst/inst/gmem_m_axi_U/bus_read/rreq_burst_conv/could_multi_bursts.burst_valid_reg/C
                            (rising edge-triggered cell FDRE clocked by ap_clk  {rise@0.000ns fall@2.500ns period=5.000ns})
  Destination:            bd_0_i/hls_inst/inst/gmem_m_axi_U/bus_read/rreq_burst_conv/rs_req/data_p1_reg[15]/CE
                            (rising edge-triggered cell FDRE clocked by ap_clk  {rise@0.000ns fall@2.500ns period=5.000ns})
  Path Group:             ap_clk
  Path Type:              Setup (Max at Slow Process Corner)
  Requirement:            5.000ns  (ap_clk rise@5.000ns - ap_clk rise@0.000ns)
  Data Path Delay:        4.474ns  (logic 0.853ns (19.066%)  route 3.621ns (80.934%))
  Logic Levels:           3  (LUT4=1 LUT5=1 LUT6=1)
  Clock Path Skew:        -0.049ns (DCD - SCD + CPR)
    Destination Clock Delay (DCD):    0.924ns = ( 5.924 - 5.000 ) 
    Source Clock Delay      (SCD):    0.973ns
    Clock Pessimism Removal (CPR):    0.000ns
  Clock Uncertainty:      0.035ns  ((TSJ^2 + TIJ^2)^1/2 + DJ) / 2 + PE
    Total System Jitter     (TSJ):    0.071ns
    Total Input Jitter      (TIJ):    0.000ns
    Discrete Jitter          (DJ):    0.000ns
    Phase Error              (PE):    0.000ns

    Location             Delay type                Incr(ns)  Path(ns)    Netlist Resource(s)
  -------------------------------------------------------------------    -------------------
                         (clock ap_clk rise edge)     0.000     0.000 r  
                                                      0.000     0.000 r  ap_clk (IN)
                         net (fo=3249, unset)         0.973     0.973    bd_0_i/hls_inst/inst/gmem_m_axi_U/bus_read/rreq_burst_conv/ap_clk
    SLICE_X43Y35         FDRE                                         r  bd_0_i/hls_inst/inst/gmem_m_axi_U/bus_read/rreq_burst_conv/could_multi_bursts.burst_valid_reg/C
  -------------------------------------------------------------------    -------------------
    SLICE_X43Y35         FDRE (Prop_fdre_C_Q)         0.456     1.429 f  bd_0_i/hls_inst/inst/gmem_m_axi_U/bus_read/rreq_burst_conv/could_multi_bursts.burst_valid_reg/Q
                         net (fo=6, routed)           1.343     2.772    bd_0_i/hls_inst/inst/gmem_m_axi_U/bus_read/rreq_burst_conv/rs_req/sect_total_buf_reg[0]
    SLICE_X49Y45         LUT6 (Prop_lut6_I1_O)        0.124     2.896 r  bd_0_i/hls_inst/inst/gmem_m_axi_U/bus_read/rreq_burst_conv/rs_req/sect_addr_buf[63]_i_1/O
                         net (fo=100, routed)         0.596     3.492    bd_0_i/hls_inst/inst/gmem_m_axi_U/bus_read/rreq_burst_conv/rs_req/p_15_in
    SLICE_X49Y49         LUT5 (Prop_lut5_I0_O)        0.124     3.616 r  bd_0_i/hls_inst/inst/gmem_m_axi_U/bus_read/rreq_burst_conv/rs_req/sect_total[19]_i_1__0/O
                         net (fo=174, routed)         0.995     4.611    bd_0_i/hls_inst/inst/gmem_m_axi_U/bus_read/rreq_burst_conv/rs_req/next_req
    SLICE_X49Y51         LUT4 (Prop_lut4_I0_O)        0.149     4.760 r  bd_0_i/hls_inst/inst/gmem_m_axi_U/bus_read/rreq_burst_conv/rs_req/data_p1[95]_i_1__0/O
                         net (fo=92, routed)          0.686     5.447    bd_0_i/hls_inst/inst/gmem_m_axi_U/bus_read/rreq_burst_conv/rs_req/load_p1
    SLICE_X47Y52         FDRE                                         r  bd_0_i/hls_inst/inst/gmem_m_axi_U/bus_read/rreq_burst_conv/rs_req/data_p1_reg[15]/CE
  -------------------------------------------------------------------    -------------------

                         (clock ap_clk rise edge)     5.000     5.000 r  
                                                      0.000     5.000 r  ap_clk (IN)
                         net (fo=3249, unset)         0.924     5.924    bd_0_i/hls_inst/inst/gmem_m_axi_U/bus_read/rreq_burst_conv/rs_req/ap_clk
    SLICE_X47Y52         FDRE                                         r  bd_0_i/hls_inst/inst/gmem_m_axi_U/bus_read/rreq_burst_conv/rs_req/data_p1_reg[15]/C
                         clock pessimism              0.000     5.924    
                         clock uncertainty           -0.035     5.889    
    SLICE_X47Y52         FDRE (Setup_fdre_C_CE)      -0.413     5.476    bd_0_i/hls_inst/inst/gmem_m_axi_U/bus_read/rreq_burst_conv/rs_req/data_p1_reg[15]
  -------------------------------------------------------------------
                         required time                          5.476    
                         arrival time                          -5.447    
  -------------------------------------------------------------------
                         slack                                  0.029    

Slack (MET) :             0.029ns  (required time - arrival time)
  Source:                 bd_0_i/hls_inst/inst/gmem_m_axi_U/bus_read/rreq_burst_conv/could_multi_bursts.burst_valid_reg/C
                            (rising edge-triggered cell FDRE clocked by ap_clk  {rise@0.000ns fall@2.500ns period=5.000ns})
  Destination:            bd_0_i/hls_inst/inst/gmem_m_axi_U/bus_read/rreq_burst_conv/rs_req/data_p1_reg[16]/CE
                            (rising edge-triggered cell FDRE clocked by ap_clk  {rise@0.000ns fall@2.500ns period=5.000ns})
  Path Group:             ap_clk
  Path Type:              Setup (Max at Slow Process Corner)
  Requirement:            5.000ns  (ap_clk rise@5.000ns - ap_clk rise@0.000ns)
  Data Path Delay:        4.474ns  (logic 0.853ns (19.066%)  route 3.621ns (80.934%))
  Logic Levels:           3  (LUT4=1 LUT5=1 LUT6=1)
  Clock Path Skew:        -0.049ns (DCD - SCD + CPR)
    Destination Clock Delay (DCD):    0.924ns = ( 5.924 - 5.000 ) 
    Source Clock Delay      (SCD):    0.973ns
    Clock Pessimism Removal (CPR):    0.000ns
  Clock Uncertainty:      0.035ns  ((TSJ^2 + TIJ^2)^1/2 + DJ) / 2 + PE
    Total System Jitter     (TSJ):    0.071ns
    Total Input Jitter      (TIJ):    0.000ns
    Discrete Jitter          (DJ):    0.000ns
    Phase Error              (PE):    0.000ns

    Location             Delay type                Incr(ns)  Path(ns)    Netlist Resource(s)
  -------------------------------------------------------------------    -------------------
                         (clock ap_clk rise edge)     0.000     0.000 r  
                                                      0.000     0.000 r  ap_clk (IN)
                         net (fo=3249, unset)         0.973     0.973    bd_0_i/hls_inst/inst/gmem_m_axi_U/bus_read/rreq_burst_conv/ap_clk
    SLICE_X43Y35         FDRE                                         r  bd_0_i/hls_inst/inst/gmem_m_axi_U/bus_read/rreq_burst_conv/could_multi_bursts.burst_valid_reg/C
  -------------------------------------------------------------------    -------------------
    SLICE_X43Y35         FDRE (Prop_fdre_C_Q)         0.456     1.429 f  bd_0_i/hls_inst/inst/gmem_m_axi_U/bus_read/rreq_burst_conv/could_multi_bursts.burst_valid_reg/Q
                         net (fo=6, routed)           1.343     2.772    bd_0_i/hls_inst/inst/gmem_m_axi_U/bus_read/rreq_burst_conv/rs_req/sect_total_buf_reg[0]
    SLICE_X49Y45         LUT6 (Prop_lut6_I1_O)        0.124     2.896 r  bd_0_i/hls_inst/inst/gmem_m_axi_U/bus_read/rreq_burst_conv/rs_req/sect_addr_buf[63]_i_1/O
                         net (fo=100, routed)         0.596     3.492    bd_0_i/hls_inst/inst/gmem_m_axi_U/bus_read/rreq_burst_conv/rs_req/p_15_in
    SLICE_X49Y49         LUT5 (Prop_lut5_I0_O)        0.124     3.616 r  bd_0_i/hls_inst/inst/gmem_m_axi_U/bus_read/rreq_burst_conv/rs_req/sect_total[19]_i_1__0/O
                         net (fo=174, routed)         0.995     4.611    bd_0_i/hls_inst/inst/gmem_m_axi_U/bus_read/rreq_burst_conv/rs_req/next_req
    SLICE_X49Y51         LUT4 (Prop_lut4_I0_O)        0.149     4.760 r  bd_0_i/hls_inst/inst/gmem_m_axi_U/bus_read/rreq_burst_conv/rs_req/data_p1[95]_i_1__0/O
                         net (fo=92, routed)          0.686     5.447    bd_0_i/hls_inst/inst/gmem_m_axi_U/bus_read/rreq_burst_conv/rs_req/load_p1
    SLICE_X47Y52         FDRE                                         r  bd_0_i/hls_inst/inst/gmem_m_axi_U/bus_read/rreq_burst_conv/rs_req/data_p1_reg[16]/CE
  -------------------------------------------------------------------    -------------------

                         (clock ap_clk rise edge)     5.000     5.000 r  
                                                      0.000     5.000 r  ap_clk (IN)
                         net (fo=3249, unset)         0.924     5.924    bd_0_i/hls_inst/inst/gmem_m_axi_U/bus_read/rreq_burst_conv/rs_req/ap_clk
    SLICE_X47Y52         FDRE                                         r  bd_0_i/hls_inst/inst/gmem_m_axi_U/bus_read/rreq_burst_conv/rs_req/data_p1_reg[16]/C
                         clock pessimism              0.000     5.924    
                         clock uncertainty           -0.035     5.889    
    SLICE_X47Y52         FDRE (Setup_fdre_C_CE)      -0.413     5.476    bd_0_i/hls_inst/inst/gmem_m_axi_U/bus_read/rreq_burst_conv/rs_req/data_p1_reg[16]
  -------------------------------------------------------------------
                         required time                          5.476    
                         arrival time                          -5.447    
  -------------------------------------------------------------------
                         slack                                  0.029    

Slack (MET) :             0.029ns  (required time - arrival time)
  Source:                 bd_0_i/hls_inst/inst/gmem_m_axi_U/bus_read/rreq_burst_conv/could_multi_bursts.burst_valid_reg/C
                            (rising edge-triggered cell FDRE clocked by ap_clk  {rise@0.000ns fall@2.500ns period=5.000ns})
  Destination:            bd_0_i/hls_inst/inst/gmem_m_axi_U/bus_read/rreq_burst_conv/rs_req/data_p1_reg[2]/CE
                            (rising edge-triggered cell FDRE clocked by ap_clk  {rise@0.000ns fall@2.500ns period=5.000ns})
  Path Group:             ap_clk
  Path Type:              Setup (Max at Slow Process Corner)
  Requirement:            5.000ns  (ap_clk rise@5.000ns - ap_clk rise@0.000ns)
  Data Path Delay:        4.474ns  (logic 0.853ns (19.066%)  route 3.621ns (80.934%))
  Logic Levels:           3  (LUT4=1 LUT5=1 LUT6=1)
  Clock Path Skew:        -0.049ns (DCD - SCD + CPR)
    Destination Clock Delay (DCD):    0.924ns = ( 5.924 - 5.000 ) 
    Source Clock Delay      (SCD):    0.973ns
    Clock Pessimism Removal (CPR):    0.000ns
  Clock Uncertainty:      0.035ns  ((TSJ^2 + TIJ^2)^1/2 + DJ) / 2 + PE
    Total System Jitter     (TSJ):    0.071ns
    Total Input Jitter      (TIJ):    0.000ns
    Discrete Jitter          (DJ):    0.000ns
    Phase Error              (PE):    0.000ns

    Location             Delay type                Incr(ns)  Path(ns)    Netlist Resource(s)
  -------------------------------------------------------------------    -------------------
                         (clock ap_clk rise edge)     0.000     0.000 r  
                                                      0.000     0.000 r  ap_clk (IN)
                         net (fo=3249, unset)         0.973     0.973    bd_0_i/hls_inst/inst/gmem_m_axi_U/bus_read/rreq_burst_conv/ap_clk
    SLICE_X43Y35         FDRE                                         r  bd_0_i/hls_inst/inst/gmem_m_axi_U/bus_read/rreq_burst_conv/could_multi_bursts.burst_valid_reg/C
  -------------------------------------------------------------------    -------------------
    SLICE_X43Y35         FDRE (Prop_fdre_C_Q)         0.456     1.429 f  bd_0_i/hls_inst/inst/gmem_m_axi_U/bus_read/rreq_burst_conv/could_multi_bursts.burst_valid_reg/Q
                         net (fo=6, routed)           1.343     2.772    bd_0_i/hls_inst/inst/gmem_m_axi_U/bus_read/rreq_burst_conv/rs_req/sect_total_buf_reg[0]
    SLICE_X49Y45         LUT6 (Prop_lut6_I1_O)        0.124     2.896 r  bd_0_i/hls_inst/inst/gmem_m_axi_U/bus_read/rreq_burst_conv/rs_req/sect_addr_buf[63]_i_1/O
                         net (fo=100, routed)         0.596     3.492    bd_0_i/hls_inst/inst/gmem_m_axi_U/bus_read/rreq_burst_conv/rs_req/p_15_in
    SLICE_X49Y49         LUT5 (Prop_lut5_I0_O)        0.124     3.616 r  bd_0_i/hls_inst/inst/gmem_m_axi_U/bus_read/rreq_burst_conv/rs_req/sect_total[19]_i_1__0/O
                         net (fo=174, routed)         0.995     4.611    bd_0_i/hls_inst/inst/gmem_m_axi_U/bus_read/rreq_burst_conv/rs_req/next_req
    SLICE_X49Y51         LUT4 (Prop_lut4_I0_O)        0.149     4.760 r  bd_0_i/hls_inst/inst/gmem_m_axi_U/bus_read/rreq_burst_conv/rs_req/data_p1[95]_i_1__0/O
                         net (fo=92, routed)          0.686     5.447    bd_0_i/hls_inst/inst/gmem_m_axi_U/bus_read/rreq_burst_conv/rs_req/load_p1
    SLICE_X47Y52         FDRE                                         r  bd_0_i/hls_inst/inst/gmem_m_axi_U/bus_read/rreq_burst_conv/rs_req/data_p1_reg[2]/CE
  -------------------------------------------------------------------    -------------------

                         (clock ap_clk rise edge)     5.000     5.000 r  
                                                      0.000     5.000 r  ap_clk (IN)
                         net (fo=3249, unset)         0.924     5.924    bd_0_i/hls_inst/inst/gmem_m_axi_U/bus_read/rreq_burst_conv/rs_req/ap_clk
    SLICE_X47Y52         FDRE                                         r  bd_0_i/hls_inst/inst/gmem_m_axi_U/bus_read/rreq_burst_conv/rs_req/data_p1_reg[2]/C
                         clock pessimism              0.000     5.924    
                         clock uncertainty           -0.035     5.889    
    SLICE_X47Y52         FDRE (Setup_fdre_C_CE)      -0.413     5.476    bd_0_i/hls_inst/inst/gmem_m_axi_U/bus_read/rreq_burst_conv/rs_req/data_p1_reg[2]
  -------------------------------------------------------------------
                         required time                          5.476    
                         arrival time                          -5.447    
  -------------------------------------------------------------------
                         slack                                  0.029    

Slack (MET) :             0.029ns  (required time - arrival time)
  Source:                 bd_0_i/hls_inst/inst/gmem_m_axi_U/bus_read/rreq_burst_conv/could_multi_bursts.burst_valid_reg/C
                            (rising edge-triggered cell FDRE clocked by ap_clk  {rise@0.000ns fall@2.500ns period=5.000ns})
  Destination:            bd_0_i/hls_inst/inst/gmem_m_axi_U/bus_read/rreq_burst_conv/rs_req/data_p1_reg[74]/CE
                            (rising edge-triggered cell FDRE clocked by ap_clk  {rise@0.000ns fall@2.500ns period=5.000ns})
  Path Group:             ap_clk
  Path Type:              Setup (Max at Slow Process Corner)
  Requirement:            5.000ns  (ap_clk rise@5.000ns - ap_clk rise@0.000ns)
  Data Path Delay:        4.474ns  (logic 0.853ns (19.066%)  route 3.621ns (80.934%))
  Logic Levels:           3  (LUT4=1 LUT5=1 LUT6=1)
  Clock Path Skew:        -0.049ns (DCD - SCD + CPR)
    Destination Clock Delay (DCD):    0.924ns = ( 5.924 - 5.000 ) 
    Source Clock Delay      (SCD):    0.973ns
    Clock Pessimism Removal (CPR):    0.000ns
  Clock Uncertainty:      0.035ns  ((TSJ^2 + TIJ^2)^1/2 + DJ) / 2 + PE
    Total System Jitter     (TSJ):    0.071ns
    Total Input Jitter      (TIJ):    0.000ns
    Discrete Jitter          (DJ):    0.000ns
    Phase Error              (PE):    0.000ns

    Location             Delay type                Incr(ns)  Path(ns)    Netlist Resource(s)
  -------------------------------------------------------------------    -------------------
                         (clock ap_clk rise edge)     0.000     0.000 r  
                                                      0.000     0.000 r  ap_clk (IN)
                         net (fo=3249, unset)         0.973     0.973    bd_0_i/hls_inst/inst/gmem_m_axi_U/bus_read/rreq_burst_conv/ap_clk
    SLICE_X43Y35         FDRE                                         r  bd_0_i/hls_inst/inst/gmem_m_axi_U/bus_read/rreq_burst_conv/could_multi_bursts.burst_valid_reg/C
  -------------------------------------------------------------------    -------------------
    SLICE_X43Y35         FDRE (Prop_fdre_C_Q)         0.456     1.429 f  bd_0_i/hls_inst/inst/gmem_m_axi_U/bus_read/rreq_burst_conv/could_multi_bursts.burst_valid_reg/Q
                         net (fo=6, routed)           1.343     2.772    bd_0_i/hls_inst/inst/gmem_m_axi_U/bus_read/rreq_burst_conv/rs_req/sect_total_buf_reg[0]
    SLICE_X49Y45         LUT6 (Prop_lut6_I1_O)        0.124     2.896 r  bd_0_i/hls_inst/inst/gmem_m_axi_U/bus_read/rreq_burst_conv/rs_req/sect_addr_buf[63]_i_1/O
                         net (fo=100, routed)         0.596     3.492    bd_0_i/hls_inst/inst/gmem_m_axi_U/bus_read/rreq_burst_conv/rs_req/p_15_in
    SLICE_X49Y49         LUT5 (Prop_lut5_I0_O)        0.124     3.616 r  bd_0_i/hls_inst/inst/gmem_m_axi_U/bus_read/rreq_burst_conv/rs_req/sect_total[19]_i_1__0/O
                         net (fo=174, routed)         0.995     4.611    bd_0_i/hls_inst/inst/gmem_m_axi_U/bus_read/rreq_burst_conv/rs_req/next_req
    SLICE_X49Y51         LUT4 (Prop_lut4_I0_O)        0.149     4.760 r  bd_0_i/hls_inst/inst/gmem_m_axi_U/bus_read/rreq_burst_conv/rs_req/data_p1[95]_i_1__0/O
                         net (fo=92, routed)          0.686     5.447    bd_0_i/hls_inst/inst/gmem_m_axi_U/bus_read/rreq_burst_conv/rs_req/load_p1
    SLICE_X47Y52         FDRE                                         r  bd_0_i/hls_inst/inst/gmem_m_axi_U/bus_read/rreq_burst_conv/rs_req/data_p1_reg[74]/CE
  -------------------------------------------------------------------    -------------------

                         (clock ap_clk rise edge)     5.000     5.000 r  
                                                      0.000     5.000 r  ap_clk (IN)
                         net (fo=3249, unset)         0.924     5.924    bd_0_i/hls_inst/inst/gmem_m_axi_U/bus_read/rreq_burst_conv/rs_req/ap_clk
    SLICE_X47Y52         FDRE                                         r  bd_0_i/hls_inst/inst/gmem_m_axi_U/bus_read/rreq_burst_conv/rs_req/data_p1_reg[74]/C
                         clock pessimism              0.000     5.924    
                         clock uncertainty           -0.035     5.889    
    SLICE_X47Y52         FDRE (Setup_fdre_C_CE)      -0.413     5.476    bd_0_i/hls_inst/inst/gmem_m_axi_U/bus_read/rreq_burst_conv/rs_req/data_p1_reg[74]
  -------------------------------------------------------------------
                         required time                          5.476    
                         arrival time                          -5.447    
  -------------------------------------------------------------------
                         slack                                  0.029    

Slack (MET) :             0.029ns  (required time - arrival time)
  Source:                 bd_0_i/hls_inst/inst/gmem_m_axi_U/bus_read/rreq_burst_conv/could_multi_bursts.burst_valid_reg/C
                            (rising edge-triggered cell FDRE clocked by ap_clk  {rise@0.000ns fall@2.500ns period=5.000ns})
  Destination:            bd_0_i/hls_inst/inst/gmem_m_axi_U/bus_read/rreq_burst_conv/rs_req/data_p1_reg[75]/CE
                            (rising edge-triggered cell FDRE clocked by ap_clk  {rise@0.000ns fall@2.500ns period=5.000ns})
  Path Group:             ap_clk
  Path Type:              Setup (Max at Slow Process Corner)
  Requirement:            5.000ns  (ap_clk rise@5.000ns - ap_clk rise@0.000ns)
  Data Path Delay:        4.474ns  (logic 0.853ns (19.066%)  route 3.621ns (80.934%))
  Logic Levels:           3  (LUT4=1 LUT5=1 LUT6=1)
  Clock Path Skew:        -0.049ns (DCD - SCD + CPR)
    Destination Clock Delay (DCD):    0.924ns = ( 5.924 - 5.000 ) 
    Source Clock Delay      (SCD):    0.973ns
    Clock Pessimism Removal (CPR):    0.000ns
  Clock Uncertainty:      0.035ns  ((TSJ^2 + TIJ^2)^1/2 + DJ) / 2 + PE
    Total System Jitter     (TSJ):    0.071ns
    Total Input Jitter      (TIJ):    0.000ns
    Discrete Jitter          (DJ):    0.000ns
    Phase Error              (PE):    0.000ns

    Location             Delay type                Incr(ns)  Path(ns)    Netlist Resource(s)
  -------------------------------------------------------------------    -------------------
                         (clock ap_clk rise edge)     0.000     0.000 r  
                                                      0.000     0.000 r  ap_clk (IN)
                         net (fo=3249, unset)         0.973     0.973    bd_0_i/hls_inst/inst/gmem_m_axi_U/bus_read/rreq_burst_conv/ap_clk
    SLICE_X43Y35         FDRE                                         r  bd_0_i/hls_inst/inst/gmem_m_axi_U/bus_read/rreq_burst_conv/could_multi_bursts.burst_valid_reg/C
  -------------------------------------------------------------------    -------------------
    SLICE_X43Y35         FDRE (Prop_fdre_C_Q)         0.456     1.429 f  bd_0_i/hls_inst/inst/gmem_m_axi_U/bus_read/rreq_burst_conv/could_multi_bursts.burst_valid_reg/Q
                         net (fo=6, routed)           1.343     2.772    bd_0_i/hls_inst/inst/gmem_m_axi_U/bus_read/rreq_burst_conv/rs_req/sect_total_buf_reg[0]
    SLICE_X49Y45         LUT6 (Prop_lut6_I1_O)        0.124     2.896 r  bd_0_i/hls_inst/inst/gmem_m_axi_U/bus_read/rreq_burst_conv/rs_req/sect_addr_buf[63]_i_1/O
                         net (fo=100, routed)         0.596     3.492    bd_0_i/hls_inst/inst/gmem_m_axi_U/bus_read/rreq_burst_conv/rs_req/p_15_in
    SLICE_X49Y49         LUT5 (Prop_lut5_I0_O)        0.124     3.616 r  bd_0_i/hls_inst/inst/gmem_m_axi_U/bus_read/rreq_burst_conv/rs_req/sect_total[19]_i_1__0/O
                         net (fo=174, routed)         0.995     4.611    bd_0_i/hls_inst/inst/gmem_m_axi_U/bus_read/rreq_burst_conv/rs_req/next_req
    SLICE_X49Y51         LUT4 (Prop_lut4_I0_O)        0.149     4.760 r  bd_0_i/hls_inst/inst/gmem_m_axi_U/bus_read/rreq_burst_conv/rs_req/data_p1[95]_i_1__0/O
                         net (fo=92, routed)          0.686     5.447    bd_0_i/hls_inst/inst/gmem_m_axi_U/bus_read/rreq_burst_conv/rs_req/load_p1
    SLICE_X47Y52         FDRE                                         r  bd_0_i/hls_inst/inst/gmem_m_axi_U/bus_read/rreq_burst_conv/rs_req/data_p1_reg[75]/CE
  -------------------------------------------------------------------    -------------------

                         (clock ap_clk rise edge)     5.000     5.000 r  
                                                      0.000     5.000 r  ap_clk (IN)
                         net (fo=3249, unset)         0.924     5.924    bd_0_i/hls_inst/inst/gmem_m_axi_U/bus_read/rreq_burst_conv/rs_req/ap_clk
    SLICE_X47Y52         FDRE                                         r  bd_0_i/hls_inst/inst/gmem_m_axi_U/bus_read/rreq_burst_conv/rs_req/data_p1_reg[75]/C
                         clock pessimism              0.000     5.924    
                         clock uncertainty           -0.035     5.889    
    SLICE_X47Y52         FDRE (Setup_fdre_C_CE)      -0.413     5.476    bd_0_i/hls_inst/inst/gmem_m_axi_U/bus_read/rreq_burst_conv/rs_req/data_p1_reg[75]
  -------------------------------------------------------------------
                         required time                          5.476    
                         arrival time                          -5.447    
  -------------------------------------------------------------------
                         slack                                  0.029    

Slack (MET) :             0.029ns  (required time - arrival time)
  Source:                 bd_0_i/hls_inst/inst/gmem_m_axi_U/bus_read/rreq_burst_conv/could_multi_bursts.burst_valid_reg/C
                            (rising edge-triggered cell FDRE clocked by ap_clk  {rise@0.000ns fall@2.500ns period=5.000ns})
  Destination:            bd_0_i/hls_inst/inst/gmem_m_axi_U/bus_read/rreq_burst_conv/rs_req/data_p1_reg[76]/CE
                            (rising edge-triggered cell FDRE clocked by ap_clk  {rise@0.000ns fall@2.500ns period=5.000ns})
  Path Group:             ap_clk
  Path Type:              Setup (Max at Slow Process Corner)
  Requirement:            5.000ns  (ap_clk rise@5.000ns - ap_clk rise@0.000ns)
  Data Path Delay:        4.474ns  (logic 0.853ns (19.066%)  route 3.621ns (80.934%))
  Logic Levels:           3  (LUT4=1 LUT5=1 LUT6=1)
  Clock Path Skew:        -0.049ns (DCD - SCD + CPR)
    Destination Clock Delay (DCD):    0.924ns = ( 5.924 - 5.000 ) 
    Source Clock Delay      (SCD):    0.973ns
    Clock Pessimism Removal (CPR):    0.000ns
  Clock Uncertainty:      0.035ns  ((TSJ^2 + TIJ^2)^1/2 + DJ) / 2 + PE
    Total System Jitter     (TSJ):    0.071ns
    Total Input Jitter      (TIJ):    0.000ns
    Discrete Jitter          (DJ):    0.000ns
    Phase Error              (PE):    0.000ns

    Location             Delay type                Incr(ns)  Path(ns)    Netlist Resource(s)
  -------------------------------------------------------------------    -------------------
                         (clock ap_clk rise edge)     0.000     0.000 r  
                                                      0.000     0.000 r  ap_clk (IN)
                         net (fo=3249, unset)         0.973     0.973    bd_0_i/hls_inst/inst/gmem_m_axi_U/bus_read/rreq_burst_conv/ap_clk
    SLICE_X43Y35         FDRE                                         r  bd_0_i/hls_inst/inst/gmem_m_axi_U/bus_read/rreq_burst_conv/could_multi_bursts.burst_valid_reg/C
  -------------------------------------------------------------------    -------------------
    SLICE_X43Y35         FDRE (Prop_fdre_C_Q)         0.456     1.429 f  bd_0_i/hls_inst/inst/gmem_m_axi_U/bus_read/rreq_burst_conv/could_multi_bursts.burst_valid_reg/Q
                         net (fo=6, routed)           1.343     2.772    bd_0_i/hls_inst/inst/gmem_m_axi_U/bus_read/rreq_burst_conv/rs_req/sect_total_buf_reg[0]
    SLICE_X49Y45         LUT6 (Prop_lut6_I1_O)        0.124     2.896 r  bd_0_i/hls_inst/inst/gmem_m_axi_U/bus_read/rreq_burst_conv/rs_req/sect_addr_buf[63]_i_1/O
                         net (fo=100, routed)         0.596     3.492    bd_0_i/hls_inst/inst/gmem_m_axi_U/bus_read/rreq_burst_conv/rs_req/p_15_in
    SLICE_X49Y49         LUT5 (Prop_lut5_I0_O)        0.124     3.616 r  bd_0_i/hls_inst/inst/gmem_m_axi_U/bus_read/rreq_burst_conv/rs_req/sect_total[19]_i_1__0/O
                         net (fo=174, routed)         0.995     4.611    bd_0_i/hls_inst/inst/gmem_m_axi_U/bus_read/rreq_burst_conv/rs_req/next_req
    SLICE_X49Y51         LUT4 (Prop_lut4_I0_O)        0.149     4.760 r  bd_0_i/hls_inst/inst/gmem_m_axi_U/bus_read/rreq_burst_conv/rs_req/data_p1[95]_i_1__0/O
                         net (fo=92, routed)          0.686     5.447    bd_0_i/hls_inst/inst/gmem_m_axi_U/bus_read/rreq_burst_conv/rs_req/load_p1
    SLICE_X47Y52         FDRE                                         r  bd_0_i/hls_inst/inst/gmem_m_axi_U/bus_read/rreq_burst_conv/rs_req/data_p1_reg[76]/CE
  -------------------------------------------------------------------    -------------------

                         (clock ap_clk rise edge)     5.000     5.000 r  
                                                      0.000     5.000 r  ap_clk (IN)
                         net (fo=3249, unset)         0.924     5.924    bd_0_i/hls_inst/inst/gmem_m_axi_U/bus_read/rreq_burst_conv/rs_req/ap_clk
    SLICE_X47Y52         FDRE                                         r  bd_0_i/hls_inst/inst/gmem_m_axi_U/bus_read/rreq_burst_conv/rs_req/data_p1_reg[76]/C
                         clock pessimism              0.000     5.924    
                         clock uncertainty           -0.035     5.889    
    SLICE_X47Y52         FDRE (Setup_fdre_C_CE)      -0.413     5.476    bd_0_i/hls_inst/inst/gmem_m_axi_U/bus_read/rreq_burst_conv/rs_req/data_p1_reg[76]
  -------------------------------------------------------------------
                         required time                          5.476    
                         arrival time                          -5.447    
  -------------------------------------------------------------------
                         slack                                  0.029    

Slack (MET) :             0.029ns  (required time - arrival time)
  Source:                 bd_0_i/hls_inst/inst/gmem_m_axi_U/bus_read/rreq_burst_conv/could_multi_bursts.burst_valid_reg/C
                            (rising edge-triggered cell FDRE clocked by ap_clk  {rise@0.000ns fall@2.500ns period=5.000ns})
  Destination:            bd_0_i/hls_inst/inst/gmem_m_axi_U/bus_read/rreq_burst_conv/rs_req/data_p1_reg[9]/CE
                            (rising edge-triggered cell FDRE clocked by ap_clk  {rise@0.000ns fall@2.500ns period=5.000ns})
  Path Group:             ap_clk
  Path Type:              Setup (Max at Slow Process Corner)
  Requirement:            5.000ns  (ap_clk rise@5.000ns - ap_clk rise@0.000ns)
  Data Path Delay:        4.474ns  (logic 0.853ns (19.066%)  route 3.621ns (80.934%))
  Logic Levels:           3  (LUT4=1 LUT5=1 LUT6=1)
  Clock Path Skew:        -0.049ns (DCD - SCD + CPR)
    Destination Clock Delay (DCD):    0.924ns = ( 5.924 - 5.000 ) 
    Source Clock Delay      (SCD):    0.973ns
    Clock Pessimism Removal (CPR):    0.000ns
  Clock Uncertainty:      0.035ns  ((TSJ^2 + TIJ^2)^1/2 + DJ) / 2 + PE
    Total System Jitter     (TSJ):    0.071ns
    Total Input Jitter      (TIJ):    0.000ns
    Discrete Jitter          (DJ):    0.000ns
    Phase Error              (PE):    0.000ns

    Location             Delay type                Incr(ns)  Path(ns)    Netlist Resource(s)
  -------------------------------------------------------------------    -------------------
                         (clock ap_clk rise edge)     0.000     0.000 r  
                                                      0.000     0.000 r  ap_clk (IN)
                         net (fo=3249, unset)         0.973     0.973    bd_0_i/hls_inst/inst/gmem_m_axi_U/bus_read/rreq_burst_conv/ap_clk
    SLICE_X43Y35         FDRE                                         r  bd_0_i/hls_inst/inst/gmem_m_axi_U/bus_read/rreq_burst_conv/could_multi_bursts.burst_valid_reg/C
  -------------------------------------------------------------------    -------------------
    SLICE_X43Y35         FDRE (Prop_fdre_C_Q)         0.456     1.429 f  bd_0_i/hls_inst/inst/gmem_m_axi_U/bus_read/rreq_burst_conv/could_multi_bursts.burst_valid_reg/Q
                         net (fo=6, routed)           1.343     2.772    bd_0_i/hls_inst/inst/gmem_m_axi_U/bus_read/rreq_burst_conv/rs_req/sect_total_buf_reg[0]
    SLICE_X49Y45         LUT6 (Prop_lut6_I1_O)        0.124     2.896 r  bd_0_i/hls_inst/inst/gmem_m_axi_U/bus_read/rreq_burst_conv/rs_req/sect_addr_buf[63]_i_1/O
                         net (fo=100, routed)         0.596     3.492    bd_0_i/hls_inst/inst/gmem_m_axi_U/bus_read/rreq_burst_conv/rs_req/p_15_in
    SLICE_X49Y49         LUT5 (Prop_lut5_I0_O)        0.124     3.616 r  bd_0_i/hls_inst/inst/gmem_m_axi_U/bus_read/rreq_burst_conv/rs_req/sect_total[19]_i_1__0/O
                         net (fo=174, routed)         0.995     4.611    bd_0_i/hls_inst/inst/gmem_m_axi_U/bus_read/rreq_burst_conv/rs_req/next_req
    SLICE_X49Y51         LUT4 (Prop_lut4_I0_O)        0.149     4.760 r  bd_0_i/hls_inst/inst/gmem_m_axi_U/bus_read/rreq_burst_conv/rs_req/data_p1[95]_i_1__0/O
                         net (fo=92, routed)          0.686     5.447    bd_0_i/hls_inst/inst/gmem_m_axi_U/bus_read/rreq_burst_conv/rs_req/load_p1
    SLICE_X47Y52         FDRE                                         r  bd_0_i/hls_inst/inst/gmem_m_axi_U/bus_read/rreq_burst_conv/rs_req/data_p1_reg[9]/CE
  -------------------------------------------------------------------    -------------------

                         (clock ap_clk rise edge)     5.000     5.000 r  
                                                      0.000     5.000 r  ap_clk (IN)
                         net (fo=3249, unset)         0.924     5.924    bd_0_i/hls_inst/inst/gmem_m_axi_U/bus_read/rreq_burst_conv/rs_req/ap_clk
    SLICE_X47Y52         FDRE                                         r  bd_0_i/hls_inst/inst/gmem_m_axi_U/bus_read/rreq_burst_conv/rs_req/data_p1_reg[9]/C
                         clock pessimism              0.000     5.924    
                         clock uncertainty           -0.035     5.889    
    SLICE_X47Y52         FDRE (Setup_fdre_C_CE)      -0.413     5.476    bd_0_i/hls_inst/inst/gmem_m_axi_U/bus_read/rreq_burst_conv/rs_req/data_p1_reg[9]
  -------------------------------------------------------------------
                         required time                          5.476    
                         arrival time                          -5.447    
  -------------------------------------------------------------------
                         slack                                  0.029    

Slack (MET) :             0.042ns  (required time - arrival time)
  Source:                 bd_0_i/hls_inst/inst/gmem_m_axi_U/bus_read/rreq_burst_conv/could_multi_bursts.burst_valid_reg/C
                            (rising edge-triggered cell FDRE clocked by ap_clk  {rise@0.000ns fall@2.500ns period=5.000ns})
  Destination:            bd_0_i/hls_inst/inst/gmem_m_axi_U/bus_read/rreq_burst_conv/rs_req/data_p1_reg[67]/CE
                            (rising edge-triggered cell FDRE clocked by ap_clk  {rise@0.000ns fall@2.500ns period=5.000ns})
  Path Group:             ap_clk
  Path Type:              Setup (Max at Slow Process Corner)
  Requirement:            5.000ns  (ap_clk rise@5.000ns - ap_clk rise@0.000ns)
  Data Path Delay:        4.461ns  (logic 0.853ns (19.121%)  route 3.608ns (80.879%))
  Logic Levels:           3  (LUT4=1 LUT5=1 LUT6=1)
  Clock Path Skew:        -0.049ns (DCD - SCD + CPR)
    Destination Clock Delay (DCD):    0.924ns = ( 5.924 - 5.000 ) 
    Source Clock Delay      (SCD):    0.973ns
    Clock Pessimism Removal (CPR):    0.000ns
  Clock Uncertainty:      0.035ns  ((TSJ^2 + TIJ^2)^1/2 + DJ) / 2 + PE
    Total System Jitter     (TSJ):    0.071ns
    Total Input Jitter      (TIJ):    0.000ns
    Discrete Jitter          (DJ):    0.000ns
    Phase Error              (PE):    0.000ns

    Location             Delay type                Incr(ns)  Path(ns)    Netlist Resource(s)
  -------------------------------------------------------------------    -------------------
                         (clock ap_clk rise edge)     0.000     0.000 r  
                                                      0.000     0.000 r  ap_clk (IN)
                         net (fo=3249, unset)         0.973     0.973    bd_0_i/hls_inst/inst/gmem_m_axi_U/bus_read/rreq_burst_conv/ap_clk
    SLICE_X43Y35         FDRE                                         r  bd_0_i/hls_inst/inst/gmem_m_axi_U/bus_read/rreq_burst_conv/could_multi_bursts.burst_valid_reg/C
  -------------------------------------------------------------------    -------------------
    SLICE_X43Y35         FDRE (Prop_fdre_C_Q)         0.456     1.429 f  bd_0_i/hls_inst/inst/gmem_m_axi_U/bus_read/rreq_burst_conv/could_multi_bursts.burst_valid_reg/Q
                         net (fo=6, routed)           1.343     2.772    bd_0_i/hls_inst/inst/gmem_m_axi_U/bus_read/rreq_burst_conv/rs_req/sect_total_buf_reg[0]
    SLICE_X49Y45         LUT6 (Prop_lut6_I1_O)        0.124     2.896 r  bd_0_i/hls_inst/inst/gmem_m_axi_U/bus_read/rreq_burst_conv/rs_req/sect_addr_buf[63]_i_1/O
                         net (fo=100, routed)         0.596     3.492    bd_0_i/hls_inst/inst/gmem_m_axi_U/bus_read/rreq_burst_conv/rs_req/p_15_in
    SLICE_X49Y49         LUT5 (Prop_lut5_I0_O)        0.124     3.616 r  bd_0_i/hls_inst/inst/gmem_m_axi_U/bus_read/rreq_burst_conv/rs_req/sect_total[19]_i_1__0/O
                         net (fo=174, routed)         0.995     4.611    bd_0_i/hls_inst/inst/gmem_m_axi_U/bus_read/rreq_burst_conv/rs_req/next_req
    SLICE_X49Y51         LUT4 (Prop_lut4_I0_O)        0.149     4.760 r  bd_0_i/hls_inst/inst/gmem_m_axi_U/bus_read/rreq_burst_conv/rs_req/data_p1[95]_i_1__0/O
                         net (fo=92, routed)          0.674     5.434    bd_0_i/hls_inst/inst/gmem_m_axi_U/bus_read/rreq_burst_conv/rs_req/load_p1
    SLICE_X45Y45         FDRE                                         r  bd_0_i/hls_inst/inst/gmem_m_axi_U/bus_read/rreq_burst_conv/rs_req/data_p1_reg[67]/CE
  -------------------------------------------------------------------    -------------------

                         (clock ap_clk rise edge)     5.000     5.000 r  
                                                      0.000     5.000 r  ap_clk (IN)
                         net (fo=3249, unset)         0.924     5.924    bd_0_i/hls_inst/inst/gmem_m_axi_U/bus_read/rreq_burst_conv/rs_req/ap_clk
    SLICE_X45Y45         FDRE                                         r  bd_0_i/hls_inst/inst/gmem_m_axi_U/bus_read/rreq_burst_conv/rs_req/data_p1_reg[67]/C
                         clock pessimism              0.000     5.924    
                         clock uncertainty           -0.035     5.889    
    SLICE_X45Y45         FDRE (Setup_fdre_C_CE)      -0.413     5.476    bd_0_i/hls_inst/inst/gmem_m_axi_U/bus_read/rreq_burst_conv/rs_req/data_p1_reg[67]
  -------------------------------------------------------------------
                         required time                          5.476    
                         arrival time                          -5.434    
  -------------------------------------------------------------------
                         slack                                  0.042    

Slack (MET) :             0.042ns  (required time - arrival time)
  Source:                 bd_0_i/hls_inst/inst/gmem_m_axi_U/bus_read/rreq_burst_conv/could_multi_bursts.burst_valid_reg/C
                            (rising edge-triggered cell FDRE clocked by ap_clk  {rise@0.000ns fall@2.500ns period=5.000ns})
  Destination:            bd_0_i/hls_inst/inst/gmem_m_axi_U/bus_read/rreq_burst_conv/rs_req/data_p1_reg[7]/CE
                            (rising edge-triggered cell FDRE clocked by ap_clk  {rise@0.000ns fall@2.500ns period=5.000ns})
  Path Group:             ap_clk
  Path Type:              Setup (Max at Slow Process Corner)
  Requirement:            5.000ns  (ap_clk rise@5.000ns - ap_clk rise@0.000ns)
  Data Path Delay:        4.461ns  (logic 0.853ns (19.121%)  route 3.608ns (80.879%))
  Logic Levels:           3  (LUT4=1 LUT5=1 LUT6=1)
  Clock Path Skew:        -0.049ns (DCD - SCD + CPR)
    Destination Clock Delay (DCD):    0.924ns = ( 5.924 - 5.000 ) 
    Source Clock Delay      (SCD):    0.973ns
    Clock Pessimism Removal (CPR):    0.000ns
  Clock Uncertainty:      0.035ns  ((TSJ^2 + TIJ^2)^1/2 + DJ) / 2 + PE
    Total System Jitter     (TSJ):    0.071ns
    Total Input Jitter      (TIJ):    0.000ns
    Discrete Jitter          (DJ):    0.000ns
    Phase Error              (PE):    0.000ns

    Location             Delay type                Incr(ns)  Path(ns)    Netlist Resource(s)
  -------------------------------------------------------------------    -------------------
                         (clock ap_clk rise edge)     0.000     0.000 r  
                                                      0.000     0.000 r  ap_clk (IN)
                         net (fo=3249, unset)         0.973     0.973    bd_0_i/hls_inst/inst/gmem_m_axi_U/bus_read/rreq_burst_conv/ap_clk
    SLICE_X43Y35         FDRE                                         r  bd_0_i/hls_inst/inst/gmem_m_axi_U/bus_read/rreq_burst_conv/could_multi_bursts.burst_valid_reg/C
  -------------------------------------------------------------------    -------------------
    SLICE_X43Y35         FDRE (Prop_fdre_C_Q)         0.456     1.429 f  bd_0_i/hls_inst/inst/gmem_m_axi_U/bus_read/rreq_burst_conv/could_multi_bursts.burst_valid_reg/Q
                         net (fo=6, routed)           1.343     2.772    bd_0_i/hls_inst/inst/gmem_m_axi_U/bus_read/rreq_burst_conv/rs_req/sect_total_buf_reg[0]
    SLICE_X49Y45         LUT6 (Prop_lut6_I1_O)        0.124     2.896 r  bd_0_i/hls_inst/inst/gmem_m_axi_U/bus_read/rreq_burst_conv/rs_req/sect_addr_buf[63]_i_1/O
                         net (fo=100, routed)         0.596     3.492    bd_0_i/hls_inst/inst/gmem_m_axi_U/bus_read/rreq_burst_conv/rs_req/p_15_in
    SLICE_X49Y49         LUT5 (Prop_lut5_I0_O)        0.124     3.616 r  bd_0_i/hls_inst/inst/gmem_m_axi_U/bus_read/rreq_burst_conv/rs_req/sect_total[19]_i_1__0/O
                         net (fo=174, routed)         0.995     4.611    bd_0_i/hls_inst/inst/gmem_m_axi_U/bus_read/rreq_burst_conv/rs_req/next_req
    SLICE_X49Y51         LUT4 (Prop_lut4_I0_O)        0.149     4.760 r  bd_0_i/hls_inst/inst/gmem_m_axi_U/bus_read/rreq_burst_conv/rs_req/data_p1[95]_i_1__0/O
                         net (fo=92, routed)          0.674     5.434    bd_0_i/hls_inst/inst/gmem_m_axi_U/bus_read/rreq_burst_conv/rs_req/load_p1
    SLICE_X45Y45         FDRE                                         r  bd_0_i/hls_inst/inst/gmem_m_axi_U/bus_read/rreq_burst_conv/rs_req/data_p1_reg[7]/CE
  -------------------------------------------------------------------    -------------------

                         (clock ap_clk rise edge)     5.000     5.000 r  
                                                      0.000     5.000 r  ap_clk (IN)
                         net (fo=3249, unset)         0.924     5.924    bd_0_i/hls_inst/inst/gmem_m_axi_U/bus_read/rreq_burst_conv/rs_req/ap_clk
    SLICE_X45Y45         FDRE                                         r  bd_0_i/hls_inst/inst/gmem_m_axi_U/bus_read/rreq_burst_conv/rs_req/data_p1_reg[7]/C
                         clock pessimism              0.000     5.924    
                         clock uncertainty           -0.035     5.889    
    SLICE_X45Y45         FDRE (Setup_fdre_C_CE)      -0.413     5.476    bd_0_i/hls_inst/inst/gmem_m_axi_U/bus_read/rreq_burst_conv/rs_req/data_p1_reg[7]
  -------------------------------------------------------------------
                         required time                          5.476    
                         arrival time                          -5.434    
  -------------------------------------------------------------------
                         slack                                  0.042    





Min Delay Paths
--------------------------------------------------------------------------------------
Slack (MET) :             0.048ns  (arrival time - required time)
  Source:                 bd_0_i/hls_inst/inst/gmem_addr_2_reg_355_reg[31]/C
                            (rising edge-triggered cell FDRE clocked by ap_clk  {rise@0.000ns fall@2.500ns period=5.000ns})
  Destination:            bd_0_i/hls_inst/inst/gmem_m_axi_U/store_unit/fifo_wreq/U_fifo_srl/mem_reg[5][31]_srl6/D
                            (rising edge-triggered cell SRL16E clocked by ap_clk  {rise@0.000ns fall@2.500ns period=5.000ns})
  Path Group:             ap_clk
  Path Type:              Hold (Min at Fast Process Corner)
  Requirement:            0.000ns  (ap_clk rise@0.000ns - ap_clk rise@0.000ns)
  Data Path Delay:        0.253ns  (logic 0.141ns (55.730%)  route 0.112ns (44.270%))
  Logic Levels:           0  
  Clock Path Skew:        0.022ns (DCD - SCD - CPR)
    Destination Clock Delay (DCD):    0.432ns
    Source Clock Delay      (SCD):    0.410ns
    Clock Pessimism Removal (CPR):    -0.000ns

    Location             Delay type                Incr(ns)  Path(ns)    Netlist Resource(s)
  -------------------------------------------------------------------    -------------------
                         (clock ap_clk rise edge)     0.000     0.000 r  
                                                      0.000     0.000 r  ap_clk (IN)
                         net (fo=3249, unset)         0.410     0.410    bd_0_i/hls_inst/inst/ap_clk
    SLICE_X35Y51         FDRE                                         r  bd_0_i/hls_inst/inst/gmem_addr_2_reg_355_reg[31]/C
  -------------------------------------------------------------------    -------------------
    SLICE_X35Y51         FDRE (Prop_fdre_C_Q)         0.141     0.551 r  bd_0_i/hls_inst/inst/gmem_addr_2_reg_355_reg[31]/Q
                         net (fo=1, routed)           0.112     0.663    bd_0_i/hls_inst/inst/gmem_m_axi_U/store_unit/fifo_wreq/U_fifo_srl/dout_reg[94]_1[31]
    SLICE_X34Y52         SRL16E                                       r  bd_0_i/hls_inst/inst/gmem_m_axi_U/store_unit/fifo_wreq/U_fifo_srl/mem_reg[5][31]_srl6/D
  -------------------------------------------------------------------    -------------------

                         (clock ap_clk rise edge)     0.000     0.000 r  
                                                      0.000     0.000 r  ap_clk (IN)
                         net (fo=3249, unset)         0.432     0.432    bd_0_i/hls_inst/inst/gmem_m_axi_U/store_unit/fifo_wreq/U_fifo_srl/ap_clk
    SLICE_X34Y52         SRL16E                                       r  bd_0_i/hls_inst/inst/gmem_m_axi_U/store_unit/fifo_wreq/U_fifo_srl/mem_reg[5][31]_srl6/CLK
                         clock pessimism              0.000     0.432    
    SLICE_X34Y52         SRL16E (Hold_srl16e_CLK_D)
                                                      0.183     0.615    bd_0_i/hls_inst/inst/gmem_m_axi_U/store_unit/fifo_wreq/U_fifo_srl/mem_reg[5][31]_srl6
  -------------------------------------------------------------------
                         required time                         -0.615    
                         arrival time                           0.663    
  -------------------------------------------------------------------
                         slack                                  0.048    

Slack (MET) :             0.058ns  (arrival time - required time)
  Source:                 bd_0_i/hls_inst/inst/gmem_addr_2_reg_355_reg[36]/C
                            (rising edge-triggered cell FDRE clocked by ap_clk  {rise@0.000ns fall@2.500ns period=5.000ns})
  Destination:            bd_0_i/hls_inst/inst/gmem_m_axi_U/store_unit/fifo_wreq/U_fifo_srl/mem_reg[5][36]_srl6/D
                            (rising edge-triggered cell SRL16E clocked by ap_clk  {rise@0.000ns fall@2.500ns period=5.000ns})
  Path Group:             ap_clk
  Path Type:              Hold (Min at Fast Process Corner)
  Requirement:            0.000ns  (ap_clk rise@0.000ns - ap_clk rise@0.000ns)
  Data Path Delay:        0.197ns  (logic 0.141ns (71.611%)  route 0.056ns (28.389%))
  Logic Levels:           0  
  Clock Path Skew:        0.022ns (DCD - SCD - CPR)
    Destination Clock Delay (DCD):    0.432ns
    Source Clock Delay      (SCD):    0.410ns
    Clock Pessimism Removal (CPR):    -0.000ns

    Location             Delay type                Incr(ns)  Path(ns)    Netlist Resource(s)
  -------------------------------------------------------------------    -------------------
                         (clock ap_clk rise edge)     0.000     0.000 r  
                                                      0.000     0.000 r  ap_clk (IN)
                         net (fo=3249, unset)         0.410     0.410    bd_0_i/hls_inst/inst/ap_clk
    SLICE_X39Y47         FDRE                                         r  bd_0_i/hls_inst/inst/gmem_addr_2_reg_355_reg[36]/C
  -------------------------------------------------------------------    -------------------
    SLICE_X39Y47         FDRE (Prop_fdre_C_Q)         0.141     0.551 r  bd_0_i/hls_inst/inst/gmem_addr_2_reg_355_reg[36]/Q
                         net (fo=1, routed)           0.056     0.607    bd_0_i/hls_inst/inst/gmem_m_axi_U/store_unit/fifo_wreq/U_fifo_srl/dout_reg[94]_1[36]
    SLICE_X38Y47         SRL16E                                       r  bd_0_i/hls_inst/inst/gmem_m_axi_U/store_unit/fifo_wreq/U_fifo_srl/mem_reg[5][36]_srl6/D
  -------------------------------------------------------------------    -------------------

                         (clock ap_clk rise edge)     0.000     0.000 r  
                                                      0.000     0.000 r  ap_clk (IN)
                         net (fo=3249, unset)         0.432     0.432    bd_0_i/hls_inst/inst/gmem_m_axi_U/store_unit/fifo_wreq/U_fifo_srl/ap_clk
    SLICE_X38Y47         SRL16E                                       r  bd_0_i/hls_inst/inst/gmem_m_axi_U/store_unit/fifo_wreq/U_fifo_srl/mem_reg[5][36]_srl6/CLK
                         clock pessimism              0.000     0.432    
    SLICE_X38Y47         SRL16E (Hold_srl16e_CLK_D)
                                                      0.117     0.549    bd_0_i/hls_inst/inst/gmem_m_axi_U/store_unit/fifo_wreq/U_fifo_srl/mem_reg[5][36]_srl6
  -------------------------------------------------------------------
                         required time                         -0.549    
                         arrival time                           0.607    
  -------------------------------------------------------------------
                         slack                                  0.058    

Slack (MET) :             0.063ns  (arrival time - required time)
  Source:                 bd_0_i/hls_inst/inst/gmem_m_axi_U/bus_write/wreq_burst_conv/could_multi_bursts.addr_buf_reg[25]/C
                            (rising edge-triggered cell FDRE clocked by ap_clk  {rise@0.000ns fall@2.500ns period=5.000ns})
  Destination:            bd_0_i/hls_inst/inst/gmem_m_axi_U/bus_write/wreq_throttle/req_fifo/U_fifo_srl/mem_reg[14][25]_srl15/D
                            (rising edge-triggered cell SRL16E clocked by ap_clk  {rise@0.000ns fall@2.500ns period=5.000ns})
  Path Group:             ap_clk
  Path Type:              Hold (Min at Fast Process Corner)
  Requirement:            0.000ns  (ap_clk rise@0.000ns - ap_clk rise@0.000ns)
  Data Path Delay:        0.267ns  (logic 0.141ns (52.781%)  route 0.126ns (47.219%))
  Logic Levels:           0  
  Clock Path Skew:        0.022ns (DCD - SCD - CPR)
    Destination Clock Delay (DCD):    0.432ns
    Source Clock Delay      (SCD):    0.410ns
    Clock Pessimism Removal (CPR):    -0.000ns

    Location             Delay type                Incr(ns)  Path(ns)    Netlist Resource(s)
  -------------------------------------------------------------------    -------------------
                         (clock ap_clk rise edge)     0.000     0.000 r  
                                                      0.000     0.000 r  ap_clk (IN)
                         net (fo=3249, unset)         0.410     0.410    bd_0_i/hls_inst/inst/gmem_m_axi_U/bus_write/wreq_burst_conv/ap_clk
    SLICE_X29Y43         FDRE                                         r  bd_0_i/hls_inst/inst/gmem_m_axi_U/bus_write/wreq_burst_conv/could_multi_bursts.addr_buf_reg[25]/C
  -------------------------------------------------------------------    -------------------
    SLICE_X29Y43         FDRE (Prop_fdre_C_Q)         0.141     0.551 r  bd_0_i/hls_inst/inst/gmem_m_axi_U/bus_write/wreq_burst_conv/could_multi_bursts.addr_buf_reg[25]/Q
                         net (fo=2, routed)           0.126     0.677    bd_0_i/hls_inst/inst/gmem_m_axi_U/bus_write/wreq_throttle/req_fifo/U_fifo_srl/in[23]
    SLICE_X26Y42         SRL16E                                       r  bd_0_i/hls_inst/inst/gmem_m_axi_U/bus_write/wreq_throttle/req_fifo/U_fifo_srl/mem_reg[14][25]_srl15/D
  -------------------------------------------------------------------    -------------------

                         (clock ap_clk rise edge)     0.000     0.000 r  
                                                      0.000     0.000 r  ap_clk (IN)
                         net (fo=3249, unset)         0.432     0.432    bd_0_i/hls_inst/inst/gmem_m_axi_U/bus_write/wreq_throttle/req_fifo/U_fifo_srl/ap_clk
    SLICE_X26Y42         SRL16E                                       r  bd_0_i/hls_inst/inst/gmem_m_axi_U/bus_write/wreq_throttle/req_fifo/U_fifo_srl/mem_reg[14][25]_srl15/CLK
                         clock pessimism              0.000     0.432    
    SLICE_X26Y42         SRL16E (Hold_srl16e_CLK_D)
                                                      0.183     0.615    bd_0_i/hls_inst/inst/gmem_m_axi_U/bus_write/wreq_throttle/req_fifo/U_fifo_srl/mem_reg[14][25]_srl15
  -------------------------------------------------------------------
                         required time                         -0.615    
                         arrival time                           0.677    
  -------------------------------------------------------------------
                         slack                                  0.063    

Slack (MET) :             0.063ns  (arrival time - required time)
  Source:                 bd_0_i/hls_inst/inst/gmem_m_axi_U/bus_write/wreq_burst_conv/could_multi_bursts.addr_buf_reg[33]/C
                            (rising edge-triggered cell FDRE clocked by ap_clk  {rise@0.000ns fall@2.500ns period=5.000ns})
  Destination:            bd_0_i/hls_inst/inst/gmem_m_axi_U/bus_write/wreq_throttle/req_fifo/U_fifo_srl/mem_reg[14][33]_srl15/D
                            (rising edge-triggered cell SRL16E clocked by ap_clk  {rise@0.000ns fall@2.500ns period=5.000ns})
  Path Group:             ap_clk
  Path Type:              Hold (Min at Fast Process Corner)
  Requirement:            0.000ns  (ap_clk rise@0.000ns - ap_clk rise@0.000ns)
  Data Path Delay:        0.267ns  (logic 0.141ns (52.781%)  route 0.126ns (47.219%))
  Logic Levels:           0  
  Clock Path Skew:        0.022ns (DCD - SCD - CPR)
    Destination Clock Delay (DCD):    0.432ns
    Source Clock Delay      (SCD):    0.410ns
    Clock Pessimism Removal (CPR):    -0.000ns

    Location             Delay type                Incr(ns)  Path(ns)    Netlist Resource(s)
  -------------------------------------------------------------------    -------------------
                         (clock ap_clk rise edge)     0.000     0.000 r  
                                                      0.000     0.000 r  ap_clk (IN)
                         net (fo=3249, unset)         0.410     0.410    bd_0_i/hls_inst/inst/gmem_m_axi_U/bus_write/wreq_burst_conv/ap_clk
    SLICE_X29Y45         FDRE                                         r  bd_0_i/hls_inst/inst/gmem_m_axi_U/bus_write/wreq_burst_conv/could_multi_bursts.addr_buf_reg[33]/C
  -------------------------------------------------------------------    -------------------
    SLICE_X29Y45         FDRE (Prop_fdre_C_Q)         0.141     0.551 r  bd_0_i/hls_inst/inst/gmem_m_axi_U/bus_write/wreq_burst_conv/could_multi_bursts.addr_buf_reg[33]/Q
                         net (fo=2, routed)           0.126     0.677    bd_0_i/hls_inst/inst/gmem_m_axi_U/bus_write/wreq_throttle/req_fifo/U_fifo_srl/in[31]
    SLICE_X26Y44         SRL16E                                       r  bd_0_i/hls_inst/inst/gmem_m_axi_U/bus_write/wreq_throttle/req_fifo/U_fifo_srl/mem_reg[14][33]_srl15/D
  -------------------------------------------------------------------    -------------------

                         (clock ap_clk rise edge)     0.000     0.000 r  
                                                      0.000     0.000 r  ap_clk (IN)
                         net (fo=3249, unset)         0.432     0.432    bd_0_i/hls_inst/inst/gmem_m_axi_U/bus_write/wreq_throttle/req_fifo/U_fifo_srl/ap_clk
    SLICE_X26Y44         SRL16E                                       r  bd_0_i/hls_inst/inst/gmem_m_axi_U/bus_write/wreq_throttle/req_fifo/U_fifo_srl/mem_reg[14][33]_srl15/CLK
                         clock pessimism              0.000     0.432    
    SLICE_X26Y44         SRL16E (Hold_srl16e_CLK_D)
                                                      0.183     0.615    bd_0_i/hls_inst/inst/gmem_m_axi_U/bus_write/wreq_throttle/req_fifo/U_fifo_srl/mem_reg[14][33]_srl15
  -------------------------------------------------------------------
                         required time                         -0.615    
                         arrival time                           0.677    
  -------------------------------------------------------------------
                         slack                                  0.063    

Slack (MET) :             0.063ns  (arrival time - required time)
  Source:                 bd_0_i/hls_inst/inst/gmem_m_axi_U/bus_write/wreq_burst_conv/could_multi_bursts.addr_buf_reg[9]/C
                            (rising edge-triggered cell FDRE clocked by ap_clk  {rise@0.000ns fall@2.500ns period=5.000ns})
  Destination:            bd_0_i/hls_inst/inst/gmem_m_axi_U/bus_write/wreq_throttle/req_fifo/U_fifo_srl/mem_reg[14][9]_srl15/D
                            (rising edge-triggered cell SRL16E clocked by ap_clk  {rise@0.000ns fall@2.500ns period=5.000ns})
  Path Group:             ap_clk
  Path Type:              Hold (Min at Fast Process Corner)
  Requirement:            0.000ns  (ap_clk rise@0.000ns - ap_clk rise@0.000ns)
  Data Path Delay:        0.267ns  (logic 0.141ns (52.781%)  route 0.126ns (47.219%))
  Logic Levels:           0  
  Clock Path Skew:        0.022ns (DCD - SCD - CPR)
    Destination Clock Delay (DCD):    0.432ns
    Source Clock Delay      (SCD):    0.410ns
    Clock Pessimism Removal (CPR):    -0.000ns

    Location             Delay type                Incr(ns)  Path(ns)    Netlist Resource(s)
  -------------------------------------------------------------------    -------------------
                         (clock ap_clk rise edge)     0.000     0.000 r  
                                                      0.000     0.000 r  ap_clk (IN)
                         net (fo=3249, unset)         0.410     0.410    bd_0_i/hls_inst/inst/gmem_m_axi_U/bus_write/wreq_burst_conv/ap_clk
    SLICE_X29Y39         FDRE                                         r  bd_0_i/hls_inst/inst/gmem_m_axi_U/bus_write/wreq_burst_conv/could_multi_bursts.addr_buf_reg[9]/C
  -------------------------------------------------------------------    -------------------
    SLICE_X29Y39         FDRE (Prop_fdre_C_Q)         0.141     0.551 r  bd_0_i/hls_inst/inst/gmem_m_axi_U/bus_write/wreq_burst_conv/could_multi_bursts.addr_buf_reg[9]/Q
                         net (fo=2, routed)           0.126     0.677    bd_0_i/hls_inst/inst/gmem_m_axi_U/bus_write/wreq_throttle/req_fifo/U_fifo_srl/in[7]
    SLICE_X26Y38         SRL16E                                       r  bd_0_i/hls_inst/inst/gmem_m_axi_U/bus_write/wreq_throttle/req_fifo/U_fifo_srl/mem_reg[14][9]_srl15/D
  -------------------------------------------------------------------    -------------------

                         (clock ap_clk rise edge)     0.000     0.000 r  
                                                      0.000     0.000 r  ap_clk (IN)
                         net (fo=3249, unset)         0.432     0.432    bd_0_i/hls_inst/inst/gmem_m_axi_U/bus_write/wreq_throttle/req_fifo/U_fifo_srl/ap_clk
    SLICE_X26Y38         SRL16E                                       r  bd_0_i/hls_inst/inst/gmem_m_axi_U/bus_write/wreq_throttle/req_fifo/U_fifo_srl/mem_reg[14][9]_srl15/CLK
                         clock pessimism              0.000     0.432    
    SLICE_X26Y38         SRL16E (Hold_srl16e_CLK_D)
                                                      0.183     0.615    bd_0_i/hls_inst/inst/gmem_m_axi_U/bus_write/wreq_throttle/req_fifo/U_fifo_srl/mem_reg[14][9]_srl15
  -------------------------------------------------------------------
                         required time                         -0.615    
                         arrival time                           0.677    
  -------------------------------------------------------------------
                         slack                                  0.063    

Slack (MET) :             0.090ns  (arrival time - required time)
  Source:                 bd_0_i/hls_inst/inst/gmem_addr_2_reg_355_reg[7]/C
                            (rising edge-triggered cell FDRE clocked by ap_clk  {rise@0.000ns fall@2.500ns period=5.000ns})
  Destination:            bd_0_i/hls_inst/inst/gmem_m_axi_U/store_unit/fifo_wreq/U_fifo_srl/mem_reg[5][7]_srl6/D
                            (rising edge-triggered cell SRL16E clocked by ap_clk  {rise@0.000ns fall@2.500ns period=5.000ns})
  Path Group:             ap_clk
  Path Type:              Hold (Min at Fast Process Corner)
  Requirement:            0.000ns  (ap_clk rise@0.000ns - ap_clk rise@0.000ns)
  Data Path Delay:        0.241ns  (logic 0.128ns (53.025%)  route 0.113ns (46.975%))
  Logic Levels:           0  
  Clock Path Skew:        0.022ns (DCD - SCD - CPR)
    Destination Clock Delay (DCD):    0.432ns
    Source Clock Delay      (SCD):    0.410ns
    Clock Pessimism Removal (CPR):    -0.000ns

    Location             Delay type                Incr(ns)  Path(ns)    Netlist Resource(s)
  -------------------------------------------------------------------    -------------------
                         (clock ap_clk rise edge)     0.000     0.000 r  
                                                      0.000     0.000 r  ap_clk (IN)
                         net (fo=3249, unset)         0.410     0.410    bd_0_i/hls_inst/inst/ap_clk
    SLICE_X39Y40         FDRE                                         r  bd_0_i/hls_inst/inst/gmem_addr_2_reg_355_reg[7]/C
  -------------------------------------------------------------------    -------------------
    SLICE_X39Y40         FDRE (Prop_fdre_C_Q)         0.128     0.538 r  bd_0_i/hls_inst/inst/gmem_addr_2_reg_355_reg[7]/Q
                         net (fo=1, routed)           0.113     0.652    bd_0_i/hls_inst/inst/gmem_m_axi_U/store_unit/fifo_wreq/U_fifo_srl/dout_reg[94]_1[7]
    SLICE_X38Y40         SRL16E                                       r  bd_0_i/hls_inst/inst/gmem_m_axi_U/store_unit/fifo_wreq/U_fifo_srl/mem_reg[5][7]_srl6/D
  -------------------------------------------------------------------    -------------------

                         (clock ap_clk rise edge)     0.000     0.000 r  
                                                      0.000     0.000 r  ap_clk (IN)
                         net (fo=3249, unset)         0.432     0.432    bd_0_i/hls_inst/inst/gmem_m_axi_U/store_unit/fifo_wreq/U_fifo_srl/ap_clk
    SLICE_X38Y40         SRL16E                                       r  bd_0_i/hls_inst/inst/gmem_m_axi_U/store_unit/fifo_wreq/U_fifo_srl/mem_reg[5][7]_srl6/CLK
                         clock pessimism              0.000     0.432    
    SLICE_X38Y40         SRL16E (Hold_srl16e_CLK_D)
                                                      0.130     0.562    bd_0_i/hls_inst/inst/gmem_m_axi_U/store_unit/fifo_wreq/U_fifo_srl/mem_reg[5][7]_srl6
  -------------------------------------------------------------------
                         required time                         -0.562    
                         arrival time                           0.652    
  -------------------------------------------------------------------
                         slack                                  0.090    

Slack (MET) :             0.093ns  (arrival time - required time)
  Source:                 bd_0_i/hls_inst/inst/gmem_m_axi_U/bus_read/rs_rdata/data_p1_reg[12]/C
                            (rising edge-triggered cell FDRE clocked by ap_clk  {rise@0.000ns fall@2.500ns period=5.000ns})
  Destination:            bd_0_i/hls_inst/inst/gmem_m_axi_U/load_unit_0/buff_rdata/U_fifo_mem/mem_reg/DIADI[12]
                            (rising edge-triggered cell RAMB18E1 clocked by ap_clk  {rise@0.000ns fall@2.500ns period=5.000ns})
  Path Group:             ap_clk
  Path Type:              Hold (Min at Fast Process Corner)
  Requirement:            0.000ns  (ap_clk rise@0.000ns - ap_clk rise@0.000ns)
  Data Path Delay:        0.270ns  (logic 0.164ns (60.728%)  route 0.106ns (39.272%))
  Logic Levels:           0  
  Clock Path Skew:        0.022ns (DCD - SCD - CPR)
    Destination Clock Delay (DCD):    0.432ns
    Source Clock Delay      (SCD):    0.410ns
    Clock Pessimism Removal (CPR):    -0.000ns

    Location             Delay type                Incr(ns)  Path(ns)    Netlist Resource(s)
  -------------------------------------------------------------------    -------------------
                         (clock ap_clk rise edge)     0.000     0.000 r  
                                                      0.000     0.000 r  ap_clk (IN)
                         net (fo=3249, unset)         0.410     0.410    bd_0_i/hls_inst/inst/gmem_m_axi_U/bus_read/rs_rdata/ap_clk
    SLICE_X22Y28         FDRE                                         r  bd_0_i/hls_inst/inst/gmem_m_axi_U/bus_read/rs_rdata/data_p1_reg[12]/C
  -------------------------------------------------------------------    -------------------
    SLICE_X22Y28         FDRE (Prop_fdre_C_Q)         0.164     0.574 r  bd_0_i/hls_inst/inst/gmem_m_axi_U/bus_read/rs_rdata/data_p1_reg[12]/Q
                         net (fo=1, routed)           0.106     0.680    bd_0_i/hls_inst/inst/gmem_m_axi_U/load_unit_0/buff_rdata/U_fifo_mem/din[12]
    RAMB18_X1Y11         RAMB18E1                                     r  bd_0_i/hls_inst/inst/gmem_m_axi_U/load_unit_0/buff_rdata/U_fifo_mem/mem_reg/DIADI[12]
  -------------------------------------------------------------------    -------------------

                         (clock ap_clk rise edge)     0.000     0.000 r  
                                                      0.000     0.000 r  ap_clk (IN)
                         net (fo=3249, unset)         0.432     0.432    bd_0_i/hls_inst/inst/gmem_m_axi_U/load_unit_0/buff_rdata/U_fifo_mem/ap_clk
    RAMB18_X1Y11         RAMB18E1                                     r  bd_0_i/hls_inst/inst/gmem_m_axi_U/load_unit_0/buff_rdata/U_fifo_mem/mem_reg/CLKBWRCLK
                         clock pessimism              0.000     0.432    
    RAMB18_X1Y11         RAMB18E1 (Hold_ramb18e1_CLKBWRCLK_DIADI[12])
                                                      0.155     0.587    bd_0_i/hls_inst/inst/gmem_m_axi_U/load_unit_0/buff_rdata/U_fifo_mem/mem_reg
  -------------------------------------------------------------------
                         required time                         -0.587    
                         arrival time                           0.680    
  -------------------------------------------------------------------
                         slack                                  0.093    

Slack (MET) :             0.093ns  (arrival time - required time)
  Source:                 bd_0_i/hls_inst/inst/acc_reg_400_reg[10]/C
                            (rising edge-triggered cell FDRE clocked by ap_clk  {rise@0.000ns fall@2.500ns period=5.000ns})
  Destination:            bd_0_i/hls_inst/inst/gmem_m_axi_U/store_unit/buff_wdata/U_fifo_mem/mem_reg/DIADI[10]
                            (rising edge-triggered cell RAMB18E1 clocked by ap_clk  {rise@0.000ns fall@2.500ns period=5.000ns})
  Path Group:             ap_clk
  Path Type:              Hold (Min at Fast Process Corner)
  Requirement:            0.000ns  (ap_clk rise@0.000ns - ap_clk rise@0.000ns)
  Data Path Delay:        0.270ns  (logic 0.164ns (60.728%)  route 0.106ns (39.272%))
  Logic Levels:           0  
  Clock Path Skew:        0.022ns (DCD - SCD - CPR)
    Destination Clock Delay (DCD):    0.432ns
    Source Clock Delay      (SCD):    0.410ns
    Clock Pessimism Removal (CPR):    -0.000ns

    Location             Delay type                Incr(ns)  Path(ns)    Netlist Resource(s)
  -------------------------------------------------------------------    -------------------
                         (clock ap_clk rise edge)     0.000     0.000 r  
                                                      0.000     0.000 r  ap_clk (IN)
                         net (fo=3249, unset)         0.410     0.410    bd_0_i/hls_inst/inst/ap_clk
    SLICE_X32Y26         FDRE                                         r  bd_0_i/hls_inst/inst/acc_reg_400_reg[10]/C
  -------------------------------------------------------------------    -------------------
    SLICE_X32Y26         FDRE (Prop_fdre_C_Q)         0.164     0.574 r  bd_0_i/hls_inst/inst/acc_reg_400_reg[10]/Q
                         net (fo=1, routed)           0.106     0.680    bd_0_i/hls_inst/inst/gmem_m_axi_U/store_unit/buff_wdata/U_fifo_mem/mem_reg_4[10]
    RAMB18_X2Y10         RAMB18E1                                     r  bd_0_i/hls_inst/inst/gmem_m_axi_U/store_unit/buff_wdata/U_fifo_mem/mem_reg/DIADI[10]
  -------------------------------------------------------------------    -------------------

                         (clock ap_clk rise edge)     0.000     0.000 r  
                                                      0.000     0.000 r  ap_clk (IN)
                         net (fo=3249, unset)         0.432     0.432    bd_0_i/hls_inst/inst/gmem_m_axi_U/store_unit/buff_wdata/U_fifo_mem/ap_clk
    RAMB18_X2Y10         RAMB18E1                                     r  bd_0_i/hls_inst/inst/gmem_m_axi_U/store_unit/buff_wdata/U_fifo_mem/mem_reg/CLKBWRCLK
                         clock pessimism              0.000     0.432    
    RAMB18_X2Y10         RAMB18E1 (Hold_ramb18e1_CLKBWRCLK_DIADI[10])
                                                      0.155     0.587    bd_0_i/hls_inst/inst/gmem_m_axi_U/store_unit/buff_wdata/U_fifo_mem/mem_reg
  -------------------------------------------------------------------
                         required time                         -0.587    
                         arrival time                           0.680    
  -------------------------------------------------------------------
                         slack                                  0.093    

Slack (MET) :             0.093ns  (arrival time - required time)
  Source:                 bd_0_i/hls_inst/inst/acc_reg_400_reg[11]/C
                            (rising edge-triggered cell FDRE clocked by ap_clk  {rise@0.000ns fall@2.500ns period=5.000ns})
  Destination:            bd_0_i/hls_inst/inst/gmem_m_axi_U/store_unit/buff_wdata/U_fifo_mem/mem_reg/DIADI[11]
                            (rising edge-triggered cell RAMB18E1 clocked by ap_clk  {rise@0.000ns fall@2.500ns period=5.000ns})
  Path Group:             ap_clk
  Path Type:              Hold (Min at Fast Process Corner)
  Requirement:            0.000ns  (ap_clk rise@0.000ns - ap_clk rise@0.000ns)
  Data Path Delay:        0.270ns  (logic 0.164ns (60.728%)  route 0.106ns (39.272%))
  Logic Levels:           0  
  Clock Path Skew:        0.022ns (DCD - SCD - CPR)
    Destination Clock Delay (DCD):    0.432ns
    Source Clock Delay      (SCD):    0.410ns
    Clock Pessimism Removal (CPR):    -0.000ns

    Location             Delay type                Incr(ns)  Path(ns)    Netlist Resource(s)
  -------------------------------------------------------------------    -------------------
                         (clock ap_clk rise edge)     0.000     0.000 r  
                                                      0.000     0.000 r  ap_clk (IN)
                         net (fo=3249, unset)         0.410     0.410    bd_0_i/hls_inst/inst/ap_clk
    SLICE_X32Y26         FDRE                                         r  bd_0_i/hls_inst/inst/acc_reg_400_reg[11]/C
  -------------------------------------------------------------------    -------------------
    SLICE_X32Y26         FDRE (Prop_fdre_C_Q)         0.164     0.574 r  bd_0_i/hls_inst/inst/acc_reg_400_reg[11]/Q
                         net (fo=1, routed)           0.106     0.680    bd_0_i/hls_inst/inst/gmem_m_axi_U/store_unit/buff_wdata/U_fifo_mem/mem_reg_4[11]
    RAMB18_X2Y10         RAMB18E1                                     r  bd_0_i/hls_inst/inst/gmem_m_axi_U/store_unit/buff_wdata/U_fifo_mem/mem_reg/DIADI[11]
  -------------------------------------------------------------------    -------------------

                         (clock ap_clk rise edge)     0.000     0.000 r  
                                                      0.000     0.000 r  ap_clk (IN)
                         net (fo=3249, unset)         0.432     0.432    bd_0_i/hls_inst/inst/gmem_m_axi_U/store_unit/buff_wdata/U_fifo_mem/ap_clk
    RAMB18_X2Y10         RAMB18E1                                     r  bd_0_i/hls_inst/inst/gmem_m_axi_U/store_unit/buff_wdata/U_fifo_mem/mem_reg/CLKBWRCLK
                         clock pessimism              0.000     0.432    
    RAMB18_X2Y10         RAMB18E1 (Hold_ramb18e1_CLKBWRCLK_DIADI[11])
                                                      0.155     0.587    bd_0_i/hls_inst/inst/gmem_m_axi_U/store_unit/buff_wdata/U_fifo_mem/mem_reg
  -------------------------------------------------------------------
                         required time                         -0.587    
                         arrival time                           0.680    
  -------------------------------------------------------------------
                         slack                                  0.093    

Slack (MET) :             0.093ns  (arrival time - required time)
  Source:                 bd_0_i/hls_inst/inst/acc_reg_400_reg[8]/C
                            (rising edge-triggered cell FDRE clocked by ap_clk  {rise@0.000ns fall@2.500ns period=5.000ns})
  Destination:            bd_0_i/hls_inst/inst/gmem_m_axi_U/store_unit/buff_wdata/U_fifo_mem/mem_reg/DIADI[8]
                            (rising edge-triggered cell RAMB18E1 clocked by ap_clk  {rise@0.000ns fall@2.500ns period=5.000ns})
  Path Group:             ap_clk
  Path Type:              Hold (Min at Fast Process Corner)
  Requirement:            0.000ns  (ap_clk rise@0.000ns - ap_clk rise@0.000ns)
  Data Path Delay:        0.270ns  (logic 0.164ns (60.728%)  route 0.106ns (39.272%))
  Logic Levels:           0  
  Clock Path Skew:        0.022ns (DCD - SCD - CPR)
    Destination Clock Delay (DCD):    0.432ns
    Source Clock Delay      (SCD):    0.410ns
    Clock Pessimism Removal (CPR):    -0.000ns

    Location             Delay type                Incr(ns)  Path(ns)    Netlist Resource(s)
  -------------------------------------------------------------------    -------------------
                         (clock ap_clk rise edge)     0.000     0.000 r  
                                                      0.000     0.000 r  ap_clk (IN)
                         net (fo=3249, unset)         0.410     0.410    bd_0_i/hls_inst/inst/ap_clk
    SLICE_X32Y26         FDRE                                         r  bd_0_i/hls_inst/inst/acc_reg_400_reg[8]/C
  -------------------------------------------------------------------    -------------------
    SLICE_X32Y26         FDRE (Prop_fdre_C_Q)         0.164     0.574 r  bd_0_i/hls_inst/inst/acc_reg_400_reg[8]/Q
                         net (fo=1, routed)           0.106     0.680    bd_0_i/hls_inst/inst/gmem_m_axi_U/store_unit/buff_wdata/U_fifo_mem/mem_reg_4[8]
    RAMB18_X2Y10         RAMB18E1                                     r  bd_0_i/hls_inst/inst/gmem_m_axi_U/store_unit/buff_wdata/U_fifo_mem/mem_reg/DIADI[8]
  -------------------------------------------------------------------    -------------------

                         (clock ap_clk rise edge)     0.000     0.000 r  
                                                      0.000     0.000 r  ap_clk (IN)
                         net (fo=3249, unset)         0.432     0.432    bd_0_i/hls_inst/inst/gmem_m_axi_U/store_unit/buff_wdata/U_fifo_mem/ap_clk
    RAMB18_X2Y10         RAMB18E1                                     r  bd_0_i/hls_inst/inst/gmem_m_axi_U/store_unit/buff_wdata/U_fifo_mem/mem_reg/CLKBWRCLK
                         clock pessimism              0.000     0.432    
    RAMB18_X2Y10         RAMB18E1 (Hold_ramb18e1_CLKBWRCLK_DIADI[8])
                                                      0.155     0.587    bd_0_i/hls_inst/inst/gmem_m_axi_U/store_unit/buff_wdata/U_fifo_mem/mem_reg
  -------------------------------------------------------------------
                         required time                         -0.587    
                         arrival time                           0.680    
  -------------------------------------------------------------------
                         slack                                  0.093    





Pulse Width Checks
--------------------------------------------------------------------------------------
Clock Name:         ap_clk
Waveform(ns):       { 0.000 2.500 }
Period(ns):         5.000
Sources:            { ap_clk }

Check Type        Corner  Lib Pin             Reference Pin  Required(ns)  Actual(ns)  Slack(ns)  Location      Pin
Min Period        n/a     DSP48E1/CLK         n/a            3.884         5.000       1.116      DSP48_X2Y10   bd_0_i/hls_inst/inst/mul_32s_32s_32_5_1_U8/buff0_reg/CLK
Min Period        n/a     RAMB18E1/CLKARDCLK  n/a            2.944         5.000       2.056      RAMB18_X1Y10  bd_0_i/hls_inst/inst/c_U/ram_reg/CLKARDCLK
Min Period        n/a     RAMB18E1/CLKBWRCLK  n/a            2.944         5.000       2.056      RAMB18_X1Y10  bd_0_i/hls_inst/inst/c_U/ram_reg/CLKBWRCLK
Min Period        n/a     RAMB18E1/CLKARDCLK  n/a            2.944         5.000       2.056      RAMB18_X1Y11  bd_0_i/hls_inst/inst/gmem_m_axi_U/load_unit_0/buff_rdata/U_fifo_mem/mem_reg/CLKARDCLK
Min Period        n/a     RAMB18E1/CLKBWRCLK  n/a            2.944         5.000       2.056      RAMB18_X1Y11  bd_0_i/hls_inst/inst/gmem_m_axi_U/load_unit_0/buff_rdata/U_fifo_mem/mem_reg/CLKBWRCLK
Min Period        n/a     RAMB18E1/CLKARDCLK  n/a            2.944         5.000       2.056      RAMB18_X2Y10  bd_0_i/hls_inst/inst/gmem_m_axi_U/store_unit/buff_wdata/U_fifo_mem/mem_reg/CLKARDCLK
Min Period        n/a     RAMB18E1/CLKBWRCLK  n/a            2.944         5.000       2.056      RAMB18_X2Y10  bd_0_i/hls_inst/inst/gmem_m_axi_U/store_unit/buff_wdata/U_fifo_mem/mem_reg/CLKBWRCLK
Min Period        n/a     RAMB18E1/CLKARDCLK  n/a            2.944         5.000       2.056      RAMB18_X1Y8   bd_0_i/hls_inst/inst/shift_reg_U/ram_reg/CLKARDCLK
Min Period        n/a     RAMB18E1/CLKBWRCLK  n/a            2.944         5.000       2.056      RAMB18_X1Y8   bd_0_i/hls_inst/inst/shift_reg_U/ram_reg/CLKBWRCLK
Min Period        n/a     DSP48E1/CLK         n/a            2.154         5.000       2.846      DSP48_X2Y11   bd_0_i/hls_inst/inst/mul_32s_32s_32_5_1_U8/buff1_reg/CLK
Low Pulse Width   Slow    SRL16E/CLK          n/a            0.980         2.500       1.520      SLICE_X42Y29  bd_0_i/hls_inst/inst/gmem_m_axi_U/bus_read/fifo_burst/U_fifo_srl/mem_reg[14][0]_srl15/CLK
Low Pulse Width   Fast    SRL16E/CLK          n/a            0.980         2.500       1.520      SLICE_X42Y29  bd_0_i/hls_inst/inst/gmem_m_axi_U/bus_read/fifo_burst/U_fifo_srl/mem_reg[14][0]_srl15/CLK
Low Pulse Width   Slow    SRL16E/CLK          n/a            0.980         2.500       1.520      SLICE_X30Y36  bd_0_i/hls_inst/inst/gmem_m_axi_U/bus_write/fifo_burst/U_fifo_srl/mem_reg[14][0]_srl15/CLK
Low Pulse Width   Fast    SRL16E/CLK          n/a            0.980         2.500       1.520      SLICE_X30Y36  bd_0_i/hls_inst/inst/gmem_m_axi_U/bus_write/fifo_burst/U_fifo_srl/mem_reg[14][0]_srl15/CLK
Low Pulse Width   Slow    SRL16E/CLK          n/a            0.980         2.500       1.520      SLICE_X30Y36  bd_0_i/hls_inst/inst/gmem_m_axi_U/bus_write/fifo_burst/U_fifo_srl/mem_reg[14][1]_srl15/CLK
Low Pulse Width   Fast    SRL16E/CLK          n/a            0.980         2.500       1.520      SLICE_X30Y36  bd_0_i/hls_inst/inst/gmem_m_axi_U/bus_write/fifo_burst/U_fifo_srl/mem_reg[14][1]_srl15/CLK
Low Pulse Width   Slow    SRL16E/CLK          n/a            0.980         2.500       1.520      SLICE_X30Y36  bd_0_i/hls_inst/inst/gmem_m_axi_U/bus_write/fifo_burst/U_fifo_srl/mem_reg[14][2]_srl15/CLK
Low Pulse Width   Fast    SRL16E/CLK          n/a            0.980         2.500       1.520      SLICE_X30Y36  bd_0_i/hls_inst/inst/gmem_m_axi_U/bus_write/fifo_burst/U_fifo_srl/mem_reg[14][2]_srl15/CLK
Low Pulse Width   Slow    SRL16E/CLK          n/a            0.980         2.500       1.520      SLICE_X30Y36  bd_0_i/hls_inst/inst/gmem_m_axi_U/bus_write/fifo_burst/U_fifo_srl/mem_reg[14][3]_srl15/CLK
Low Pulse Width   Fast    SRL16E/CLK          n/a            0.980         2.500       1.520      SLICE_X30Y36  bd_0_i/hls_inst/inst/gmem_m_axi_U/bus_write/fifo_burst/U_fifo_srl/mem_reg[14][3]_srl15/CLK
High Pulse Width  Slow    SRL16E/CLK          n/a            0.980         2.500       1.520      SLICE_X42Y29  bd_0_i/hls_inst/inst/gmem_m_axi_U/bus_read/fifo_burst/U_fifo_srl/mem_reg[14][0]_srl15/CLK
High Pulse Width  Fast    SRL16E/CLK          n/a            0.980         2.500       1.520      SLICE_X42Y29  bd_0_i/hls_inst/inst/gmem_m_axi_U/bus_read/fifo_burst/U_fifo_srl/mem_reg[14][0]_srl15/CLK
High Pulse Width  Slow    SRL16E/CLK          n/a            0.980         2.500       1.520      SLICE_X30Y36  bd_0_i/hls_inst/inst/gmem_m_axi_U/bus_write/fifo_burst/U_fifo_srl/mem_reg[14][0]_srl15/CLK
High Pulse Width  Fast    SRL16E/CLK          n/a            0.980         2.500       1.520      SLICE_X30Y36  bd_0_i/hls_inst/inst/gmem_m_axi_U/bus_write/fifo_burst/U_fifo_srl/mem_reg[14][0]_srl15/CLK
High Pulse Width  Slow    SRL16E/CLK          n/a            0.980         2.500       1.520      SLICE_X30Y36  bd_0_i/hls_inst/inst/gmem_m_axi_U/bus_write/fifo_burst/U_fifo_srl/mem_reg[14][1]_srl15/CLK
High Pulse Width  Fast    SRL16E/CLK          n/a            0.980         2.500       1.520      SLICE_X30Y36  bd_0_i/hls_inst/inst/gmem_m_axi_U/bus_write/fifo_burst/U_fifo_srl/mem_reg[14][1]_srl15/CLK
High Pulse Width  Slow    SRL16E/CLK          n/a            0.980         2.500       1.520      SLICE_X30Y36  bd_0_i/hls_inst/inst/gmem_m_axi_U/bus_write/fifo_burst/U_fifo_srl/mem_reg[14][2]_srl15/CLK
High Pulse Width  Fast    SRL16E/CLK          n/a            0.980         2.500       1.520      SLICE_X30Y36  bd_0_i/hls_inst/inst/gmem_m_axi_U/bus_write/fifo_burst/U_fifo_srl/mem_reg[14][2]_srl15/CLK
High Pulse Width  Slow    SRL16E/CLK          n/a            0.980         2.500       1.520      SLICE_X30Y36  bd_0_i/hls_inst/inst/gmem_m_axi_U/bus_write/fifo_burst/U_fifo_srl/mem_reg[14][3]_srl15/CLK
High Pulse Width  Fast    SRL16E/CLK          n/a            0.980         2.500       1.520      SLICE_X30Y36  bd_0_i/hls_inst/inst/gmem_m_axi_U/bus_write/fifo_burst/U_fifo_srl/mem_reg[14][3]_srl15/CLK



--------------------------------------------------------------------------------------
Path Group:  (none)
From Clock:  ap_clk
  To Clock:  

Max Delay           212 Endpoints
Min Delay           212 Endpoints
--------------------------------------------------------------------------------------


Max Delay Paths
--------------------------------------------------------------------------------------
Slack:                    inf
  Source:                 bd_0_i/hls_inst/inst/gmem_m_axi_U/bus_write/wreq_throttle/last_cnt_reg[1]/C
                            (rising edge-triggered cell FDRE clocked by ap_clk  {rise@0.000ns fall@2.500ns period=5.000ns})
  Destination:            m_axi_gmem_wvalid
                            (output port)
  Path Group:             (none)
  Path Type:              Max at Slow Process Corner
  Data Path Delay:        3.209ns  (logic 0.792ns (24.678%)  route 2.417ns (75.322%))
  Logic Levels:           2  (LUT3=1 LUT5=1)
  Clock Uncertainty:      0.025ns  ((TSJ^2 + TIJ^2)^1/2 + DJ) / 2 + PE
    Total System Jitter     (TSJ):    0.050ns
    Total Input Jitter      (TIJ):    0.000ns
    Discrete Jitter          (DJ):    0.000ns
    Phase Error              (PE):    0.000ns

    Location             Delay type                Incr(ns)  Path(ns)    Netlist Resource(s)
  -------------------------------------------------------------------    -------------------
                         (clock ap_clk rise edge)     0.000     0.000 r  
                                                      0.000     0.000 r  ap_clk (IN)
                         net (fo=3249, unset)         0.973     0.973    bd_0_i/hls_inst/inst/gmem_m_axi_U/bus_write/wreq_throttle/ap_clk
    SLICE_X26Y34         FDRE                                         r  bd_0_i/hls_inst/inst/gmem_m_axi_U/bus_write/wreq_throttle/last_cnt_reg[1]/C
  -------------------------------------------------------------------    -------------------
    SLICE_X26Y34         FDRE (Prop_fdre_C_Q)         0.518     1.491 r  bd_0_i/hls_inst/inst/gmem_m_axi_U/bus_write/wreq_throttle/last_cnt_reg[1]/Q
                         net (fo=7, routed)           0.842     2.333    bd_0_i/hls_inst/inst/gmem_m_axi_U/bus_write/wreq_throttle/data_fifo/U_fifo_srl/Q[1]
    SLICE_X26Y35         LUT5 (Prop_lut5_I1_O)        0.124     2.457 r  bd_0_i/hls_inst/inst/gmem_m_axi_U/bus_write/wreq_throttle/data_fifo/U_fifo_srl/m_axi_gmem_WVALID_INST_0_i_1/O
                         net (fo=5, routed)           0.603     3.059    bd_0_i/hls_inst/inst/gmem_m_axi_U/bus_write/wreq_throttle/data_fifo/data_en__3
    SLICE_X27Y34         LUT3 (Prop_lut3_I2_O)        0.150     3.209 r  bd_0_i/hls_inst/inst/gmem_m_axi_U/bus_write/wreq_throttle/data_fifo/m_axi_gmem_WVALID_INST_0/O
                         net (fo=0)                   0.973     4.182    m_axi_gmem_wvalid
                                                                      r  m_axi_gmem_wvalid (OUT)
  -------------------------------------------------------------------    -------------------

Slack:                    inf
  Source:                 bd_0_i/hls_inst/inst/gmem_m_axi_U/bus_write/wreq_throttle/rs_req/data_p1_reg[11]/C
                            (rising edge-triggered cell FDRE clocked by ap_clk  {rise@0.000ns fall@2.500ns period=5.000ns})
  Destination:            m_axi_gmem_awaddr[11]
                            (output port)
  Path Group:             (none)
  Path Type:              Max at Slow Process Corner
  Data Path Delay:        1.491ns  (logic 0.518ns (34.742%)  route 0.973ns (65.258%))
  Logic Levels:           0  
  Clock Uncertainty:      0.025ns  ((TSJ^2 + TIJ^2)^1/2 + DJ) / 2 + PE
    Total System Jitter     (TSJ):    0.050ns
    Total Input Jitter      (TIJ):    0.000ns
    Discrete Jitter          (DJ):    0.000ns
    Phase Error              (PE):    0.000ns

    Location             Delay type                Incr(ns)  Path(ns)    Netlist Resource(s)
  -------------------------------------------------------------------    -------------------
                         (clock ap_clk rise edge)     0.000     0.000 r  
                                                      0.000     0.000 r  ap_clk (IN)
                         net (fo=3249, unset)         0.973     0.973    bd_0_i/hls_inst/inst/gmem_m_axi_U/bus_write/wreq_throttle/rs_req/ap_clk
    SLICE_X26Y39         FDRE                                         r  bd_0_i/hls_inst/inst/gmem_m_axi_U/bus_write/wreq_throttle/rs_req/data_p1_reg[11]/C
  -------------------------------------------------------------------    -------------------
    SLICE_X26Y39         FDRE (Prop_fdre_C_Q)         0.518     1.491 r  bd_0_i/hls_inst/inst/gmem_m_axi_U/bus_write/wreq_throttle/rs_req/data_p1_reg[11]/Q
                         net (fo=0)                   0.973     2.464    m_axi_gmem_awaddr[11]
                                                                      r  m_axi_gmem_awaddr[11] (OUT)
  -------------------------------------------------------------------    -------------------

Slack:                    inf
  Source:                 bd_0_i/hls_inst/inst/gmem_m_axi_U/bus_write/wreq_throttle/rs_req/data_p1_reg[13]/C
                            (rising edge-triggered cell FDRE clocked by ap_clk  {rise@0.000ns fall@2.500ns period=5.000ns})
  Destination:            m_axi_gmem_awaddr[13]
                            (output port)
  Path Group:             (none)
  Path Type:              Max at Slow Process Corner
  Data Path Delay:        1.491ns  (logic 0.518ns (34.742%)  route 0.973ns (65.258%))
  Logic Levels:           0  
  Clock Uncertainty:      0.025ns  ((TSJ^2 + TIJ^2)^1/2 + DJ) / 2 + PE
    Total System Jitter     (TSJ):    0.050ns
    Total Input Jitter      (TIJ):    0.000ns
    Discrete Jitter          (DJ):    0.000ns
    Phase Error              (PE):    0.000ns

    Location             Delay type                Incr(ns)  Path(ns)    Netlist Resource(s)
  -------------------------------------------------------------------    -------------------
                         (clock ap_clk rise edge)     0.000     0.000 r  
                                                      0.000     0.000 r  ap_clk (IN)
                         net (fo=3249, unset)         0.973     0.973    bd_0_i/hls_inst/inst/gmem_m_axi_U/bus_write/wreq_throttle/rs_req/ap_clk
    SLICE_X26Y39         FDRE                                         r  bd_0_i/hls_inst/inst/gmem_m_axi_U/bus_write/wreq_throttle/rs_req/data_p1_reg[13]/C
  -------------------------------------------------------------------    -------------------
    SLICE_X26Y39         FDRE (Prop_fdre_C_Q)         0.518     1.491 r  bd_0_i/hls_inst/inst/gmem_m_axi_U/bus_write/wreq_throttle/rs_req/data_p1_reg[13]/Q
                         net (fo=0)                   0.973     2.464    m_axi_gmem_awaddr[13]
                                                                      r  m_axi_gmem_awaddr[13] (OUT)
  -------------------------------------------------------------------    -------------------

Slack:                    inf
  Source:                 bd_0_i/hls_inst/inst/gmem_m_axi_U/bus_write/wreq_throttle/rs_req/data_p1_reg[16]/C
                            (rising edge-triggered cell FDRE clocked by ap_clk  {rise@0.000ns fall@2.500ns period=5.000ns})
  Destination:            m_axi_gmem_awaddr[16]
                            (output port)
  Path Group:             (none)
  Path Type:              Max at Slow Process Corner
  Data Path Delay:        1.491ns  (logic 0.518ns (34.742%)  route 0.973ns (65.258%))
  Logic Levels:           0  
  Clock Uncertainty:      0.025ns  ((TSJ^2 + TIJ^2)^1/2 + DJ) / 2 + PE
    Total System Jitter     (TSJ):    0.050ns
    Total Input Jitter      (TIJ):    0.000ns
    Discrete Jitter          (DJ):    0.000ns
    Phase Error              (PE):    0.000ns

    Location             Delay type                Incr(ns)  Path(ns)    Netlist Resource(s)
  -------------------------------------------------------------------    -------------------
                         (clock ap_clk rise edge)     0.000     0.000 r  
                                                      0.000     0.000 r  ap_clk (IN)
                         net (fo=3249, unset)         0.973     0.973    bd_0_i/hls_inst/inst/gmem_m_axi_U/bus_write/wreq_throttle/rs_req/ap_clk
    SLICE_X26Y39         FDRE                                         r  bd_0_i/hls_inst/inst/gmem_m_axi_U/bus_write/wreq_throttle/rs_req/data_p1_reg[16]/C
  -------------------------------------------------------------------    -------------------
    SLICE_X26Y39         FDRE (Prop_fdre_C_Q)         0.518     1.491 r  bd_0_i/hls_inst/inst/gmem_m_axi_U/bus_write/wreq_throttle/rs_req/data_p1_reg[16]/Q
                         net (fo=0)                   0.973     2.464    m_axi_gmem_awaddr[16]
                                                                      r  m_axi_gmem_awaddr[16] (OUT)
  -------------------------------------------------------------------    -------------------

Slack:                    inf
  Source:                 bd_0_i/hls_inst/inst/gmem_m_axi_U/bus_write/wreq_throttle/rs_req/data_p1_reg[26]/C
                            (rising edge-triggered cell FDRE clocked by ap_clk  {rise@0.000ns fall@2.500ns period=5.000ns})
  Destination:            m_axi_gmem_awaddr[26]
                            (output port)
  Path Group:             (none)
  Path Type:              Max at Slow Process Corner
  Data Path Delay:        1.491ns  (logic 0.518ns (34.742%)  route 0.973ns (65.258%))
  Logic Levels:           0  
  Clock Uncertainty:      0.025ns  ((TSJ^2 + TIJ^2)^1/2 + DJ) / 2 + PE
    Total System Jitter     (TSJ):    0.050ns
    Total Input Jitter      (TIJ):    0.000ns
    Discrete Jitter          (DJ):    0.000ns
    Phase Error              (PE):    0.000ns

    Location             Delay type                Incr(ns)  Path(ns)    Netlist Resource(s)
  -------------------------------------------------------------------    -------------------
                         (clock ap_clk rise edge)     0.000     0.000 r  
                                                      0.000     0.000 r  ap_clk (IN)
                         net (fo=3249, unset)         0.973     0.973    bd_0_i/hls_inst/inst/gmem_m_axi_U/bus_write/wreq_throttle/rs_req/ap_clk
    SLICE_X22Y43         FDRE                                         r  bd_0_i/hls_inst/inst/gmem_m_axi_U/bus_write/wreq_throttle/rs_req/data_p1_reg[26]/C
  -------------------------------------------------------------------    -------------------
    SLICE_X22Y43         FDRE (Prop_fdre_C_Q)         0.518     1.491 r  bd_0_i/hls_inst/inst/gmem_m_axi_U/bus_write/wreq_throttle/rs_req/data_p1_reg[26]/Q
                         net (fo=0)                   0.973     2.464    m_axi_gmem_awaddr[26]
                                                                      r  m_axi_gmem_awaddr[26] (OUT)
  -------------------------------------------------------------------    -------------------

Slack:                    inf
  Source:                 bd_0_i/hls_inst/inst/gmem_m_axi_U/bus_write/wreq_throttle/rs_req/data_p1_reg[28]/C
                            (rising edge-triggered cell FDRE clocked by ap_clk  {rise@0.000ns fall@2.500ns period=5.000ns})
  Destination:            m_axi_gmem_awaddr[28]
                            (output port)
  Path Group:             (none)
  Path Type:              Max at Slow Process Corner
  Data Path Delay:        1.491ns  (logic 0.518ns (34.742%)  route 0.973ns (65.258%))
  Logic Levels:           0  
  Clock Uncertainty:      0.025ns  ((TSJ^2 + TIJ^2)^1/2 + DJ) / 2 + PE
    Total System Jitter     (TSJ):    0.050ns
    Total Input Jitter      (TIJ):    0.000ns
    Discrete Jitter          (DJ):    0.000ns
    Phase Error              (PE):    0.000ns

    Location             Delay type                Incr(ns)  Path(ns)    Netlist Resource(s)
  -------------------------------------------------------------------    -------------------
                         (clock ap_clk rise edge)     0.000     0.000 r  
                                                      0.000     0.000 r  ap_clk (IN)
                         net (fo=3249, unset)         0.973     0.973    bd_0_i/hls_inst/inst/gmem_m_axi_U/bus_write/wreq_throttle/rs_req/ap_clk
    SLICE_X26Y45         FDRE                                         r  bd_0_i/hls_inst/inst/gmem_m_axi_U/bus_write/wreq_throttle/rs_req/data_p1_reg[28]/C
  -------------------------------------------------------------------    -------------------
    SLICE_X26Y45         FDRE (Prop_fdre_C_Q)         0.518     1.491 r  bd_0_i/hls_inst/inst/gmem_m_axi_U/bus_write/wreq_throttle/rs_req/data_p1_reg[28]/Q
                         net (fo=0)                   0.973     2.464    m_axi_gmem_awaddr[28]
                                                                      r  m_axi_gmem_awaddr[28] (OUT)
  -------------------------------------------------------------------    -------------------

Slack:                    inf
  Source:                 bd_0_i/hls_inst/inst/gmem_m_axi_U/bus_write/wreq_throttle/rs_req/data_p1_reg[29]/C
                            (rising edge-triggered cell FDRE clocked by ap_clk  {rise@0.000ns fall@2.500ns period=5.000ns})
  Destination:            m_axi_gmem_awaddr[29]
                            (output port)
  Path Group:             (none)
  Path Type:              Max at Slow Process Corner
  Data Path Delay:        1.491ns  (logic 0.518ns (34.742%)  route 0.973ns (65.258%))
  Logic Levels:           0  
  Clock Uncertainty:      0.025ns  ((TSJ^2 + TIJ^2)^1/2 + DJ) / 2 + PE
    Total System Jitter     (TSJ):    0.050ns
    Total Input Jitter      (TIJ):    0.000ns
    Discrete Jitter          (DJ):    0.000ns
    Phase Error              (PE):    0.000ns

    Location             Delay type                Incr(ns)  Path(ns)    Netlist Resource(s)
  -------------------------------------------------------------------    -------------------
                         (clock ap_clk rise edge)     0.000     0.000 r  
                                                      0.000     0.000 r  ap_clk (IN)
                         net (fo=3249, unset)         0.973     0.973    bd_0_i/hls_inst/inst/gmem_m_axi_U/bus_write/wreq_throttle/rs_req/ap_clk
    SLICE_X26Y45         FDRE                                         r  bd_0_i/hls_inst/inst/gmem_m_axi_U/bus_write/wreq_throttle/rs_req/data_p1_reg[29]/C
  -------------------------------------------------------------------    -------------------
    SLICE_X26Y45         FDRE (Prop_fdre_C_Q)         0.518     1.491 r  bd_0_i/hls_inst/inst/gmem_m_axi_U/bus_write/wreq_throttle/rs_req/data_p1_reg[29]/Q
                         net (fo=0)                   0.973     2.464    m_axi_gmem_awaddr[29]
                                                                      r  m_axi_gmem_awaddr[29] (OUT)
  -------------------------------------------------------------------    -------------------

Slack:                    inf
  Source:                 bd_0_i/hls_inst/inst/gmem_m_axi_U/bus_write/wreq_throttle/rs_req/data_p1_reg[30]/C
                            (rising edge-triggered cell FDRE clocked by ap_clk  {rise@0.000ns fall@2.500ns period=5.000ns})
  Destination:            m_axi_gmem_awaddr[30]
                            (output port)
  Path Group:             (none)
  Path Type:              Max at Slow Process Corner
  Data Path Delay:        1.491ns  (logic 0.518ns (34.742%)  route 0.973ns (65.258%))
  Logic Levels:           0  
  Clock Uncertainty:      0.025ns  ((TSJ^2 + TIJ^2)^1/2 + DJ) / 2 + PE
    Total System Jitter     (TSJ):    0.050ns
    Total Input Jitter      (TIJ):    0.000ns
    Discrete Jitter          (DJ):    0.000ns
    Phase Error              (PE):    0.000ns

    Location             Delay type                Incr(ns)  Path(ns)    Netlist Resource(s)
  -------------------------------------------------------------------    -------------------
                         (clock ap_clk rise edge)     0.000     0.000 r  
                                                      0.000     0.000 r  ap_clk (IN)
                         net (fo=3249, unset)         0.973     0.973    bd_0_i/hls_inst/inst/gmem_m_axi_U/bus_write/wreq_throttle/rs_req/ap_clk
    SLICE_X22Y43         FDRE                                         r  bd_0_i/hls_inst/inst/gmem_m_axi_U/bus_write/wreq_throttle/rs_req/data_p1_reg[30]/C
  -------------------------------------------------------------------    -------------------
    SLICE_X22Y43         FDRE (Prop_fdre_C_Q)         0.518     1.491 r  bd_0_i/hls_inst/inst/gmem_m_axi_U/bus_write/wreq_throttle/rs_req/data_p1_reg[30]/Q
                         net (fo=0)                   0.973     2.464    m_axi_gmem_awaddr[30]
                                                                      r  m_axi_gmem_awaddr[30] (OUT)
  -------------------------------------------------------------------    -------------------

Slack:                    inf
  Source:                 bd_0_i/hls_inst/inst/gmem_m_axi_U/bus_write/wreq_throttle/rs_req/data_p1_reg[31]/C
                            (rising edge-triggered cell FDRE clocked by ap_clk  {rise@0.000ns fall@2.500ns period=5.000ns})
  Destination:            m_axi_gmem_awaddr[31]
                            (output port)
  Path Group:             (none)
  Path Type:              Max at Slow Process Corner
  Data Path Delay:        1.491ns  (logic 0.518ns (34.742%)  route 0.973ns (65.258%))
  Logic Levels:           0  
  Clock Uncertainty:      0.025ns  ((TSJ^2 + TIJ^2)^1/2 + DJ) / 2 + PE
    Total System Jitter     (TSJ):    0.050ns
    Total Input Jitter      (TIJ):    0.000ns
    Discrete Jitter          (DJ):    0.000ns
    Phase Error              (PE):    0.000ns

    Location             Delay type                Incr(ns)  Path(ns)    Netlist Resource(s)
  -------------------------------------------------------------------    -------------------
                         (clock ap_clk rise edge)     0.000     0.000 r  
                                                      0.000     0.000 r  ap_clk (IN)
                         net (fo=3249, unset)         0.973     0.973    bd_0_i/hls_inst/inst/gmem_m_axi_U/bus_write/wreq_throttle/rs_req/ap_clk
    SLICE_X22Y43         FDRE                                         r  bd_0_i/hls_inst/inst/gmem_m_axi_U/bus_write/wreq_throttle/rs_req/data_p1_reg[31]/C
  -------------------------------------------------------------------    -------------------
    SLICE_X22Y43         FDRE (Prop_fdre_C_Q)         0.518     1.491 r  bd_0_i/hls_inst/inst/gmem_m_axi_U/bus_write/wreq_throttle/rs_req/data_p1_reg[31]/Q
                         net (fo=0)                   0.973     2.464    m_axi_gmem_awaddr[31]
                                                                      r  m_axi_gmem_awaddr[31] (OUT)
  -------------------------------------------------------------------    -------------------

Slack:                    inf
  Source:                 bd_0_i/hls_inst/inst/gmem_m_axi_U/bus_write/wreq_throttle/rs_req/data_p1_reg[32]/C
                            (rising edge-triggered cell FDRE clocked by ap_clk  {rise@0.000ns fall@2.500ns period=5.000ns})
  Destination:            m_axi_gmem_awaddr[32]
                            (output port)
  Path Group:             (none)
  Path Type:              Max at Slow Process Corner
  Data Path Delay:        1.491ns  (logic 0.518ns (34.742%)  route 0.973ns (65.258%))
  Logic Levels:           0  
  Clock Uncertainty:      0.025ns  ((TSJ^2 + TIJ^2)^1/2 + DJ) / 2 + PE
    Total System Jitter     (TSJ):    0.050ns
    Total Input Jitter      (TIJ):    0.000ns
    Discrete Jitter          (DJ):    0.000ns
    Phase Error              (PE):    0.000ns

    Location             Delay type                Incr(ns)  Path(ns)    Netlist Resource(s)
  -------------------------------------------------------------------    -------------------
                         (clock ap_clk rise edge)     0.000     0.000 r  
                                                      0.000     0.000 r  ap_clk (IN)
                         net (fo=3249, unset)         0.973     0.973    bd_0_i/hls_inst/inst/gmem_m_axi_U/bus_write/wreq_throttle/rs_req/ap_clk
    SLICE_X22Y43         FDRE                                         r  bd_0_i/hls_inst/inst/gmem_m_axi_U/bus_write/wreq_throttle/rs_req/data_p1_reg[32]/C
  -------------------------------------------------------------------    -------------------
    SLICE_X22Y43         FDRE (Prop_fdre_C_Q)         0.518     1.491 r  bd_0_i/hls_inst/inst/gmem_m_axi_U/bus_write/wreq_throttle/rs_req/data_p1_reg[32]/Q
                         net (fo=0)                   0.973     2.464    m_axi_gmem_awaddr[32]
                                                                      r  m_axi_gmem_awaddr[32] (OUT)
  -------------------------------------------------------------------    -------------------





Min Delay Paths
--------------------------------------------------------------------------------------
Slack:                    inf
  Source:                 bd_0_i/hls_inst/inst/gmem_m_axi_U/bus_read/rreq_burst_conv/could_multi_bursts.len_buf_reg[2]/C
                            (rising edge-triggered cell FDRE clocked by ap_clk  {rise@0.000ns fall@2.500ns period=5.000ns})
  Destination:            m_axi_gmem_arlen[2]
                            (output port)
  Path Group:             (none)
  Path Type:              Min at Fast Process Corner
  Data Path Delay:        0.538ns  (logic 0.128ns (23.786%)  route 0.410ns (76.214%))
  Logic Levels:           0  
  Clock Uncertainty:      0.025ns  ((TSJ^2 + TIJ^2)^1/2 + DJ) / 2 + PE
    Total System Jitter     (TSJ):    0.050ns
    Total Input Jitter      (TIJ):    0.000ns
    Discrete Jitter          (DJ):    0.000ns
    Phase Error              (PE):    0.000ns

    Location             Delay type                Incr(ns)  Path(ns)    Netlist Resource(s)
  -------------------------------------------------------------------    -------------------
                         (clock ap_clk rise edge)     0.000     0.000 r  
                                                      0.000     0.000 r  ap_clk (IN)
                         net (fo=3249, unset)         0.410     0.410    bd_0_i/hls_inst/inst/gmem_m_axi_U/bus_read/rreq_burst_conv/ap_clk
    SLICE_X48Y41         FDRE                                         r  bd_0_i/hls_inst/inst/gmem_m_axi_U/bus_read/rreq_burst_conv/could_multi_bursts.len_buf_reg[2]/C
  -------------------------------------------------------------------    -------------------
    SLICE_X48Y41         FDRE (Prop_fdre_C_Q)         0.128     0.538 r  bd_0_i/hls_inst/inst/gmem_m_axi_U/bus_read/rreq_burst_conv/could_multi_bursts.len_buf_reg[2]/Q
                         net (fo=0)                   0.410     0.948    m_axi_gmem_arlen[2]
                                                                      r  m_axi_gmem_arlen[2] (OUT)
  -------------------------------------------------------------------    -------------------

Slack:                    inf
  Source:                 bd_0_i/hls_inst/inst/gmem_m_axi_U/bus_read/rreq_burst_conv/could_multi_bursts.len_buf_reg[3]/C
                            (rising edge-triggered cell FDRE clocked by ap_clk  {rise@0.000ns fall@2.500ns period=5.000ns})
  Destination:            m_axi_gmem_arlen[3]
                            (output port)
  Path Group:             (none)
  Path Type:              Min at Fast Process Corner
  Data Path Delay:        0.538ns  (logic 0.128ns (23.786%)  route 0.410ns (76.214%))
  Logic Levels:           0  
  Clock Uncertainty:      0.025ns  ((TSJ^2 + TIJ^2)^1/2 + DJ) / 2 + PE
    Total System Jitter     (TSJ):    0.050ns
    Total Input Jitter      (TIJ):    0.000ns
    Discrete Jitter          (DJ):    0.000ns
    Phase Error              (PE):    0.000ns

    Location             Delay type                Incr(ns)  Path(ns)    Netlist Resource(s)
  -------------------------------------------------------------------    -------------------
                         (clock ap_clk rise edge)     0.000     0.000 r  
                                                      0.000     0.000 r  ap_clk (IN)
                         net (fo=3249, unset)         0.410     0.410    bd_0_i/hls_inst/inst/gmem_m_axi_U/bus_read/rreq_burst_conv/ap_clk
    SLICE_X45Y40         FDRE                                         r  bd_0_i/hls_inst/inst/gmem_m_axi_U/bus_read/rreq_burst_conv/could_multi_bursts.len_buf_reg[3]/C
  -------------------------------------------------------------------    -------------------
    SLICE_X45Y40         FDRE (Prop_fdre_C_Q)         0.128     0.538 r  bd_0_i/hls_inst/inst/gmem_m_axi_U/bus_read/rreq_burst_conv/could_multi_bursts.len_buf_reg[3]/Q
                         net (fo=0)                   0.410     0.948    m_axi_gmem_arlen[3]
                                                                      r  m_axi_gmem_arlen[3] (OUT)
  -------------------------------------------------------------------    -------------------

Slack:                    inf
  Source:                 bd_0_i/hls_inst/inst/gmem_m_axi_U/bus_write/rs_resp/s_ready_t_reg/C
                            (rising edge-triggered cell FDRE clocked by ap_clk  {rise@0.000ns fall@2.500ns period=5.000ns})
  Destination:            m_axi_gmem_bready
                            (output port)
  Path Group:             (none)
  Path Type:              Min at Fast Process Corner
  Data Path Delay:        0.538ns  (logic 0.128ns (23.786%)  route 0.410ns (76.214%))
  Logic Levels:           0  
  Clock Uncertainty:      0.025ns  ((TSJ^2 + TIJ^2)^1/2 + DJ) / 2 + PE
    Total System Jitter     (TSJ):    0.050ns
    Total Input Jitter      (TIJ):    0.000ns
    Discrete Jitter          (DJ):    0.000ns
    Phase Error              (PE):    0.000ns

    Location             Delay type                Incr(ns)  Path(ns)    Netlist Resource(s)
  -------------------------------------------------------------------    -------------------
                         (clock ap_clk rise edge)     0.000     0.000 r  
                                                      0.000     0.000 r  ap_clk (IN)
                         net (fo=3249, unset)         0.410     0.410    bd_0_i/hls_inst/inst/gmem_m_axi_U/bus_write/rs_resp/ap_clk
    SLICE_X41Y36         FDRE                                         r  bd_0_i/hls_inst/inst/gmem_m_axi_U/bus_write/rs_resp/s_ready_t_reg/C
  -------------------------------------------------------------------    -------------------
    SLICE_X41Y36         FDRE (Prop_fdre_C_Q)         0.128     0.538 r  bd_0_i/hls_inst/inst/gmem_m_axi_U/bus_write/rs_resp/s_ready_t_reg/Q
                         net (fo=3, unset)            0.410     0.948    m_axi_gmem_bready
                                                                      r  m_axi_gmem_bready (OUT)
  -------------------------------------------------------------------    -------------------

Slack:                    inf
  Source:                 bd_0_i/hls_inst/inst/CTRL_s_axi_U/FSM_onehot_rstate_reg[2]/C
                            (rising edge-triggered cell FDRE clocked by ap_clk  {rise@0.000ns fall@2.500ns period=5.000ns})
  Destination:            s_axi_CTRL_rvalid
                            (output port)
  Path Group:             (none)
  Path Type:              Min at Fast Process Corner
  Data Path Delay:        0.538ns  (logic 0.128ns (23.786%)  route 0.410ns (76.214%))
  Logic Levels:           0  
  Clock Uncertainty:      0.025ns  ((TSJ^2 + TIJ^2)^1/2 + DJ) / 2 + PE
    Total System Jitter     (TSJ):    0.050ns
    Total Input Jitter      (TIJ):    0.000ns
    Discrete Jitter          (DJ):    0.000ns
    Phase Error              (PE):    0.000ns

    Location             Delay type                Incr(ns)  Path(ns)    Netlist Resource(s)
  -------------------------------------------------------------------    -------------------
                         (clock ap_clk rise edge)     0.000     0.000 r  
                                                      0.000     0.000 r  ap_clk (IN)
                         net (fo=3249, unset)         0.410     0.410    bd_0_i/hls_inst/inst/CTRL_s_axi_U/ap_clk
    SLICE_X39Y41         FDRE                                         r  bd_0_i/hls_inst/inst/CTRL_s_axi_U/FSM_onehot_rstate_reg[2]/C
  -------------------------------------------------------------------    -------------------
    SLICE_X39Y41         FDRE (Prop_fdre_C_Q)         0.128     0.538 r  bd_0_i/hls_inst/inst/CTRL_s_axi_U/FSM_onehot_rstate_reg[2]/Q
                         net (fo=2, unset)            0.410     0.948    s_axi_CTRL_rvalid
                                                                      r  s_axi_CTRL_rvalid (OUT)
  -------------------------------------------------------------------    -------------------

Slack:                    inf
  Source:                 bd_0_i/hls_inst/inst/CTRL_s_axi_U/int_interrupt_reg/C
                            (rising edge-triggered cell FDRE clocked by ap_clk  {rise@0.000ns fall@2.500ns period=5.000ns})
  Destination:            interrupt
                            (output port)
  Path Group:             (none)
  Path Type:              Min at Fast Process Corner
  Data Path Delay:        0.551ns  (logic 0.141ns (25.583%)  route 0.410ns (74.417%))
  Logic Levels:           0  
  Clock Uncertainty:      0.025ns  ((TSJ^2 + TIJ^2)^1/2 + DJ) / 2 + PE
    Total System Jitter     (TSJ):    0.050ns
    Total Input Jitter      (TIJ):    0.000ns
    Discrete Jitter          (DJ):    0.000ns
    Phase Error              (PE):    0.000ns

    Location             Delay type                Incr(ns)  Path(ns)    Netlist Resource(s)
  -------------------------------------------------------------------    -------------------
                         (clock ap_clk rise edge)     0.000     0.000 r  
                                                      0.000     0.000 r  ap_clk (IN)
                         net (fo=3249, unset)         0.410     0.410    bd_0_i/hls_inst/inst/CTRL_s_axi_U/ap_clk
    SLICE_X41Y39         FDRE                                         r  bd_0_i/hls_inst/inst/CTRL_s_axi_U/int_interrupt_reg/C
  -------------------------------------------------------------------    -------------------
    SLICE_X41Y39         FDRE (Prop_fdre_C_Q)         0.141     0.551 r  bd_0_i/hls_inst/inst/CTRL_s_axi_U/int_interrupt_reg/Q
                         net (fo=1, unset)            0.410     0.961    interrupt
                                                                      r  interrupt (OUT)
  -------------------------------------------------------------------    -------------------

Slack:                    inf
  Source:                 bd_0_i/hls_inst/inst/gmem_m_axi_U/bus_read/rreq_burst_conv/could_multi_bursts.addr_buf_reg[10]/C
                            (rising edge-triggered cell FDRE clocked by ap_clk  {rise@0.000ns fall@2.500ns period=5.000ns})
  Destination:            m_axi_gmem_araddr[10]
                            (output port)
  Path Group:             (none)
  Path Type:              Min at Fast Process Corner
  Data Path Delay:        0.551ns  (logic 0.141ns (25.583%)  route 0.410ns (74.417%))
  Logic Levels:           0  
  Clock Uncertainty:      0.025ns  ((TSJ^2 + TIJ^2)^1/2 + DJ) / 2 + PE
    Total System Jitter     (TSJ):    0.050ns
    Total Input Jitter      (TIJ):    0.000ns
    Discrete Jitter          (DJ):    0.000ns
    Phase Error              (PE):    0.000ns

    Location             Delay type                Incr(ns)  Path(ns)    Netlist Resource(s)
  -------------------------------------------------------------------    -------------------
                         (clock ap_clk rise edge)     0.000     0.000 r  
                                                      0.000     0.000 r  ap_clk (IN)
                         net (fo=3249, unset)         0.410     0.410    bd_0_i/hls_inst/inst/gmem_m_axi_U/bus_read/rreq_burst_conv/ap_clk
    SLICE_X48Y44         FDRE                                         r  bd_0_i/hls_inst/inst/gmem_m_axi_U/bus_read/rreq_burst_conv/could_multi_bursts.addr_buf_reg[10]/C
  -------------------------------------------------------------------    -------------------
    SLICE_X48Y44         FDRE (Prop_fdre_C_Q)         0.141     0.551 r  bd_0_i/hls_inst/inst/gmem_m_axi_U/bus_read/rreq_burst_conv/could_multi_bursts.addr_buf_reg[10]/Q
                         net (fo=1, unset)            0.410     0.961    m_axi_gmem_araddr[10]
                                                                      r  m_axi_gmem_araddr[10] (OUT)
  -------------------------------------------------------------------    -------------------

Slack:                    inf
  Source:                 bd_0_i/hls_inst/inst/gmem_m_axi_U/bus_read/rreq_burst_conv/could_multi_bursts.addr_buf_reg[11]/C
                            (rising edge-triggered cell FDRE clocked by ap_clk  {rise@0.000ns fall@2.500ns period=5.000ns})
  Destination:            m_axi_gmem_araddr[11]
                            (output port)
  Path Group:             (none)
  Path Type:              Min at Fast Process Corner
  Data Path Delay:        0.551ns  (logic 0.141ns (25.583%)  route 0.410ns (74.417%))
  Logic Levels:           0  
  Clock Uncertainty:      0.025ns  ((TSJ^2 + TIJ^2)^1/2 + DJ) / 2 + PE
    Total System Jitter     (TSJ):    0.050ns
    Total Input Jitter      (TIJ):    0.000ns
    Discrete Jitter          (DJ):    0.000ns
    Phase Error              (PE):    0.000ns

    Location             Delay type                Incr(ns)  Path(ns)    Netlist Resource(s)
  -------------------------------------------------------------------    -------------------
                         (clock ap_clk rise edge)     0.000     0.000 r  
                                                      0.000     0.000 r  ap_clk (IN)
                         net (fo=3249, unset)         0.410     0.410    bd_0_i/hls_inst/inst/gmem_m_axi_U/bus_read/rreq_burst_conv/ap_clk
    SLICE_X48Y44         FDRE                                         r  bd_0_i/hls_inst/inst/gmem_m_axi_U/bus_read/rreq_burst_conv/could_multi_bursts.addr_buf_reg[11]/C
  -------------------------------------------------------------------    -------------------
    SLICE_X48Y44         FDRE (Prop_fdre_C_Q)         0.141     0.551 r  bd_0_i/hls_inst/inst/gmem_m_axi_U/bus_read/rreq_burst_conv/could_multi_bursts.addr_buf_reg[11]/Q
                         net (fo=1, unset)            0.410     0.961    m_axi_gmem_araddr[11]
                                                                      r  m_axi_gmem_araddr[11] (OUT)
  -------------------------------------------------------------------    -------------------

Slack:                    inf
  Source:                 bd_0_i/hls_inst/inst/gmem_m_axi_U/bus_read/rreq_burst_conv/could_multi_bursts.addr_buf_reg[12]/C
                            (rising edge-triggered cell FDRE clocked by ap_clk  {rise@0.000ns fall@2.500ns period=5.000ns})
  Destination:            m_axi_gmem_araddr[12]
                            (output port)
  Path Group:             (none)
  Path Type:              Min at Fast Process Corner
  Data Path Delay:        0.551ns  (logic 0.141ns (25.583%)  route 0.410ns (74.417%))
  Logic Levels:           0  
  Clock Uncertainty:      0.025ns  ((TSJ^2 + TIJ^2)^1/2 + DJ) / 2 + PE
    Total System Jitter     (TSJ):    0.050ns
    Total Input Jitter      (TIJ):    0.000ns
    Discrete Jitter          (DJ):    0.000ns
    Phase Error              (PE):    0.000ns

    Location             Delay type                Incr(ns)  Path(ns)    Netlist Resource(s)
  -------------------------------------------------------------------    -------------------
                         (clock ap_clk rise edge)     0.000     0.000 r  
                                                      0.000     0.000 r  ap_clk (IN)
                         net (fo=3249, unset)         0.410     0.410    bd_0_i/hls_inst/inst/gmem_m_axi_U/bus_read/rreq_burst_conv/ap_clk
    SLICE_X48Y44         FDRE                                         r  bd_0_i/hls_inst/inst/gmem_m_axi_U/bus_read/rreq_burst_conv/could_multi_bursts.addr_buf_reg[12]/C
  -------------------------------------------------------------------    -------------------
    SLICE_X48Y44         FDRE (Prop_fdre_C_Q)         0.141     0.551 r  bd_0_i/hls_inst/inst/gmem_m_axi_U/bus_read/rreq_burst_conv/could_multi_bursts.addr_buf_reg[12]/Q
                         net (fo=1, unset)            0.410     0.961    m_axi_gmem_araddr[12]
                                                                      r  m_axi_gmem_araddr[12] (OUT)
  -------------------------------------------------------------------    -------------------

Slack:                    inf
  Source:                 bd_0_i/hls_inst/inst/gmem_m_axi_U/bus_read/rreq_burst_conv/could_multi_bursts.addr_buf_reg[13]/C
                            (rising edge-triggered cell FDRE clocked by ap_clk  {rise@0.000ns fall@2.500ns period=5.000ns})
  Destination:            m_axi_gmem_araddr[13]
                            (output port)
  Path Group:             (none)
  Path Type:              Min at Fast Process Corner
  Data Path Delay:        0.551ns  (logic 0.141ns (25.583%)  route 0.410ns (74.417%))
  Logic Levels:           0  
  Clock Uncertainty:      0.025ns  ((TSJ^2 + TIJ^2)^1/2 + DJ) / 2 + PE
    Total System Jitter     (TSJ):    0.050ns
    Total Input Jitter      (TIJ):    0.000ns
    Discrete Jitter          (DJ):    0.000ns
    Phase Error              (PE):    0.000ns

    Location             Delay type                Incr(ns)  Path(ns)    Netlist Resource(s)
  -------------------------------------------------------------------    -------------------
                         (clock ap_clk rise edge)     0.000     0.000 r  
                                                      0.000     0.000 r  ap_clk (IN)
                         net (fo=3249, unset)         0.410     0.410    bd_0_i/hls_inst/inst/gmem_m_axi_U/bus_read/rreq_burst_conv/ap_clk
    SLICE_X48Y44         FDRE                                         r  bd_0_i/hls_inst/inst/gmem_m_axi_U/bus_read/rreq_burst_conv/could_multi_bursts.addr_buf_reg[13]/C
  -------------------------------------------------------------------    -------------------
    SLICE_X48Y44         FDRE (Prop_fdre_C_Q)         0.141     0.551 r  bd_0_i/hls_inst/inst/gmem_m_axi_U/bus_read/rreq_burst_conv/could_multi_bursts.addr_buf_reg[13]/Q
                         net (fo=1, unset)            0.410     0.961    m_axi_gmem_araddr[13]
                                                                      r  m_axi_gmem_araddr[13] (OUT)
  -------------------------------------------------------------------    -------------------

Slack:                    inf
  Source:                 bd_0_i/hls_inst/inst/gmem_m_axi_U/bus_read/rreq_burst_conv/could_multi_bursts.addr_buf_reg[14]/C
                            (rising edge-triggered cell FDRE clocked by ap_clk  {rise@0.000ns fall@2.500ns period=5.000ns})
  Destination:            m_axi_gmem_araddr[14]
                            (output port)
  Path Group:             (none)
  Path Type:              Min at Fast Process Corner
  Data Path Delay:        0.551ns  (logic 0.141ns (25.583%)  route 0.410ns (74.417%))
  Logic Levels:           0  
  Clock Uncertainty:      0.025ns  ((TSJ^2 + TIJ^2)^1/2 + DJ) / 2 + PE
    Total System Jitter     (TSJ):    0.050ns
    Total Input Jitter      (TIJ):    0.000ns
    Discrete Jitter          (DJ):    0.000ns
    Phase Error              (PE):    0.000ns

    Location             Delay type                Incr(ns)  Path(ns)    Netlist Resource(s)
  -------------------------------------------------------------------    -------------------
                         (clock ap_clk rise edge)     0.000     0.000 r  
                                                      0.000     0.000 r  ap_clk (IN)
                         net (fo=3249, unset)         0.410     0.410    bd_0_i/hls_inst/inst/gmem_m_axi_U/bus_read/rreq_burst_conv/ap_clk
    SLICE_X48Y45         FDRE                                         r  bd_0_i/hls_inst/inst/gmem_m_axi_U/bus_read/rreq_burst_conv/could_multi_bursts.addr_buf_reg[14]/C
  -------------------------------------------------------------------    -------------------
    SLICE_X48Y45         FDRE (Prop_fdre_C_Q)         0.141     0.551 r  bd_0_i/hls_inst/inst/gmem_m_axi_U/bus_read/rreq_burst_conv/could_multi_bursts.addr_buf_reg[14]/Q
                         net (fo=1, unset)            0.410     0.961    m_axi_gmem_araddr[14]
                                                                      r  m_axi_gmem_araddr[14] (OUT)
  -------------------------------------------------------------------    -------------------





--------------------------------------------------------------------------------------
Path Group:  (none)
From Clock:  
  To Clock:  ap_clk

Max Delay          3154 Endpoints
Min Delay          3154 Endpoints
--------------------------------------------------------------------------------------


Max Delay Paths
--------------------------------------------------------------------------------------
Slack:                    inf
  Source:                 ap_rst_n
                            (input port)
  Destination:            bd_0_i/hls_inst/inst/gmem_m_axi_U/load_unit_0/tmp_addr_reg[63]/R
                            (rising edge-triggered cell FDRE clocked by ap_clk  {rise@0.000ns fall@2.500ns period=5.000ns})
  Path Group:             (none)
  Path Type:              Setup (Max at Slow Process Corner)
  Data Path Delay:        9.058ns  (logic 0.124ns (1.369%)  route 8.934ns (98.631%))
  Logic Levels:           1  (LUT1=1)
  Clock Path Skew:        0.924ns (DCD - SCD + CPR)
    Destination Clock Delay (DCD):    0.924ns
    Source Clock Delay      (SCD):    0.000ns
    Clock Pessimism Removal (CPR):    0.000ns
  Clock Uncertainty:      0.025ns  ((TSJ^2 + TIJ^2)^1/2 + DJ) / 2 + PE
    Total System Jitter     (TSJ):    0.050ns
    Total Input Jitter      (TIJ):    0.000ns
    Discrete Jitter          (DJ):    0.000ns
    Phase Error              (PE):    0.000ns

    Location             Delay type                Incr(ns)  Path(ns)    Netlist Resource(s)
  -------------------------------------------------------------------    -------------------
                                                      0.000     0.000 f  ap_rst_n (IN)
                         net (fo=29, unset)           0.973     0.973    bd_0_i/hls_inst/inst/gmem_m_axi_U/bus_write/wreq_burst_conv/rs_req/ap_rst_n
    SLICE_X30Y56         LUT1 (Prop_lut1_I0_O)        0.124     1.097 r  bd_0_i/hls_inst/inst/gmem_m_axi_U/bus_write/wreq_burst_conv/rs_req/state[0]_i_1__3/O
                         net (fo=1590, routed)        7.961     9.058    bd_0_i/hls_inst/inst/gmem_m_axi_U/load_unit_0/SR[0]
    SLICE_X45Y58         FDRE                                         r  bd_0_i/hls_inst/inst/gmem_m_axi_U/load_unit_0/tmp_addr_reg[63]/R
  -------------------------------------------------------------------    -------------------

                         (clock ap_clk rise edge)     0.000     0.000 r  
                                                      0.000     0.000 r  ap_clk (IN)
                         net (fo=3249, unset)         0.924     0.924    bd_0_i/hls_inst/inst/gmem_m_axi_U/load_unit_0/ap_clk
    SLICE_X45Y58         FDRE                                         r  bd_0_i/hls_inst/inst/gmem_m_axi_U/load_unit_0/tmp_addr_reg[63]/C

Slack:                    inf
  Source:                 ap_rst_n
                            (input port)
  Destination:            bd_0_i/hls_inst/inst/gmem_m_axi_U/load_unit_0/fifo_rreq/dout_vld_reg/R
                            (rising edge-triggered cell FDRE clocked by ap_clk  {rise@0.000ns fall@2.500ns period=5.000ns})
  Path Group:             (none)
  Path Type:              Setup (Max at Slow Process Corner)
  Data Path Delay:        8.918ns  (logic 0.124ns (1.390%)  route 8.794ns (98.610%))
  Logic Levels:           1  (LUT1=1)
  Clock Path Skew:        0.924ns (DCD - SCD + CPR)
    Destination Clock Delay (DCD):    0.924ns
    Source Clock Delay      (SCD):    0.000ns
    Clock Pessimism Removal (CPR):    0.000ns
  Clock Uncertainty:      0.025ns  ((TSJ^2 + TIJ^2)^1/2 + DJ) / 2 + PE
    Total System Jitter     (TSJ):    0.050ns
    Total Input Jitter      (TIJ):    0.000ns
    Discrete Jitter          (DJ):    0.000ns
    Phase Error              (PE):    0.000ns

    Location             Delay type                Incr(ns)  Path(ns)    Netlist Resource(s)
  -------------------------------------------------------------------    -------------------
                                                      0.000     0.000 f  ap_rst_n (IN)
                         net (fo=29, unset)           0.973     0.973    bd_0_i/hls_inst/inst/gmem_m_axi_U/bus_write/wreq_burst_conv/rs_req/ap_rst_n
    SLICE_X30Y56         LUT1 (Prop_lut1_I0_O)        0.124     1.097 r  bd_0_i/hls_inst/inst/gmem_m_axi_U/bus_write/wreq_burst_conv/rs_req/state[0]_i_1__3/O
                         net (fo=1590, routed)        7.821     8.918    bd_0_i/hls_inst/inst/gmem_m_axi_U/load_unit_0/fifo_rreq/SR[0]
    SLICE_X46Y57         FDRE                                         r  bd_0_i/hls_inst/inst/gmem_m_axi_U/load_unit_0/fifo_rreq/dout_vld_reg/R
  -------------------------------------------------------------------    -------------------

                         (clock ap_clk rise edge)     0.000     0.000 r  
                                                      0.000     0.000 r  ap_clk (IN)
                         net (fo=3249, unset)         0.924     0.924    bd_0_i/hls_inst/inst/gmem_m_axi_U/load_unit_0/fifo_rreq/ap_clk
    SLICE_X46Y57         FDRE                                         r  bd_0_i/hls_inst/inst/gmem_m_axi_U/load_unit_0/fifo_rreq/dout_vld_reg/C

Slack:                    inf
  Source:                 ap_rst_n
                            (input port)
  Destination:            bd_0_i/hls_inst/inst/gmem_m_axi_U/load_unit_0/fifo_rreq/empty_n_reg/R
                            (rising edge-triggered cell FDRE clocked by ap_clk  {rise@0.000ns fall@2.500ns period=5.000ns})
  Path Group:             (none)
  Path Type:              Setup (Max at Slow Process Corner)
  Data Path Delay:        8.918ns  (logic 0.124ns (1.390%)  route 8.794ns (98.610%))
  Logic Levels:           1  (LUT1=1)
  Clock Path Skew:        0.924ns (DCD - SCD + CPR)
    Destination Clock Delay (DCD):    0.924ns
    Source Clock Delay      (SCD):    0.000ns
    Clock Pessimism Removal (CPR):    0.000ns
  Clock Uncertainty:      0.025ns  ((TSJ^2 + TIJ^2)^1/2 + DJ) / 2 + PE
    Total System Jitter     (TSJ):    0.050ns
    Total Input Jitter      (TIJ):    0.000ns
    Discrete Jitter          (DJ):    0.000ns
    Phase Error              (PE):    0.000ns

    Location             Delay type                Incr(ns)  Path(ns)    Netlist Resource(s)
  -------------------------------------------------------------------    -------------------
                                                      0.000     0.000 f  ap_rst_n (IN)
                         net (fo=29, unset)           0.973     0.973    bd_0_i/hls_inst/inst/gmem_m_axi_U/bus_write/wreq_burst_conv/rs_req/ap_rst_n
    SLICE_X30Y56         LUT1 (Prop_lut1_I0_O)        0.124     1.097 r  bd_0_i/hls_inst/inst/gmem_m_axi_U/bus_write/wreq_burst_conv/rs_req/state[0]_i_1__3/O
                         net (fo=1590, routed)        7.821     8.918    bd_0_i/hls_inst/inst/gmem_m_axi_U/load_unit_0/fifo_rreq/SR[0]
    SLICE_X46Y57         FDRE                                         r  bd_0_i/hls_inst/inst/gmem_m_axi_U/load_unit_0/fifo_rreq/empty_n_reg/R
  -------------------------------------------------------------------    -------------------

                         (clock ap_clk rise edge)     0.000     0.000 r  
                                                      0.000     0.000 r  ap_clk (IN)
                         net (fo=3249, unset)         0.924     0.924    bd_0_i/hls_inst/inst/gmem_m_axi_U/load_unit_0/fifo_rreq/ap_clk
    SLICE_X46Y57         FDRE                                         r  bd_0_i/hls_inst/inst/gmem_m_axi_U/load_unit_0/fifo_rreq/empty_n_reg/C

Slack:                    inf
  Source:                 ap_rst_n
                            (input port)
  Destination:            bd_0_i/hls_inst/inst/gmem_m_axi_U/load_unit_0/fifo_rreq/mOutPtr_reg[0]/R
                            (rising edge-triggered cell FDRE clocked by ap_clk  {rise@0.000ns fall@2.500ns period=5.000ns})
  Path Group:             (none)
  Path Type:              Setup (Max at Slow Process Corner)
  Data Path Delay:        8.918ns  (logic 0.124ns (1.390%)  route 8.794ns (98.610%))
  Logic Levels:           1  (LUT1=1)
  Clock Path Skew:        0.924ns (DCD - SCD + CPR)
    Destination Clock Delay (DCD):    0.924ns
    Source Clock Delay      (SCD):    0.000ns
    Clock Pessimism Removal (CPR):    0.000ns
  Clock Uncertainty:      0.025ns  ((TSJ^2 + TIJ^2)^1/2 + DJ) / 2 + PE
    Total System Jitter     (TSJ):    0.050ns
    Total Input Jitter      (TIJ):    0.000ns
    Discrete Jitter          (DJ):    0.000ns
    Phase Error              (PE):    0.000ns

    Location             Delay type                Incr(ns)  Path(ns)    Netlist Resource(s)
  -------------------------------------------------------------------    -------------------
                                                      0.000     0.000 f  ap_rst_n (IN)
                         net (fo=29, unset)           0.973     0.973    bd_0_i/hls_inst/inst/gmem_m_axi_U/bus_write/wreq_burst_conv/rs_req/ap_rst_n
    SLICE_X30Y56         LUT1 (Prop_lut1_I0_O)        0.124     1.097 r  bd_0_i/hls_inst/inst/gmem_m_axi_U/bus_write/wreq_burst_conv/rs_req/state[0]_i_1__3/O
                         net (fo=1590, routed)        7.821     8.918    bd_0_i/hls_inst/inst/gmem_m_axi_U/load_unit_0/fifo_rreq/SR[0]
    SLICE_X47Y57         FDRE                                         r  bd_0_i/hls_inst/inst/gmem_m_axi_U/load_unit_0/fifo_rreq/mOutPtr_reg[0]/R
  -------------------------------------------------------------------    -------------------

                         (clock ap_clk rise edge)     0.000     0.000 r  
                                                      0.000     0.000 r  ap_clk (IN)
                         net (fo=3249, unset)         0.924     0.924    bd_0_i/hls_inst/inst/gmem_m_axi_U/load_unit_0/fifo_rreq/ap_clk
    SLICE_X47Y57         FDRE                                         r  bd_0_i/hls_inst/inst/gmem_m_axi_U/load_unit_0/fifo_rreq/mOutPtr_reg[0]/C

Slack:                    inf
  Source:                 ap_rst_n
                            (input port)
  Destination:            bd_0_i/hls_inst/inst/gmem_m_axi_U/load_unit_0/fifo_rreq/mOutPtr_reg[1]/R
                            (rising edge-triggered cell FDRE clocked by ap_clk  {rise@0.000ns fall@2.500ns period=5.000ns})
  Path Group:             (none)
  Path Type:              Setup (Max at Slow Process Corner)
  Data Path Delay:        8.918ns  (logic 0.124ns (1.390%)  route 8.794ns (98.610%))
  Logic Levels:           1  (LUT1=1)
  Clock Path Skew:        0.924ns (DCD - SCD + CPR)
    Destination Clock Delay (DCD):    0.924ns
    Source Clock Delay      (SCD):    0.000ns
    Clock Pessimism Removal (CPR):    0.000ns
  Clock Uncertainty:      0.025ns  ((TSJ^2 + TIJ^2)^1/2 + DJ) / 2 + PE
    Total System Jitter     (TSJ):    0.050ns
    Total Input Jitter      (TIJ):    0.000ns
    Discrete Jitter          (DJ):    0.000ns
    Phase Error              (PE):    0.000ns

    Location             Delay type                Incr(ns)  Path(ns)    Netlist Resource(s)
  -------------------------------------------------------------------    -------------------
                                                      0.000     0.000 f  ap_rst_n (IN)
                         net (fo=29, unset)           0.973     0.973    bd_0_i/hls_inst/inst/gmem_m_axi_U/bus_write/wreq_burst_conv/rs_req/ap_rst_n
    SLICE_X30Y56         LUT1 (Prop_lut1_I0_O)        0.124     1.097 r  bd_0_i/hls_inst/inst/gmem_m_axi_U/bus_write/wreq_burst_conv/rs_req/state[0]_i_1__3/O
                         net (fo=1590, routed)        7.821     8.918    bd_0_i/hls_inst/inst/gmem_m_axi_U/load_unit_0/fifo_rreq/SR[0]
    SLICE_X47Y57         FDRE                                         r  bd_0_i/hls_inst/inst/gmem_m_axi_U/load_unit_0/fifo_rreq/mOutPtr_reg[1]/R
  -------------------------------------------------------------------    -------------------

                         (clock ap_clk rise edge)     0.000     0.000 r  
                                                      0.000     0.000 r  ap_clk (IN)
                         net (fo=3249, unset)         0.924     0.924    bd_0_i/hls_inst/inst/gmem_m_axi_U/load_unit_0/fifo_rreq/ap_clk
    SLICE_X47Y57         FDRE                                         r  bd_0_i/hls_inst/inst/gmem_m_axi_U/load_unit_0/fifo_rreq/mOutPtr_reg[1]/C

Slack:                    inf
  Source:                 ap_rst_n
                            (input port)
  Destination:            bd_0_i/hls_inst/inst/gmem_m_axi_U/load_unit_0/fifo_rreq/mOutPtr_reg[2]/R
                            (rising edge-triggered cell FDRE clocked by ap_clk  {rise@0.000ns fall@2.500ns period=5.000ns})
  Path Group:             (none)
  Path Type:              Setup (Max at Slow Process Corner)
  Data Path Delay:        8.918ns  (logic 0.124ns (1.390%)  route 8.794ns (98.610%))
  Logic Levels:           1  (LUT1=1)
  Clock Path Skew:        0.924ns (DCD - SCD + CPR)
    Destination Clock Delay (DCD):    0.924ns
    Source Clock Delay      (SCD):    0.000ns
    Clock Pessimism Removal (CPR):    0.000ns
  Clock Uncertainty:      0.025ns  ((TSJ^2 + TIJ^2)^1/2 + DJ) / 2 + PE
    Total System Jitter     (TSJ):    0.050ns
    Total Input Jitter      (TIJ):    0.000ns
    Discrete Jitter          (DJ):    0.000ns
    Phase Error              (PE):    0.000ns

    Location             Delay type                Incr(ns)  Path(ns)    Netlist Resource(s)
  -------------------------------------------------------------------    -------------------
                                                      0.000     0.000 f  ap_rst_n (IN)
                         net (fo=29, unset)           0.973     0.973    bd_0_i/hls_inst/inst/gmem_m_axi_U/bus_write/wreq_burst_conv/rs_req/ap_rst_n
    SLICE_X30Y56         LUT1 (Prop_lut1_I0_O)        0.124     1.097 r  bd_0_i/hls_inst/inst/gmem_m_axi_U/bus_write/wreq_burst_conv/rs_req/state[0]_i_1__3/O
                         net (fo=1590, routed)        7.821     8.918    bd_0_i/hls_inst/inst/gmem_m_axi_U/load_unit_0/fifo_rreq/SR[0]
    SLICE_X47Y57         FDRE                                         r  bd_0_i/hls_inst/inst/gmem_m_axi_U/load_unit_0/fifo_rreq/mOutPtr_reg[2]/R
  -------------------------------------------------------------------    -------------------

                         (clock ap_clk rise edge)     0.000     0.000 r  
                                                      0.000     0.000 r  ap_clk (IN)
                         net (fo=3249, unset)         0.924     0.924    bd_0_i/hls_inst/inst/gmem_m_axi_U/load_unit_0/fifo_rreq/ap_clk
    SLICE_X47Y57         FDRE                                         r  bd_0_i/hls_inst/inst/gmem_m_axi_U/load_unit_0/fifo_rreq/mOutPtr_reg[2]/C

Slack:                    inf
  Source:                 ap_rst_n
                            (input port)
  Destination:            bd_0_i/hls_inst/inst/gmem_m_axi_U/load_unit_0/fifo_rreq/mOutPtr_reg[3]/R
                            (rising edge-triggered cell FDRE clocked by ap_clk  {rise@0.000ns fall@2.500ns period=5.000ns})
  Path Group:             (none)
  Path Type:              Setup (Max at Slow Process Corner)
  Data Path Delay:        8.918ns  (logic 0.124ns (1.390%)  route 8.794ns (98.610%))
  Logic Levels:           1  (LUT1=1)
  Clock Path Skew:        0.924ns (DCD - SCD + CPR)
    Destination Clock Delay (DCD):    0.924ns
    Source Clock Delay      (SCD):    0.000ns
    Clock Pessimism Removal (CPR):    0.000ns
  Clock Uncertainty:      0.025ns  ((TSJ^2 + TIJ^2)^1/2 + DJ) / 2 + PE
    Total System Jitter     (TSJ):    0.050ns
    Total Input Jitter      (TIJ):    0.000ns
    Discrete Jitter          (DJ):    0.000ns
    Phase Error              (PE):    0.000ns

    Location             Delay type                Incr(ns)  Path(ns)    Netlist Resource(s)
  -------------------------------------------------------------------    -------------------
                                                      0.000     0.000 f  ap_rst_n (IN)
                         net (fo=29, unset)           0.973     0.973    bd_0_i/hls_inst/inst/gmem_m_axi_U/bus_write/wreq_burst_conv/rs_req/ap_rst_n
    SLICE_X30Y56         LUT1 (Prop_lut1_I0_O)        0.124     1.097 r  bd_0_i/hls_inst/inst/gmem_m_axi_U/bus_write/wreq_burst_conv/rs_req/state[0]_i_1__3/O
                         net (fo=1590, routed)        7.821     8.918    bd_0_i/hls_inst/inst/gmem_m_axi_U/load_unit_0/fifo_rreq/SR[0]
    SLICE_X47Y57         FDRE                                         r  bd_0_i/hls_inst/inst/gmem_m_axi_U/load_unit_0/fifo_rreq/mOutPtr_reg[3]/R
  -------------------------------------------------------------------    -------------------

                         (clock ap_clk rise edge)     0.000     0.000 r  
                                                      0.000     0.000 r  ap_clk (IN)
                         net (fo=3249, unset)         0.924     0.924    bd_0_i/hls_inst/inst/gmem_m_axi_U/load_unit_0/fifo_rreq/ap_clk
    SLICE_X47Y57         FDRE                                         r  bd_0_i/hls_inst/inst/gmem_m_axi_U/load_unit_0/fifo_rreq/mOutPtr_reg[3]/C

Slack:                    inf
  Source:                 ap_rst_n
                            (input port)
  Destination:            bd_0_i/hls_inst/inst/gmem_m_axi_U/load_unit_0/fifo_rreq/raddr_reg[2]/R
                            (rising edge-triggered cell FDRE clocked by ap_clk  {rise@0.000ns fall@2.500ns period=5.000ns})
  Path Group:             (none)
  Path Type:              Setup (Max at Slow Process Corner)
  Data Path Delay:        8.918ns  (logic 0.124ns (1.390%)  route 8.794ns (98.610%))
  Logic Levels:           1  (LUT1=1)
  Clock Path Skew:        0.924ns (DCD - SCD + CPR)
    Destination Clock Delay (DCD):    0.924ns
    Source Clock Delay      (SCD):    0.000ns
    Clock Pessimism Removal (CPR):    0.000ns
  Clock Uncertainty:      0.025ns  ((TSJ^2 + TIJ^2)^1/2 + DJ) / 2 + PE
    Total System Jitter     (TSJ):    0.050ns
    Total Input Jitter      (TIJ):    0.000ns
    Discrete Jitter          (DJ):    0.000ns
    Phase Error              (PE):    0.000ns

    Location             Delay type                Incr(ns)  Path(ns)    Netlist Resource(s)
  -------------------------------------------------------------------    -------------------
                                                      0.000     0.000 f  ap_rst_n (IN)
                         net (fo=29, unset)           0.973     0.973    bd_0_i/hls_inst/inst/gmem_m_axi_U/bus_write/wreq_burst_conv/rs_req/ap_rst_n
    SLICE_X30Y56         LUT1 (Prop_lut1_I0_O)        0.124     1.097 r  bd_0_i/hls_inst/inst/gmem_m_axi_U/bus_write/wreq_burst_conv/rs_req/state[0]_i_1__3/O
                         net (fo=1590, routed)        7.821     8.918    bd_0_i/hls_inst/inst/gmem_m_axi_U/load_unit_0/fifo_rreq/SR[0]
    SLICE_X46Y57         FDRE                                         r  bd_0_i/hls_inst/inst/gmem_m_axi_U/load_unit_0/fifo_rreq/raddr_reg[2]/R
  -------------------------------------------------------------------    -------------------

                         (clock ap_clk rise edge)     0.000     0.000 r  
                                                      0.000     0.000 r  ap_clk (IN)
                         net (fo=3249, unset)         0.924     0.924    bd_0_i/hls_inst/inst/gmem_m_axi_U/load_unit_0/fifo_rreq/ap_clk
    SLICE_X46Y57         FDRE                                         r  bd_0_i/hls_inst/inst/gmem_m_axi_U/load_unit_0/fifo_rreq/raddr_reg[2]/C

Slack:                    inf
  Source:                 ap_rst_n
                            (input port)
  Destination:            bd_0_i/hls_inst/inst/gmem_m_axi_U/bus_read/rreq_burst_conv/could_multi_bursts.addr_buf_reg[62]/R
                            (rising edge-triggered cell FDRE clocked by ap_clk  {rise@0.000ns fall@2.500ns period=5.000ns})
  Path Group:             (none)
  Path Type:              Setup (Max at Slow Process Corner)
  Data Path Delay:        8.907ns  (logic 0.124ns (1.392%)  route 8.783ns (98.608%))
  Logic Levels:           1  (LUT1=1)
  Clock Path Skew:        0.924ns (DCD - SCD + CPR)
    Destination Clock Delay (DCD):    0.924ns
    Source Clock Delay      (SCD):    0.000ns
    Clock Pessimism Removal (CPR):    0.000ns
  Clock Uncertainty:      0.025ns  ((TSJ^2 + TIJ^2)^1/2 + DJ) / 2 + PE
    Total System Jitter     (TSJ):    0.050ns
    Total Input Jitter      (TIJ):    0.000ns
    Discrete Jitter          (DJ):    0.000ns
    Phase Error              (PE):    0.000ns

    Location             Delay type                Incr(ns)  Path(ns)    Netlist Resource(s)
  -------------------------------------------------------------------    -------------------
                                                      0.000     0.000 f  ap_rst_n (IN)
                         net (fo=29, unset)           0.973     0.973    bd_0_i/hls_inst/inst/gmem_m_axi_U/bus_write/wreq_burst_conv/rs_req/ap_rst_n
    SLICE_X30Y56         LUT1 (Prop_lut1_I0_O)        0.124     1.097 r  bd_0_i/hls_inst/inst/gmem_m_axi_U/bus_write/wreq_burst_conv/rs_req/state[0]_i_1__3/O
                         net (fo=1590, routed)        7.810     8.907    bd_0_i/hls_inst/inst/gmem_m_axi_U/bus_read/rreq_burst_conv/SR[0]
    SLICE_X48Y57         FDRE                                         r  bd_0_i/hls_inst/inst/gmem_m_axi_U/bus_read/rreq_burst_conv/could_multi_bursts.addr_buf_reg[62]/R
  -------------------------------------------------------------------    -------------------

                         (clock ap_clk rise edge)     0.000     0.000 r  
                                                      0.000     0.000 r  ap_clk (IN)
                         net (fo=3249, unset)         0.924     0.924    bd_0_i/hls_inst/inst/gmem_m_axi_U/bus_read/rreq_burst_conv/ap_clk
    SLICE_X48Y57         FDRE                                         r  bd_0_i/hls_inst/inst/gmem_m_axi_U/bus_read/rreq_burst_conv/could_multi_bursts.addr_buf_reg[62]/C

Slack:                    inf
  Source:                 ap_rst_n
                            (input port)
  Destination:            bd_0_i/hls_inst/inst/gmem_m_axi_U/bus_read/rreq_burst_conv/could_multi_bursts.addr_buf_reg[63]/R
                            (rising edge-triggered cell FDRE clocked by ap_clk  {rise@0.000ns fall@2.500ns period=5.000ns})
  Path Group:             (none)
  Path Type:              Setup (Max at Slow Process Corner)
  Data Path Delay:        8.907ns  (logic 0.124ns (1.392%)  route 8.783ns (98.608%))
  Logic Levels:           1  (LUT1=1)
  Clock Path Skew:        0.924ns (DCD - SCD + CPR)
    Destination Clock Delay (DCD):    0.924ns
    Source Clock Delay      (SCD):    0.000ns
    Clock Pessimism Removal (CPR):    0.000ns
  Clock Uncertainty:      0.025ns  ((TSJ^2 + TIJ^2)^1/2 + DJ) / 2 + PE
    Total System Jitter     (TSJ):    0.050ns
    Total Input Jitter      (TIJ):    0.000ns
    Discrete Jitter          (DJ):    0.000ns
    Phase Error              (PE):    0.000ns

    Location             Delay type                Incr(ns)  Path(ns)    Netlist Resource(s)
  -------------------------------------------------------------------    -------------------
                                                      0.000     0.000 f  ap_rst_n (IN)
                         net (fo=29, unset)           0.973     0.973    bd_0_i/hls_inst/inst/gmem_m_axi_U/bus_write/wreq_burst_conv/rs_req/ap_rst_n
    SLICE_X30Y56         LUT1 (Prop_lut1_I0_O)        0.124     1.097 r  bd_0_i/hls_inst/inst/gmem_m_axi_U/bus_write/wreq_burst_conv/rs_req/state[0]_i_1__3/O
                         net (fo=1590, routed)        7.810     8.907    bd_0_i/hls_inst/inst/gmem_m_axi_U/bus_read/rreq_burst_conv/SR[0]
    SLICE_X48Y57         FDRE                                         r  bd_0_i/hls_inst/inst/gmem_m_axi_U/bus_read/rreq_burst_conv/could_multi_bursts.addr_buf_reg[63]/R
  -------------------------------------------------------------------    -------------------

                         (clock ap_clk rise edge)     0.000     0.000 r  
                                                      0.000     0.000 r  ap_clk (IN)
                         net (fo=3249, unset)         0.924     0.924    bd_0_i/hls_inst/inst/gmem_m_axi_U/bus_read/rreq_burst_conv/ap_clk
    SLICE_X48Y57         FDRE                                         r  bd_0_i/hls_inst/inst/gmem_m_axi_U/bus_read/rreq_burst_conv/could_multi_bursts.addr_buf_reg[63]/C





Min Delay Paths
--------------------------------------------------------------------------------------
Slack:                    inf
  Source:                 bd_0_i/hls_inst/inst/mul_32s_32s_32_5_1_U8/buff0_reg/ACOUT[0]
                            (internal pin)
  Destination:            bd_0_i/hls_inst/inst/mul_32s_32s_32_5_1_U8/buff1_reg/ACIN[0]
                            (rising edge-triggered cell DSP48E1 clocked by ap_clk  {rise@0.000ns fall@2.500ns period=5.000ns})
  Path Group:             (none)
  Path Type:              Hold (Min at Slow Process Corner)
  Data Path Delay:        0.002ns  (logic 0.000ns (0.000%)  route 0.002ns (100.000%))
  Logic Levels:           0  
  Clock Uncertainty:      0.025ns  ((TSJ^2 + TIJ^2)^1/2 + DJ) / 2 + PE
    Total System Jitter     (TSJ):    0.050ns
    Total Input Jitter      (TIJ):    0.000ns
    Discrete Jitter          (DJ):    0.000ns
    Phase Error              (PE):    0.000ns

    Location             Delay type                Incr(ns)  Path(ns)    Netlist Resource(s)
  -------------------------------------------------------------------    -------------------
    DSP48_X2Y10          DSP48E1                      0.000     0.000 r  bd_0_i/hls_inst/inst/mul_32s_32s_32_5_1_U8/buff0_reg/ACOUT[0]
                         net (fo=1, routed)           0.002     0.002    bd_0_i/hls_inst/inst/mul_32s_32s_32_5_1_U8/buff0_reg_n_56
    DSP48_X2Y11          DSP48E1                                      r  bd_0_i/hls_inst/inst/mul_32s_32s_32_5_1_U8/buff1_reg/ACIN[0]
  -------------------------------------------------------------------    -------------------

                         (clock ap_clk rise edge)     0.000     0.000 r  
                                                      0.000     0.000 r  ap_clk (IN)
                         net (fo=3249, unset)         0.973     0.973    bd_0_i/hls_inst/inst/mul_32s_32s_32_5_1_U8/ap_clk
    DSP48_X2Y11          DSP48E1                                      r  bd_0_i/hls_inst/inst/mul_32s_32s_32_5_1_U8/buff1_reg/CLK

Slack:                    inf
  Source:                 bd_0_i/hls_inst/inst/mul_32s_32s_32_5_1_U8/buff0_reg/ACOUT[10]
                            (internal pin)
  Destination:            bd_0_i/hls_inst/inst/mul_32s_32s_32_5_1_U8/buff1_reg/ACIN[10]
                            (rising edge-triggered cell DSP48E1 clocked by ap_clk  {rise@0.000ns fall@2.500ns period=5.000ns})
  Path Group:             (none)
  Path Type:              Hold (Min at Slow Process Corner)
  Data Path Delay:        0.002ns  (logic 0.000ns (0.000%)  route 0.002ns (100.000%))
  Logic Levels:           0  
  Clock Uncertainty:      0.025ns  ((TSJ^2 + TIJ^2)^1/2 + DJ) / 2 + PE
    Total System Jitter     (TSJ):    0.050ns
    Total Input Jitter      (TIJ):    0.000ns
    Discrete Jitter          (DJ):    0.000ns
    Phase Error              (PE):    0.000ns

    Location             Delay type                Incr(ns)  Path(ns)    Netlist Resource(s)
  -------------------------------------------------------------------    -------------------
    DSP48_X2Y10          DSP48E1                      0.000     0.000 r  bd_0_i/hls_inst/inst/mul_32s_32s_32_5_1_U8/buff0_reg/ACOUT[10]
                         net (fo=1, routed)           0.002     0.002    bd_0_i/hls_inst/inst/mul_32s_32s_32_5_1_U8/buff0_reg_n_46
    DSP48_X2Y11          DSP48E1                                      r  bd_0_i/hls_inst/inst/mul_32s_32s_32_5_1_U8/buff1_reg/ACIN[10]
  -------------------------------------------------------------------    -------------------

                         (clock ap_clk rise edge)     0.000     0.000 r  
                                                      0.000     0.000 r  ap_clk (IN)
                         net (fo=3249, unset)         0.973     0.973    bd_0_i/hls_inst/inst/mul_32s_32s_32_5_1_U8/ap_clk
    DSP48_X2Y11          DSP48E1                                      r  bd_0_i/hls_inst/inst/mul_32s_32s_32_5_1_U8/buff1_reg/CLK

Slack:                    inf
  Source:                 bd_0_i/hls_inst/inst/mul_32s_32s_32_5_1_U8/buff0_reg/ACOUT[11]
                            (internal pin)
  Destination:            bd_0_i/hls_inst/inst/mul_32s_32s_32_5_1_U8/buff1_reg/ACIN[11]
                            (rising edge-triggered cell DSP48E1 clocked by ap_clk  {rise@0.000ns fall@2.500ns period=5.000ns})
  Path Group:             (none)
  Path Type:              Hold (Min at Slow Process Corner)
  Data Path Delay:        0.002ns  (logic 0.000ns (0.000%)  route 0.002ns (100.000%))
  Logic Levels:           0  
  Clock Uncertainty:      0.025ns  ((TSJ^2 + TIJ^2)^1/2 + DJ) / 2 + PE
    Total System Jitter     (TSJ):    0.050ns
    Total Input Jitter      (TIJ):    0.000ns
    Discrete Jitter          (DJ):    0.000ns
    Phase Error              (PE):    0.000ns

    Location             Delay type                Incr(ns)  Path(ns)    Netlist Resource(s)
  -------------------------------------------------------------------    -------------------
    DSP48_X2Y10          DSP48E1                      0.000     0.000 r  bd_0_i/hls_inst/inst/mul_32s_32s_32_5_1_U8/buff0_reg/ACOUT[11]
                         net (fo=1, routed)           0.002     0.002    bd_0_i/hls_inst/inst/mul_32s_32s_32_5_1_U8/buff0_reg_n_45
    DSP48_X2Y11          DSP48E1                                      r  bd_0_i/hls_inst/inst/mul_32s_32s_32_5_1_U8/buff1_reg/ACIN[11]
  -------------------------------------------------------------------    -------------------

                         (clock ap_clk rise edge)     0.000     0.000 r  
                                                      0.000     0.000 r  ap_clk (IN)
                         net (fo=3249, unset)         0.973     0.973    bd_0_i/hls_inst/inst/mul_32s_32s_32_5_1_U8/ap_clk
    DSP48_X2Y11          DSP48E1                                      r  bd_0_i/hls_inst/inst/mul_32s_32s_32_5_1_U8/buff1_reg/CLK

Slack:                    inf
  Source:                 bd_0_i/hls_inst/inst/mul_32s_32s_32_5_1_U8/buff0_reg/ACOUT[12]
                            (internal pin)
  Destination:            bd_0_i/hls_inst/inst/mul_32s_32s_32_5_1_U8/buff1_reg/ACIN[12]
                            (rising edge-triggered cell DSP48E1 clocked by ap_clk  {rise@0.000ns fall@2.500ns period=5.000ns})
  Path Group:             (none)
  Path Type:              Hold (Min at Slow Process Corner)
  Data Path Delay:        0.002ns  (logic 0.000ns (0.000%)  route 0.002ns (100.000%))
  Logic Levels:           0  
  Clock Uncertainty:      0.025ns  ((TSJ^2 + TIJ^2)^1/2 + DJ) / 2 + PE
    Total System Jitter     (TSJ):    0.050ns
    Total Input Jitter      (TIJ):    0.000ns
    Discrete Jitter          (DJ):    0.000ns
    Phase Error              (PE):    0.000ns

    Location             Delay type                Incr(ns)  Path(ns)    Netlist Resource(s)
  -------------------------------------------------------------------    -------------------
    DSP48_X2Y10          DSP48E1                      0.000     0.000 r  bd_0_i/hls_inst/inst/mul_32s_32s_32_5_1_U8/buff0_reg/ACOUT[12]
                         net (fo=1, routed)           0.002     0.002    bd_0_i/hls_inst/inst/mul_32s_32s_32_5_1_U8/buff0_reg_n_44
    DSP48_X2Y11          DSP48E1                                      r  bd_0_i/hls_inst/inst/mul_32s_32s_32_5_1_U8/buff1_reg/ACIN[12]
  -------------------------------------------------------------------    -------------------

                         (clock ap_clk rise edge)     0.000     0.000 r  
                                                      0.000     0.000 r  ap_clk (IN)
                         net (fo=3249, unset)         0.973     0.973    bd_0_i/hls_inst/inst/mul_32s_32s_32_5_1_U8/ap_clk
    DSP48_X2Y11          DSP48E1                                      r  bd_0_i/hls_inst/inst/mul_32s_32s_32_5_1_U8/buff1_reg/CLK

Slack:                    inf
  Source:                 bd_0_i/hls_inst/inst/mul_32s_32s_32_5_1_U8/buff0_reg/ACOUT[13]
                            (internal pin)
  Destination:            bd_0_i/hls_inst/inst/mul_32s_32s_32_5_1_U8/buff1_reg/ACIN[13]
                            (rising edge-triggered cell DSP48E1 clocked by ap_clk  {rise@0.000ns fall@2.500ns period=5.000ns})
  Path Group:             (none)
  Path Type:              Hold (Min at Slow Process Corner)
  Data Path Delay:        0.002ns  (logic 0.000ns (0.000%)  route 0.002ns (100.000%))
  Logic Levels:           0  
  Clock Uncertainty:      0.025ns  ((TSJ^2 + TIJ^2)^1/2 + DJ) / 2 + PE
    Total System Jitter     (TSJ):    0.050ns
    Total Input Jitter      (TIJ):    0.000ns
    Discrete Jitter          (DJ):    0.000ns
    Phase Error              (PE):    0.000ns

    Location             Delay type                Incr(ns)  Path(ns)    Netlist Resource(s)
  -------------------------------------------------------------------    -------------------
    DSP48_X2Y10          DSP48E1                      0.000     0.000 r  bd_0_i/hls_inst/inst/mul_32s_32s_32_5_1_U8/buff0_reg/ACOUT[13]
                         net (fo=1, routed)           0.002     0.002    bd_0_i/hls_inst/inst/mul_32s_32s_32_5_1_U8/buff0_reg_n_43
    DSP48_X2Y11          DSP48E1                                      r  bd_0_i/hls_inst/inst/mul_32s_32s_32_5_1_U8/buff1_reg/ACIN[13]
  -------------------------------------------------------------------    -------------------

                         (clock ap_clk rise edge)     0.000     0.000 r  
                                                      0.000     0.000 r  ap_clk (IN)
                         net (fo=3249, unset)         0.973     0.973    bd_0_i/hls_inst/inst/mul_32s_32s_32_5_1_U8/ap_clk
    DSP48_X2Y11          DSP48E1                                      r  bd_0_i/hls_inst/inst/mul_32s_32s_32_5_1_U8/buff1_reg/CLK

Slack:                    inf
  Source:                 bd_0_i/hls_inst/inst/mul_32s_32s_32_5_1_U8/buff0_reg/ACOUT[14]
                            (internal pin)
  Destination:            bd_0_i/hls_inst/inst/mul_32s_32s_32_5_1_U8/buff1_reg/ACIN[14]
                            (rising edge-triggered cell DSP48E1 clocked by ap_clk  {rise@0.000ns fall@2.500ns period=5.000ns})
  Path Group:             (none)
  Path Type:              Hold (Min at Slow Process Corner)
  Data Path Delay:        0.002ns  (logic 0.000ns (0.000%)  route 0.002ns (100.000%))
  Logic Levels:           0  
  Clock Uncertainty:      0.025ns  ((TSJ^2 + TIJ^2)^1/2 + DJ) / 2 + PE
    Total System Jitter     (TSJ):    0.050ns
    Total Input Jitter      (TIJ):    0.000ns
    Discrete Jitter          (DJ):    0.000ns
    Phase Error              (PE):    0.000ns

    Location             Delay type                Incr(ns)  Path(ns)    Netlist Resource(s)
  -------------------------------------------------------------------    -------------------
    DSP48_X2Y10          DSP48E1                      0.000     0.000 r  bd_0_i/hls_inst/inst/mul_32s_32s_32_5_1_U8/buff0_reg/ACOUT[14]
                         net (fo=1, routed)           0.002     0.002    bd_0_i/hls_inst/inst/mul_32s_32s_32_5_1_U8/buff0_reg_n_42
    DSP48_X2Y11          DSP48E1                                      r  bd_0_i/hls_inst/inst/mul_32s_32s_32_5_1_U8/buff1_reg/ACIN[14]
  -------------------------------------------------------------------    -------------------

                         (clock ap_clk rise edge)     0.000     0.000 r  
                                                      0.000     0.000 r  ap_clk (IN)
                         net (fo=3249, unset)         0.973     0.973    bd_0_i/hls_inst/inst/mul_32s_32s_32_5_1_U8/ap_clk
    DSP48_X2Y11          DSP48E1                                      r  bd_0_i/hls_inst/inst/mul_32s_32s_32_5_1_U8/buff1_reg/CLK

Slack:                    inf
  Source:                 bd_0_i/hls_inst/inst/mul_32s_32s_32_5_1_U8/buff0_reg/ACOUT[15]
                            (internal pin)
  Destination:            bd_0_i/hls_inst/inst/mul_32s_32s_32_5_1_U8/buff1_reg/ACIN[15]
                            (rising edge-triggered cell DSP48E1 clocked by ap_clk  {rise@0.000ns fall@2.500ns period=5.000ns})
  Path Group:             (none)
  Path Type:              Hold (Min at Slow Process Corner)
  Data Path Delay:        0.002ns  (logic 0.000ns (0.000%)  route 0.002ns (100.000%))
  Logic Levels:           0  
  Clock Uncertainty:      0.025ns  ((TSJ^2 + TIJ^2)^1/2 + DJ) / 2 + PE
    Total System Jitter     (TSJ):    0.050ns
    Total Input Jitter      (TIJ):    0.000ns
    Discrete Jitter          (DJ):    0.000ns
    Phase Error              (PE):    0.000ns

    Location             Delay type                Incr(ns)  Path(ns)    Netlist Resource(s)
  -------------------------------------------------------------------    -------------------
    DSP48_X2Y10          DSP48E1                      0.000     0.000 r  bd_0_i/hls_inst/inst/mul_32s_32s_32_5_1_U8/buff0_reg/ACOUT[15]
                         net (fo=1, routed)           0.002     0.002    bd_0_i/hls_inst/inst/mul_32s_32s_32_5_1_U8/buff0_reg_n_41
    DSP48_X2Y11          DSP48E1                                      r  bd_0_i/hls_inst/inst/mul_32s_32s_32_5_1_U8/buff1_reg/ACIN[15]
  -------------------------------------------------------------------    -------------------

                         (clock ap_clk rise edge)     0.000     0.000 r  
                                                      0.000     0.000 r  ap_clk (IN)
                         net (fo=3249, unset)         0.973     0.973    bd_0_i/hls_inst/inst/mul_32s_32s_32_5_1_U8/ap_clk
    DSP48_X2Y11          DSP48E1                                      r  bd_0_i/hls_inst/inst/mul_32s_32s_32_5_1_U8/buff1_reg/CLK

Slack:                    inf
  Source:                 bd_0_i/hls_inst/inst/mul_32s_32s_32_5_1_U8/buff0_reg/ACOUT[16]
                            (internal pin)
  Destination:            bd_0_i/hls_inst/inst/mul_32s_32s_32_5_1_U8/buff1_reg/ACIN[16]
                            (rising edge-triggered cell DSP48E1 clocked by ap_clk  {rise@0.000ns fall@2.500ns period=5.000ns})
  Path Group:             (none)
  Path Type:              Hold (Min at Slow Process Corner)
  Data Path Delay:        0.002ns  (logic 0.000ns (0.000%)  route 0.002ns (100.000%))
  Logic Levels:           0  
  Clock Uncertainty:      0.025ns  ((TSJ^2 + TIJ^2)^1/2 + DJ) / 2 + PE
    Total System Jitter     (TSJ):    0.050ns
    Total Input Jitter      (TIJ):    0.000ns
    Discrete Jitter          (DJ):    0.000ns
    Phase Error              (PE):    0.000ns

    Location             Delay type                Incr(ns)  Path(ns)    Netlist Resource(s)
  -------------------------------------------------------------------    -------------------
    DSP48_X2Y10          DSP48E1                      0.000     0.000 r  bd_0_i/hls_inst/inst/mul_32s_32s_32_5_1_U8/buff0_reg/ACOUT[16]
                         net (fo=1, routed)           0.002     0.002    bd_0_i/hls_inst/inst/mul_32s_32s_32_5_1_U8/buff0_reg_n_40
    DSP48_X2Y11          DSP48E1                                      r  bd_0_i/hls_inst/inst/mul_32s_32s_32_5_1_U8/buff1_reg/ACIN[16]
  -------------------------------------------------------------------    -------------------

                         (clock ap_clk rise edge)     0.000     0.000 r  
                                                      0.000     0.000 r  ap_clk (IN)
                         net (fo=3249, unset)         0.973     0.973    bd_0_i/hls_inst/inst/mul_32s_32s_32_5_1_U8/ap_clk
    DSP48_X2Y11          DSP48E1                                      r  bd_0_i/hls_inst/inst/mul_32s_32s_32_5_1_U8/buff1_reg/CLK

Slack:                    inf
  Source:                 bd_0_i/hls_inst/inst/mul_32s_32s_32_5_1_U8/buff0_reg/ACOUT[17]
                            (internal pin)
  Destination:            bd_0_i/hls_inst/inst/mul_32s_32s_32_5_1_U8/buff1_reg/ACIN[17]
                            (rising edge-triggered cell DSP48E1 clocked by ap_clk  {rise@0.000ns fall@2.500ns period=5.000ns})
  Path Group:             (none)
  Path Type:              Hold (Min at Slow Process Corner)
  Data Path Delay:        0.002ns  (logic 0.000ns (0.000%)  route 0.002ns (100.000%))
  Logic Levels:           0  
  Clock Uncertainty:      0.025ns  ((TSJ^2 + TIJ^2)^1/2 + DJ) / 2 + PE
    Total System Jitter     (TSJ):    0.050ns
    Total Input Jitter      (TIJ):    0.000ns
    Discrete Jitter          (DJ):    0.000ns
    Phase Error              (PE):    0.000ns

    Location             Delay type                Incr(ns)  Path(ns)    Netlist Resource(s)
  -------------------------------------------------------------------    -------------------
    DSP48_X2Y10          DSP48E1                      0.000     0.000 r  bd_0_i/hls_inst/inst/mul_32s_32s_32_5_1_U8/buff0_reg/ACOUT[17]
                         net (fo=1, routed)           0.002     0.002    bd_0_i/hls_inst/inst/mul_32s_32s_32_5_1_U8/buff0_reg_n_39
    DSP48_X2Y11          DSP48E1                                      r  bd_0_i/hls_inst/inst/mul_32s_32s_32_5_1_U8/buff1_reg/ACIN[17]
  -------------------------------------------------------------------    -------------------

                         (clock ap_clk rise edge)     0.000     0.000 r  
                                                      0.000     0.000 r  ap_clk (IN)
                         net (fo=3249, unset)         0.973     0.973    bd_0_i/hls_inst/inst/mul_32s_32s_32_5_1_U8/ap_clk
    DSP48_X2Y11          DSP48E1                                      r  bd_0_i/hls_inst/inst/mul_32s_32s_32_5_1_U8/buff1_reg/CLK

Slack:                    inf
  Source:                 bd_0_i/hls_inst/inst/mul_32s_32s_32_5_1_U8/buff0_reg/ACOUT[18]
                            (internal pin)
  Destination:            bd_0_i/hls_inst/inst/mul_32s_32s_32_5_1_U8/buff1_reg/ACIN[18]
                            (rising edge-triggered cell DSP48E1 clocked by ap_clk  {rise@0.000ns fall@2.500ns period=5.000ns})
  Path Group:             (none)
  Path Type:              Hold (Min at Slow Process Corner)
  Data Path Delay:        0.002ns  (logic 0.000ns (0.000%)  route 0.002ns (100.000%))
  Logic Levels:           0  
  Clock Uncertainty:      0.025ns  ((TSJ^2 + TIJ^2)^1/2 + DJ) / 2 + PE
    Total System Jitter     (TSJ):    0.050ns
    Total Input Jitter      (TIJ):    0.000ns
    Discrete Jitter          (DJ):    0.000ns
    Phase Error              (PE):    0.000ns

    Location             Delay type                Incr(ns)  Path(ns)    Netlist Resource(s)
  -------------------------------------------------------------------    -------------------
    DSP48_X2Y10          DSP48E1                      0.000     0.000 r  bd_0_i/hls_inst/inst/mul_32s_32s_32_5_1_U8/buff0_reg/ACOUT[18]
                         net (fo=1, routed)           0.002     0.002    bd_0_i/hls_inst/inst/mul_32s_32s_32_5_1_U8/buff0_reg_n_38
    DSP48_X2Y11          DSP48E1                                      r  bd_0_i/hls_inst/inst/mul_32s_32s_32_5_1_U8/buff1_reg/ACIN[18]
  -------------------------------------------------------------------    -------------------

                         (clock ap_clk rise edge)     0.000     0.000 r  
                                                      0.000     0.000 r  ap_clk (IN)
                         net (fo=3249, unset)         0.973     0.973    bd_0_i/hls_inst/inst/mul_32s_32s_32_5_1_U8/ap_clk
    DSP48_X2Y11          DSP48E1                                      r  bd_0_i/hls_inst/inst/mul_32s_32s_32_5_1_U8/buff1_reg/CLK





