INFO-FLOW: Workspace E:/robot/project/FPGA/ZedBoard/HLS_lab/lab3/dct/dct/hls opened at Wed Oct 30 16:20:12 +0800 2024
Execute     send_msg_by_id INFO @200-1505@%s%s default  vivado 
INFO: [HLS 200-1505] Using default flow_target 'vivado'
Execute   apply_ini E:/robot/project/FPGA/ZedBoard/HLS_lab/lab3/dct/hls_config.cfg 
Execute     send_msg_by_id INFO @200-1465@%s 'syn.file=E:/robot/project/FPGA/ZedBoard/HLS_lab/High-Level-Synthesis-Flow-on-Zynq-using-Vivado-HLS/source/lab3/dct.c' from E:/robot/project/FPGA/ZedBoard/HLS_lab/lab3/dct/hls_config.cfg(8) 
INFO: [HLS 200-1465] Applying ini 'syn.file=E:/robot/project/FPGA/ZedBoard/HLS_lab/High-Level-Synthesis-Flow-on-Zynq-using-Vivado-HLS/source/lab3/dct.c' from E:/robot/project/FPGA/ZedBoard/HLS_lab/lab3/dct/hls_config.cfg(8)
Execute     add_files E:/robot/project/FPGA/ZedBoard/HLS_lab/High-Level-Synthesis-Flow-on-Zynq-using-Vivado-HLS/source/lab3/dct.c 
INFO: [HLS 200-10] Adding design file 'E:/robot/project/FPGA/ZedBoard/HLS_lab/High-Level-Synthesis-Flow-on-Zynq-using-Vivado-HLS/source/lab3/dct.c' to the project
Execute     send_msg_by_id INFO @200-1465@%s 'tb.file=E:/robot/project/FPGA/ZedBoard/HLS_lab/High-Level-Synthesis-Flow-on-Zynq-using-Vivado-HLS/source/lab3/dct_test.c' from E:/robot/project/FPGA/ZedBoard/HLS_lab/lab3/dct/hls_config.cfg(9) 
INFO: [HLS 200-1465] Applying ini 'tb.file=E:/robot/project/FPGA/ZedBoard/HLS_lab/High-Level-Synthesis-Flow-on-Zynq-using-Vivado-HLS/source/lab3/dct_test.c' from E:/robot/project/FPGA/ZedBoard/HLS_lab/lab3/dct/hls_config.cfg(9)
Execute     add_files -tb E:/robot/project/FPGA/ZedBoard/HLS_lab/High-Level-Synthesis-Flow-on-Zynq-using-Vivado-HLS/source/lab3/dct_test.c 
INFO: [HLS 200-10] Adding test bench file 'E:/robot/project/FPGA/ZedBoard/HLS_lab/High-Level-Synthesis-Flow-on-Zynq-using-Vivado-HLS/source/lab3/dct_test.c' to the project
Execute     send_msg_by_id INFO @200-1465@%s 'tb.file=E:/robot/project/FPGA/ZedBoard/HLS_lab/High-Level-Synthesis-Flow-on-Zynq-using-Vivado-HLS/source/lab3/in.dat' from E:/robot/project/FPGA/ZedBoard/HLS_lab/lab3/dct/hls_config.cfg(10) 
INFO: [HLS 200-1465] Applying ini 'tb.file=E:/robot/project/FPGA/ZedBoard/HLS_lab/High-Level-Synthesis-Flow-on-Zynq-using-Vivado-HLS/source/lab3/in.dat' from E:/robot/project/FPGA/ZedBoard/HLS_lab/lab3/dct/hls_config.cfg(10)
Execute     add_files -tb E:/robot/project/FPGA/ZedBoard/HLS_lab/High-Level-Synthesis-Flow-on-Zynq-using-Vivado-HLS/source/lab3/in.dat 
INFO: [HLS 200-10] Adding test bench file 'E:/robot/project/FPGA/ZedBoard/HLS_lab/High-Level-Synthesis-Flow-on-Zynq-using-Vivado-HLS/source/lab3/in.dat' to the project
Execute     send_msg_by_id INFO @200-1465@%s 'tb.file=E:/robot/project/FPGA/ZedBoard/HLS_lab/High-Level-Synthesis-Flow-on-Zynq-using-Vivado-HLS/source/lab3/out.golden.dat' from E:/robot/project/FPGA/ZedBoard/HLS_lab/lab3/dct/hls_config.cfg(11) 
INFO: [HLS 200-1465] Applying ini 'tb.file=E:/robot/project/FPGA/ZedBoard/HLS_lab/High-Level-Synthesis-Flow-on-Zynq-using-Vivado-HLS/source/lab3/out.golden.dat' from E:/robot/project/FPGA/ZedBoard/HLS_lab/lab3/dct/hls_config.cfg(11)
Execute     add_files -tb E:/robot/project/FPGA/ZedBoard/HLS_lab/High-Level-Synthesis-Flow-on-Zynq-using-Vivado-HLS/source/lab3/out.golden.dat 
INFO: [HLS 200-10] Adding test bench file 'E:/robot/project/FPGA/ZedBoard/HLS_lab/High-Level-Synthesis-Flow-on-Zynq-using-Vivado-HLS/source/lab3/out.golden.dat' to the project
Execute     send_msg_by_id INFO @200-1465@%s 'syn.top=dct' from E:/robot/project/FPGA/ZedBoard/HLS_lab/lab3/dct/hls_config.cfg(7) 
INFO: [HLS 200-1465] Applying ini 'syn.top=dct' from E:/robot/project/FPGA/ZedBoard/HLS_lab/lab3/dct/hls_config.cfg(7)
Execute     set_top dct 
Execute     send_msg_by_id INFO @200-1465@%s 'flow_target=vivado' from E:/robot/project/FPGA/ZedBoard/HLS_lab/lab3/dct/hls_config.cfg(4) 
INFO: [HLS 200-1465] Applying ini 'flow_target=vivado' from E:/robot/project/FPGA/ZedBoard/HLS_lab/lab3/dct/hls_config.cfg(4)
Execute     send_msg_by_id INFO @200-1505@%s%s  vivado 
INFO: [HLS 200-1505] Using flow_target 'vivado'
Execute     send_msg_by_id INFO @200-1465@%s 'part=xc7z020clg484-1' from E:/robot/project/FPGA/ZedBoard/HLS_lab/lab3/dct/hls_config.cfg(1) 
INFO: [HLS 200-1465] Applying ini 'part=xc7z020clg484-1' from E:/robot/project/FPGA/ZedBoard/HLS_lab/lab3/dct/hls_config.cfg(1)
Execute     set_part xc7z020clg484-1 
Execute       create_platform xc7z020clg484-1 -board  
DBG:HLSDevice: Trying to load device library: E:/vivado\Vitis_HLS\2024.1\lib\win64.o\xv_hlsvwrap.dll
DBG:HLSDevice: first parts/arch.xml in RDI_DATADIR: E:/vivado/Vivado/2024.1/data/parts/arch.xml
DBG:HLSDevice: init success
INFO: [HLS 200-1611] Setting target device to 'xc7z020-clg484-1'
Command       create_platform done; 2.434 sec.
Execute       source E:/vivado/Vitis_HLS/2024.1/common/technology/xilinx/common/xilinx.gen 
Execute         source E:/vivado/Vitis_HLS/2024.1/common/technology/xilinx/interface/plb46.gen 
Execute         source E:/vivado/Vitis_HLS/2024.1/common/technology/xilinx/interface/axi4.gen 
Execute         source E:/vivado/Vitis_HLS/2024.1/common/technology/xilinx/interface/nativeAXI4.gen 
Execute           source E:/vivado/Vitis_HLS/2024.1/common/technology/xilinx/interface/saxilite.gen 
Execute         source E:/vivado/Vitis_HLS/2024.1/common/technology/xilinx/scripts/xilinxcoregen.gen 
Execute         source E:/vivado/Vitis_HLS/2024.1/common/technology/xilinx/interface/XilEDKCoreGen.gen 
Execute         source E:/vivado/Vitis_HLS/2024.1/common/technology/xilinx/ip/dds_compiler.gen 
Execute         source E:/vivado/Vitis_HLS/2024.1/common/technology/xilinx/ip/util.gen 
Execute         source E:/vivado/Vitis_HLS/2024.1/common/technology/xilinx/ip/xfft.gen 
Execute         source E:/vivado/Vitis_HLS/2024.1/common/technology/xilinx/ip/xfir.gen 
Execute         source E:/vivado/Vitis_HLS/2024.1/common/technology/xilinx/DSP48/dsp48.gen 
Command       ap_source done; 0.103 sec.
Execute       ap_part_info -name xc7z020-clg484-1 -data info 
Command       ap_part_info done; 0.114 sec.
Execute       config_compile -quiet -complex-mul-dsp=0 
Command     set_part done; 2.667 sec.
Execute     send_msg_by_id INFO @200-1465@%s 'clock=10ns' from E:/robot/project/FPGA/ZedBoard/HLS_lab/lab3/dct/hls_config.cfg(12) 
INFO: [HLS 200-1465] Applying ini 'clock=10ns' from E:/robot/project/FPGA/ZedBoard/HLS_lab/lab3/dct/hls_config.cfg(12)
Execute     create_clock -period 10ns 
Execute       ap_set_clock -name default -period 10 -unit ns -default=false 
INFO: [SYN 201-201] Setting up clock 'default' with a period of 10ns.
Execute     send_msg_by_id INFO @200-1465@%s 'csim.code_analyzer=1' from E:/robot/project/FPGA/ZedBoard/HLS_lab/lab3/dct/hls_config.cfg(13) 
INFO: [HLS 200-1465] Applying ini 'csim.code_analyzer=1' from E:/robot/project/FPGA/ZedBoard/HLS_lab/lab3/dct/hls_config.cfg(13)
Execute     config_csim -code_analyzer=1 
Execute     send_msg_by_id INFO @200-1465@%s 'package.output.format=ip_catalog' from E:/robot/project/FPGA/ZedBoard/HLS_lab/lab3/dct/hls_config.cfg(5) 
INFO: [HLS 200-1465] Applying ini 'package.output.format=ip_catalog' from E:/robot/project/FPGA/ZedBoard/HLS_lab/lab3/dct/hls_config.cfg(5)
Execute     config_export -format=ip_catalog 
Command   apply_ini done; 2.712 sec.
Execute   apply_ini E:/robot/project/FPGA/ZedBoard/HLS_lab/lab3/dct/dct/hls/config.cmdline 
Execute   csynth_design 
Execute     AP::app_get_file_relativeroot [AP::app_get_root] {}
Execute     AP::app_get_file_relativeroot [AP::app_get_root] {}
Execute     AP::app_get_file_relativeroot [AP::app_get_root] {}
INFO-FLOW: Running SLX 'csynth' proc: ::SLX::run_csynth
Execute     elaborate -effort=medium -skip_syncheck=0 -keep_printf=0 -skip_cdt=0 -skip_transform=0 -ng=0 -g=0 -opt_fp=0 -from_csynth_design=1 
INFO: [HLS 200-111] Finished File checks and directory preparation: CPU user time: 2 seconds. CPU system time: 1 seconds. Elapsed time: 4.356 seconds; current allocated memory: 245.977 MB.
Execute       set_directive_top dct -name=dct 
Execute       source E:/vivado/Vitis_HLS/2024.1/tps/tcl/tcllib1.11.1/yaml/huddle.tcl 
Execute       source E:/vivado/Vitis_HLS/2024.1/tps/tcl/tcllib1.11.1/yaml/json2huddle.tcl 
INFO: [HLS 200-10] Analyzing design file '../../High-Level-Synthesis-Flow-on-Zynq-using-Vivado-HLS/source/lab3/dct.c' ... 
INFO-FLOW: Compiling one TU...
INFO-FLOW: Handling ../../High-Level-Synthesis-Flow-on-Zynq-using-Vivado-HLS/source/lab3/dct.c as C
Execute       ap_part_info -name xc7z020-clg484-1 -data info 
Command       ap_part_info done; 0.115 sec.
INFO-FLOW: Running: GCC PP 39
INFO-FLOW: Source preprocessing
INFO-FLOW: run_clang exec: E:/vivado/Vitis_HLS/2024.1/win64/tools/clang-3.9-csynth/bin/clang ../../High-Level-Synthesis-Flow-on-Zynq-using-Vivado-HLS/source/lab3/dct.c -foptimization-record-file=E:/robot/project/FPGA/ZedBoard/HLS_lab/lab3/dct/dct/hls/.autopilot/db/dct.c.clang.diag.yml -mllvm -pass-remarks-missed=reflow|pasta|unroll -mllvm -pass-remarks=reflow|pasta|unroll|inline -fno-limit-debug-info --sysroot E:/vivado/Vitis_HLS/2024.1/tps/mingw/8.3.0/win64.o/nt -fhls -fno-exceptions -insert-hls-directive=E:/robot/project/FPGA/ZedBoard/HLS_lab/lab3/dct/dct/hls/.autopilot/db/all.directive.json -E -fno-math-errno -c -emit-llvm -mllvm -disable-llvm-optzns -Werror=implicit-function-declaration -Werror=implicit-hls-streams -Werror=return-type -Wpragmas -Wunused-parameter -Wdump-hls-pragmas -Wno-error=dump-hls-pragmas -hls-clock-period=10 -std=gnu99 -fgnu89-inline -target fpga64-xilinx-mingw32 -D__VITIS_HLS__ -DAESL_SYN -D__SYNTHESIS__ -D__HLS_SYN__ -I E:/vivado/Vitis_HLS/2024.1/common/technology/autopilot -I E:/vivado/Vitis_HLS/2024.1/common/technology/autopilot/ap_sysc -include etc/autopilot_ssdm_op.h -D__DSP48E1__ -I /usr/include/x86_64-linux-gnu -o E:/robot/project/FPGA/ZedBoard/HLS_lab/lab3/dct/dct/hls/.autopilot/db/dct.pp.0.c {-hls-platform-db-name=E:/vivado\Vitis_HLS\2024.1\common/technology\xilinx/common/platform.db} -hls-platform-name=zynq_slow -device-resource-info=BRAM_280.000000_DSP_220.000000_FF_106400.000000_LUT_53200.000000_SLICE_13300.000000_URAM_0.000000 -device-name-info=xc7z020clg484-1 > E:/robot/project/FPGA/ZedBoard/HLS_lab/lab3/dct/dct/hls/.autopilot/db/dct.c.clang.out.log 2> E:/robot/project/FPGA/ZedBoard/HLS_lab/lab3/dct/dct/hls/.autopilot/db/dct.c.clang.err.log
INFO-FLOW: Done: GCC PP 39 time: 0.7 seconds per iteration
INFO-FLOW: Source syntax check for synthesis
INFO-FLOW: run_clang exec: E:/vivado/Vitis_HLS/2024.1/win64/tools/clang-3.9-csynth/bin/clang -foptimization-record-file=E:/robot/project/FPGA/ZedBoard/HLS_lab/lab3/dct/dct/hls/.autopilot/db/clang.diag.yml -mllvm -pass-remarks-missed=reflow|pasta|unroll -mllvm -pass-remarks=reflow|pasta|unroll|inline -fsyntax-only -fhls -target fpga64-xilinx-linux-gnu E:/robot/project/FPGA/ZedBoard/HLS_lab/lab3/dct/dct/hls/.autopilot/db/dct.pp.0.c {-hls-platform-db-name=E:/vivado\Vitis_HLS\2024.1\common/technology\xilinx/common/platform.db} -hls-platform-name=zynq_slow -device-resource-info=BRAM_280.000000_DSP_220.000000_FF_106400.000000_LUT_53200.000000_SLICE_13300.000000_URAM_0.000000 -device-name-info=xc7z020clg484-1 > E:/robot/project/FPGA/ZedBoard/HLS_lab/lab3/dct/dct/hls/.autopilot/db/clang.out.log 2> E:/robot/project/FPGA/ZedBoard/HLS_lab/lab3/dct/dct/hls/.autopilot/db/clang.err.log
Execute       clang_tidy xilinx-systemc-detector -desc systemc-detector E:/robot/project/FPGA/ZedBoard/HLS_lab/lab3/dct/dct/hls/.autopilot/db/dct.pp.0.c std=gnu99 -target fpga  -directive=E:/robot/project/FPGA/ZedBoard/HLS_lab/lab3/dct/dct/hls/.autopilot/db/.systemc_flag 
INFO-FLOW: exec E:/vivado/Vitis_HLS/2024.1/win64/tools/clang-3.9-csynth/bin/clang-tidy -header-filter=.* --checks=-*,xilinx-systemc-detector -import-directive=E:/robot/project/FPGA/ZedBoard/HLS_lab/lab3/dct/dct/hls/.autopilot/db/.systemc_flag -fix-errors E:/robot/project/FPGA/ZedBoard/HLS_lab/lab3/dct/dct/hls/.autopilot/db/dct.pp.0.c -- -std=gnu99 -target fpga -fhls -ferror-limit=0
Command       clang_tidy done; 0.148 sec.
INFO-FLOW: Running: clang-tidy CDT preprocess 39
Execute       clang_tidy xilinx-directive2pragma -desc directive2pragma E:/robot/project/FPGA/ZedBoard/HLS_lab/lab3/dct/dct/hls/.autopilot/db/dct.pp.0.c std=gnu99 -target fpga  -directive=E:/robot/project/FPGA/ZedBoard/HLS_lab/lab3/dct/dct/hls/.autopilot/db/all.directive.json 
INFO-FLOW: exec E:/vivado/Vitis_HLS/2024.1/win64/tools/clang-3.9-csynth/bin/clang-tidy -header-filter=.* --checks=-*,xilinx-directive2pragma -import-directive=E:/robot/project/FPGA/ZedBoard/HLS_lab/lab3/dct/dct/hls/.autopilot/db/all.directive.json -fix-errors E:/robot/project/FPGA/ZedBoard/HLS_lab/lab3/dct/dct/hls/.autopilot/db/dct.pp.0.c -- -std=gnu99 -target fpga -fhls -ferror-limit=0
INFO-FLOW: Done: clang-tidy CDT preprocess 39 time: 0.1 seconds per iteration
INFO-FLOW: Calling xilinx-label-all-loops ... 
INFO-FLOW: Calling xilinx-aggregate-on-hls-vector ... 
Execute       clang_tidy -errorcheck -desc loop-label xilinx-label-all-loops,xilinx-aggregate-on-hls-vector,,xilinx-warn-mayneed-no-ctor-attribute E:/robot/project/FPGA/ZedBoard/HLS_lab/lab3/dct/dct/hls/.autopilot/db/dct.pp.0.c std=gnu99 -target fpga  
INFO-FLOW: run_clang exec: E:/vivado/Vitis_HLS/2024.1/win64/tools/clang-3.9-csynth/bin/clang-tidy -export-fixes=E:/robot/project/FPGA/ZedBoard/HLS_lab/lab3/dct/dct/hls/.autopilot/db/dct.pp.0.c.clang-tidy.loop-label.diag.yml -header-filter=.* --checks=-*,xilinx-label-all-loops,xilinx-aggregate-on-hls-vector,,xilinx-warn-mayneed-no-ctor-attribute -fix-errors E:/robot/project/FPGA/ZedBoard/HLS_lab/lab3/dct/dct/hls/.autopilot/db/dct.pp.0.c -- -std=gnu99 -target fpga -fhls -ferror-limit=0 > E:/robot/project/FPGA/ZedBoard/HLS_lab/lab3/dct/dct/hls/.autopilot/db/dct.pp.0.c.clang-tidy.loop-label.out.log 2> E:/robot/project/FPGA/ZedBoard/HLS_lab/lab3/dct/dct/hls/.autopilot/db/dct.pp.0.c.clang-tidy.loop-label.err.log
INFO-FLOW: run_clang exec: E:/vivado/Vitis_HLS/2024.1/win64/tools/clang-3.9-csynth/bin/xilinx-dataflow-lawyer -export-fixes=E:/robot/project/FPGA/ZedBoard/HLS_lab/lab3/dct/dct/hls/.autopilot/db/dct.pp.0.c.xilinx-dataflow-lawyer.diag.yml E:/robot/project/FPGA/ZedBoard/HLS_lab/lab3/dct/dct/hls/.autopilot/db/dct.pp.0.c -- -std=gnu99 -target fpga -fhls -ferror-limit=0 -fstrict-dataflow > E:/robot/project/FPGA/ZedBoard/HLS_lab/lab3/dct/dct/hls/.autopilot/db/dct.pp.0.c.xilinx-dataflow-lawyer.out.log 2> E:/robot/project/FPGA/ZedBoard/HLS_lab/lab3/dct/dct/hls/.autopilot/db/dct.pp.0.c.xilinx-dataflow-lawyer.err.log
Execute       ap_part_info -name xc7z020-clg484-1 -data info 
Command       ap_part_info done; 0.108 sec.
INFO-FLOW: compiling source code to llvm bc
INFO-FLOW: run_clang exec: E:/vivado/Vitis_HLS/2024.1/win64/tools/clang-3.9-csynth/bin/clang -foptimization-record-file=E:/robot/project/FPGA/ZedBoard/HLS_lab/lab3/dct/dct/hls/.autopilot/db/dct.pp.0.c.clang.diag.yml -mllvm -pass-remarks-missed=reflow|pasta|unroll -mllvm -pass-remarks=reflow|pasta|unroll|inline -fno-limit-debug-info -fhls -flto -fno-exceptions -Wno-error=c++11-narrowing -hls-emit-hint-scope E:/robot/project/FPGA/ZedBoard/HLS_lab/lab3/dct/dct/hls/.autopilot/db/dct.pp.0.c -fno-math-errno -c -emit-llvm -mllvm -disable-llvm-optzns -Werror=implicit-function-declaration -Werror=implicit-hls-streams -Werror=return-type -Wpragmas -Wunused-parameter -Wdump-hls-pragmas -Wno-error=dump-hls-pragmas -hls-clock-period=10 -std=gnu99 -fgnu89-inline -target fpga64-xilinx-linux-gnu -D__VITIS_HLS__ -DAESL_SYN -D__SYNTHESIS__ -D__HLS_SYN__ -I E:/vivado/Vitis_HLS/2024.1/common/technology/autopilot -I E:/vivado/Vitis_HLS/2024.1/common/technology/autopilot/ap_sysc -include etc/autopilot_ssdm_op.h -D__DSP48E1__ -g -o E:/robot/project/FPGA/ZedBoard/HLS_lab/lab3/dct/dct/hls/.autopilot/db/dct.bc {-hls-platform-db-name=E:/vivado\Vitis_HLS\2024.1\common/technology\xilinx/common/platform.db} -hls-platform-name=zynq_slow -device-resource-info=BRAM_280.000000_DSP_220.000000_FF_106400.000000_LUT_53200.000000_SLICE_13300.000000_URAM_0.000000 -device-name-info=xc7z020clg484-1 > E:/robot/project/FPGA/ZedBoard/HLS_lab/lab3/dct/dct/hls/.autopilot/db/dct.pp.0.c.clang.out.log 2> E:/robot/project/FPGA/ZedBoard/HLS_lab/lab3/dct/dct/hls/.autopilot/db/dct.pp.0.c.clang.err.log
INFO: [HLS 200-111] Finished Source Code Analysis and Preprocessing: CPU user time: 0 seconds. CPU system time: 0 seconds. Elapsed time: 2.463 seconds; current allocated memory: 248.297 MB.
INFO-FLOW: Linking Debug ...
INFO-FLOW: Linking dut bc code.
Execute       run_link_or_opt -out E:/robot/project/FPGA/ZedBoard/HLS_lab/lab3/dct/dct/hls/.autopilot/db/a.g.ld.0.bc -args  "E:/robot/project/FPGA/ZedBoard/HLS_lab/lab3/dct/dct/hls/.autopilot/db/dct.g.bc"  
INFO-FLOW: run_clang exec: E:/vivado/Vitis_HLS/2024.1/win64/tools/clang-3.9-csynth/bin/llvm-link E:/robot/project/FPGA/ZedBoard/HLS_lab/lab3/dct/dct/hls/.autopilot/db/dct.g.bc -o E:/robot/project/FPGA/ZedBoard/HLS_lab/lab3/dct/dct/hls/.autopilot/db/a.g.ld.0.bc > E:/robot/project/FPGA/ZedBoard/HLS_lab/lab3/dct/dct/hls/.autopilot/db/a.g.ld.0.bc.llvm-link.out.log 2> E:/robot/project/FPGA/ZedBoard/HLS_lab/lab3/dct/dct/hls/.autopilot/db/a.g.ld.0.bc.llvm-link.err.log
INFO-FLOW: 
Command       run_link_or_opt done; 0.112 sec.
Execute       run_link_or_opt -opt -out E:/robot/project/FPGA/ZedBoard/HLS_lab/lab3/dct/dct/hls/.autopilot/db/a.g.ld.1.lower.bc -args E:/robot/project/FPGA/ZedBoard/HLS_lab/lab3/dct/dct/hls/.autopilot/db/a.g.ld.0.bc -reflow-lower-math-intrinsics 
INFO-FLOW: run_clang exec: E:/vivado/Vitis_HLS/2024.1/win64/tools/clang-3.9-csynth/bin/opt -pass-remarks-missed=reflow|pasta|unroll -pass-remarks=reflow|pasta|unroll|inline -pass-remarks-output=E:/robot/project/FPGA/ZedBoard/HLS_lab/lab3/dct/dct/hls/.autopilot/db/a.g.ld.1.lower.bc.opt.diag.yml E:/robot/project/FPGA/ZedBoard/HLS_lab/lab3/dct/dct/hls/.autopilot/db/a.g.ld.0.bc -reflow-lower-math-intrinsics -o E:/robot/project/FPGA/ZedBoard/HLS_lab/lab3/dct/dct/hls/.autopilot/db/a.g.ld.1.lower.bc > E:/robot/project/FPGA/ZedBoard/HLS_lab/lab3/dct/dct/hls/.autopilot/db/a.g.ld.1.lower.bc.opt.out.log 2> E:/robot/project/FPGA/ZedBoard/HLS_lab/lab3/dct/dct/hls/.autopilot/db/a.g.ld.1.lower.bc.opt.err.log
INFO-FLOW: 
INFO-FLOW: Running: gen_design_size_report post-opt
INFO-FLOW: Done: gen_design_size_report post-opt time: 0 seconds per iteration
Command       run_link_or_opt done; 0.11 sec.
INFO-FLOW: Linking math bc lib
Execute       run_link_or_opt -out E:/robot/project/FPGA/ZedBoard/HLS_lab/lab3/dct/dct/hls/.autopilot/db/a.g.ld.2.m1.bc -args E:/robot/project/FPGA/ZedBoard/HLS_lab/lab3/dct/dct/hls/.autopilot/db/a.g.ld.1.lower.bc -only-needed E:/vivado/Vitis_HLS/2024.1/win64/lib/libhlsm_39.bc E:/vivado/Vitis_HLS/2024.1/win64/lib/libhlsmc++_39.bc 
INFO-FLOW: run_clang exec: E:/vivado/Vitis_HLS/2024.1/win64/tools/clang-3.9-csynth/bin/llvm-link E:/robot/project/FPGA/ZedBoard/HLS_lab/lab3/dct/dct/hls/.autopilot/db/a.g.ld.1.lower.bc -only-needed E:/vivado/Vitis_HLS/2024.1/win64/lib/libhlsm_39.bc E:/vivado/Vitis_HLS/2024.1/win64/lib/libhlsmc++_39.bc -o E:/robot/project/FPGA/ZedBoard/HLS_lab/lab3/dct/dct/hls/.autopilot/db/a.g.ld.2.m1.bc > E:/robot/project/FPGA/ZedBoard/HLS_lab/lab3/dct/dct/hls/.autopilot/db/a.g.ld.2.m1.bc.llvm-link.out.log 2> E:/robot/project/FPGA/ZedBoard/HLS_lab/lab3/dct/dct/hls/.autopilot/db/a.g.ld.2.m1.bc.llvm-link.err.log
INFO-FLOW: 
Command       run_link_or_opt done; 2.984 sec.
Execute       run_link_or_opt -opt -out E:/robot/project/FPGA/ZedBoard/HLS_lab/lab3/dct/dct/hls/.autopilot/db/a.g.ld.3.fpc.bc -args E:/robot/project/FPGA/ZedBoard/HLS_lab/lab3/dct/dct/hls/.autopilot/db/a.g.ld.2.m1.bc -reflow-globaldce -hls-top-function-name=dct -reflow-float-conversion 
INFO-FLOW: run_clang exec: E:/vivado/Vitis_HLS/2024.1/win64/tools/clang-3.9-csynth/bin/opt -pass-remarks-missed=reflow|pasta|unroll -pass-remarks=reflow|pasta|unroll|inline -pass-remarks-output=E:/robot/project/FPGA/ZedBoard/HLS_lab/lab3/dct/dct/hls/.autopilot/db/a.g.ld.3.fpc.bc.opt.diag.yml E:/robot/project/FPGA/ZedBoard/HLS_lab/lab3/dct/dct/hls/.autopilot/db/a.g.ld.2.m1.bc -reflow-globaldce -hls-top-function-name=dct -reflow-float-conversion -o E:/robot/project/FPGA/ZedBoard/HLS_lab/lab3/dct/dct/hls/.autopilot/db/a.g.ld.3.fpc.bc > E:/robot/project/FPGA/ZedBoard/HLS_lab/lab3/dct/dct/hls/.autopilot/db/a.g.ld.3.fpc.bc.opt.out.log 2> E:/robot/project/FPGA/ZedBoard/HLS_lab/lab3/dct/dct/hls/.autopilot/db/a.g.ld.3.fpc.bc.opt.err.log
INFO-FLOW: 
INFO-FLOW: Running: gen_design_size_report post-opt
INFO-FLOW: Done: gen_design_size_report post-opt time: 0 seconds per iteration
Command       run_link_or_opt done; 1.407 sec.
Execute       run_link_or_opt -out E:/robot/project/FPGA/ZedBoard/HLS_lab/lab3/dct/dct/hls/.autopilot/db/a.g.ld.4.m2.bc -args E:/robot/project/FPGA/ZedBoard/HLS_lab/lab3/dct/dct/hls/.autopilot/db/a.g.ld.3.fpc.bc -only-needed E:/vivado/Vitis_HLS/2024.1/win64/lib/libfloatconversion_39.bc 
INFO-FLOW: run_clang exec: E:/vivado/Vitis_HLS/2024.1/win64/tools/clang-3.9-csynth/bin/llvm-link E:/robot/project/FPGA/ZedBoard/HLS_lab/lab3/dct/dct/hls/.autopilot/db/a.g.ld.3.fpc.bc -only-needed E:/vivado/Vitis_HLS/2024.1/win64/lib/libfloatconversion_39.bc -o E:/robot/project/FPGA/ZedBoard/HLS_lab/lab3/dct/dct/hls/.autopilot/db/a.g.ld.4.m2.bc > E:/robot/project/FPGA/ZedBoard/HLS_lab/lab3/dct/dct/hls/.autopilot/db/a.g.ld.4.m2.bc.llvm-link.out.log 2> E:/robot/project/FPGA/ZedBoard/HLS_lab/lab3/dct/dct/hls/.autopilot/db/a.g.ld.4.m2.bc.llvm-link.err.log
INFO-FLOW: 
Execute       run_link_or_opt -opt -out E:/robot/project/FPGA/ZedBoard/HLS_lab/lab3/dct/dct/hls/.autopilot/db/a.g.ld.5.gdce.bc -args E:/robot/project/FPGA/ZedBoard/HLS_lab/lab3/dct/dct/hls/.autopilot/db/a.g.ld.4.m2.bc -reflow-globaldce -hls-top-function-name=dct 
INFO-FLOW: run_clang exec: E:/vivado/Vitis_HLS/2024.1/win64/tools/clang-3.9-csynth/bin/opt -pass-remarks-missed=reflow|pasta|unroll -pass-remarks=reflow|pasta|unroll|inline -pass-remarks-output=E:/robot/project/FPGA/ZedBoard/HLS_lab/lab3/dct/dct/hls/.autopilot/db/a.g.ld.5.gdce.bc.opt.diag.yml E:/robot/project/FPGA/ZedBoard/HLS_lab/lab3/dct/dct/hls/.autopilot/db/a.g.ld.4.m2.bc -reflow-globaldce -hls-top-function-name=dct -o E:/robot/project/FPGA/ZedBoard/HLS_lab/lab3/dct/dct/hls/.autopilot/db/a.g.ld.5.gdce.bc > E:/robot/project/FPGA/ZedBoard/HLS_lab/lab3/dct/dct/hls/.autopilot/db/a.g.ld.5.gdce.bc.opt.out.log 2> E:/robot/project/FPGA/ZedBoard/HLS_lab/lab3/dct/dct/hls/.autopilot/db/a.g.ld.5.gdce.bc.opt.err.log
INFO-FLOW: 
INFO-FLOW: Running: gen_design_size_report post-opt
INFO-FLOW: Done: gen_design_size_report post-opt time: 0 seconds per iteration
Execute       send_msg_by_id INFO @200-777@%s Vivado 
INFO: [HLS 200-777] Using interface defaults for 'Vivado' flow target.
Execute       is_m_axi_addr64 
INFO-FLOW: Doing LTO.
INFO-FLOW: run_clang (background poll_ms 5000) exec: E:/vivado/Vitis_HLS/2024.1/win64/tools/clang-3.9-csynth/bin/clang -foptimization-record-file=E:/robot/project/FPGA/ZedBoard/HLS_lab/lab3/dct/dct/hls/.autopilot/db/a.g.ld.0.bc.clang.reflow.diag.yml -mllvm -pass-remarks-missed=reflow|pasta|unroll -mllvm -pass-remarks=reflow|pasta|unroll|inline -fhls -mllvm -hls-top-function-name=dct -mllvm -hls-db-dir -mllvm E:/robot/project/FPGA/ZedBoard/HLS_lab/lab3/dct/dct/hls/.autopilot/db -emit-llvm -c -target fpga64-xilinx-none -mllvm -xcl-xmlinfo=E:/robot/project/FPGA/ZedBoard/HLS_lab/lab3/dct/dct/hls/.autopilot/db/kernel.internal.xml -mllvm -top-io-mapping-info=E:/robot/project/FPGA/ZedBoard/HLS_lab/lab3/dct/dct/hls/.autopilot/db/top-io-fe.xml -mllvm -hls-bitcode-version=3.1 -mllvm -reflow-enable-slave-interface-default-setting=true -mllvm -gen-kernel-xml=false -mllvm -default-maxi-offset=slave -mllvm -maxi-latency=0 -mllvm -hls-maxi-data-size-in-bits=8 -mllvm -hls-maxi-max-data-size-in-bits=1024 -mllvm -hls-max-widen-size-in-bits=0 -mllvm -xcl-kernel-max-mem-ports=0 -mllvm -maxi-read-trans=16 -mllvm -maxi-write-trans=16 -mllvm -maxi-read-burst-len=16 -mllvm -maxi-write-burst-len=16 -mllvm -reflow-enable-saxi-64bits=0 -mllvm -reflow-basic-block-instr-threshold=200000 -mllvm -reflow-auto-pipeline-threshold=64 -mllvm -reflow-enable-maxi-auto-id-channel=0 -mllvm -enable-fp-thr=0 -mllvm -reflow-bdd-simplify-threshold=1048576 -mllvm -reflow-fanout-threshold=16 -mllvm -reflow-complete-threshold=4 -mllvm -reflow-array-promotion-threshold=64 -mllvm -assume-maxi-align=1 -mllvm -reflow-enable-dataflow-strict-mode-checking=1 -ftime-report -mllvm -time-passes -mllvm -reflow-auto-array-partition-mode=default -mllvm -reflow-enable-auto-small-array-partition=true -mllvm -reflow-enable-auto-array-partition-for-flatten=true -mllvm -reflow-enable-auto-parallel-performance-driven=true -mllvm -reflow-enable-partition-for-automation=true -mllvm -reflow-aggregate-bitwidth-threshold=4096 -mllvm -reflow-reserved-saxilite-registers=0 -mllvm -enable-reflow-auto-loop-pipeline -mllvm -reflow-max-unroll-threshold=409600 -mllvm -auto-unroll-tripcount-threshold=0 -mllvm -reflow-assume-no-address-wrap=true -mllvm -reflow-enable-occurrence-inference=true -mllvm -reflow-emit-hint-scope=true -mllvm -reflow-enable-codegen-with-if=true -mllvm -hls -mllvm -disable-inlined-alloca-merging=true -mllvm -default-clock-period=10 -mllvm -use_read_first_ram_in_loop=1 -mllvm -default-clock-uncertainty=2.7 -x ir E:/robot/project/FPGA/ZedBoard/HLS_lab/lab3/dct/dct/hls/.autopilot/db/a.g.ld.5.gdce.bc -o E:/robot/project/FPGA/ZedBoard/HLS_lab/lab3/dct/dct/hls/.autopilot/db/a.g.lto.bc {-hls-platform-db-name=E:/vivado\Vitis_HLS\2024.1\common/technology\xilinx/common/platform.db} -hls-platform-name=zynq_slow -device-resource-info=BRAM_280.000000_DSP_220.000000_FF_106400.000000_LUT_53200.000000_SLICE_13300.000000_URAM_0.000000 -device-name-info=xc7z020clg484-1 2> E:/robot/project/FPGA/ZedBoard/HLS_lab/lab3/dct/dct/hls/.autopilot/db/a.g.ld.0.bc.clang.reflow.err.log bg_poll_cmd: ::AP::poll_clang_39_closed_source
Execute       send_msg_by_id INFO @200-1995@%s%s%s 242 Compile/Link E:/robot/project/FPGA/ZedBoard/HLS_lab/lab3/dct/dct/hls/syn/report/csynth_design_size.rpt 
INFO: [HLS 200-1995] There were 242 instructions in the design after the 'Compile/Link' phase of compilation. See the Design Size Report for more details: E:/robot/project/FPGA/ZedBoard/HLS_lab/lab3/dct/dct/hls/syn/report/csynth_design_size.rpt
Execute       send_msg_by_id INFO @200-1995@%s%s%s 178 Unroll/Inline (step 1) E:/robot/project/FPGA/ZedBoard/HLS_lab/lab3/dct/dct/hls/syn/report/csynth_design_size.rpt 
INFO: [HLS 200-1995] There were 178 instructions in the design after the 'Unroll/Inline (step 1)' phase of compilation. See the Design Size Report for more details: E:/robot/project/FPGA/ZedBoard/HLS_lab/lab3/dct/dct/hls/syn/report/csynth_design_size.rpt
Execute       send_msg_by_id INFO @200-1995@%s%s%s 156 Unroll/Inline (step 2) E:/robot/project/FPGA/ZedBoard/HLS_lab/lab3/dct/dct/hls/syn/report/csynth_design_size.rpt 
INFO: [HLS 200-1995] There were 156 instructions in the design after the 'Unroll/Inline (step 2)' phase of compilation. See the Design Size Report for more details: E:/robot/project/FPGA/ZedBoard/HLS_lab/lab3/dct/dct/hls/syn/report/csynth_design_size.rpt
Execute       send_msg_by_id INFO @200-1995@%s%s%s 142 Unroll/Inline (step 3) E:/robot/project/FPGA/ZedBoard/HLS_lab/lab3/dct/dct/hls/syn/report/csynth_design_size.rpt 
INFO: [HLS 200-1995] There were 142 instructions in the design after the 'Unroll/Inline (step 3)' phase of compilation. See the Design Size Report for more details: E:/robot/project/FPGA/ZedBoard/HLS_lab/lab3/dct/dct/hls/syn/report/csynth_design_size.rpt
Execute       send_msg_by_id INFO @200-1995@%s%s%s 133 Unroll/Inline (step 4) E:/robot/project/FPGA/ZedBoard/HLS_lab/lab3/dct/dct/hls/syn/report/csynth_design_size.rpt 
INFO: [HLS 200-1995] There were 133 instructions in the design after the 'Unroll/Inline (step 4)' phase of compilation. See the Design Size Report for more details: E:/robot/project/FPGA/ZedBoard/HLS_lab/lab3/dct/dct/hls/syn/report/csynth_design_size.rpt
Execute       send_msg_by_id INFO @200-1995@%s%s%s 133 Array/Struct (step 1) E:/robot/project/FPGA/ZedBoard/HLS_lab/lab3/dct/dct/hls/syn/report/csynth_design_size.rpt 
INFO: [HLS 200-1995] There were 133 instructions in the design after the 'Array/Struct (step 1)' phase of compilation. See the Design Size Report for more details: E:/robot/project/FPGA/ZedBoard/HLS_lab/lab3/dct/dct/hls/syn/report/csynth_design_size.rpt
Execute       send_msg_by_id INFO @200-1995@%s%s%s 133 Array/Struct (step 2) E:/robot/project/FPGA/ZedBoard/HLS_lab/lab3/dct/dct/hls/syn/report/csynth_design_size.rpt 
INFO: [HLS 200-1995] There were 133 instructions in the design after the 'Array/Struct (step 2)' phase of compilation. See the Design Size Report for more details: E:/robot/project/FPGA/ZedBoard/HLS_lab/lab3/dct/dct/hls/syn/report/csynth_design_size.rpt
Execute       send_msg_by_id INFO @200-1995@%s%s%s 133 Array/Struct (step 3) E:/robot/project/FPGA/ZedBoard/HLS_lab/lab3/dct/dct/hls/syn/report/csynth_design_size.rpt 
INFO: [HLS 200-1995] There were 133 instructions in the design after the 'Array/Struct (step 3)' phase of compilation. See the Design Size Report for more details: E:/robot/project/FPGA/ZedBoard/HLS_lab/lab3/dct/dct/hls/syn/report/csynth_design_size.rpt
Execute       send_msg_by_id INFO @200-1995@%s%s%s 133 Array/Struct (step 4) E:/robot/project/FPGA/ZedBoard/HLS_lab/lab3/dct/dct/hls/syn/report/csynth_design_size.rpt 
INFO: [HLS 200-1995] There were 133 instructions in the design after the 'Array/Struct (step 4)' phase of compilation. See the Design Size Report for more details: E:/robot/project/FPGA/ZedBoard/HLS_lab/lab3/dct/dct/hls/syn/report/csynth_design_size.rpt
Execute       send_msg_by_id INFO @200-1995@%s%s%s 135 Array/Struct (step 5) E:/robot/project/FPGA/ZedBoard/HLS_lab/lab3/dct/dct/hls/syn/report/csynth_design_size.rpt 
INFO: [HLS 200-1995] There were 135 instructions in the design after the 'Array/Struct (step 5)' phase of compilation. See the Design Size Report for more details: E:/robot/project/FPGA/ZedBoard/HLS_lab/lab3/dct/dct/hls/syn/report/csynth_design_size.rpt
Execute       send_msg_by_id INFO @200-1995@%s%s%s 135 Performance (step 1) E:/robot/project/FPGA/ZedBoard/HLS_lab/lab3/dct/dct/hls/syn/report/csynth_design_size.rpt 
INFO: [HLS 200-1995] There were 135 instructions in the design after the 'Performance (step 1)' phase of compilation. See the Design Size Report for more details: E:/robot/project/FPGA/ZedBoard/HLS_lab/lab3/dct/dct/hls/syn/report/csynth_design_size.rpt
Execute       send_msg_by_id INFO @200-1995@%s%s%s 231 Performance (step 2) E:/robot/project/FPGA/ZedBoard/HLS_lab/lab3/dct/dct/hls/syn/report/csynth_design_size.rpt 
INFO: [HLS 200-1995] There were 231 instructions in the design after the 'Performance (step 2)' phase of compilation. See the Design Size Report for more details: E:/robot/project/FPGA/ZedBoard/HLS_lab/lab3/dct/dct/hls/syn/report/csynth_design_size.rpt
Execute       send_msg_by_id INFO @200-1995@%s%s%s 612 Performance (step 3) E:/robot/project/FPGA/ZedBoard/HLS_lab/lab3/dct/dct/hls/syn/report/csynth_design_size.rpt 
INFO: [HLS 200-1995] There were 612 instructions in the design after the 'Performance (step 3)' phase of compilation. See the Design Size Report for more details: E:/robot/project/FPGA/ZedBoard/HLS_lab/lab3/dct/dct/hls/syn/report/csynth_design_size.rpt
Execute       send_msg_by_id INFO @200-1995@%s%s%s 388 Performance (step 4) E:/robot/project/FPGA/ZedBoard/HLS_lab/lab3/dct/dct/hls/syn/report/csynth_design_size.rpt 
INFO: [HLS 200-1995] There were 388 instructions in the design after the 'Performance (step 4)' phase of compilation. See the Design Size Report for more details: E:/robot/project/FPGA/ZedBoard/HLS_lab/lab3/dct/dct/hls/syn/report/csynth_design_size.rpt
Execute       send_msg_by_id INFO @200-1995@%s%s%s 392 HW Transforms (step 1) E:/robot/project/FPGA/ZedBoard/HLS_lab/lab3/dct/dct/hls/syn/report/csynth_design_size.rpt 
INFO: [HLS 200-1995] There were 392 instructions in the design after the 'HW Transforms (step 1)' phase of compilation. See the Design Size Report for more details: E:/robot/project/FPGA/ZedBoard/HLS_lab/lab3/dct/dct/hls/syn/report/csynth_design_size.rpt
Execute       send_msg_by_id INFO @200-1995@%s%s%s 405 HW Transforms (step 2) E:/robot/project/FPGA/ZedBoard/HLS_lab/lab3/dct/dct/hls/syn/report/csynth_design_size.rpt 
INFO: [HLS 200-1995] There were 405 instructions in the design after the 'HW Transforms (step 2)' phase of compilation. See the Design Size Report for more details: E:/robot/project/FPGA/ZedBoard/HLS_lab/lab3/dct/dct/hls/syn/report/csynth_design_size.rpt
Execute       source E:/vivado/Vitis_HLS/2024.1/tps/tcl/tcllib1.11.1/yaml/yaml.tcl 
INFO: [HLS 214-178] Inlining function 'dct_1d' into 'dct_2d' (../../High-Level-Synthesis-Flow-on-Zynq-using-Vivado-HLS/source/lab3/dct.c:25:0)
INFO: [HLS 214-178] Inlining function 'read_data' into 'dct' (../../High-Level-Synthesis-Flow-on-Zynq-using-Vivado-HLS/source/lab3/dct.c:79:0)
INFO: [HLS 214-178] Inlining function 'dct_2d' into 'dct' (../../High-Level-Synthesis-Flow-on-Zynq-using-Vivado-HLS/source/lab3/dct.c:79:0)
INFO: [HLS 214-178] Inlining function 'write_data' into 'dct' (../../High-Level-Synthesis-Flow-on-Zynq-using-Vivado-HLS/source/lab3/dct.c:79:0)
INFO: [HLS 214-376] automatically set the pipeline for Loop< RD_Loop_Col> at ../../High-Level-Synthesis-Flow-on-Zynq-using-Vivado-HLS/source/lab3/dct.c:61:7 
INFO: [HLS 214-376] automatically set the pipeline for Loop< DCT_Outer_Loop> at ../../High-Level-Synthesis-Flow-on-Zynq-using-Vivado-HLS/source/lab3/dct.c:13:4 
INFO: [HLS 214-376] automatically set the pipeline for Loop< Xpose_Row_Inner_Loop> at ../../High-Level-Synthesis-Flow-on-Zynq-using-Vivado-HLS/source/lab3/dct.c:39:7 
INFO: [HLS 214-376] automatically set the pipeline for Loop< Xpose_Col_Inner_Loop> at ../../High-Level-Synthesis-Flow-on-Zynq-using-Vivado-HLS/source/lab3/dct.c:50:7 
INFO: [HLS 214-376] automatically set the pipeline for Loop< WR_Loop_Col> at ../../High-Level-Synthesis-Flow-on-Zynq-using-Vivado-HLS/source/lab3/dct.c:73:7 
INFO: [HLS 214-291] Loop 'DCT_Inner_Loop' is marked as complete unroll implied by the pipeline pragma (../../High-Level-Synthesis-Flow-on-Zynq-using-Vivado-HLS/source/lab3/dct.c:15:7)
INFO: [HLS 214-186] Unrolling loop 'DCT_Inner_Loop' (../../High-Level-Synthesis-Flow-on-Zynq-using-Vivado-HLS/source/lab3/dct.c:15:7) in function 'dct' completely with a factor of 8 (../../High-Level-Synthesis-Flow-on-Zynq-using-Vivado-HLS/source/lab3/dct.c:79:0)
INFO: [HLS 214-270] Inferring pragma 'array_partition type=complete dim=2' for array 'dct_1d.dct_coeff_table' due to pipeline pragma (../../High-Level-Synthesis-Flow-on-Zynq-using-Vivado-HLS/source/lab3/dct.c:8:0)
INFO: [HLS 214-270] Inferring pragma 'array_partition type=complete dim=2' for array 'col_inbuf.i' due to pipeline pragma (../../High-Level-Synthesis-Flow-on-Zynq-using-Vivado-HLS/source/lab3/dct.c:27:33)
INFO: [HLS 214-270] Inferring pragma 'array_partition type=complete dim=2' for array 'buf_2d_in' due to pipeline pragma (../../High-Level-Synthesis-Flow-on-Zynq-using-Vivado-HLS/source/lab3/dct.c:81:10)
INFO: [HLS 214-248] Applying array_partition to 'dct_1d.dct_coeff_table': Complete partitioning on dimension 2. (../../High-Level-Synthesis-Flow-on-Zynq-using-Vivado-HLS/source/lab3/dct.c:8:0)
INFO: [HLS 214-248] Applying array_partition to 'col_inbuf.i': Complete partitioning on dimension 2. (../../High-Level-Synthesis-Flow-on-Zynq-using-Vivado-HLS/source/lab3/dct.c:27:33)
INFO: [HLS 214-248] Applying array_partition to 'buf_2d_in': Complete partitioning on dimension 2. (../../High-Level-Synthesis-Flow-on-Zynq-using-Vivado-HLS/source/lab3/dct.c:81:10)
INFO-FLOW: DBG:PUTS: copy_raw_kernel_xml ap_link_39: kernel.xml not generated: E:/robot/project/FPGA/ZedBoard/HLS_lab/lab3/dct/dct/hls/.autopilot/db/kernel.internal.xml
INFO: [HLS 200-111] Finished Compiling Optimization and Transform: CPU user time: 0 seconds. CPU system time: 0 seconds. Elapsed time: 12.075 seconds; current allocated memory: 250.762 MB.
INFO: [HLS 200-111] Finished Checking Pragmas: CPU user time: 0 seconds. CPU system time: 0 seconds. Elapsed time: 0.006 seconds; current allocated memory: 250.762 MB.
Execute       opt_and_import_c a -opt_level=2 -skip_syncheck=0 -ng=0 -keep_printf=0 
Execute         cleanup_all_models 
INFO: [HLS 200-10] Starting code transformations ...
INFO-FLOW: Running Standard Transforms...
Execute         transform -hls -share-std-xform -demangle-name -inline-byval-memcpy -always-inline -promote-dbg-pointer -interface-preproc -mem2reg -scalarrepl -mem2reg -keep-read-access -instcombine -dce -promote-dbg-pointer -bitop-raise -loop-simplify -indvarspre -indvars -loop-simplify -constprop -instcombine -simplifycfg -indvars -simplifycfg -dce -globaldce -basicaa -simplifycfg -mem2reg -globalopt -global-constprop -deadargelim -instcombine -simplifycfg -scalarrepl -instcombine -reassociate -licm -simplifycfg -loop-simplify -indvars -instcombine -simplifycfg -mem2reg -loop-simplify -indvars -instcombine -gvn -gvn -instcombine -adce -break-crit-edges -simplifycfg -loop-delete -global-array-opt -dce -dse -adce -find-syn-modules -top dct -deadargelim -mem2reg -instcombine -dce -presyn-prepare -interface-preproc -syn-check -check-rec-only -find-region -simplifycfg -func-extr -function-inline -globaldce -mem2reg -instcombine -dce -gvn -globaldce -adce -adse -constprop -instcombine -bit-constprop -instcombine -dce -simplifycfg -bitop-raise -simplifycfg -dce -loop-delete -reassociate -globalopt -global-privatize -mem2reg -dce -global-constprop -pointer-simplify -constprop -dce -promote-dbg-pointer -norm-name E:/robot/project/FPGA/ZedBoard/HLS_lab/lab3/dct/dct/hls/.autopilot/db/a.g.0.bc -o E:/robot/project/FPGA/ZedBoard/HLS_lab/lab3/dct/dct/hls/.autopilot/db/a.g.1.bc -f -phase std-opt 
INFO: [HLS 200-111] Finished Standard Transforms: CPU user time: 0 seconds. CPU system time: 0 seconds. Elapsed time: 0.129 seconds; current allocated memory: 255.828 MB.
INFO: [HLS 200-10] Checking synthesizability ...
INFO-FLOW: Checking Synthesizability 1/2..
Execute         transform -hls -syn-check -check-rec-only -scalarrepl -norm-name -dce -mem2reg -instcombine -directive-preproc -mem2reg -dse -dce -dce -pag -array-normalize -instcombine -dce -array-seg-normalize -instcombine -dce -data-pack -instcombine -dce -inst-simplify -array-flatten -instcombine -dce -array-burst -dce -deadargelim -promote-global-argument -simplifycfg -mem2reg -globaldce -dce -deadargelim -dce -instcombine -function-inline -globaldce -dce -doublePtrSimplify -doublePtrElim -dce -doublePtrSimplify -promote-dbg-pointer -dce -scalarrepl -dse -adse -instcombine -ptrLegalization -simplifycfg -dce -instcombine -pointer-simplify -ptrArgReplace -dce -instcombine -resolve-double-ptr -scalarrepl -norm-name -dce -mem2reg -instcombine -ptrLegalization -simplifycfg -deadargelim -instcombine -dce -inst-simplify -directive-preproc -mem2reg -dse -dce -globaldce E:/robot/project/FPGA/ZedBoard/HLS_lab/lab3/dct/dct/hls/.autopilot/db/a.g.1.bc -o E:/robot/project/FPGA/ZedBoard/HLS_lab/lab3/dct/dct/hls/.autopilot/db/a.g.2.prechk.bc -f 
INFO-FLOW: Checking Synthesizability 2/2..
Execute         transform -syn-check E:/robot/project/FPGA/ZedBoard/HLS_lab/lab3/dct/dct/hls/.autopilot/db/a.g.2.prechk.bc -o E:/robot/project/FPGA/ZedBoard/HLS_lab/lab3/dct/dct/hls/.autopilot/db/a.g.2.bc -f -phase syn-check 
INFO: [HLS 200-111] Finished Checking Synthesizability: CPU user time: 0 seconds. CPU system time: 0 seconds. Elapsed time: 0.064 seconds; current allocated memory: 258.094 MB.
INFO-FLOW: Compiler optimizing ...
INFO-FLOW: Share syncheck's 1.bc for syn flow: copy E:/robot/project/FPGA/ZedBoard/HLS_lab/lab3/dct/dct/hls/.autopilot/db/a.g.1.bc to E:/robot/project/FPGA/ZedBoard/HLS_lab/lab3/dct/dct/hls/.autopilot/db/a.o.1.bc
INFO-FLOW: Presyn 1...
Execute         transform -hls -tmp E:/robot/project/FPGA/ZedBoard/HLS_lab/lab3/dct/dct/hls/.autopilot/db -interface-port-rename -directive-preproc -mem2reg -dse -dce -scalarrepl -norm-name -deadargelim -mem2reg -instcombine -dce -simplifycfg -dce -resource-proc -clib-intrinsic-prepare -dce -func-buffer -dce -pag -array-normalize -func-legal -instcombine -gvn -constprop -dce -simplifycfg -mem2reg -globaldce -resolve-double-ptr -dce -deadargelim -dce -instcombine -ptrArgReplace -mem2reg -dce -array-seg-normalize -deadargelim -instcombine -dce -directive-preproc -mem2reg -dse -dce -pointer-simplify -dce -port-alignment -dce -interface-preproc -data-pack -instcombine -dce -basicaa -aggr-aa -aggrmodref-aa -aggr-aa -gvn -gvn -basicaa -aggr-aa -aggrmodref-aa -aggr-aa -dse -adse -adce -loop-simplify -indvars -instcombine -gvn -loop-simplify -mem2reg -dce -find-region -instcombine -inst-simplify -interface-preproc -cfgopt -instcombine -indvars -loop-simplify -loop-bound -constprop -instcombine -simplifycfg -indvars -simplifycfg -dce -globaldce -clean-region -attach-range -gvn -inst-simplify -constprop -simplifycfg -dce -pointer-simplify -dce -globalopt -constprop -dce -array-promote -constprop -dce -ptrArgReplace -mem2reg -simplifycfg -dce -instcombine -dce -array-transform-check -array-reshape -instcombine -simplifycfg -dce -ptrArgReplace -deadargelim -mem2reg -instcombine -simplifycfg -dce -indvars -loop-simplify -loop-bound -constprop -instcombine -simplifycfg -indvars -simplifycfg -dce -globaldce -basicaa -aggr-aa -aggrmodref-aa -aggr-aa -dse -duplicate-dataflow-processes -globaldce -instcombine -array-partition -prepare-dynamic-array-partition -instcombine -simplifycfg -dce -ptrArgReplace -global-constprop -deadargelim -mem2reg -func-legal -dce -global-constprop -deadargelim -mem2reg -simplifycfg -dce -merge-param -deadargelim -globalopt -constprop -dce -array-promote -constprop -dce -ptrArgReplace -mem2reg -simplifycfg -dce -mem-intrinsic-preproc -dce -global-internalize -global-privatize -mem2reg -globaldce -lcssa -loop-simplify -phi-select-elim -promote-global-argument -ptrArgReplace -mem2reg -dce -globalopt -mergereturn -simplify-global-access -mem2reg -dce -pointer-simplify -dce -basicaa -aggr-aa -aggrmodref-aa -aggr-aa -functionattrs -basicaa -aggr-aa -aggrmodref-aa -aggr-aa -gvn -gvn -basicaa -aggr-aa -aggrmodref-aa -aggr-aa -dse -adse -adce -dce -norm-name -basicaa -aggr-aa -aggrmodref-aa -aggr-aa -accesses-merge -function-inline -complex-op-raise -inst-simplify -globaldce -func-legal -dce -loop-bound -arraycheck -bitwidthmin2 -bitwidthmin2 -on-by-dataflow -loop-delete -instcombine -simplifycfg -globaldce -dce -gvn -deadargelim -dce -loop-simplify -clean-region -simplifycfg -propagate-stable-arguments -loop-stream -instcombine -simplifycfg -dce -globaldce -duplicate-dataflow-processes -stream-intrinsic-preproc -dce -check-ap-stream -loop-simplify -eliminate-keepreads -extract-dataflow-in-loop -loop-simplify -dce -gvn -deadargelim -dse -duplicate-dataflow-processes -check-dataflow-syntax -legalize-stream-variable -globaldce -legalize-global -extract-subproc -dce -dead-channel-elimination -canonicalize-gep -globaldce -dce -gvn -hls-dead-arg-elim -deadargelim -directive-preproc -canonicalize-dataflow -dce -globaldce -scalar-preprocessing -scalar-propagation2 -scalar-stream -deadargelim -globaldce -mem2reg -check-dataflow-channels -function-stream -dce -globaldce -prop-fifo-spec -internal-stream-gen -canonicalize-gep -globaldce -dce -gvn -deadargelim -mergereturn -indvars -loop-simplify -instcombine -array-stream -array-seg-normalize -array-partition -clean-array-spec -func-legal -instcombine -simplifycfg -dce -bundle-memfifo-ops -deadargelim -directive-preproc -mem2reg -dse -dce -group-axi-access -licm -simplifycfg -dce -loop-delete -hls-display -norm-name E:/robot/project/FPGA/ZedBoard/HLS_lab/lab3/dct/dct/hls/.autopilot/db/a.o.1.bc -o E:/robot/project/FPGA/ZedBoard/HLS_lab/lab3/dct/dct/hls/.autopilot/db/a.o.1.tmp.bc -f 
Command         transform done; 0.111 sec.
INFO-FLOW: Presyn 2...
Execute         transform -hls -keep-callgraph -scalarrepl -mem2reg -port-alignment -attach-range -dce -pipe-mux-gen -indvars -loop-bound -inst-simplify -instcombine -dce -merge-array-access -mem2reg -dce -clean-region -mergereturn -if-conv -instcombine -dce -constprop -basicaa -aggr-aa -aggrmodref-aa -aggr-aa -gvn -gvn -basicaa -aggr-aa -aggrmodref-aa -aggr-aa -dse -adse -adce -scalarrepl -mem2reg -global-constprop -deadargelim -deadargelim -instcombine -dce -simplifycfg -ptrArgReplace -mem2reg -function-inline -globaldce -mem2reg -instcombine -dce -expr-balance -instcombine -dce -bitwidthmin2 -bitwidthmin2 -interface-preproc -directive-preproc -inst-rectify -instcombine -dce -basicaa -aggr-aa -aggrmodref-aa -aggr-aa -functionattrs -constprop -instcombine -bit-constprop -simplify-global-access -globalopt -globaldce -inst-simplify -instcombine -elimdeaddata -dce -loop-delete -simplifycfg -loop-simplify -barrier -norm-name E:/robot/project/FPGA/ZedBoard/HLS_lab/lab3/dct/dct/hls/.autopilot/db/a.o.1.tmp.bc -o E:/robot/project/FPGA/ZedBoard/HLS_lab/lab3/dct/dct/hls/.autopilot/db/a.o.2.bc -f -phase presyn 
INFO: [XFORM 203-11] Balancing expressions in function 'dct' (../../High-Level-Synthesis-Flow-on-Zynq-using-Vivado-HLS/source/lab3/dct.c:6:7)...16 expression(s) balanced.
INFO: [HLS 200-111] Finished Loop, function and other optimizations: CPU user time: 0 seconds. CPU system time: 0 seconds. Elapsed time: 0.175 seconds; current allocated memory: 280.684 MB.
Execute         transform -hls -auto-function-inline -globaldce -ptrArgReplace -mem2reg -dce -reset-lda -loop-simplify -indvars -aggr-aa -licm -loop-dep -loop-bound -licm -loop-simplify -loop-sink-hoist -flattenloopnest -array-flatten -gvn -instcombine -dce -array-map -dce -func-legal -gvn -adce -instcombine -cfgopt -simplifycfg-lite -loop-simplify -array-burst -promote-global-argument -dce -array-seg-normalize -basicaa -aggrmodref-aa -globalsmodref-aa -aggr-aa -gvn -gvn -basicaa -aggrmodref-aa -globalsmodref-aa -aggr-aa -dse -adse -adce -licm -inst-simplify -dce -globaldce -instcombine -array-stream -eliminate-keepreads -instcombine -dce -deadargelim -doublePtrSimplify -doublePtrElim -dce -doublePtrSimplify -promote-dbg-pointer -dce -scalarrepl -mem2reg -norm-name -mem2reg -instcombine -dse -adse -adce -ptrLegalization -dce -array-flatten -dce -instcombine -check-doubleptr -loop-rot -constprop -inst-simplify -cfgopt -simplifycfg-lite -loop-simplify -indvars -pointer-simplify -dce -loop-bound -loop-simplify -loop-preproc -constprop -global-constprop -gvn -mem2reg -instcombine -dce -loop-bound -loop-merge -dce -deadargelim -dce -canonicalize-dataflow -dce -deadargelim -globaldce -mem2reg -bram-byte-enable -inst-simplify -inst-rectify -instcombine -adce -deadargelim -load-elim -read-loop-dep -loop-simplify -loop-extract-inner -directive-preproc -bitwidthmin2 -bitwidthmin2 -read-loop-dep -interface-preproc -directive-preproc -interface-gen -bram-byte-enable-spec-prop -mul2addshift -deadargelim -inst-simplify -dce -mem2reg -instcombine -gvn -dce -adse -loop-bound -instcombine -cfgopt -simplifycfg-lite -loop-simplify -clean-region -io-protocol -find-region -mem2reg -bitop-raise -complex-op-raise -inst-simplify -inst-rectify -instcombine -adce -deadargelim -float-op-raise -loop-simplify -phi-opt -bitop-raise -cfgopt -simplifycfg-lite -strip-dead-prototypes -interface-lower -bitop-lower -intrinsic-lower -auto-function-inline -basicaa -aggrmodref-aa -globalsmodref-aa -aggr-aa -inst-simplify -simplifycfg-lite -loop-simplify -mergereturn -inst-simplify -inst-rectify -globaldce -dce -load-elim -bitop-lower -float-op-raise -fma-raise -loop-rewind -pointer-simplify -dce -cfgopt -dce -loop-bound -loop-dep -read-loop-dep -dce -dyn-mem-reuse -dce -recurrence-min -dce -share-scalar-alloca -deadargelim -dce -check-stream -norm-name -legalize -inst-clarity -bitwidth -dce -validate-dataflow -dump-loop-dep-to-ir -check-all-ssdm -dump-complexity-metric E:/robot/project/FPGA/ZedBoard/HLS_lab/lab3/dct/dct/hls/.autopilot/db/a.o.2.bc -o E:/robot/project/FPGA/ZedBoard/HLS_lab/lab3/dct/dct/hls/.autopilot/db/a.o.3.bc -f -phase build-ssdm 
INFO: [HLS 200-2061] Successfully converted nested loops 'RD_Loop_Row'(../../High-Level-Synthesis-Flow-on-Zynq-using-Vivado-HLS/source/lab3/dct.c:59:4) and 'RD_Loop_Col'(../../High-Level-Synthesis-Flow-on-Zynq-using-Vivado-HLS/source/lab3/dct.c:61:7) in function 'dct' into perfectly nested loops.
INFO: [HLS 200-2061] Successfully converted nested loops 'Row_DCT_Loop'(../../High-Level-Synthesis-Flow-on-Zynq-using-Vivado-HLS/source/lab3/dct.c:32:4) and 'DCT_Outer_Loop'(../../High-Level-Synthesis-Flow-on-Zynq-using-Vivado-HLS/source/lab3/dct.c:13:4) in function 'dct' into perfectly nested loops.
INFO: [HLS 200-2061] Successfully converted nested loops 'Xpose_Row_Outer_Loop'(../../High-Level-Synthesis-Flow-on-Zynq-using-Vivado-HLS/source/lab3/dct.c:37:4) and 'Xpose_Row_Inner_Loop'(../../High-Level-Synthesis-Flow-on-Zynq-using-Vivado-HLS/source/lab3/dct.c:39:7) in function 'dct' into perfectly nested loops.
INFO: [HLS 200-2061] Successfully converted nested loops 'Col_DCT_Loop'(../../High-Level-Synthesis-Flow-on-Zynq-using-Vivado-HLS/source/lab3/dct.c:43:4) and 'DCT_Outer_Loop'(../../High-Level-Synthesis-Flow-on-Zynq-using-Vivado-HLS/source/lab3/dct.c:13:4) in function 'dct' into perfectly nested loops.
INFO: [HLS 200-2061] Successfully converted nested loops 'Xpose_Col_Outer_Loop'(../../High-Level-Synthesis-Flow-on-Zynq-using-Vivado-HLS/source/lab3/dct.c:48:4) and 'Xpose_Col_Inner_Loop'(../../High-Level-Synthesis-Flow-on-Zynq-using-Vivado-HLS/source/lab3/dct.c:50:7) in function 'dct' into perfectly nested loops.
INFO: [HLS 200-2061] Successfully converted nested loops 'WR_Loop_Row'(../../High-Level-Synthesis-Flow-on-Zynq-using-Vivado-HLS/source/lab3/dct.c:71:4) and 'WR_Loop_Col'(../../High-Level-Synthesis-Flow-on-Zynq-using-Vivado-HLS/source/lab3/dct.c:73:7) in function 'dct' into perfectly nested loops.
INFO: [XFORM 203-541] Flattening a loop nest 'RD_Loop_Row' (../../High-Level-Synthesis-Flow-on-Zynq-using-Vivado-HLS/source/lab3/dct.c:59:4) in function 'dct'.
INFO: [XFORM 203-541] Flattening a loop nest 'Row_DCT_Loop' (../../High-Level-Synthesis-Flow-on-Zynq-using-Vivado-HLS/source/lab3/dct.c:32:4) in function 'dct'.
INFO: [XFORM 203-541] Flattening a loop nest 'Xpose_Row_Outer_Loop' (../../High-Level-Synthesis-Flow-on-Zynq-using-Vivado-HLS/source/lab3/dct.c:37:4) in function 'dct'.
INFO: [XFORM 203-541] Flattening a loop nest 'Col_DCT_Loop' (../../High-Level-Synthesis-Flow-on-Zynq-using-Vivado-HLS/source/lab3/dct.c:43:4) in function 'dct'.
INFO: [XFORM 203-541] Flattening a loop nest 'Xpose_Col_Outer_Loop' (../../High-Level-Synthesis-Flow-on-Zynq-using-Vivado-HLS/source/lab3/dct.c:48:4) in function 'dct'.
INFO: [XFORM 203-541] Flattening a loop nest 'WR_Loop_Row' (../../High-Level-Synthesis-Flow-on-Zynq-using-Vivado-HLS/source/lab3/dct.c:71:4) in function 'dct'.
Execute           auto_get_db
Command         transform done; 1.682 sec.
INFO-FLOW: Building ssdm...
Execute         transform -hls -cdfg-build E:/robot/project/FPGA/ZedBoard/HLS_lab/lab3/dct/dct/hls/.autopilot/db/a.o.3.bc -o E:/robot/project/FPGA/ZedBoard/HLS_lab/lab3/dct/dct/hls/.autopilot/db/a.o.3.bc -f -phase build-ssdm 
INFO: [HLS 200-111] Finished Architecture Synthesis: CPU user time: 0 seconds. CPU system time: 0 seconds. Elapsed time: 1.752 seconds; current allocated memory: 327.109 MB.
INFO-FLOW: Finish building internal data model.
Command       opt_and_import_c done; 2.128 sec.
Command     elaborate done; 16.74 sec.
Execute     ap_eval exec zip -j E:/robot/project/FPGA/ZedBoard/HLS_lab/lab3/dct/dct/hls/.autopilot/db/dut.hcp $dbDir/a.o.3.bc $dbDir/${topname}.rtl_wrap.cfg.tcl $dbDir/apatb_${topname}.cpp $dbDir/apatb_${topname}_util.cpp $dbDir/apatb_${topname}_ir.ll $dbDir/mapper_${topname}.cpp $dbDir/top-io-fe.xml $dbDir/kernel.internal.xml $workdir/../hls.app 
Command     ap_eval done; 0.211 sec.
Execute     autosyn -from_csynth_design=1 
INFO: [HLS 200-10] Starting hardware synthesis ...
INFO-FLOW: Synthesizing C/C++ design ...
INFO: [HLS 200-10] Synthesizing 'dct' ...
Execute       ap_set_top_model dct 
Execute       get_model_list dct -filter all-wo-channel -topdown 
Execute       preproc_iomode -model dct 
Execute       preproc_iomode -model dct_Pipeline_WR_Loop_Row_WR_Loop_Col 
Execute       preproc_iomode -model dct_Pipeline_Xpose_Col_Outer_Loop_Xpose_Col_Inner_Loop 
Execute       preproc_iomode -model dct_Pipeline_Col_DCT_Loop_DCT_Outer_Loop 
Execute       preproc_iomode -model dct_Pipeline_Xpose_Row_Outer_Loop_Xpose_Row_Inner_Loop 
Execute       preproc_iomode -model dct_Pipeline_Row_DCT_Loop_DCT_Outer_Loop 
Execute       preproc_iomode -model dct_Pipeline_RD_Loop_Row_RD_Loop_Col 
Execute       get_model_list dct -filter all-wo-channel 
INFO-FLOW: Model list for configure: dct_Pipeline_RD_Loop_Row_RD_Loop_Col dct_Pipeline_Row_DCT_Loop_DCT_Outer_Loop dct_Pipeline_Xpose_Row_Outer_Loop_Xpose_Row_Inner_Loop dct_Pipeline_Col_DCT_Loop_DCT_Outer_Loop dct_Pipeline_Xpose_Col_Outer_Loop_Xpose_Col_Inner_Loop dct_Pipeline_WR_Loop_Row_WR_Loop_Col dct
INFO-FLOW: Configuring Module : dct_Pipeline_RD_Loop_Row_RD_Loop_Col ...
Execute       set_default_model dct_Pipeline_RD_Loop_Row_RD_Loop_Col 
Execute       apply_spec_resource_limit dct_Pipeline_RD_Loop_Row_RD_Loop_Col 
INFO-FLOW: Configuring Module : dct_Pipeline_Row_DCT_Loop_DCT_Outer_Loop ...
Execute       set_default_model dct_Pipeline_Row_DCT_Loop_DCT_Outer_Loop 
Execute       apply_spec_resource_limit dct_Pipeline_Row_DCT_Loop_DCT_Outer_Loop 
INFO-FLOW: Configuring Module : dct_Pipeline_Xpose_Row_Outer_Loop_Xpose_Row_Inner_Loop ...
Execute       set_default_model dct_Pipeline_Xpose_Row_Outer_Loop_Xpose_Row_Inner_Loop 
Execute       apply_spec_resource_limit dct_Pipeline_Xpose_Row_Outer_Loop_Xpose_Row_Inner_Loop 
INFO-FLOW: Configuring Module : dct_Pipeline_Col_DCT_Loop_DCT_Outer_Loop ...
Execute       set_default_model dct_Pipeline_Col_DCT_Loop_DCT_Outer_Loop 
Execute       apply_spec_resource_limit dct_Pipeline_Col_DCT_Loop_DCT_Outer_Loop 
INFO-FLOW: Configuring Module : dct_Pipeline_Xpose_Col_Outer_Loop_Xpose_Col_Inner_Loop ...
Execute       set_default_model dct_Pipeline_Xpose_Col_Outer_Loop_Xpose_Col_Inner_Loop 
Execute       apply_spec_resource_limit dct_Pipeline_Xpose_Col_Outer_Loop_Xpose_Col_Inner_Loop 
INFO-FLOW: Configuring Module : dct_Pipeline_WR_Loop_Row_WR_Loop_Col ...
Execute       set_default_model dct_Pipeline_WR_Loop_Row_WR_Loop_Col 
Execute       apply_spec_resource_limit dct_Pipeline_WR_Loop_Row_WR_Loop_Col 
INFO-FLOW: Configuring Module : dct ...
Execute       set_default_model dct 
Execute       apply_spec_resource_limit dct 
INFO-FLOW: Model list for preprocess: dct_Pipeline_RD_Loop_Row_RD_Loop_Col dct_Pipeline_Row_DCT_Loop_DCT_Outer_Loop dct_Pipeline_Xpose_Row_Outer_Loop_Xpose_Row_Inner_Loop dct_Pipeline_Col_DCT_Loop_DCT_Outer_Loop dct_Pipeline_Xpose_Col_Outer_Loop_Xpose_Col_Inner_Loop dct_Pipeline_WR_Loop_Row_WR_Loop_Col dct
INFO-FLOW: Preprocessing Module: dct_Pipeline_RD_Loop_Row_RD_Loop_Col ...
Execute       set_default_model dct_Pipeline_RD_Loop_Row_RD_Loop_Col 
Execute       cdfg_preprocess -model dct_Pipeline_RD_Loop_Row_RD_Loop_Col 
Execute       rtl_gen_preprocess dct_Pipeline_RD_Loop_Row_RD_Loop_Col 
INFO-FLOW: Preprocessing Module: dct_Pipeline_Row_DCT_Loop_DCT_Outer_Loop ...
Execute       set_default_model dct_Pipeline_Row_DCT_Loop_DCT_Outer_Loop 
Execute       cdfg_preprocess -model dct_Pipeline_Row_DCT_Loop_DCT_Outer_Loop 
Execute       rtl_gen_preprocess dct_Pipeline_Row_DCT_Loop_DCT_Outer_Loop 
INFO-FLOW: Preprocessing Module: dct_Pipeline_Xpose_Row_Outer_Loop_Xpose_Row_Inner_Loop ...
Execute       set_default_model dct_Pipeline_Xpose_Row_Outer_Loop_Xpose_Row_Inner_Loop 
Execute       cdfg_preprocess -model dct_Pipeline_Xpose_Row_Outer_Loop_Xpose_Row_Inner_Loop 
Execute       rtl_gen_preprocess dct_Pipeline_Xpose_Row_Outer_Loop_Xpose_Row_Inner_Loop 
INFO-FLOW: Preprocessing Module: dct_Pipeline_Col_DCT_Loop_DCT_Outer_Loop ...
Execute       set_default_model dct_Pipeline_Col_DCT_Loop_DCT_Outer_Loop 
Execute       cdfg_preprocess -model dct_Pipeline_Col_DCT_Loop_DCT_Outer_Loop 
Execute       rtl_gen_preprocess dct_Pipeline_Col_DCT_Loop_DCT_Outer_Loop 
INFO-FLOW: Preprocessing Module: dct_Pipeline_Xpose_Col_Outer_Loop_Xpose_Col_Inner_Loop ...
Execute       set_default_model dct_Pipeline_Xpose_Col_Outer_Loop_Xpose_Col_Inner_Loop 
Execute       cdfg_preprocess -model dct_Pipeline_Xpose_Col_Outer_Loop_Xpose_Col_Inner_Loop 
Execute       rtl_gen_preprocess dct_Pipeline_Xpose_Col_Outer_Loop_Xpose_Col_Inner_Loop 
INFO-FLOW: Preprocessing Module: dct_Pipeline_WR_Loop_Row_WR_Loop_Col ...
Execute       set_default_model dct_Pipeline_WR_Loop_Row_WR_Loop_Col 
Execute       cdfg_preprocess -model dct_Pipeline_WR_Loop_Row_WR_Loop_Col 
Execute       rtl_gen_preprocess dct_Pipeline_WR_Loop_Row_WR_Loop_Col 
INFO-FLOW: Preprocessing Module: dct ...
Execute       set_default_model dct 
Execute       cdfg_preprocess -model dct 
Execute       rtl_gen_preprocess dct 
INFO-FLOW: Model list for synthesis: dct_Pipeline_RD_Loop_Row_RD_Loop_Col dct_Pipeline_Row_DCT_Loop_DCT_Outer_Loop dct_Pipeline_Xpose_Row_Outer_Loop_Xpose_Row_Inner_Loop dct_Pipeline_Col_DCT_Loop_DCT_Outer_Loop dct_Pipeline_Xpose_Col_Outer_Loop_Xpose_Col_Inner_Loop dct_Pipeline_WR_Loop_Row_WR_Loop_Col dct
INFO: [HLS 200-10] ----------------------------------------------------------------
INFO: [HLS 200-42] -- Implementing module 'dct_Pipeline_RD_Loop_Row_RD_Loop_Col' 
INFO: [HLS 200-10] ----------------------------------------------------------------
Execute       set_default_model dct_Pipeline_RD_Loop_Row_RD_Loop_Col 
Execute       schedule -model dct_Pipeline_RD_Loop_Row_RD_Loop_Col 
INFO: [SCHED 204-11] Starting scheduling ...
INFO: [SCHED 204-61] Pipelining loop 'RD_Loop_Row_RD_Loop_Col'.
INFO: [HLS 200-1470] Pipelining result : Target II = NA, Final II = 1, Depth = 4, loop 'RD_Loop_Row_RD_Loop_Col'
INFO: [SCHED 204-11] Finished scheduling.
Command       schedule done; 0.128 sec.
INFO: [HLS 200-111] Finished Scheduling: CPU user time: 0 seconds. CPU system time: 0 seconds. Elapsed time: 0.411 seconds; current allocated memory: 331.105 MB.
Execute       syn_report -verbosereport -o E:/robot/project/FPGA/ZedBoard/HLS_lab/lab3/dct/dct/hls/.autopilot/db/dct_Pipeline_RD_Loop_Row_RD_Loop_Col.verbose.sched.rpt 
Execute         list_part -family xc7z020-clg484-1 
Execute           ap_family_info -name xc7z020-clg484-1 -data names 
Execute           ap_part_info -quiet -name xc7z020-clg484-1 -data family 
Execute       db_write -o E:/robot/project/FPGA/ZedBoard/HLS_lab/lab3/dct/dct/hls/.autopilot/db/dct_Pipeline_RD_Loop_Row_RD_Loop_Col.sched.adb -f 
INFO-FLOW: Finish scheduling dct_Pipeline_RD_Loop_Row_RD_Loop_Col.
Execute       set_default_model dct_Pipeline_RD_Loop_Row_RD_Loop_Col 
Execute       bind -model dct_Pipeline_RD_Loop_Row_RD_Loop_Col 
INFO: [BIND 205-100] Starting micro-architecture generation ...
INFO: [BIND 205-101] Performing variable lifetime analysis.
INFO: [BIND 205-101] Exploring resource sharing.
INFO: [BIND 205-101] Binding ...
INFO: [BIND 205-100] Finished micro-architecture generation.
INFO: [HLS 200-111] Finished Binding: CPU user time: 1 seconds. CPU system time: 0 seconds. Elapsed time: 0.114 seconds; current allocated memory: 332.258 MB.
Execute       syn_report -verbosereport -o E:/robot/project/FPGA/ZedBoard/HLS_lab/lab3/dct/dct/hls/.autopilot/db/dct_Pipeline_RD_Loop_Row_RD_Loop_Col.verbose.bind.rpt 
Execute         list_part -family xc7z020-clg484-1 
Execute           ap_family_info -name xc7z020-clg484-1 -data names 
Execute           ap_part_info -quiet -name xc7z020-clg484-1 -data family 
Execute       db_write -o E:/robot/project/FPGA/ZedBoard/HLS_lab/lab3/dct/dct/hls/.autopilot/db/dct_Pipeline_RD_Loop_Row_RD_Loop_Col.bind.adb -f 
INFO-FLOW: Finish binding dct_Pipeline_RD_Loop_Row_RD_Loop_Col.
INFO: [HLS 200-10] ----------------------------------------------------------------
INFO: [HLS 200-42] -- Implementing module 'dct_Pipeline_Row_DCT_Loop_DCT_Outer_Loop' 
INFO: [HLS 200-10] ----------------------------------------------------------------
Execute       set_default_model dct_Pipeline_Row_DCT_Loop_DCT_Outer_Loop 
Execute       schedule -model dct_Pipeline_Row_DCT_Loop_DCT_Outer_Loop 
INFO: [SCHED 204-11] Starting scheduling ...
INFO: [HLS 200-486] Changing DSP latency (root=add_ln19_5) to 3 in order to utilize available DSP registers.
INFO: [HLS 200-486] Changing DSP latency (root=add_ln19_4) to 3 in order to utilize available DSP registers.
INFO: [HLS 200-486] Changing DSP latency (root=add_ln19_3) to 3 in order to utilize available DSP registers.
INFO: [HLS 200-486] Changing DSP latency (root=add_ln19_1) to 3 in order to utilize available DSP registers.
INFO: [HLS 200-486] Changing DSP latency (root=add_ln19) to 3 in order to utilize available DSP registers.
INFO: [SCHED 204-61] Pipelining loop 'Row_DCT_Loop_DCT_Outer_Loop'.
INFO: [HLS 200-1470] Pipelining result : Target II = NA, Final II = 1, Depth = 9, loop 'Row_DCT_Loop_DCT_Outer_Loop'
INFO: [SCHED 204-11] Finished scheduling.
Command       schedule done; 0.133 sec.
INFO: [HLS 200-111] Finished Scheduling: CPU user time: 0 seconds. CPU system time: 0 seconds. Elapsed time: 0.207 seconds; current allocated memory: 332.523 MB.
Execute       syn_report -verbosereport -o E:/robot/project/FPGA/ZedBoard/HLS_lab/lab3/dct/dct/hls/.autopilot/db/dct_Pipeline_Row_DCT_Loop_DCT_Outer_Loop.verbose.sched.rpt 
Execute         list_part -family xc7z020-clg484-1 
Execute           ap_family_info -name xc7z020-clg484-1 -data names 
Execute           ap_part_info -quiet -name xc7z020-clg484-1 -data family 
Execute       db_write -o E:/robot/project/FPGA/ZedBoard/HLS_lab/lab3/dct/dct/hls/.autopilot/db/dct_Pipeline_Row_DCT_Loop_DCT_Outer_Loop.sched.adb -f 
INFO-FLOW: Finish scheduling dct_Pipeline_Row_DCT_Loop_DCT_Outer_Loop.
Execute       set_default_model dct_Pipeline_Row_DCT_Loop_DCT_Outer_Loop 
Execute       bind -model dct_Pipeline_Row_DCT_Loop_DCT_Outer_Loop 
INFO: [BIND 205-100] Starting micro-architecture generation ...
INFO: [BIND 205-101] Performing variable lifetime analysis.
INFO: [BIND 205-101] Exploring resource sharing.
INFO: [BIND 205-101] Binding ...
INFO: [BIND 205-100] Finished micro-architecture generation.
INFO: [HLS 200-111] Finished Binding: CPU user time: 0 seconds. CPU system time: 0 seconds. Elapsed time: 0.114 seconds; current allocated memory: 332.551 MB.
Execute       syn_report -verbosereport -o E:/robot/project/FPGA/ZedBoard/HLS_lab/lab3/dct/dct/hls/.autopilot/db/dct_Pipeline_Row_DCT_Loop_DCT_Outer_Loop.verbose.bind.rpt 
Execute         list_part -family xc7z020-clg484-1 
Execute           ap_family_info -name xc7z020-clg484-1 -data names 
Execute           ap_part_info -quiet -name xc7z020-clg484-1 -data family 
Execute       db_write -o E:/robot/project/FPGA/ZedBoard/HLS_lab/lab3/dct/dct/hls/.autopilot/db/dct_Pipeline_Row_DCT_Loop_DCT_Outer_Loop.bind.adb -f 
INFO-FLOW: Finish binding dct_Pipeline_Row_DCT_Loop_DCT_Outer_Loop.
INFO: [HLS 200-10] ----------------------------------------------------------------
INFO: [HLS 200-42] -- Implementing module 'dct_Pipeline_Xpose_Row_Outer_Loop_Xpose_Row_Inner_Loop' 
INFO: [HLS 200-10] ----------------------------------------------------------------
Execute       set_default_model dct_Pipeline_Xpose_Row_Outer_Loop_Xpose_Row_Inner_Loop 
Execute       schedule -model dct_Pipeline_Xpose_Row_Outer_Loop_Xpose_Row_Inner_Loop 
INFO: [SCHED 204-11] Starting scheduling ...
INFO: [SCHED 204-61] Pipelining loop 'Xpose_Row_Outer_Loop_Xpose_Row_Inner_Loop'.
INFO: [HLS 200-1470] Pipelining result : Target II = NA, Final II = 1, Depth = 4, loop 'Xpose_Row_Outer_Loop_Xpose_Row_Inner_Loop'
INFO: [SCHED 204-11] Finished scheduling.
INFO: [HLS 200-111] Finished Scheduling: CPU user time: 0 seconds. CPU system time: 0 seconds. Elapsed time: 0.135 seconds; current allocated memory: 332.582 MB.
Execute       syn_report -verbosereport -o E:/robot/project/FPGA/ZedBoard/HLS_lab/lab3/dct/dct/hls/.autopilot/db/dct_Pipeline_Xpose_Row_Outer_Loop_Xpose_Row_Inner_Loop.verbose.sched.rpt 
Execute         list_part -family xc7z020-clg484-1 
Execute           ap_family_info -name xc7z020-clg484-1 -data names 
Execute           ap_part_info -quiet -name xc7z020-clg484-1 -data family 
Execute       db_write -o E:/robot/project/FPGA/ZedBoard/HLS_lab/lab3/dct/dct/hls/.autopilot/db/dct_Pipeline_Xpose_Row_Outer_Loop_Xpose_Row_Inner_Loop.sched.adb -f 
INFO-FLOW: Finish scheduling dct_Pipeline_Xpose_Row_Outer_Loop_Xpose_Row_Inner_Loop.
Execute       set_default_model dct_Pipeline_Xpose_Row_Outer_Loop_Xpose_Row_Inner_Loop 
Execute       bind -model dct_Pipeline_Xpose_Row_Outer_Loop_Xpose_Row_Inner_Loop 
INFO: [BIND 205-100] Starting micro-architecture generation ...
INFO: [BIND 205-101] Performing variable lifetime analysis.
INFO: [BIND 205-101] Exploring resource sharing.
INFO: [BIND 205-101] Binding ...
INFO: [BIND 205-100] Finished micro-architecture generation.
INFO: [HLS 200-111] Finished Binding: CPU user time: 0 seconds. CPU system time: 0 seconds. Elapsed time: 0.1 seconds; current allocated memory: 332.586 MB.
Execute       syn_report -verbosereport -o E:/robot/project/FPGA/ZedBoard/HLS_lab/lab3/dct/dct/hls/.autopilot/db/dct_Pipeline_Xpose_Row_Outer_Loop_Xpose_Row_Inner_Loop.verbose.bind.rpt 
Execute         list_part -family xc7z020-clg484-1 
Execute           ap_family_info -name xc7z020-clg484-1 -data names 
Execute           ap_part_info -quiet -name xc7z020-clg484-1 -data family 
Execute       db_write -o E:/robot/project/FPGA/ZedBoard/HLS_lab/lab3/dct/dct/hls/.autopilot/db/dct_Pipeline_Xpose_Row_Outer_Loop_Xpose_Row_Inner_Loop.bind.adb -f 
INFO-FLOW: Finish binding dct_Pipeline_Xpose_Row_Outer_Loop_Xpose_Row_Inner_Loop.
INFO: [HLS 200-10] ----------------------------------------------------------------
INFO: [HLS 200-42] -- Implementing module 'dct_Pipeline_Col_DCT_Loop_DCT_Outer_Loop' 
INFO: [HLS 200-10] ----------------------------------------------------------------
Execute       set_default_model dct_Pipeline_Col_DCT_Loop_DCT_Outer_Loop 
Execute       schedule -model dct_Pipeline_Col_DCT_Loop_DCT_Outer_Loop 
INFO: [SCHED 204-11] Starting scheduling ...
INFO: [HLS 200-486] Changing DSP latency (root=add_ln19_13) to 3 in order to utilize available DSP registers.
INFO: [HLS 200-486] Changing DSP latency (root=add_ln19_12) to 3 in order to utilize available DSP registers.
INFO: [HLS 200-486] Changing DSP latency (root=add_ln19_11) to 3 in order to utilize available DSP registers.
INFO: [HLS 200-486] Changing DSP latency (root=add_ln19_9) to 3 in order to utilize available DSP registers.
INFO: [HLS 200-486] Changing DSP latency (root=add_ln19_8) to 3 in order to utilize available DSP registers.
INFO: [SCHED 204-61] Pipelining loop 'Col_DCT_Loop_DCT_Outer_Loop'.
INFO: [HLS 200-1470] Pipelining result : Target II = NA, Final II = 1, Depth = 9, loop 'Col_DCT_Loop_DCT_Outer_Loop'
INFO: [SCHED 204-11] Finished scheduling.
Command       schedule done; 0.136 sec.
INFO: [HLS 200-111] Finished Scheduling: CPU user time: 0 seconds. CPU system time: 0 seconds. Elapsed time: 0.204 seconds; current allocated memory: 333.016 MB.
Execute       syn_report -verbosereport -o E:/robot/project/FPGA/ZedBoard/HLS_lab/lab3/dct/dct/hls/.autopilot/db/dct_Pipeline_Col_DCT_Loop_DCT_Outer_Loop.verbose.sched.rpt 
Execute         list_part -family xc7z020-clg484-1 
Execute           ap_family_info -name xc7z020-clg484-1 -data names 
Execute           ap_part_info -quiet -name xc7z020-clg484-1 -data family 
Execute       db_write -o E:/robot/project/FPGA/ZedBoard/HLS_lab/lab3/dct/dct/hls/.autopilot/db/dct_Pipeline_Col_DCT_Loop_DCT_Outer_Loop.sched.adb -f 
INFO-FLOW: Finish scheduling dct_Pipeline_Col_DCT_Loop_DCT_Outer_Loop.
Execute       set_default_model dct_Pipeline_Col_DCT_Loop_DCT_Outer_Loop 
Execute       bind -model dct_Pipeline_Col_DCT_Loop_DCT_Outer_Loop 
INFO: [BIND 205-100] Starting micro-architecture generation ...
INFO: [BIND 205-101] Performing variable lifetime analysis.
INFO: [BIND 205-101] Exploring resource sharing.
INFO: [BIND 205-101] Binding ...
INFO: [BIND 205-100] Finished micro-architecture generation.
INFO: [HLS 200-111] Finished Binding: CPU user time: 0 seconds. CPU system time: 0 seconds. Elapsed time: 0.106 seconds; current allocated memory: 333.156 MB.
Execute       syn_report -verbosereport -o E:/robot/project/FPGA/ZedBoard/HLS_lab/lab3/dct/dct/hls/.autopilot/db/dct_Pipeline_Col_DCT_Loop_DCT_Outer_Loop.verbose.bind.rpt 
Execute         list_part -family xc7z020-clg484-1 
Execute           ap_family_info -name xc7z020-clg484-1 -data names 
Execute           ap_part_info -quiet -name xc7z020-clg484-1 -data family 
Execute       db_write -o E:/robot/project/FPGA/ZedBoard/HLS_lab/lab3/dct/dct/hls/.autopilot/db/dct_Pipeline_Col_DCT_Loop_DCT_Outer_Loop.bind.adb -f 
INFO-FLOW: Finish binding dct_Pipeline_Col_DCT_Loop_DCT_Outer_Loop.
INFO: [HLS 200-10] ----------------------------------------------------------------
INFO: [HLS 200-42] -- Implementing module 'dct_Pipeline_Xpose_Col_Outer_Loop_Xpose_Col_Inner_Loop' 
INFO: [HLS 200-10] ----------------------------------------------------------------
Execute       set_default_model dct_Pipeline_Xpose_Col_Outer_Loop_Xpose_Col_Inner_Loop 
Execute       schedule -model dct_Pipeline_Xpose_Col_Outer_Loop_Xpose_Col_Inner_Loop 
INFO: [SCHED 204-11] Starting scheduling ...
INFO: [SCHED 204-61] Pipelining loop 'Xpose_Col_Outer_Loop_Xpose_Col_Inner_Loop'.
INFO: [HLS 200-1470] Pipelining result : Target II = NA, Final II = 1, Depth = 4, loop 'Xpose_Col_Outer_Loop_Xpose_Col_Inner_Loop'
INFO: [SCHED 204-11] Finished scheduling.
INFO: [HLS 200-111] Finished Scheduling: CPU user time: 0 seconds. CPU system time: 0 seconds. Elapsed time: 0.137 seconds; current allocated memory: 333.504 MB.
Execute       syn_report -verbosereport -o E:/robot/project/FPGA/ZedBoard/HLS_lab/lab3/dct/dct/hls/.autopilot/db/dct_Pipeline_Xpose_Col_Outer_Loop_Xpose_Col_Inner_Loop.verbose.sched.rpt 
Execute         list_part -family xc7z020-clg484-1 
Execute           ap_family_info -name xc7z020-clg484-1 -data names 
Execute           ap_part_info -quiet -name xc7z020-clg484-1 -data family 
Execute       db_write -o E:/robot/project/FPGA/ZedBoard/HLS_lab/lab3/dct/dct/hls/.autopilot/db/dct_Pipeline_Xpose_Col_Outer_Loop_Xpose_Col_Inner_Loop.sched.adb -f 
INFO-FLOW: Finish scheduling dct_Pipeline_Xpose_Col_Outer_Loop_Xpose_Col_Inner_Loop.
Execute       set_default_model dct_Pipeline_Xpose_Col_Outer_Loop_Xpose_Col_Inner_Loop 
Execute       bind -model dct_Pipeline_Xpose_Col_Outer_Loop_Xpose_Col_Inner_Loop 
INFO: [BIND 205-100] Starting micro-architecture generation ...
INFO: [BIND 205-101] Performing variable lifetime analysis.
INFO: [BIND 205-101] Exploring resource sharing.
INFO: [BIND 205-101] Binding ...
INFO: [BIND 205-100] Finished micro-architecture generation.
Command       bind done; 1.135 sec.
INFO: [HLS 200-111] Finished Binding: CPU user time: 0 seconds. CPU system time: 0 seconds. Elapsed time: 1.171 seconds; current allocated memory: 333.504 MB.
Execute       syn_report -verbosereport -o E:/robot/project/FPGA/ZedBoard/HLS_lab/lab3/dct/dct/hls/.autopilot/db/dct_Pipeline_Xpose_Col_Outer_Loop_Xpose_Col_Inner_Loop.verbose.bind.rpt 
Execute         list_part -family xc7z020-clg484-1 
Execute           ap_family_info -name xc7z020-clg484-1 -data names 
Execute           ap_part_info -quiet -name xc7z020-clg484-1 -data family 
Execute       db_write -o E:/robot/project/FPGA/ZedBoard/HLS_lab/lab3/dct/dct/hls/.autopilot/db/dct_Pipeline_Xpose_Col_Outer_Loop_Xpose_Col_Inner_Loop.bind.adb -f 
INFO-FLOW: Finish binding dct_Pipeline_Xpose_Col_Outer_Loop_Xpose_Col_Inner_Loop.
INFO: [HLS 200-10] ----------------------------------------------------------------
INFO: [HLS 200-42] -- Implementing module 'dct_Pipeline_WR_Loop_Row_WR_Loop_Col' 
INFO: [HLS 200-10] ----------------------------------------------------------------
Execute       set_default_model dct_Pipeline_WR_Loop_Row_WR_Loop_Col 
Execute       schedule -model dct_Pipeline_WR_Loop_Row_WR_Loop_Col 
INFO: [SCHED 204-11] Starting scheduling ...
INFO: [SCHED 204-61] Pipelining loop 'WR_Loop_Row_WR_Loop_Col'.
INFO: [HLS 200-1470] Pipelining result : Target II = NA, Final II = 1, Depth = 4, loop 'WR_Loop_Row_WR_Loop_Col'
INFO: [SCHED 204-11] Finished scheduling.
INFO: [HLS 200-111] Finished Scheduling: CPU user time: 0 seconds. CPU system time: 0 seconds. Elapsed time: 0.144 seconds; current allocated memory: 333.707 MB.
Execute       syn_report -verbosereport -o E:/robot/project/FPGA/ZedBoard/HLS_lab/lab3/dct/dct/hls/.autopilot/db/dct_Pipeline_WR_Loop_Row_WR_Loop_Col.verbose.sched.rpt 
Execute         list_part -family xc7z020-clg484-1 
Execute           ap_family_info -name xc7z020-clg484-1 -data names 
Execute           ap_part_info -quiet -name xc7z020-clg484-1 -data family 
Execute       db_write -o E:/robot/project/FPGA/ZedBoard/HLS_lab/lab3/dct/dct/hls/.autopilot/db/dct_Pipeline_WR_Loop_Row_WR_Loop_Col.sched.adb -f 
INFO-FLOW: Finish scheduling dct_Pipeline_WR_Loop_Row_WR_Loop_Col.
Execute       set_default_model dct_Pipeline_WR_Loop_Row_WR_Loop_Col 
Execute       bind -model dct_Pipeline_WR_Loop_Row_WR_Loop_Col 
INFO: [BIND 205-100] Starting micro-architecture generation ...
INFO: [BIND 205-101] Performing variable lifetime analysis.
INFO: [BIND 205-101] Exploring resource sharing.
INFO: [BIND 205-101] Binding ...
INFO: [BIND 205-100] Finished micro-architecture generation.
INFO: [HLS 200-111] Finished Binding: CPU user time: 0 seconds. CPU system time: 0 seconds. Elapsed time: 0.114 seconds; current allocated memory: 333.793 MB.
Execute       syn_report -verbosereport -o E:/robot/project/FPGA/ZedBoard/HLS_lab/lab3/dct/dct/hls/.autopilot/db/dct_Pipeline_WR_Loop_Row_WR_Loop_Col.verbose.bind.rpt 
Execute         list_part -family xc7z020-clg484-1 
Execute           ap_family_info -name xc7z020-clg484-1 -data names 
Execute           ap_part_info -quiet -name xc7z020-clg484-1 -data family 
Execute       db_write -o E:/robot/project/FPGA/ZedBoard/HLS_lab/lab3/dct/dct/hls/.autopilot/db/dct_Pipeline_WR_Loop_Row_WR_Loop_Col.bind.adb -f 
INFO-FLOW: Finish binding dct_Pipeline_WR_Loop_Row_WR_Loop_Col.
INFO: [HLS 200-10] ----------------------------------------------------------------
INFO: [HLS 200-42] -- Implementing module 'dct' 
INFO: [HLS 200-10] ----------------------------------------------------------------
Execute       set_default_model dct 
Execute       schedule -model dct 
INFO: [SCHED 204-11] Starting scheduling ...
INFO: [SCHED 204-11] Finished scheduling.
INFO: [HLS 200-111] Finished Scheduling: CPU user time: 0 seconds. CPU system time: 0 seconds. Elapsed time: 0.098 seconds; current allocated memory: 333.996 MB.
Execute       syn_report -verbosereport -o E:/robot/project/FPGA/ZedBoard/HLS_lab/lab3/dct/dct/hls/.autopilot/db/dct.verbose.sched.rpt 
Execute         list_part -family xc7z020-clg484-1 
Execute           ap_family_info -name xc7z020-clg484-1 -data names 
Execute           ap_part_info -quiet -name xc7z020-clg484-1 -data family 
Execute       db_write -o E:/robot/project/FPGA/ZedBoard/HLS_lab/lab3/dct/dct/hls/.autopilot/db/dct.sched.adb -f 
INFO-FLOW: Finish scheduling dct.
Execute       set_default_model dct 
Execute       bind -model dct 
INFO: [BIND 205-100] Starting micro-architecture generation ...
INFO: [BIND 205-101] Performing variable lifetime analysis.
INFO: [BIND 205-101] Exploring resource sharing.
INFO: [BIND 205-101] Binding ...
INFO: [BIND 205-100] Finished micro-architecture generation.
INFO: [HLS 200-111] Finished Binding: CPU user time: 0 seconds. CPU system time: 0 seconds. Elapsed time: 0.093 seconds; current allocated memory: 334.418 MB.
Execute       syn_report -verbosereport -o E:/robot/project/FPGA/ZedBoard/HLS_lab/lab3/dct/dct/hls/.autopilot/db/dct.verbose.bind.rpt 
Execute         list_part -family xc7z020-clg484-1 
Execute           ap_family_info -name xc7z020-clg484-1 -data names 
Execute           ap_part_info -quiet -name xc7z020-clg484-1 -data family 
Execute       db_write -o E:/robot/project/FPGA/ZedBoard/HLS_lab/lab3/dct/dct/hls/.autopilot/db/dct.bind.adb -f 
INFO-FLOW: Finish binding dct.
Execute       get_model_list dct -filter all-wo-channel 
INFO-FLOW: Preprocessing for RTLGen ...
Execute       rtl_gen_preprocess dct_Pipeline_RD_Loop_Row_RD_Loop_Col 
Execute       rtl_gen_preprocess dct_Pipeline_Row_DCT_Loop_DCT_Outer_Loop 
Execute       rtl_gen_preprocess dct_Pipeline_Xpose_Row_Outer_Loop_Xpose_Row_Inner_Loop 
Execute       rtl_gen_preprocess dct_Pipeline_Col_DCT_Loop_DCT_Outer_Loop 
Execute       rtl_gen_preprocess dct_Pipeline_Xpose_Col_Outer_Loop_Xpose_Col_Inner_Loop 
Execute       rtl_gen_preprocess dct_Pipeline_WR_Loop_Row_WR_Loop_Col 
Execute       rtl_gen_preprocess dct 
INFO-FLOW: Model list for RTL generation: dct_Pipeline_RD_Loop_Row_RD_Loop_Col dct_Pipeline_Row_DCT_Loop_DCT_Outer_Loop dct_Pipeline_Xpose_Row_Outer_Loop_Xpose_Row_Inner_Loop dct_Pipeline_Col_DCT_Loop_DCT_Outer_Loop dct_Pipeline_Xpose_Col_Outer_Loop_Xpose_Col_Inner_Loop dct_Pipeline_WR_Loop_Row_WR_Loop_Col dct
INFO: [HLS 200-10] ----------------------------------------------------------------
INFO: [HLS 200-10] -- Generating RTL for module 'dct_Pipeline_RD_Loop_Row_RD_Loop_Col' 
INFO: [HLS 200-10] ----------------------------------------------------------------
Execute       create_rtl_model dct_Pipeline_RD_Loop_Row_RD_Loop_Col -top_prefix dct_ -sub_prefix dct_ -mg_file E:/robot/project/FPGA/ZedBoard/HLS_lab/lab3/dct/dct/hls/.autopilot/db/dct_Pipeline_RD_Loop_Row_RD_Loop_Col.compgen.tcl 
INFO: [HLS 200-1030] Apply Unified Pipeline Control on module 'dct_Pipeline_RD_Loop_Row_RD_Loop_Col' pipeline 'RD_Loop_Row_RD_Loop_Col' pipeline type 'loop pipeline'
INFO: [RTGEN 206-100] Finished creating RTL model for 'dct_Pipeline_RD_Loop_Row_RD_Loop_Col'.
INFO: [HLS 200-111] Finished Creating RTL model: CPU user time: 0 seconds. CPU system time: 0 seconds. Elapsed time: 0.12 seconds; current allocated memory: 336.195 MB.
Execute       source E:/robot/project/FPGA/ZedBoard/HLS_lab/lab3/dct/dct/hls/.autopilot/db/dct.rtl_wrap.cfg.tcl 
Execute       gen_rtl dct_Pipeline_RD_Loop_Row_RD_Loop_Col -style xilinx -f -lang vhdl -o E:/robot/project/FPGA/ZedBoard/HLS_lab/lab3/dct/dct/hls/syn/vhdl/dct_dct_Pipeline_RD_Loop_Row_RD_Loop_Col 
Execute       gen_rtl dct_Pipeline_RD_Loop_Row_RD_Loop_Col -style xilinx -f -lang vlog -o E:/robot/project/FPGA/ZedBoard/HLS_lab/lab3/dct/dct/hls/syn/verilog/dct_dct_Pipeline_RD_Loop_Row_RD_Loop_Col 
Execute       syn_report -csynth -model dct_Pipeline_RD_Loop_Row_RD_Loop_Col -o E:/robot/project/FPGA/ZedBoard/HLS_lab/lab3/dct/dct/hls/syn/report/dct_Pipeline_RD_Loop_Row_RD_Loop_Col_csynth.rpt 
Execute         list_part -family xc7z020-clg484-1 
Execute           ap_family_info -name xc7z020-clg484-1 -data names 
Execute           ap_part_info -quiet -name xc7z020-clg484-1 -data family 
Execute       syn_report -rtlxml -model dct_Pipeline_RD_Loop_Row_RD_Loop_Col -o E:/robot/project/FPGA/ZedBoard/HLS_lab/lab3/dct/dct/hls/syn/report/dct_Pipeline_RD_Loop_Row_RD_Loop_Col_csynth.xml 
Execute         list_part -family xc7z020-clg484-1 
Execute           ap_family_info -name xc7z020-clg484-1 -data names 
Execute           ap_part_info -quiet -name xc7z020-clg484-1 -data family 
Execute       syn_report -verbosereport -model dct_Pipeline_RD_Loop_Row_RD_Loop_Col -o E:/robot/project/FPGA/ZedBoard/HLS_lab/lab3/dct/dct/hls/.autopilot/db/dct_Pipeline_RD_Loop_Row_RD_Loop_Col.verbose.rpt 
Execute         list_part -family xc7z020-clg484-1 
Execute           ap_family_info -name xc7z020-clg484-1 -data names 
Execute           ap_part_info -quiet -name xc7z020-clg484-1 -data family 
Execute       db_write -model dct_Pipeline_RD_Loop_Row_RD_Loop_Col -f -o E:/robot/project/FPGA/ZedBoard/HLS_lab/lab3/dct/dct/hls/.autopilot/db/dct_Pipeline_RD_Loop_Row_RD_Loop_Col.adb 
Execute       db_write -model dct_Pipeline_RD_Loop_Row_RD_Loop_Col -bindview -o E:/robot/project/FPGA/ZedBoard/HLS_lab/lab3/dct/dct/hls/.autopilot/db/design.bindinfo.xml 
Execute       gen_tb_info dct_Pipeline_RD_Loop_Row_RD_Loop_Col -p E:/robot/project/FPGA/ZedBoard/HLS_lab/lab3/dct/dct/hls/.autopilot/db -o E:/robot/project/FPGA/ZedBoard/HLS_lab/lab3/dct/dct/hls/.autopilot/db/dct_Pipeline_RD_Loop_Row_RD_Loop_Col 
INFO: [HLS 200-10] ----------------------------------------------------------------
INFO: [HLS 200-10] -- Generating RTL for module 'dct_Pipeline_Row_DCT_Loop_DCT_Outer_Loop' 
INFO: [HLS 200-10] ----------------------------------------------------------------
Execute       create_rtl_model dct_Pipeline_Row_DCT_Loop_DCT_Outer_Loop -top_prefix dct_ -sub_prefix dct_ -mg_file E:/robot/project/FPGA/ZedBoard/HLS_lab/lab3/dct/dct/hls/.autopilot/db/dct_Pipeline_Row_DCT_Loop_DCT_Outer_Loop.compgen.tcl 
INFO: [HLS 200-1030] Apply Unified Pipeline Control on module 'dct_Pipeline_Row_DCT_Loop_DCT_Outer_Loop' pipeline 'Row_DCT_Loop_DCT_Outer_Loop' pipeline type 'loop pipeline'
INFO: [RTGEN 206-100] Generating core module 'mac_muladd_16s_15s_13ns_29_4_1': 1 instance(s).
INFO: [RTGEN 206-100] Generating core module 'mac_muladd_16s_15s_29ns_29_4_1': 1 instance(s).
INFO: [RTGEN 206-100] Generating core module 'mac_muladd_16s_15s_29s_29_4_1': 3 instance(s).
INFO: [RTGEN 206-100] Generating core module 'mul_14ns_16s_29_1_1': 1 instance(s).
INFO: [RTGEN 206-100] Generating core module 'mul_15s_16s_29_1_1': 2 instance(s).
INFO: [RTGEN 206-100] Finished creating RTL model for 'dct_Pipeline_Row_DCT_Loop_DCT_Outer_Loop'.
Command       create_rtl_model done; 0.166 sec.
INFO: [HLS 200-111] Finished Creating RTL model: CPU user time: 0 seconds. CPU system time: 0 seconds. Elapsed time: 0.392 seconds; current allocated memory: 339.746 MB.
Execute       source E:/robot/project/FPGA/ZedBoard/HLS_lab/lab3/dct/dct/hls/.autopilot/db/dct.rtl_wrap.cfg.tcl 
Execute       gen_rtl dct_Pipeline_Row_DCT_Loop_DCT_Outer_Loop -style xilinx -f -lang vhdl -o E:/robot/project/FPGA/ZedBoard/HLS_lab/lab3/dct/dct/hls/syn/vhdl/dct_dct_Pipeline_Row_DCT_Loop_DCT_Outer_Loop 
Execute       gen_rtl dct_Pipeline_Row_DCT_Loop_DCT_Outer_Loop -style xilinx -f -lang vlog -o E:/robot/project/FPGA/ZedBoard/HLS_lab/lab3/dct/dct/hls/syn/verilog/dct_dct_Pipeline_Row_DCT_Loop_DCT_Outer_Loop 
Execute       syn_report -csynth -model dct_Pipeline_Row_DCT_Loop_DCT_Outer_Loop -o E:/robot/project/FPGA/ZedBoard/HLS_lab/lab3/dct/dct/hls/syn/report/dct_Pipeline_Row_DCT_Loop_DCT_Outer_Loop_csynth.rpt 
Execute         list_part -family xc7z020-clg484-1 
Execute           ap_family_info -name xc7z020-clg484-1 -data names 
Execute           ap_part_info -quiet -name xc7z020-clg484-1 -data family 
Execute       syn_report -rtlxml -model dct_Pipeline_Row_DCT_Loop_DCT_Outer_Loop -o E:/robot/project/FPGA/ZedBoard/HLS_lab/lab3/dct/dct/hls/syn/report/dct_Pipeline_Row_DCT_Loop_DCT_Outer_Loop_csynth.xml 
Execute         list_part -family xc7z020-clg484-1 
Execute           ap_family_info -name xc7z020-clg484-1 -data names 
Execute           ap_part_info -quiet -name xc7z020-clg484-1 -data family 
Execute       syn_report -verbosereport -model dct_Pipeline_Row_DCT_Loop_DCT_Outer_Loop -o E:/robot/project/FPGA/ZedBoard/HLS_lab/lab3/dct/dct/hls/.autopilot/db/dct_Pipeline_Row_DCT_Loop_DCT_Outer_Loop.verbose.rpt 
Execute         list_part -family xc7z020-clg484-1 
Execute           ap_family_info -name xc7z020-clg484-1 -data names 
Execute           ap_part_info -quiet -name xc7z020-clg484-1 -data family 
Execute       db_write -model dct_Pipeline_Row_DCT_Loop_DCT_Outer_Loop -f -o E:/robot/project/FPGA/ZedBoard/HLS_lab/lab3/dct/dct/hls/.autopilot/db/dct_Pipeline_Row_DCT_Loop_DCT_Outer_Loop.adb 
Execute       db_write -model dct_Pipeline_Row_DCT_Loop_DCT_Outer_Loop -bindview -o E:/robot/project/FPGA/ZedBoard/HLS_lab/lab3/dct/dct/hls/.autopilot/db/design.bindinfo.xml 
Execute       gen_tb_info dct_Pipeline_Row_DCT_Loop_DCT_Outer_Loop -p E:/robot/project/FPGA/ZedBoard/HLS_lab/lab3/dct/dct/hls/.autopilot/db -o E:/robot/project/FPGA/ZedBoard/HLS_lab/lab3/dct/dct/hls/.autopilot/db/dct_Pipeline_Row_DCT_Loop_DCT_Outer_Loop 
INFO: [HLS 200-10] ----------------------------------------------------------------
INFO: [HLS 200-10] -- Generating RTL for module 'dct_Pipeline_Xpose_Row_Outer_Loop_Xpose_Row_Inner_Loop' 
INFO: [HLS 200-10] ----------------------------------------------------------------
Execute       create_rtl_model dct_Pipeline_Xpose_Row_Outer_Loop_Xpose_Row_Inner_Loop -top_prefix dct_ -sub_prefix dct_ -mg_file E:/robot/project/FPGA/ZedBoard/HLS_lab/lab3/dct/dct/hls/.autopilot/db/dct_Pipeline_Xpose_Row_Outer_Loop_Xpose_Row_Inner_Loop.compgen.tcl 
INFO: [HLS 200-1030] Apply Unified Pipeline Control on module 'dct_Pipeline_Xpose_Row_Outer_Loop_Xpose_Row_Inner_Loop' pipeline 'Xpose_Row_Outer_Loop_Xpose_Row_Inner_Loop' pipeline type 'loop pipeline'
INFO: [RTGEN 206-100] Finished creating RTL model for 'dct_Pipeline_Xpose_Row_Outer_Loop_Xpose_Row_Inner_Loop'.
INFO: [HLS 200-111] Finished Creating RTL model: CPU user time: 0 seconds. CPU system time: 0 seconds. Elapsed time: 0.999 seconds; current allocated memory: 341.859 MB.
Execute       source E:/robot/project/FPGA/ZedBoard/HLS_lab/lab3/dct/dct/hls/.autopilot/db/dct.rtl_wrap.cfg.tcl 
Execute       gen_rtl dct_Pipeline_Xpose_Row_Outer_Loop_Xpose_Row_Inner_Loop -style xilinx -f -lang vhdl -o E:/robot/project/FPGA/ZedBoard/HLS_lab/lab3/dct/dct/hls/syn/vhdl/dct_dct_Pipeline_Xpose_Row_Outer_Loop_Xpose_Row_Inner_Loop 
Execute       gen_rtl dct_Pipeline_Xpose_Row_Outer_Loop_Xpose_Row_Inner_Loop -style xilinx -f -lang vlog -o E:/robot/project/FPGA/ZedBoard/HLS_lab/lab3/dct/dct/hls/syn/verilog/dct_dct_Pipeline_Xpose_Row_Outer_Loop_Xpose_Row_Inner_Loop 
Execute       syn_report -csynth -model dct_Pipeline_Xpose_Row_Outer_Loop_Xpose_Row_Inner_Loop -o E:/robot/project/FPGA/ZedBoard/HLS_lab/lab3/dct/dct/hls/syn/report/dct_Pipeline_Xpose_Row_Outer_Loop_Xpose_Row_Inner_Loop_csynth.rpt 
Execute         list_part -family xc7z020-clg484-1 
Execute           ap_family_info -name xc7z020-clg484-1 -data names 
Execute           ap_part_info -quiet -name xc7z020-clg484-1 -data family 
Execute       syn_report -rtlxml -model dct_Pipeline_Xpose_Row_Outer_Loop_Xpose_Row_Inner_Loop -o E:/robot/project/FPGA/ZedBoard/HLS_lab/lab3/dct/dct/hls/syn/report/dct_Pipeline_Xpose_Row_Outer_Loop_Xpose_Row_Inner_Loop_csynth.xml 
Execute         list_part -family xc7z020-clg484-1 
Execute           ap_family_info -name xc7z020-clg484-1 -data names 
Execute           ap_part_info -quiet -name xc7z020-clg484-1 -data family 
Execute       syn_report -verbosereport -model dct_Pipeline_Xpose_Row_Outer_Loop_Xpose_Row_Inner_Loop -o E:/robot/project/FPGA/ZedBoard/HLS_lab/lab3/dct/dct/hls/.autopilot/db/dct_Pipeline_Xpose_Row_Outer_Loop_Xpose_Row_Inner_Loop.verbose.rpt 
Execute         list_part -family xc7z020-clg484-1 
Execute           ap_family_info -name xc7z020-clg484-1 -data names 
Execute           ap_part_info -quiet -name xc7z020-clg484-1 -data family 
Execute       db_write -model dct_Pipeline_Xpose_Row_Outer_Loop_Xpose_Row_Inner_Loop -f -o E:/robot/project/FPGA/ZedBoard/HLS_lab/lab3/dct/dct/hls/.autopilot/db/dct_Pipeline_Xpose_Row_Outer_Loop_Xpose_Row_Inner_Loop.adb 
Execute       db_write -model dct_Pipeline_Xpose_Row_Outer_Loop_Xpose_Row_Inner_Loop -bindview -o E:/robot/project/FPGA/ZedBoard/HLS_lab/lab3/dct/dct/hls/.autopilot/db/design.bindinfo.xml 
Execute       gen_tb_info dct_Pipeline_Xpose_Row_Outer_Loop_Xpose_Row_Inner_Loop -p E:/robot/project/FPGA/ZedBoard/HLS_lab/lab3/dct/dct/hls/.autopilot/db -o E:/robot/project/FPGA/ZedBoard/HLS_lab/lab3/dct/dct/hls/.autopilot/db/dct_Pipeline_Xpose_Row_Outer_Loop_Xpose_Row_Inner_Loop 
INFO: [HLS 200-10] ----------------------------------------------------------------
INFO: [HLS 200-10] -- Generating RTL for module 'dct_Pipeline_Col_DCT_Loop_DCT_Outer_Loop' 
INFO: [HLS 200-10] ----------------------------------------------------------------
Execute       create_rtl_model dct_Pipeline_Col_DCT_Loop_DCT_Outer_Loop -top_prefix dct_ -sub_prefix dct_ -mg_file E:/robot/project/FPGA/ZedBoard/HLS_lab/lab3/dct/dct/hls/.autopilot/db/dct_Pipeline_Col_DCT_Loop_DCT_Outer_Loop.compgen.tcl 
INFO: [HLS 200-1030] Apply Unified Pipeline Control on module 'dct_Pipeline_Col_DCT_Loop_DCT_Outer_Loop' pipeline 'Col_DCT_Loop_DCT_Outer_Loop' pipeline type 'loop pipeline'
INFO: [RTGEN 206-100] Generating core module 'mac_muladd_16s_15s_13ns_29_4_1': 1 instance(s).
INFO: [RTGEN 206-100] Generating core module 'mac_muladd_16s_15s_29ns_29_4_1': 1 instance(s).
INFO: [RTGEN 206-100] Generating core module 'mac_muladd_16s_15s_29s_29_4_1': 3 instance(s).
INFO: [RTGEN 206-100] Generating core module 'mul_14ns_16s_29_1_1': 1 instance(s).
INFO: [RTGEN 206-100] Generating core module 'mul_15s_16s_29_1_1': 2 instance(s).
INFO: [RTGEN 206-100] Finished creating RTL model for 'dct_Pipeline_Col_DCT_Loop_DCT_Outer_Loop'.
Command       create_rtl_model done; 0.119 sec.
INFO: [HLS 200-111] Finished Creating RTL model: CPU user time: 0 seconds. CPU system time: 0 seconds. Elapsed time: 0.342 seconds; current allocated memory: 343.992 MB.
Execute       source E:/robot/project/FPGA/ZedBoard/HLS_lab/lab3/dct/dct/hls/.autopilot/db/dct.rtl_wrap.cfg.tcl 
Execute       gen_rtl dct_Pipeline_Col_DCT_Loop_DCT_Outer_Loop -style xilinx -f -lang vhdl -o E:/robot/project/FPGA/ZedBoard/HLS_lab/lab3/dct/dct/hls/syn/vhdl/dct_dct_Pipeline_Col_DCT_Loop_DCT_Outer_Loop 
Execute       gen_rtl dct_Pipeline_Col_DCT_Loop_DCT_Outer_Loop -style xilinx -f -lang vlog -o E:/robot/project/FPGA/ZedBoard/HLS_lab/lab3/dct/dct/hls/syn/verilog/dct_dct_Pipeline_Col_DCT_Loop_DCT_Outer_Loop 
Execute       syn_report -csynth -model dct_Pipeline_Col_DCT_Loop_DCT_Outer_Loop -o E:/robot/project/FPGA/ZedBoard/HLS_lab/lab3/dct/dct/hls/syn/report/dct_Pipeline_Col_DCT_Loop_DCT_Outer_Loop_csynth.rpt 
Execute         list_part -family xc7z020-clg484-1 
Execute           ap_family_info -name xc7z020-clg484-1 -data names 
Execute           ap_part_info -quiet -name xc7z020-clg484-1 -data family 
Execute       syn_report -rtlxml -model dct_Pipeline_Col_DCT_Loop_DCT_Outer_Loop -o E:/robot/project/FPGA/ZedBoard/HLS_lab/lab3/dct/dct/hls/syn/report/dct_Pipeline_Col_DCT_Loop_DCT_Outer_Loop_csynth.xml 
Execute         list_part -family xc7z020-clg484-1 
Execute           ap_family_info -name xc7z020-clg484-1 -data names 
Execute           ap_part_info -quiet -name xc7z020-clg484-1 -data family 
Execute       syn_report -verbosereport -model dct_Pipeline_Col_DCT_Loop_DCT_Outer_Loop -o E:/robot/project/FPGA/ZedBoard/HLS_lab/lab3/dct/dct/hls/.autopilot/db/dct_Pipeline_Col_DCT_Loop_DCT_Outer_Loop.verbose.rpt 
Execute         list_part -family xc7z020-clg484-1 
Execute           ap_family_info -name xc7z020-clg484-1 -data names 
Execute           ap_part_info -quiet -name xc7z020-clg484-1 -data family 
Execute       db_write -model dct_Pipeline_Col_DCT_Loop_DCT_Outer_Loop -f -o E:/robot/project/FPGA/ZedBoard/HLS_lab/lab3/dct/dct/hls/.autopilot/db/dct_Pipeline_Col_DCT_Loop_DCT_Outer_Loop.adb 
Execute       db_write -model dct_Pipeline_Col_DCT_Loop_DCT_Outer_Loop -bindview -o E:/robot/project/FPGA/ZedBoard/HLS_lab/lab3/dct/dct/hls/.autopilot/db/design.bindinfo.xml 
Execute       gen_tb_info dct_Pipeline_Col_DCT_Loop_DCT_Outer_Loop -p E:/robot/project/FPGA/ZedBoard/HLS_lab/lab3/dct/dct/hls/.autopilot/db -o E:/robot/project/FPGA/ZedBoard/HLS_lab/lab3/dct/dct/hls/.autopilot/db/dct_Pipeline_Col_DCT_Loop_DCT_Outer_Loop 
INFO: [HLS 200-10] ----------------------------------------------------------------
INFO: [HLS 200-10] -- Generating RTL for module 'dct_Pipeline_Xpose_Col_Outer_Loop_Xpose_Col_Inner_Loop' 
INFO: [HLS 200-10] ----------------------------------------------------------------
Execute       create_rtl_model dct_Pipeline_Xpose_Col_Outer_Loop_Xpose_Col_Inner_Loop -top_prefix dct_ -sub_prefix dct_ -mg_file E:/robot/project/FPGA/ZedBoard/HLS_lab/lab3/dct/dct/hls/.autopilot/db/dct_Pipeline_Xpose_Col_Outer_Loop_Xpose_Col_Inner_Loop.compgen.tcl 
INFO: [HLS 200-1030] Apply Unified Pipeline Control on module 'dct_Pipeline_Xpose_Col_Outer_Loop_Xpose_Col_Inner_Loop' pipeline 'Xpose_Col_Outer_Loop_Xpose_Col_Inner_Loop' pipeline type 'loop pipeline'
INFO: [RTGEN 206-100] Finished creating RTL model for 'dct_Pipeline_Xpose_Col_Outer_Loop_Xpose_Col_Inner_Loop'.
INFO: [HLS 200-111] Finished Creating RTL model: CPU user time: 0 seconds. CPU system time: 0 seconds. Elapsed time: 0.385 seconds; current allocated memory: 345.922 MB.
Execute       source E:/robot/project/FPGA/ZedBoard/HLS_lab/lab3/dct/dct/hls/.autopilot/db/dct.rtl_wrap.cfg.tcl 
Execute       gen_rtl dct_Pipeline_Xpose_Col_Outer_Loop_Xpose_Col_Inner_Loop -style xilinx -f -lang vhdl -o E:/robot/project/FPGA/ZedBoard/HLS_lab/lab3/dct/dct/hls/syn/vhdl/dct_dct_Pipeline_Xpose_Col_Outer_Loop_Xpose_Col_Inner_Loop 
Execute       gen_rtl dct_Pipeline_Xpose_Col_Outer_Loop_Xpose_Col_Inner_Loop -style xilinx -f -lang vlog -o E:/robot/project/FPGA/ZedBoard/HLS_lab/lab3/dct/dct/hls/syn/verilog/dct_dct_Pipeline_Xpose_Col_Outer_Loop_Xpose_Col_Inner_Loop 
Execute       syn_report -csynth -model dct_Pipeline_Xpose_Col_Outer_Loop_Xpose_Col_Inner_Loop -o E:/robot/project/FPGA/ZedBoard/HLS_lab/lab3/dct/dct/hls/syn/report/dct_Pipeline_Xpose_Col_Outer_Loop_Xpose_Col_Inner_Loop_csynth.rpt 
Execute         list_part -family xc7z020-clg484-1 
Execute           ap_family_info -name xc7z020-clg484-1 -data names 
Execute           ap_part_info -quiet -name xc7z020-clg484-1 -data family 
Execute       syn_report -rtlxml -model dct_Pipeline_Xpose_Col_Outer_Loop_Xpose_Col_Inner_Loop -o E:/robot/project/FPGA/ZedBoard/HLS_lab/lab3/dct/dct/hls/syn/report/dct_Pipeline_Xpose_Col_Outer_Loop_Xpose_Col_Inner_Loop_csynth.xml 
Execute         list_part -family xc7z020-clg484-1 
Execute           ap_family_info -name xc7z020-clg484-1 -data names 
Execute           ap_part_info -quiet -name xc7z020-clg484-1 -data family 
Execute       syn_report -verbosereport -model dct_Pipeline_Xpose_Col_Outer_Loop_Xpose_Col_Inner_Loop -o E:/robot/project/FPGA/ZedBoard/HLS_lab/lab3/dct/dct/hls/.autopilot/db/dct_Pipeline_Xpose_Col_Outer_Loop_Xpose_Col_Inner_Loop.verbose.rpt 
Execute         list_part -family xc7z020-clg484-1 
Execute           ap_family_info -name xc7z020-clg484-1 -data names 
Execute           ap_part_info -quiet -name xc7z020-clg484-1 -data family 
Execute       db_write -model dct_Pipeline_Xpose_Col_Outer_Loop_Xpose_Col_Inner_Loop -f -o E:/robot/project/FPGA/ZedBoard/HLS_lab/lab3/dct/dct/hls/.autopilot/db/dct_Pipeline_Xpose_Col_Outer_Loop_Xpose_Col_Inner_Loop.adb 
Execute       db_write -model dct_Pipeline_Xpose_Col_Outer_Loop_Xpose_Col_Inner_Loop -bindview -o E:/robot/project/FPGA/ZedBoard/HLS_lab/lab3/dct/dct/hls/.autopilot/db/design.bindinfo.xml 
Execute       gen_tb_info dct_Pipeline_Xpose_Col_Outer_Loop_Xpose_Col_Inner_Loop -p E:/robot/project/FPGA/ZedBoard/HLS_lab/lab3/dct/dct/hls/.autopilot/db -o E:/robot/project/FPGA/ZedBoard/HLS_lab/lab3/dct/dct/hls/.autopilot/db/dct_Pipeline_Xpose_Col_Outer_Loop_Xpose_Col_Inner_Loop 
INFO: [HLS 200-10] ----------------------------------------------------------------
INFO: [HLS 200-10] -- Generating RTL for module 'dct_Pipeline_WR_Loop_Row_WR_Loop_Col' 
INFO: [HLS 200-10] ----------------------------------------------------------------
Execute       create_rtl_model dct_Pipeline_WR_Loop_Row_WR_Loop_Col -top_prefix dct_ -sub_prefix dct_ -mg_file E:/robot/project/FPGA/ZedBoard/HLS_lab/lab3/dct/dct/hls/.autopilot/db/dct_Pipeline_WR_Loop_Row_WR_Loop_Col.compgen.tcl 
INFO: [HLS 200-1030] Apply Unified Pipeline Control on module 'dct_Pipeline_WR_Loop_Row_WR_Loop_Col' pipeline 'WR_Loop_Row_WR_Loop_Col' pipeline type 'loop pipeline'
INFO: [RTGEN 206-100] Finished creating RTL model for 'dct_Pipeline_WR_Loop_Row_WR_Loop_Col'.
INFO: [HLS 200-111] Finished Creating RTL model: CPU user time: 0 seconds. CPU system time: 0 seconds. Elapsed time: 0.252 seconds; current allocated memory: 346.789 MB.
Execute       source E:/robot/project/FPGA/ZedBoard/HLS_lab/lab3/dct/dct/hls/.autopilot/db/dct.rtl_wrap.cfg.tcl 
Execute       gen_rtl dct_Pipeline_WR_Loop_Row_WR_Loop_Col -style xilinx -f -lang vhdl -o E:/robot/project/FPGA/ZedBoard/HLS_lab/lab3/dct/dct/hls/syn/vhdl/dct_dct_Pipeline_WR_Loop_Row_WR_Loop_Col 
Execute       gen_rtl dct_Pipeline_WR_Loop_Row_WR_Loop_Col -style xilinx -f -lang vlog -o E:/robot/project/FPGA/ZedBoard/HLS_lab/lab3/dct/dct/hls/syn/verilog/dct_dct_Pipeline_WR_Loop_Row_WR_Loop_Col 
Execute       syn_report -csynth -model dct_Pipeline_WR_Loop_Row_WR_Loop_Col -o E:/robot/project/FPGA/ZedBoard/HLS_lab/lab3/dct/dct/hls/syn/report/dct_Pipeline_WR_Loop_Row_WR_Loop_Col_csynth.rpt 
Execute         list_part -family xc7z020-clg484-1 
Execute           ap_family_info -name xc7z020-clg484-1 -data names 
Execute           ap_part_info -quiet -name xc7z020-clg484-1 -data family 
Execute       syn_report -rtlxml -model dct_Pipeline_WR_Loop_Row_WR_Loop_Col -o E:/robot/project/FPGA/ZedBoard/HLS_lab/lab3/dct/dct/hls/syn/report/dct_Pipeline_WR_Loop_Row_WR_Loop_Col_csynth.xml 
Execute         list_part -family xc7z020-clg484-1 
Execute           ap_family_info -name xc7z020-clg484-1 -data names 
Execute           ap_part_info -quiet -name xc7z020-clg484-1 -data family 
Execute       syn_report -verbosereport -model dct_Pipeline_WR_Loop_Row_WR_Loop_Col -o E:/robot/project/FPGA/ZedBoard/HLS_lab/lab3/dct/dct/hls/.autopilot/db/dct_Pipeline_WR_Loop_Row_WR_Loop_Col.verbose.rpt 
Execute         list_part -family xc7z020-clg484-1 
Execute           ap_family_info -name xc7z020-clg484-1 -data names 
Execute           ap_part_info -quiet -name xc7z020-clg484-1 -data family 
Execute       db_write -model dct_Pipeline_WR_Loop_Row_WR_Loop_Col -f -o E:/robot/project/FPGA/ZedBoard/HLS_lab/lab3/dct/dct/hls/.autopilot/db/dct_Pipeline_WR_Loop_Row_WR_Loop_Col.adb 
Execute       db_write -model dct_Pipeline_WR_Loop_Row_WR_Loop_Col -bindview -o E:/robot/project/FPGA/ZedBoard/HLS_lab/lab3/dct/dct/hls/.autopilot/db/design.bindinfo.xml 
Execute       gen_tb_info dct_Pipeline_WR_Loop_Row_WR_Loop_Col -p E:/robot/project/FPGA/ZedBoard/HLS_lab/lab3/dct/dct/hls/.autopilot/db -o E:/robot/project/FPGA/ZedBoard/HLS_lab/lab3/dct/dct/hls/.autopilot/db/dct_Pipeline_WR_Loop_Row_WR_Loop_Col 
INFO: [HLS 200-10] ----------------------------------------------------------------
INFO: [HLS 200-10] -- Generating RTL for module 'dct' 
INFO: [HLS 200-10] ----------------------------------------------------------------
Execute       create_rtl_model dct -top_prefix  -sub_prefix dct_ -mg_file E:/robot/project/FPGA/ZedBoard/HLS_lab/lab3/dct/dct/hls/.autopilot/db/dct.compgen.tcl 
INFO: [RTGEN 206-500] Setting interface mode on port 'dct/input_r' to 'ap_memory'.
INFO: [RTGEN 206-500] Setting interface mode on port 'dct/output_r' to 'ap_memory'.
INFO: [RTGEN 206-500] Setting interface mode on function 'dct' to 'ap_ctrl_hs'.
INFO: [RTGEN 206-100] Finished creating RTL model for 'dct'.
INFO: [RTMG 210-279] Implementing memory 'dct_dct_1d_dct_coeff_table_0_ROM_AUTO_1R' using auto ROMs.
INFO: [RTMG 210-279] Implementing memory 'dct_dct_1d_dct_coeff_table_1_ROM_AUTO_1R' using auto ROMs.
INFO: [RTMG 210-279] Implementing memory 'dct_dct_1d_dct_coeff_table_2_ROM_AUTO_1R' using auto ROMs.
INFO: [RTMG 210-279] Implementing memory 'dct_dct_1d_dct_coeff_table_3_ROM_AUTO_1R' using auto ROMs.
INFO: [RTMG 210-279] Implementing memory 'dct_dct_1d_dct_coeff_table_4_ROM_AUTO_1R' using auto ROMs.
INFO: [RTMG 210-279] Implementing memory 'dct_dct_1d_dct_coeff_table_5_ROM_AUTO_1R' using auto ROMs.
INFO: [RTMG 210-279] Implementing memory 'dct_dct_1d_dct_coeff_table_6_ROM_AUTO_1R' using auto ROMs.
INFO: [RTMG 210-279] Implementing memory 'dct_dct_1d_dct_coeff_table_7_ROM_AUTO_1R' using auto ROMs.
INFO: [RTMG 210-278] Implementing memory 'dct_row_outbuf_RAM_AUTO_1R1W' using auto RAMs.
INFO: [RTMG 210-278] Implementing memory 'dct_col_inbuf_RAM_AUTO_1R1W' using auto RAMs.
Command       create_rtl_model done; 0.777 sec.
INFO: [HLS 200-111] Finished Creating RTL model: CPU user time: 0 seconds. CPU system time: 0 seconds. Elapsed time: 1.041 seconds; current allocated memory: 349.707 MB.
Execute       source E:/robot/project/FPGA/ZedBoard/HLS_lab/lab3/dct/dct/hls/.autopilot/db/dct.rtl_wrap.cfg.tcl 
Execute       gen_rtl dct -istop -style xilinx -f -lang vhdl -o E:/robot/project/FPGA/ZedBoard/HLS_lab/lab3/dct/dct/hls/syn/vhdl/dct 
Execute       gen_rtl dct -istop -style xilinx -f -lang vlog -o E:/robot/project/FPGA/ZedBoard/HLS_lab/lab3/dct/dct/hls/syn/verilog/dct 
Execute       syn_report -csynth -model dct -o E:/robot/project/FPGA/ZedBoard/HLS_lab/lab3/dct/dct/hls/syn/report/dct_csynth.rpt 
Execute         list_part -family xc7z020-clg484-1 
Execute           ap_family_info -name xc7z020-clg484-1 -data names 
Execute           ap_part_info -quiet -name xc7z020-clg484-1 -data family 
Execute       syn_report -rtlxml -model dct -o E:/robot/project/FPGA/ZedBoard/HLS_lab/lab3/dct/dct/hls/syn/report/dct_csynth.xml 
Execute         list_part -family xc7z020-clg484-1 
Execute           ap_family_info -name xc7z020-clg484-1 -data names 
Execute           ap_part_info -quiet -name xc7z020-clg484-1 -data family 
Execute       syn_report -verbosereport -model dct -o E:/robot/project/FPGA/ZedBoard/HLS_lab/lab3/dct/dct/hls/.autopilot/db/dct.verbose.rpt 
Execute         list_part -family xc7z020-clg484-1 
Execute           ap_family_info -name xc7z020-clg484-1 -data names 
Execute           ap_part_info -quiet -name xc7z020-clg484-1 -data family 
Execute       db_write -model dct -f -o E:/robot/project/FPGA/ZedBoard/HLS_lab/lab3/dct/dct/hls/.autopilot/db/dct.adb 
Execute       db_write -model dct -bindview -o E:/robot/project/FPGA/ZedBoard/HLS_lab/lab3/dct/dct/hls/.autopilot/db/design.bindinfo.xml 
Execute       gen_tb_info dct -p E:/robot/project/FPGA/ZedBoard/HLS_lab/lab3/dct/dct/hls/.autopilot/db -o E:/robot/project/FPGA/ZedBoard/HLS_lab/lab3/dct/dct/hls/.autopilot/db/dct 
Execute       export_constraint_db -f -tool general -o E:/robot/project/FPGA/ZedBoard/HLS_lab/lab3/dct/dct/hls/.autopilot/db/dct.constraint.tcl 
Execute       syn_report -designview -model dct -o E:/robot/project/FPGA/ZedBoard/HLS_lab/lab3/dct/dct/hls/.autopilot/db/dct.design.xml 
Execute       syn_report -csynthDesign -model dct -o E:/robot/project/FPGA/ZedBoard/HLS_lab/lab3/dct/dct/hls/syn/report/csynth.rpt -MHOut E:/robot/project/FPGA/ZedBoard/HLS_lab/lab3/dct/dct/hls/.autopilot/db/kernel_module_hierarchy.tcl 
Execute         list_part -family xc7z020-clg484-1 
Execute           ap_family_info -name xc7z020-clg484-1 -data names 
Execute           ap_part_info -quiet -name xc7z020-clg484-1 -data family 
Execute       syn_report -wcfg -model dct -o E:/robot/project/FPGA/ZedBoard/HLS_lab/lab3/dct/dct/hls/.autopilot/db/dct_dataflow_ana.wcfg 
Execute       syn_report -protoinst -model dct -o E:/robot/project/FPGA/ZedBoard/HLS_lab/lab3/dct/dct/hls/.autopilot/db/dct.protoinst 
Execute       sc_get_clocks dct 
Execute       sc_get_portdomain dct 
INFO-FLOW: Model list for RTL component generation: dct_Pipeline_RD_Loop_Row_RD_Loop_Col dct_Pipeline_Row_DCT_Loop_DCT_Outer_Loop dct_Pipeline_Xpose_Row_Outer_Loop_Xpose_Row_Inner_Loop dct_Pipeline_Col_DCT_Loop_DCT_Outer_Loop dct_Pipeline_Xpose_Col_Outer_Loop_Xpose_Col_Inner_Loop dct_Pipeline_WR_Loop_Row_WR_Loop_Col dct
INFO-FLOW: Handling components in module [dct_Pipeline_RD_Loop_Row_RD_Loop_Col] ... 
Execute       source E:/robot/project/FPGA/ZedBoard/HLS_lab/lab3/dct/dct/hls/.autopilot/db/dct_Pipeline_RD_Loop_Row_RD_Loop_Col.compgen.tcl 
INFO-FLOW: Found component dct_flow_control_loop_pipe_sequential_init.
INFO-FLOW: Append model dct_flow_control_loop_pipe_sequential_init
INFO-FLOW: Handling components in module [dct_Pipeline_Row_DCT_Loop_DCT_Outer_Loop] ... 
Execute       source E:/robot/project/FPGA/ZedBoard/HLS_lab/lab3/dct/dct/hls/.autopilot/db/dct_Pipeline_Row_DCT_Loop_DCT_Outer_Loop.compgen.tcl 
INFO-FLOW: Found component dct_mul_15s_16s_29_1_1.
INFO-FLOW: Append model dct_mul_15s_16s_29_1_1
INFO-FLOW: Found component dct_mul_14ns_16s_29_1_1.
INFO-FLOW: Append model dct_mul_14ns_16s_29_1_1
INFO-FLOW: Found component dct_mac_muladd_16s_15s_13ns_29_4_1.
INFO-FLOW: Append model dct_mac_muladd_16s_15s_13ns_29_4_1
INFO-FLOW: Found component dct_mac_muladd_16s_15s_29s_29_4_1.
INFO-FLOW: Append model dct_mac_muladd_16s_15s_29s_29_4_1
INFO-FLOW: Found component dct_mac_muladd_16s_15s_29ns_29_4_1.
INFO-FLOW: Append model dct_mac_muladd_16s_15s_29ns_29_4_1
INFO-FLOW: Found component dct_flow_control_loop_pipe_sequential_init.
INFO-FLOW: Append model dct_flow_control_loop_pipe_sequential_init
INFO-FLOW: Handling components in module [dct_Pipeline_Xpose_Row_Outer_Loop_Xpose_Row_Inner_Loop] ... 
Execute       source E:/robot/project/FPGA/ZedBoard/HLS_lab/lab3/dct/dct/hls/.autopilot/db/dct_Pipeline_Xpose_Row_Outer_Loop_Xpose_Row_Inner_Loop.compgen.tcl 
INFO-FLOW: Found component dct_flow_control_loop_pipe_sequential_init.
INFO-FLOW: Append model dct_flow_control_loop_pipe_sequential_init
INFO-FLOW: Handling components in module [dct_Pipeline_Col_DCT_Loop_DCT_Outer_Loop] ... 
Execute       source E:/robot/project/FPGA/ZedBoard/HLS_lab/lab3/dct/dct/hls/.autopilot/db/dct_Pipeline_Col_DCT_Loop_DCT_Outer_Loop.compgen.tcl 
INFO-FLOW: Found component dct_flow_control_loop_pipe_sequential_init.
INFO-FLOW: Append model dct_flow_control_loop_pipe_sequential_init
INFO-FLOW: Handling components in module [dct_Pipeline_Xpose_Col_Outer_Loop_Xpose_Col_Inner_Loop] ... 
Execute       source E:/robot/project/FPGA/ZedBoard/HLS_lab/lab3/dct/dct/hls/.autopilot/db/dct_Pipeline_Xpose_Col_Outer_Loop_Xpose_Col_Inner_Loop.compgen.tcl 
INFO-FLOW: Found component dct_flow_control_loop_pipe_sequential_init.
INFO-FLOW: Append model dct_flow_control_loop_pipe_sequential_init
INFO-FLOW: Handling components in module [dct_Pipeline_WR_Loop_Row_WR_Loop_Col] ... 
Execute       source E:/robot/project/FPGA/ZedBoard/HLS_lab/lab3/dct/dct/hls/.autopilot/db/dct_Pipeline_WR_Loop_Row_WR_Loop_Col.compgen.tcl 
INFO-FLOW: Found component dct_flow_control_loop_pipe_sequential_init.
INFO-FLOW: Append model dct_flow_control_loop_pipe_sequential_init
INFO-FLOW: Handling components in module [dct] ... 
Execute       source E:/robot/project/FPGA/ZedBoard/HLS_lab/lab3/dct/dct/hls/.autopilot/db/dct.compgen.tcl 
INFO-FLOW: Found component dct_dct_1d_dct_coeff_table_0_ROM_AUTO_1R.
INFO-FLOW: Append model dct_dct_1d_dct_coeff_table_0_ROM_AUTO_1R
INFO-FLOW: Found component dct_dct_1d_dct_coeff_table_1_ROM_AUTO_1R.
INFO-FLOW: Append model dct_dct_1d_dct_coeff_table_1_ROM_AUTO_1R
INFO-FLOW: Found component dct_dct_1d_dct_coeff_table_2_ROM_AUTO_1R.
INFO-FLOW: Append model dct_dct_1d_dct_coeff_table_2_ROM_AUTO_1R
INFO-FLOW: Found component dct_dct_1d_dct_coeff_table_3_ROM_AUTO_1R.
INFO-FLOW: Append model dct_dct_1d_dct_coeff_table_3_ROM_AUTO_1R
INFO-FLOW: Found component dct_dct_1d_dct_coeff_table_4_ROM_AUTO_1R.
INFO-FLOW: Append model dct_dct_1d_dct_coeff_table_4_ROM_AUTO_1R
INFO-FLOW: Found component dct_dct_1d_dct_coeff_table_5_ROM_AUTO_1R.
INFO-FLOW: Append model dct_dct_1d_dct_coeff_table_5_ROM_AUTO_1R
INFO-FLOW: Found component dct_dct_1d_dct_coeff_table_6_ROM_AUTO_1R.
INFO-FLOW: Append model dct_dct_1d_dct_coeff_table_6_ROM_AUTO_1R
INFO-FLOW: Found component dct_dct_1d_dct_coeff_table_7_ROM_AUTO_1R.
INFO-FLOW: Append model dct_dct_1d_dct_coeff_table_7_ROM_AUTO_1R
INFO-FLOW: Found component dct_row_outbuf_RAM_AUTO_1R1W.
INFO-FLOW: Append model dct_row_outbuf_RAM_AUTO_1R1W
INFO-FLOW: Found component dct_col_inbuf_RAM_AUTO_1R1W.
INFO-FLOW: Append model dct_col_inbuf_RAM_AUTO_1R1W
INFO-FLOW: Append model dct_Pipeline_RD_Loop_Row_RD_Loop_Col
INFO-FLOW: Append model dct_Pipeline_Row_DCT_Loop_DCT_Outer_Loop
INFO-FLOW: Append model dct_Pipeline_Xpose_Row_Outer_Loop_Xpose_Row_Inner_Loop
INFO-FLOW: Append model dct_Pipeline_Col_DCT_Loop_DCT_Outer_Loop
INFO-FLOW: Append model dct_Pipeline_Xpose_Col_Outer_Loop_Xpose_Col_Inner_Loop
INFO-FLOW: Append model dct_Pipeline_WR_Loop_Row_WR_Loop_Col
INFO-FLOW: Append model dct
INFO-FLOW: Generating RTL model list ...
INFO-FLOW: All models in this session: dct_flow_control_loop_pipe_sequential_init dct_mul_15s_16s_29_1_1 dct_mul_14ns_16s_29_1_1 dct_mac_muladd_16s_15s_13ns_29_4_1 dct_mac_muladd_16s_15s_29s_29_4_1 dct_mac_muladd_16s_15s_29ns_29_4_1 dct_flow_control_loop_pipe_sequential_init dct_flow_control_loop_pipe_sequential_init dct_flow_control_loop_pipe_sequential_init dct_flow_control_loop_pipe_sequential_init dct_flow_control_loop_pipe_sequential_init dct_dct_1d_dct_coeff_table_0_ROM_AUTO_1R dct_dct_1d_dct_coeff_table_1_ROM_AUTO_1R dct_dct_1d_dct_coeff_table_2_ROM_AUTO_1R dct_dct_1d_dct_coeff_table_3_ROM_AUTO_1R dct_dct_1d_dct_coeff_table_4_ROM_AUTO_1R dct_dct_1d_dct_coeff_table_5_ROM_AUTO_1R dct_dct_1d_dct_coeff_table_6_ROM_AUTO_1R dct_dct_1d_dct_coeff_table_7_ROM_AUTO_1R dct_row_outbuf_RAM_AUTO_1R1W dct_col_inbuf_RAM_AUTO_1R1W dct_Pipeline_RD_Loop_Row_RD_Loop_Col dct_Pipeline_Row_DCT_Loop_DCT_Outer_Loop dct_Pipeline_Xpose_Row_Outer_Loop_Xpose_Row_Inner_Loop dct_Pipeline_Col_DCT_Loop_DCT_Outer_Loop dct_Pipeline_Xpose_Col_Outer_Loop_Xpose_Col_Inner_Loop dct_Pipeline_WR_Loop_Row_WR_Loop_Col dct
INFO-FLOW: Generating E:/robot/project/FPGA/ZedBoard/HLS_lab/lab3/dct/dct/hls/.autopilot/db/autopilot.rtl.models.txt file...
INFO-FLOW: To file: write model dct_flow_control_loop_pipe_sequential_init
INFO-FLOW: To file: write model dct_mul_15s_16s_29_1_1
INFO-FLOW: To file: write model dct_mul_14ns_16s_29_1_1
INFO-FLOW: To file: write model dct_mac_muladd_16s_15s_13ns_29_4_1
INFO-FLOW: To file: write model dct_mac_muladd_16s_15s_29s_29_4_1
INFO-FLOW: To file: write model dct_mac_muladd_16s_15s_29ns_29_4_1
INFO-FLOW: To file: write model dct_flow_control_loop_pipe_sequential_init
INFO-FLOW: To file: write model dct_flow_control_loop_pipe_sequential_init
INFO-FLOW: To file: write model dct_flow_control_loop_pipe_sequential_init
INFO-FLOW: To file: write model dct_flow_control_loop_pipe_sequential_init
INFO-FLOW: To file: write model dct_flow_control_loop_pipe_sequential_init
INFO-FLOW: To file: write model dct_dct_1d_dct_coeff_table_0_ROM_AUTO_1R
INFO-FLOW: To file: write model dct_dct_1d_dct_coeff_table_1_ROM_AUTO_1R
INFO-FLOW: To file: write model dct_dct_1d_dct_coeff_table_2_ROM_AUTO_1R
INFO-FLOW: To file: write model dct_dct_1d_dct_coeff_table_3_ROM_AUTO_1R
INFO-FLOW: To file: write model dct_dct_1d_dct_coeff_table_4_ROM_AUTO_1R
INFO-FLOW: To file: write model dct_dct_1d_dct_coeff_table_5_ROM_AUTO_1R
INFO-FLOW: To file: write model dct_dct_1d_dct_coeff_table_6_ROM_AUTO_1R
INFO-FLOW: To file: write model dct_dct_1d_dct_coeff_table_7_ROM_AUTO_1R
INFO-FLOW: To file: write model dct_row_outbuf_RAM_AUTO_1R1W
INFO-FLOW: To file: write model dct_col_inbuf_RAM_AUTO_1R1W
INFO-FLOW: To file: write model dct_Pipeline_RD_Loop_Row_RD_Loop_Col
INFO-FLOW: To file: write model dct_Pipeline_Row_DCT_Loop_DCT_Outer_Loop
INFO-FLOW: To file: write model dct_Pipeline_Xpose_Row_Outer_Loop_Xpose_Row_Inner_Loop
INFO-FLOW: To file: write model dct_Pipeline_Col_DCT_Loop_DCT_Outer_Loop
INFO-FLOW: To file: write model dct_Pipeline_Xpose_Col_Outer_Loop_Xpose_Col_Inner_Loop
INFO-FLOW: To file: write model dct_Pipeline_WR_Loop_Row_WR_Loop_Col
INFO-FLOW: To file: write model dct
INFO-FLOW: Generating E:/robot/project/FPGA/ZedBoard/HLS_lab/lab3/dct/dct/hls/.autopilot/db/autopilot.rtl.models.tcl file...
INFO-FLOW: Finished generating RTL model list.


INFO-FLOW: RTL Generation done.
INFO-FLOW: CAS Generation done.
INFO-FLOW: CBC Generation done.
INFO-FLOW: DBG:PROC: ::AESL_AUTOMG::auto_generate_csynth_design
INFO-FLOW: DBG:PUTS: read_platform_lib E:/robot/project/FPGA/ZedBoard/HLS_lab/lab3/dct/dct/hls/.autopilot/db/global.setting.tcl
Execute       source E:/vivado/Vitis_HLS/2024.1/common/technology/generic/autopilot/common.gen 
Execute         source E:/vivado/Vitis_HLS/2024.1/common/technology/generic/autopilot/APCoreGen.gen 
Execute       source E:/vivado/Vitis_HLS/2024.1/common/technology/generic/autopilot/op.gen 
Execute       source E:/vivado/Vitis_HLS/2024.1/common/technology/generic/autopilot/op_simcore.gen 
Execute       source E:/vivado/Vitis_HLS/2024.1/common/technology/generic/autopilot/interface.gen 
Execute       source E:/robot/project/FPGA/ZedBoard/HLS_lab/lab3/dct/dct/hls/.autopilot/db/global.setting.tcl 
Execute       source E:/vivado/Vitis_HLS/2024.1/common/technology/xilinx/common/xilinx.gen 
Execute         source E:/vivado/Vitis_HLS/2024.1/common/technology/xilinx/interface/plb46.gen 
Execute         source E:/vivado/Vitis_HLS/2024.1/common/technology/xilinx/interface/axi4.gen 
Execute         source E:/vivado/Vitis_HLS/2024.1/common/technology/xilinx/interface/nativeAXI4.gen 
Execute           source E:/vivado/Vitis_HLS/2024.1/common/technology/xilinx/interface/saxilite.gen 
Execute         source E:/vivado/Vitis_HLS/2024.1/common/technology/xilinx/scripts/xilinxcoregen.gen 
Execute         source E:/vivado/Vitis_HLS/2024.1/common/technology/xilinx/interface/XilEDKCoreGen.gen 
Execute         source E:/vivado/Vitis_HLS/2024.1/common/technology/xilinx/ip/dds_compiler.gen 
Execute         source E:/vivado/Vitis_HLS/2024.1/common/technology/xilinx/ip/util.gen 
Execute         source E:/vivado/Vitis_HLS/2024.1/common/technology/xilinx/ip/xfft.gen 
Execute         source E:/vivado/Vitis_HLS/2024.1/common/technology/xilinx/ip/xfir.gen 
Execute         source E:/vivado/Vitis_HLS/2024.1/common/technology/xilinx/DSP48/dsp48.gen 
INFO-FLOW: DBG:PUTS:   using AESL_AUTOCG::g_clock_period=10.000 (was NA)
INFO-FLOW: DBG:PROC: ::AESL_AUTOMG::generate_ip_cores gen_sim_model='1' gen_fp_models='0' gen_for_export='0' dstSCDir='' dstVhdlDir='E:/robot/project/FPGA/ZedBoard/HLS_lab/lab3/dct/dct/hls/.autopilot/db/vhdl' dstVlogDir='E:/robot/project/FPGA/ZedBoard/HLS_lab/lab3/dct/dct/hls/.autopilot/db/vlog' tclDir='E:/robot/project/FPGA/ZedBoard/HLS_lab/lab3/dct/dct/hls/.autopilot/db' modelList='dct_flow_control_loop_pipe_sequential_init
dct_mul_15s_16s_29_1_1
dct_mul_14ns_16s_29_1_1
dct_mac_muladd_16s_15s_13ns_29_4_1
dct_mac_muladd_16s_15s_29s_29_4_1
dct_mac_muladd_16s_15s_29ns_29_4_1
dct_flow_control_loop_pipe_sequential_init
dct_flow_control_loop_pipe_sequential_init
dct_flow_control_loop_pipe_sequential_init
dct_flow_control_loop_pipe_sequential_init
dct_flow_control_loop_pipe_sequential_init
dct_dct_1d_dct_coeff_table_0_ROM_AUTO_1R
dct_dct_1d_dct_coeff_table_1_ROM_AUTO_1R
dct_dct_1d_dct_coeff_table_2_ROM_AUTO_1R
dct_dct_1d_dct_coeff_table_3_ROM_AUTO_1R
dct_dct_1d_dct_coeff_table_4_ROM_AUTO_1R
dct_dct_1d_dct_coeff_table_5_ROM_AUTO_1R
dct_dct_1d_dct_coeff_table_6_ROM_AUTO_1R
dct_dct_1d_dct_coeff_table_7_ROM_AUTO_1R
dct_row_outbuf_RAM_AUTO_1R1W
dct_col_inbuf_RAM_AUTO_1R1W
dct_Pipeline_RD_Loop_Row_RD_Loop_Col
dct_Pipeline_Row_DCT_Loop_DCT_Outer_Loop
dct_Pipeline_Xpose_Row_Outer_Loop_Xpose_Row_Inner_Loop
dct_Pipeline_Col_DCT_Loop_DCT_Outer_Loop
dct_Pipeline_Xpose_Col_Outer_Loop_Xpose_Col_Inner_Loop
dct_Pipeline_WR_Loop_Row_WR_Loop_Col
dct
' expOnly='0'
Execute       source E:/robot/project/FPGA/ZedBoard/HLS_lab/lab3/dct/dct/hls/.autopilot/db/global.setting.tcl 
Execute       ap_part_info -name xc7z020-clg484-1 -data names -quiet 
Execute       ap_part_info -name xc7z020-clg484-1 -data info -quiet 
Execute       source E:/robot/project/FPGA/ZedBoard/HLS_lab/lab3/dct/dct/hls/.autopilot/db/global.setting.tcl 
Execute       source E:/robot/project/FPGA/ZedBoard/HLS_lab/lab3/dct/dct/hls/.autopilot/db/global.setting.tcl 
Execute       source E:/robot/project/FPGA/ZedBoard/HLS_lab/lab3/dct/dct/hls/.autopilot/db/dct_Pipeline_RD_Loop_Row_RD_Loop_Col.compgen.tcl 
Execute       source E:/robot/project/FPGA/ZedBoard/HLS_lab/lab3/dct/dct/hls/.autopilot/db/dct_Pipeline_Row_DCT_Loop_DCT_Outer_Loop.compgen.tcl 
Execute       source E:/robot/project/FPGA/ZedBoard/HLS_lab/lab3/dct/dct/hls/.autopilot/db/dct_Pipeline_Xpose_Row_Outer_Loop_Xpose_Row_Inner_Loop.compgen.tcl 
Execute       source E:/robot/project/FPGA/ZedBoard/HLS_lab/lab3/dct/dct/hls/.autopilot/db/dct_Pipeline_Col_DCT_Loop_DCT_Outer_Loop.compgen.tcl 
Execute       source E:/robot/project/FPGA/ZedBoard/HLS_lab/lab3/dct/dct/hls/.autopilot/db/dct_Pipeline_Xpose_Col_Outer_Loop_Xpose_Col_Inner_Loop.compgen.tcl 
Execute       source E:/robot/project/FPGA/ZedBoard/HLS_lab/lab3/dct/dct/hls/.autopilot/db/dct_Pipeline_WR_Loop_Row_WR_Loop_Col.compgen.tcl 
Execute       source E:/robot/project/FPGA/ZedBoard/HLS_lab/lab3/dct/dct/hls/.autopilot/db/dct.compgen.tcl 
INFO: [HLS 200-111] Finished Generating all RTL models: CPU user time: 0 seconds. CPU system time: 0 seconds. Elapsed time: 1.036 seconds; current allocated memory: 353.500 MB.
INFO-FLOW: DBG:PROC: ::HLSREPORTS::create_csynth_xml bind_info_var='bind_info' RtlSubPrefix='dct_' outfile=''
INFO-FLOW: Running: create_csynth_xml read xml data
INFO-FLOW: Done: create_csynth_xml read xml data time: 0 seconds per iteration
INFO-FLOW: Running: create_csynth_xml bind info
INFO-FLOW: Done: create_csynth_xml bind info time: 0 seconds per iteration
INFO-FLOW: Running: create_csynth_xml config info
INFO-FLOW: Done: create_csynth_xml config info time: 0.2 seconds per iteration
INFO-FLOW: Running: create_csynth_xml write xml
INFO-FLOW: Done: create_csynth_xml write xml time: 0 seconds per iteration
INFO-FLOW: DBG:PUTS:      create_csynth_xml wrote csynth_xml=E:/robot/project/FPGA/ZedBoard/HLS_lab/lab3/dct/dct/hls/syn/report/csynth.xml
INFO-FLOW: DBG:PROC: ::AP::DESIGN_DATA::generate_json generate_bd_files='0' generate_xo_files='0' modelList='dct_flow_control_loop_pipe_sequential_init
dct_mul_15s_16s_29_1_1
dct_mul_14ns_16s_29_1_1
dct_mac_muladd_16s_15s_13ns_29_4_1
dct_mac_muladd_16s_15s_29s_29_4_1
dct_mac_muladd_16s_15s_29ns_29_4_1
dct_flow_control_loop_pipe_sequential_init
dct_flow_control_loop_pipe_sequential_init
dct_flow_control_loop_pipe_sequential_init
dct_flow_control_loop_pipe_sequential_init
dct_flow_control_loop_pipe_sequential_init
dct_dct_1d_dct_coeff_table_0_ROM_AUTO_1R
dct_dct_1d_dct_coeff_table_1_ROM_AUTO_1R
dct_dct_1d_dct_coeff_table_2_ROM_AUTO_1R
dct_dct_1d_dct_coeff_table_3_ROM_AUTO_1R
dct_dct_1d_dct_coeff_table_4_ROM_AUTO_1R
dct_dct_1d_dct_coeff_table_5_ROM_AUTO_1R
dct_dct_1d_dct_coeff_table_6_ROM_AUTO_1R
dct_dct_1d_dct_coeff_table_7_ROM_AUTO_1R
dct_row_outbuf_RAM_AUTO_1R1W
dct_col_inbuf_RAM_AUTO_1R1W
dct_Pipeline_RD_Loop_Row_RD_Loop_Col
dct_Pipeline_Row_DCT_Loop_DCT_Outer_Loop
dct_Pipeline_Xpose_Row_Outer_Loop_Xpose_Row_Inner_Loop
dct_Pipeline_Col_DCT_Loop_DCT_Outer_Loop
dct_Pipeline_Xpose_Col_Outer_Loop_Xpose_Col_Inner_Loop
dct_Pipeline_WR_Loop_Row_WR_Loop_Col
dct
' rtl_lang='both' bootstrap_tcl='false' outdir='' outfilename=''
Execute       source E:/robot/project/FPGA/ZedBoard/HLS_lab/lab3/dct/dct/hls/.autopilot/db/global.setting.tcl 
Execute       source E:/robot/project/FPGA/ZedBoard/HLS_lab/lab3/dct/dct/hls/.autopilot/db/global.setting.tcl 
Execute       source E:/robot/project/FPGA/ZedBoard/HLS_lab/lab3/dct/dct/hls/.autopilot/db/top-io-be.tcl 
Execute       source E:/robot/project/FPGA/ZedBoard/HLS_lab/lab3/dct/dct/hls/.autopilot/db/dct.tbgen.tcl 
Execute       source E:/robot/project/FPGA/ZedBoard/HLS_lab/lab3/dct/dct/hls/.autopilot/db/dct.rtl_wrap.cfg.tcl 
Execute       source E:/robot/project/FPGA/ZedBoard/HLS_lab/lab3/dct/dct/hls/.autopilot/db/dct.compgen.dataonly.tcl 
Execute       source E:/robot/project/FPGA/ZedBoard/HLS_lab/lab3/dct/dct/hls/.autopilot/db/dct_Pipeline_RD_Loop_Row_RD_Loop_Col.tbgen.tcl 
Execute       source E:/robot/project/FPGA/ZedBoard/HLS_lab/lab3/dct/dct/hls/.autopilot/db/dct_Pipeline_Row_DCT_Loop_DCT_Outer_Loop.tbgen.tcl 
Execute       source E:/robot/project/FPGA/ZedBoard/HLS_lab/lab3/dct/dct/hls/.autopilot/db/dct_Pipeline_Xpose_Row_Outer_Loop_Xpose_Row_Inner_Loop.tbgen.tcl 
Execute       source E:/robot/project/FPGA/ZedBoard/HLS_lab/lab3/dct/dct/hls/.autopilot/db/dct_Pipeline_Col_DCT_Loop_DCT_Outer_Loop.tbgen.tcl 
Execute       source E:/robot/project/FPGA/ZedBoard/HLS_lab/lab3/dct/dct/hls/.autopilot/db/dct_Pipeline_Xpose_Col_Outer_Loop_Xpose_Col_Inner_Loop.tbgen.tcl 
Execute       source E:/robot/project/FPGA/ZedBoard/HLS_lab/lab3/dct/dct/hls/.autopilot/db/dct_Pipeline_WR_Loop_Row_WR_Loop_Col.tbgen.tcl 
Execute       source E:/robot/project/FPGA/ZedBoard/HLS_lab/lab3/dct/dct/hls/.autopilot/db/dct.tbgen.tcl 
Execute       source E:/robot/project/FPGA/ZedBoard/HLS_lab/lab3/dct/dct/hls/.autopilot/db/global.setting.tcl 
Execute       ap_part_info -name xc7z020-clg484-1 -data names -quiet 
Execute       ap_part_info -name xc7z020-clg484-1 -data info -quiet 
Command       ap_part_info done; 0.105 sec.
Execute       source E:/robot/project/FPGA/ZedBoard/HLS_lab/lab3/dct/dct/hls/.autopilot/db/dct.constraint.tcl 
Execute       sc_get_clocks dct 
Execute       source E:/robot/project/FPGA/ZedBoard/HLS_lab/lab3/dct/dct/hls/.autopilot/db/global.setting.tcl 
INFO-FLOW: DBG:PROC: ::HLSREPORTS::add_csynth_report_sections bind_info_dict='adapter_nodes {} cache_nodes {} report_dict {TOPINST dct MODULE2INSTS {dct dct dct_Pipeline_RD_Loop_Row_RD_Loop_Col grp_dct_Pipeline_RD_Loop_Row_RD_Loop_Col_fu_126 dct_Pipeline_Row_DCT_Loop_DCT_Outer_Loop grp_dct_Pipeline_Row_DCT_Loop_DCT_Outer_Loop_fu_148 dct_Pipeline_Xpose_Row_Outer_Loop_Xpose_Row_Inner_Loop grp_dct_Pipeline_Xpose_Row_Outer_Loop_Xpose_Row_Inner_Loop_fu_177 dct_Pipeline_Col_DCT_Loop_DCT_Outer_Loop grp_dct_Pipeline_Col_DCT_Loop_DCT_Outer_Loop_fu_190 dct_Pipeline_Xpose_Col_Outer_Loop_Xpose_Col_Inner_Loop grp_dct_Pipeline_Xpose_Col_Outer_Loop_Xpose_Col_Inner_Loop_fu_219 dct_Pipeline_WR_Loop_Row_WR_Loop_Col grp_dct_Pipeline_WR_Loop_Row_WR_Loop_Col_fu_225} INST2MODULE {dct dct grp_dct_Pipeline_RD_Loop_Row_RD_Loop_Col_fu_126 dct_Pipeline_RD_Loop_Row_RD_Loop_Col grp_dct_Pipeline_Row_DCT_Loop_DCT_Outer_Loop_fu_148 dct_Pipeline_Row_DCT_Loop_DCT_Outer_Loop grp_dct_Pipeline_Xpose_Row_Outer_Loop_Xpose_Row_Inner_Loop_fu_177 dct_Pipeline_Xpose_Row_Outer_Loop_Xpose_Row_Inner_Loop grp_dct_Pipeline_Col_DCT_Loop_DCT_Outer_Loop_fu_190 dct_Pipeline_Col_DCT_Loop_DCT_Outer_Loop grp_dct_Pipeline_Xpose_Col_Outer_Loop_Xpose_Col_Inner_Loop_fu_219 dct_Pipeline_Xpose_Col_Outer_Loop_Xpose_Col_Inner_Loop grp_dct_Pipeline_WR_Loop_Row_WR_Loop_Col_fu_225 dct_Pipeline_WR_Loop_Row_WR_Loop_Col} INSTDATA {dct {DEPTH 1 CHILDREN {grp_dct_Pipeline_RD_Loop_Row_RD_Loop_Col_fu_126 grp_dct_Pipeline_Row_DCT_Loop_DCT_Outer_Loop_fu_148 grp_dct_Pipeline_Xpose_Row_Outer_Loop_Xpose_Row_Inner_Loop_fu_177 grp_dct_Pipeline_Col_DCT_Loop_DCT_Outer_Loop_fu_190 grp_dct_Pipeline_Xpose_Col_Outer_Loop_Xpose_Col_Inner_Loop_fu_219 grp_dct_Pipeline_WR_Loop_Row_WR_Loop_Col_fu_225}} grp_dct_Pipeline_RD_Loop_Row_RD_Loop_Col_fu_126 {DEPTH 2 CHILDREN {}} grp_dct_Pipeline_Row_DCT_Loop_DCT_Outer_Loop_fu_148 {DEPTH 2 CHILDREN {}} grp_dct_Pipeline_Xpose_Row_Outer_Loop_Xpose_Row_Inner_Loop_fu_177 {DEPTH 2 CHILDREN {}} grp_dct_Pipeline_Col_DCT_Loop_DCT_Outer_Loop_fu_190 {DEPTH 2 CHILDREN {}} grp_dct_Pipeline_Xpose_Col_Outer_Loop_Xpose_Col_Inner_Loop_fu_219 {DEPTH 2 CHILDREN {}} grp_dct_Pipeline_WR_Loop_Row_WR_Loop_Col_fu_225 {DEPTH 2 CHILDREN {}}} MODULEDATA {dct_Pipeline_RD_Loop_Row_RD_Loop_Col {BINDINFO {{BINDTYPE op ID {} IMPL auto LATENCY 0 OPTYPE seteq PRAGMA {} RTLNAME icmp_ln59_fu_225_p2 SOURCE ../../High-Level-Synthesis-Flow-on-Zynq-using-Vivado-HLS/source/lab3/dct.c:59 VARIABLE icmp_ln59 LOOP RD_Loop_Row_RD_Loop_Col BUNDLEDNAME {} DSP 0 BRAM 0 URAM 0 STORAGESUBTYPE {} DISPNAME {bind_op seteq} VISIBLE false} {BINDTYPE op ID {} IMPL fabric LATENCY 0 OPTYPE add PRAGMA {} RTLNAME add_ln59_1_fu_231_p2 SOURCE ../../High-Level-Synthesis-Flow-on-Zynq-using-Vivado-HLS/source/lab3/dct.c:59 VARIABLE add_ln59_1 LOOP RD_Loop_Row_RD_Loop_Col BUNDLEDNAME {} DSP 0 BRAM 0 URAM 0 STORAGESUBTYPE {} DISPNAME {bind_op add} VISIBLE true} {BINDTYPE op ID {} IMPL fabric LATENCY 0 OPTYPE add PRAGMA {} RTLNAME add_ln59_fu_248_p2 SOURCE ../../High-Level-Synthesis-Flow-on-Zynq-using-Vivado-HLS/source/lab3/dct.c:59 VARIABLE add_ln59 LOOP RD_Loop_Row_RD_Loop_Col BUNDLEDNAME {} DSP 0 BRAM 0 URAM 0 STORAGESUBTYPE {} DISPNAME {bind_op add} VISIBLE true} {BINDTYPE op ID {} IMPL auto LATENCY 0 OPTYPE seteq PRAGMA {} RTLNAME icmp_ln61_fu_254_p2 SOURCE ../../High-Level-Synthesis-Flow-on-Zynq-using-Vivado-HLS/source/lab3/dct.c:61 VARIABLE icmp_ln61 LOOP RD_Loop_Row_RD_Loop_Col BUNDLEDNAME {} DSP 0 BRAM 0 URAM 0 STORAGESUBTYPE {} DISPNAME {bind_op seteq} VISIBLE false} {BINDTYPE op ID {} IMPL auto_sel LATENCY 0 OPTYPE select PRAGMA {} RTLNAME select_ln56_fu_260_p3 SOURCE ../../High-Level-Synthesis-Flow-on-Zynq-using-Vivado-HLS/source/lab3/dct.c:56 VARIABLE select_ln56 LOOP RD_Loop_Row_RD_Loop_Col BUNDLEDNAME {} DSP 0 BRAM 0 URAM 0 STORAGESUBTYPE {} DISPNAME {bind_op select} VISIBLE false} {BINDTYPE op ID {} IMPL auto_sel LATENCY 0 OPTYPE select PRAGMA {} RTLNAME select_ln59_fu_268_p3 SOURCE ../../High-Level-Synthesis-Flow-on-Zynq-using-Vivado-HLS/source/lab3/dct.c:59 VARIABLE select_ln59 LOOP RD_Loop_Row_RD_Loop_Col BUNDLEDNAME {} DSP 0 BRAM 0 URAM 0 STORAGESUBTYPE {} DISPNAME {bind_op select} VISIBLE false} {BINDTYPE op ID {} IMPL fabric LATENCY 0 OPTYPE add PRAGMA {} RTLNAME add_ln62_fu_296_p2 SOURCE ../../High-Level-Synthesis-Flow-on-Zynq-using-Vivado-HLS/source/lab3/dct.c:62 VARIABLE add_ln62 LOOP RD_Loop_Row_RD_Loop_Col BUNDLEDNAME {} DSP 0 BRAM 0 URAM 0 STORAGESUBTYPE {} DISPNAME {bind_op add} VISIBLE true} {BINDTYPE op ID {} IMPL fabric LATENCY 0 OPTYPE add PRAGMA {} RTLNAME add_ln61_fu_302_p2 SOURCE ../../High-Level-Synthesis-Flow-on-Zynq-using-Vivado-HLS/source/lab3/dct.c:61 VARIABLE add_ln61 LOOP RD_Loop_Row_RD_Loop_Col BUNDLEDNAME {} DSP 0 BRAM 0 URAM 0 STORAGESUBTYPE {} DISPNAME {bind_op add} VISIBLE true}} AREA {DSP 0 BRAM 0 URAM 0}} dct_Pipeline_Row_DCT_Loop_DCT_Outer_Loop {BINDINFO {{BINDTYPE op ID {} IMPL auto LATENCY 0 OPTYPE seteq PRAGMA {} RTLNAME icmp_ln32_fu_329_p2 SOURCE ../../High-Level-Synthesis-Flow-on-Zynq-using-Vivado-HLS/source/lab3/dct.c:32 VARIABLE icmp_ln32 LOOP Row_DCT_Loop_DCT_Outer_Loop BUNDLEDNAME {} DSP 0 BRAM 0 URAM 0 STORAGESUBTYPE {} DISPNAME {bind_op seteq} VISIBLE false} {BINDTYPE op ID {} IMPL fabric LATENCY 0 OPTYPE add PRAGMA {} RTLNAME add_ln32_1_fu_335_p2 SOURCE ../../High-Level-Synthesis-Flow-on-Zynq-using-Vivado-HLS/source/lab3/dct.c:32 VARIABLE add_ln32_1 LOOP Row_DCT_Loop_DCT_Outer_Loop BUNDLEDNAME {} DSP 0 BRAM 0 URAM 0 STORAGESUBTYPE {} DISPNAME {bind_op add} VISIBLE true} {BINDTYPE op ID {} IMPL fabric LATENCY 0 OPTYPE add PRAGMA {} RTLNAME add_ln32_fu_352_p2 SOURCE ../../High-Level-Synthesis-Flow-on-Zynq-using-Vivado-HLS/source/lab3/dct.c:32 VARIABLE add_ln32 LOOP Row_DCT_Loop_DCT_Outer_Loop BUNDLEDNAME {} DSP 0 BRAM 0 URAM 0 STORAGESUBTYPE {} DISPNAME {bind_op add} VISIBLE true} {BINDTYPE op ID {} IMPL auto LATENCY 0 OPTYPE seteq PRAGMA {} RTLNAME icmp_ln13_fu_358_p2 SOURCE ../../High-Level-Synthesis-Flow-on-Zynq-using-Vivado-HLS/source/lab3/dct.c:13 VARIABLE icmp_ln13 LOOP Row_DCT_Loop_DCT_Outer_Loop BUNDLEDNAME {} DSP 0 BRAM 0 URAM 0 STORAGESUBTYPE {} DISPNAME {bind_op seteq} VISIBLE false} {BINDTYPE op ID {} IMPL auto_sel LATENCY 0 OPTYPE select PRAGMA {} RTLNAME select_ln28_fu_364_p3 SOURCE ../../High-Level-Synthesis-Flow-on-Zynq-using-Vivado-HLS/source/lab3/dct.c:28 VARIABLE select_ln28 LOOP Row_DCT_Loop_DCT_Outer_Loop BUNDLEDNAME {} DSP 0 BRAM 0 URAM 0 STORAGESUBTYPE {} DISPNAME {bind_op select} VISIBLE false} {BINDTYPE op ID {} IMPL auto_sel LATENCY 0 OPTYPE select PRAGMA {} RTLNAME select_ln32_fu_372_p3 SOURCE ../../High-Level-Synthesis-Flow-on-Zynq-using-Vivado-HLS/source/lab3/dct.c:32 VARIABLE select_ln32 LOOP Row_DCT_Loop_DCT_Outer_Loop BUNDLEDNAME {} DSP 0 BRAM 0 URAM 0 STORAGESUBTYPE {} DISPNAME {bind_op select} VISIBLE false} {BINDTYPE op ID {} IMPL fabric LATENCY 0 OPTYPE add PRAGMA {} RTLNAME add_ln19_8_fu_406_p2 SOURCE ../../High-Level-Synthesis-Flow-on-Zynq-using-Vivado-HLS/source/lab3/dct.c:19 VARIABLE add_ln19_8 LOOP Row_DCT_Loop_DCT_Outer_Loop BUNDLEDNAME {} DSP 0 BRAM 0 URAM 0 STORAGESUBTYPE {} DISPNAME {bind_op add} VISIBLE true} {BINDTYPE op ID {} IMPL dsp_slice LATENCY 3 OPTYPE mul PRAGMA {} RTLNAME mac_muladd_16s_15s_13ns_29_4_1_U13 SOURCE ../../High-Level-Synthesis-Flow-on-Zynq-using-Vivado-HLS/source/lab3/dct.c:19 VARIABLE mul_ln19 LOOP Row_DCT_Loop_DCT_Outer_Loop BUNDLEDNAME {} DSP 1 BRAM 0 URAM 0 STORAGESUBTYPE {} DISPNAME {bind_op mul} VISIBLE true} {BINDTYPE op ID {} IMPL auto LATENCY 0 OPTYPE mul PRAGMA {} RTLNAME mul_15s_16s_29_1_1_U11 SOURCE ../../High-Level-Synthesis-Flow-on-Zynq-using-Vivado-HLS/source/lab3/dct.c:19 VARIABLE mul_ln19_1 LOOP Row_DCT_Loop_DCT_Outer_Loop BUNDLEDNAME {} DSP 1 BRAM 0 URAM 0 STORAGESUBTYPE {} DISPNAME {bind_op mul} VISIBLE true} {BINDTYPE op ID {} IMPL dsp_slice LATENCY 3 OPTYPE mul PRAGMA {} RTLNAME mac_muladd_16s_15s_29s_29_4_1_U16 SOURCE ../../High-Level-Synthesis-Flow-on-Zynq-using-Vivado-HLS/source/lab3/dct.c:19 VARIABLE mul_ln19_2 LOOP Row_DCT_Loop_DCT_Outer_Loop BUNDLEDNAME {} DSP 1 BRAM 0 URAM 0 STORAGESUBTYPE {} DISPNAME {bind_op mul} VISIBLE true} {BINDTYPE op ID {} IMPL dsp_slice LATENCY 3 OPTYPE mul PRAGMA {} RTLNAME mac_muladd_16s_15s_29s_29_4_1_U14 SOURCE ../../High-Level-Synthesis-Flow-on-Zynq-using-Vivado-HLS/source/lab3/dct.c:19 VARIABLE mul_ln19_3 LOOP Row_DCT_Loop_DCT_Outer_Loop BUNDLEDNAME {} DSP 1 BRAM 0 URAM 0 STORAGESUBTYPE {} DISPNAME {bind_op mul} VISIBLE true} {BINDTYPE op ID {} IMPL dsp_slice LATENCY 3 OPTYPE mul PRAGMA {} RTLNAME mac_muladd_16s_15s_29s_29_4_1_U17 SOURCE ../../High-Level-Synthesis-Flow-on-Zynq-using-Vivado-HLS/source/lab3/dct.c:19 VARIABLE mul_ln19_4 LOOP Row_DCT_Loop_DCT_Outer_Loop BUNDLEDNAME {} DSP 1 BRAM 0 URAM 0 STORAGESUBTYPE {} DISPNAME {bind_op mul} VISIBLE true} {BINDTYPE op ID {} IMPL auto LATENCY 0 OPTYPE mul PRAGMA {} RTLNAME mul_15s_16s_29_1_1_U10 SOURCE ../../High-Level-Synthesis-Flow-on-Zynq-using-Vivado-HLS/source/lab3/dct.c:19 VARIABLE mul_ln19_5 LOOP Row_DCT_Loop_DCT_Outer_Loop BUNDLEDNAME {} DSP 1 BRAM 0 URAM 0 STORAGESUBTYPE {} DISPNAME {bind_op mul} VISIBLE true} {BINDTYPE op ID {} IMPL dsp_slice LATENCY 3 OPTYPE mul PRAGMA {} RTLNAME mac_muladd_16s_15s_29ns_29_4_1_U15 SOURCE ../../High-Level-Synthesis-Flow-on-Zynq-using-Vivado-HLS/source/lab3/dct.c:19 VARIABLE mul_ln19_6 LOOP Row_DCT_Loop_DCT_Outer_Loop BUNDLEDNAME {} DSP 1 BRAM 0 URAM 0 STORAGESUBTYPE {} DISPNAME {bind_op mul} VISIBLE true} {BINDTYPE op ID {} IMPL auto LATENCY 0 OPTYPE mul PRAGMA {} RTLNAME mul_14ns_16s_29_1_1_U12 SOURCE ../../High-Level-Synthesis-Flow-on-Zynq-using-Vivado-HLS/source/lab3/dct.c:19 VARIABLE mul_ln19_7 LOOP Row_DCT_Loop_DCT_Outer_Loop BUNDLEDNAME {} DSP 1 BRAM 0 URAM 0 STORAGESUBTYPE {} DISPNAME {bind_op mul} VISIBLE true} {BINDTYPE op ID {} IMPL dsp_slice LATENCY 3 OPTYPE add PRAGMA {} RTLNAME mac_muladd_16s_15s_29s_29_4_1_U16 SOURCE ../../High-Level-Synthesis-Flow-on-Zynq-using-Vivado-HLS/source/lab3/dct.c:19 VARIABLE add_ln19 LOOP Row_DCT_Loop_DCT_Outer_Loop BUNDLEDNAME {} DSP 1 BRAM 0 URAM 0 STORAGESUBTYPE {} DISPNAME {bind_op add} VISIBLE true} {BINDTYPE op ID {} IMPL dsp_slice LATENCY 3 OPTYPE add PRAGMA {} RTLNAME mac_muladd_16s_15s_29s_29_4_1_U17 SOURCE ../../High-Level-Synthesis-Flow-on-Zynq-using-Vivado-HLS/source/lab3/dct.c:19 VARIABLE add_ln19_1 LOOP Row_DCT_Loop_DCT_Outer_Loop BUNDLEDNAME {} DSP 1 BRAM 0 URAM 0 STORAGESUBTYPE {} DISPNAME {bind_op add} VISIBLE true} {BINDTYPE op ID {} IMPL dsp_slice LATENCY 3 OPTYPE add PRAGMA {} RTLNAME mac_muladd_16s_15s_29s_29_4_1_U14 SOURCE ../../High-Level-Synthesis-Flow-on-Zynq-using-Vivado-HLS/source/lab3/dct.c:19 VARIABLE add_ln19_3 LOOP Row_DCT_Loop_DCT_Outer_Loop BUNDLEDNAME {} DSP 1 BRAM 0 URAM 0 STORAGESUBTYPE {} DISPNAME {bind_op add} VISIBLE true} {BINDTYPE op ID {} IMPL dsp_slice LATENCY 3 OPTYPE add PRAGMA {} RTLNAME mac_muladd_16s_15s_13ns_29_4_1_U13 SOURCE ../../High-Level-Synthesis-Flow-on-Zynq-using-Vivado-HLS/source/lab3/dct.c:19 VARIABLE add_ln19_4 LOOP Row_DCT_Loop_DCT_Outer_Loop BUNDLEDNAME {} DSP 1 BRAM 0 URAM 0 STORAGESUBTYPE {} DISPNAME {bind_op add} VISIBLE true} {BINDTYPE op ID {} IMPL dsp_slice LATENCY 3 OPTYPE add PRAGMA {} RTLNAME mac_muladd_16s_15s_29ns_29_4_1_U15 SOURCE ../../High-Level-Synthesis-Flow-on-Zynq-using-Vivado-HLS/source/lab3/dct.c:19 VARIABLE add_ln19_5 LOOP Row_DCT_Loop_DCT_Outer_Loop BUNDLEDNAME {} DSP 1 BRAM 0 URAM 0 STORAGESUBTYPE {} DISPNAME {bind_op add} VISIBLE true} {BINDTYPE op ID {} IMPL fabric LATENCY 0 OPTYPE add PRAGMA {} RTLNAME add_ln19_6_fu_502_p2 SOURCE ../../High-Level-Synthesis-Flow-on-Zynq-using-Vivado-HLS/source/lab3/dct.c:19 VARIABLE add_ln19_6 LOOP Row_DCT_Loop_DCT_Outer_Loop BUNDLEDNAME {} DSP 0 BRAM 0 URAM 0 STORAGESUBTYPE {} DISPNAME {bind_op add} VISIBLE true} {BINDTYPE op ID {} IMPL fabric LATENCY 0 OPTYPE add PRAGMA {} RTLNAME add_ln13_fu_412_p2 SOURCE ../../High-Level-Synthesis-Flow-on-Zynq-using-Vivado-HLS/source/lab3/dct.c:13 VARIABLE add_ln13 LOOP Row_DCT_Loop_DCT_Outer_Loop BUNDLEDNAME {} DSP 0 BRAM 0 URAM 0 STORAGESUBTYPE {} DISPNAME {bind_op add} VISIBLE true}} AREA {DSP 8 BRAM 0 URAM 0}} dct_Pipeline_Xpose_Row_Outer_Loop_Xpose_Row_Inner_Loop {BINDINFO {{BINDTYPE op ID {} IMPL auto LATENCY 0 OPTYPE seteq PRAGMA {} RTLNAME icmp_ln37_fu_221_p2 SOURCE ../../High-Level-Synthesis-Flow-on-Zynq-using-Vivado-HLS/source/lab3/dct.c:37 VARIABLE icmp_ln37 LOOP Xpose_Row_Outer_Loop_Xpose_Row_Inner_Loop BUNDLEDNAME {} DSP 0 BRAM 0 URAM 0 STORAGESUBTYPE {} DISPNAME {bind_op seteq} VISIBLE false} {BINDTYPE op ID {} IMPL fabric LATENCY 0 OPTYPE add PRAGMA {} RTLNAME add_ln37_1_fu_227_p2 SOURCE ../../High-Level-Synthesis-Flow-on-Zynq-using-Vivado-HLS/source/lab3/dct.c:37 VARIABLE add_ln37_1 LOOP Xpose_Row_Outer_Loop_Xpose_Row_Inner_Loop BUNDLEDNAME {} DSP 0 BRAM 0 URAM 0 STORAGESUBTYPE {} DISPNAME {bind_op add} VISIBLE true} {BINDTYPE op ID {} IMPL fabric LATENCY 0 OPTYPE add PRAGMA {} RTLNAME add_ln37_fu_244_p2 SOURCE ../../High-Level-Synthesis-Flow-on-Zynq-using-Vivado-HLS/source/lab3/dct.c:37 VARIABLE add_ln37 LOOP Xpose_Row_Outer_Loop_Xpose_Row_Inner_Loop BUNDLEDNAME {} DSP 0 BRAM 0 URAM 0 STORAGESUBTYPE {} DISPNAME {bind_op add} VISIBLE true} {BINDTYPE op ID {} IMPL auto LATENCY 0 OPTYPE seteq PRAGMA {} RTLNAME icmp_ln39_fu_250_p2 SOURCE ../../High-Level-Synthesis-Flow-on-Zynq-using-Vivado-HLS/source/lab3/dct.c:39 VARIABLE icmp_ln39 LOOP Xpose_Row_Outer_Loop_Xpose_Row_Inner_Loop BUNDLEDNAME {} DSP 0 BRAM 0 URAM 0 STORAGESUBTYPE {} DISPNAME {bind_op seteq} VISIBLE false} {BINDTYPE op ID {} IMPL auto_sel LATENCY 0 OPTYPE select PRAGMA {} RTLNAME select_ln28_fu_256_p3 SOURCE ../../High-Level-Synthesis-Flow-on-Zynq-using-Vivado-HLS/source/lab3/dct.c:28 VARIABLE select_ln28 LOOP Xpose_Row_Outer_Loop_Xpose_Row_Inner_Loop BUNDLEDNAME {} DSP 0 BRAM 0 URAM 0 STORAGESUBTYPE {} DISPNAME {bind_op select} VISIBLE false} {BINDTYPE op ID {} IMPL auto_sel LATENCY 0 OPTYPE select PRAGMA {} RTLNAME select_ln37_fu_268_p3 SOURCE ../../High-Level-Synthesis-Flow-on-Zynq-using-Vivado-HLS/source/lab3/dct.c:37 VARIABLE select_ln37 LOOP Xpose_Row_Outer_Loop_Xpose_Row_Inner_Loop BUNDLEDNAME {} DSP 0 BRAM 0 URAM 0 STORAGESUBTYPE {} DISPNAME {bind_op select} VISIBLE false} {BINDTYPE op ID {} IMPL fabric LATENCY 0 OPTYPE add PRAGMA {} RTLNAME add_ln40_fu_302_p2 SOURCE ../../High-Level-Synthesis-Flow-on-Zynq-using-Vivado-HLS/source/lab3/dct.c:40 VARIABLE add_ln40 LOOP Xpose_Row_Outer_Loop_Xpose_Row_Inner_Loop BUNDLEDNAME {} DSP 0 BRAM 0 URAM 0 STORAGESUBTYPE {} DISPNAME {bind_op add} VISIBLE true} {BINDTYPE op ID {} IMPL fabric LATENCY 0 OPTYPE add PRAGMA {} RTLNAME add_ln39_fu_276_p2 SOURCE ../../High-Level-Synthesis-Flow-on-Zynq-using-Vivado-HLS/source/lab3/dct.c:39 VARIABLE add_ln39 LOOP Xpose_Row_Outer_Loop_Xpose_Row_Inner_Loop BUNDLEDNAME {} DSP 0 BRAM 0 URAM 0 STORAGESUBTYPE {} DISPNAME {bind_op add} VISIBLE true}} AREA {DSP 0 BRAM 0 URAM 0}} dct_Pipeline_Col_DCT_Loop_DCT_Outer_Loop {BINDINFO {{BINDTYPE op ID {} IMPL auto LATENCY 0 OPTYPE seteq PRAGMA {} RTLNAME icmp_ln43_fu_329_p2 SOURCE ../../High-Level-Synthesis-Flow-on-Zynq-using-Vivado-HLS/source/lab3/dct.c:43 VARIABLE icmp_ln43 LOOP Col_DCT_Loop_DCT_Outer_Loop BUNDLEDNAME {} DSP 0 BRAM 0 URAM 0 STORAGESUBTYPE {} DISPNAME {bind_op seteq} VISIBLE false} {BINDTYPE op ID {} IMPL fabric LATENCY 0 OPTYPE add PRAGMA {} RTLNAME add_ln43_1_fu_335_p2 SOURCE ../../High-Level-Synthesis-Flow-on-Zynq-using-Vivado-HLS/source/lab3/dct.c:43 VARIABLE add_ln43_1 LOOP Col_DCT_Loop_DCT_Outer_Loop BUNDLEDNAME {} DSP 0 BRAM 0 URAM 0 STORAGESUBTYPE {} DISPNAME {bind_op add} VISIBLE true} {BINDTYPE op ID {} IMPL fabric LATENCY 0 OPTYPE add PRAGMA {} RTLNAME add_ln43_fu_352_p2 SOURCE ../../High-Level-Synthesis-Flow-on-Zynq-using-Vivado-HLS/source/lab3/dct.c:43 VARIABLE add_ln43 LOOP Col_DCT_Loop_DCT_Outer_Loop BUNDLEDNAME {} DSP 0 BRAM 0 URAM 0 STORAGESUBTYPE {} DISPNAME {bind_op add} VISIBLE true} {BINDTYPE op ID {} IMPL auto LATENCY 0 OPTYPE seteq PRAGMA {} RTLNAME icmp_ln13_fu_358_p2 SOURCE ../../High-Level-Synthesis-Flow-on-Zynq-using-Vivado-HLS/source/lab3/dct.c:13 VARIABLE icmp_ln13 LOOP Col_DCT_Loop_DCT_Outer_Loop BUNDLEDNAME {} DSP 0 BRAM 0 URAM 0 STORAGESUBTYPE {} DISPNAME {bind_op seteq} VISIBLE false} {BINDTYPE op ID {} IMPL auto_sel LATENCY 0 OPTYPE select PRAGMA {} RTLNAME select_ln28_fu_364_p3 SOURCE ../../High-Level-Synthesis-Flow-on-Zynq-using-Vivado-HLS/source/lab3/dct.c:28 VARIABLE select_ln28 LOOP Col_DCT_Loop_DCT_Outer_Loop BUNDLEDNAME {} DSP 0 BRAM 0 URAM 0 STORAGESUBTYPE {} DISPNAME {bind_op select} VISIBLE false} {BINDTYPE op ID {} IMPL auto_sel LATENCY 0 OPTYPE select PRAGMA {} RTLNAME select_ln43_fu_372_p3 SOURCE ../../High-Level-Synthesis-Flow-on-Zynq-using-Vivado-HLS/source/lab3/dct.c:43 VARIABLE select_ln43 LOOP Col_DCT_Loop_DCT_Outer_Loop BUNDLEDNAME {} DSP 0 BRAM 0 URAM 0 STORAGESUBTYPE {} DISPNAME {bind_op select} VISIBLE false} {BINDTYPE op ID {} IMPL fabric LATENCY 0 OPTYPE add PRAGMA {} RTLNAME add_ln19_fu_406_p2 SOURCE ../../High-Level-Synthesis-Flow-on-Zynq-using-Vivado-HLS/source/lab3/dct.c:19 VARIABLE add_ln19 LOOP Col_DCT_Loop_DCT_Outer_Loop BUNDLEDNAME {} DSP 0 BRAM 0 URAM 0 STORAGESUBTYPE {} DISPNAME {bind_op add} VISIBLE true} {BINDTYPE op ID {} IMPL dsp_slice LATENCY 3 OPTYPE mul PRAGMA {} RTLNAME mac_muladd_16s_15s_13ns_29_4_1_U52 SOURCE ../../High-Level-Synthesis-Flow-on-Zynq-using-Vivado-HLS/source/lab3/dct.c:19 VARIABLE mul_ln19 LOOP Col_DCT_Loop_DCT_Outer_Loop BUNDLEDNAME {} DSP 1 BRAM 0 URAM 0 STORAGESUBTYPE {} DISPNAME {bind_op mul} VISIBLE true} {BINDTYPE op ID {} IMPL auto LATENCY 0 OPTYPE mul PRAGMA {} RTLNAME mul_15s_16s_29_1_1_U50 SOURCE ../../High-Level-Synthesis-Flow-on-Zynq-using-Vivado-HLS/source/lab3/dct.c:19 VARIABLE mul_ln19_8 LOOP Col_DCT_Loop_DCT_Outer_Loop BUNDLEDNAME {} DSP 1 BRAM 0 URAM 0 STORAGESUBTYPE {} DISPNAME {bind_op mul} VISIBLE true} {BINDTYPE op ID {} IMPL dsp_slice LATENCY 3 OPTYPE mul PRAGMA {} RTLNAME mac_muladd_16s_15s_29s_29_4_1_U55 SOURCE ../../High-Level-Synthesis-Flow-on-Zynq-using-Vivado-HLS/source/lab3/dct.c:19 VARIABLE mul_ln19_9 LOOP Col_DCT_Loop_DCT_Outer_Loop BUNDLEDNAME {} DSP 1 BRAM 0 URAM 0 STORAGESUBTYPE {} DISPNAME {bind_op mul} VISIBLE true} {BINDTYPE op ID {} IMPL dsp_slice LATENCY 3 OPTYPE mul PRAGMA {} RTLNAME mac_muladd_16s_15s_29s_29_4_1_U53 SOURCE ../../High-Level-Synthesis-Flow-on-Zynq-using-Vivado-HLS/source/lab3/dct.c:19 VARIABLE mul_ln19_10 LOOP Col_DCT_Loop_DCT_Outer_Loop BUNDLEDNAME {} DSP 1 BRAM 0 URAM 0 STORAGESUBTYPE {} DISPNAME {bind_op mul} VISIBLE true} {BINDTYPE op ID {} IMPL dsp_slice LATENCY 3 OPTYPE mul PRAGMA {} RTLNAME mac_muladd_16s_15s_29s_29_4_1_U56 SOURCE ../../High-Level-Synthesis-Flow-on-Zynq-using-Vivado-HLS/source/lab3/dct.c:19 VARIABLE mul_ln19_11 LOOP Col_DCT_Loop_DCT_Outer_Loop BUNDLEDNAME {} DSP 1 BRAM 0 URAM 0 STORAGESUBTYPE {} DISPNAME {bind_op mul} VISIBLE true} {BINDTYPE op ID {} IMPL auto LATENCY 0 OPTYPE mul PRAGMA {} RTLNAME mul_15s_16s_29_1_1_U49 SOURCE ../../High-Level-Synthesis-Flow-on-Zynq-using-Vivado-HLS/source/lab3/dct.c:19 VARIABLE mul_ln19_12 LOOP Col_DCT_Loop_DCT_Outer_Loop BUNDLEDNAME {} DSP 1 BRAM 0 URAM 0 STORAGESUBTYPE {} DISPNAME {bind_op mul} VISIBLE true} {BINDTYPE op ID {} IMPL dsp_slice LATENCY 3 OPTYPE mul PRAGMA {} RTLNAME mac_muladd_16s_15s_29ns_29_4_1_U54 SOURCE ../../High-Level-Synthesis-Flow-on-Zynq-using-Vivado-HLS/source/lab3/dct.c:19 VARIABLE mul_ln19_13 LOOP Col_DCT_Loop_DCT_Outer_Loop BUNDLEDNAME {} DSP 1 BRAM 0 URAM 0 STORAGESUBTYPE {} DISPNAME {bind_op mul} VISIBLE true} {BINDTYPE op ID {} IMPL auto LATENCY 0 OPTYPE mul PRAGMA {} RTLNAME mul_14ns_16s_29_1_1_U51 SOURCE ../../High-Level-Synthesis-Flow-on-Zynq-using-Vivado-HLS/source/lab3/dct.c:19 VARIABLE mul_ln19_14 LOOP Col_DCT_Loop_DCT_Outer_Loop BUNDLEDNAME {} DSP 1 BRAM 0 URAM 0 STORAGESUBTYPE {} DISPNAME {bind_op mul} VISIBLE true} {BINDTYPE op ID {} IMPL dsp_slice LATENCY 3 OPTYPE add PRAGMA {} RTLNAME mac_muladd_16s_15s_29s_29_4_1_U55 SOURCE ../../High-Level-Synthesis-Flow-on-Zynq-using-Vivado-HLS/source/lab3/dct.c:19 VARIABLE add_ln19_8 LOOP Col_DCT_Loop_DCT_Outer_Loop BUNDLEDNAME {} DSP 1 BRAM 0 URAM 0 STORAGESUBTYPE {} DISPNAME {bind_op add} VISIBLE true} {BINDTYPE op ID {} IMPL dsp_slice LATENCY 3 OPTYPE add PRAGMA {} RTLNAME mac_muladd_16s_15s_29s_29_4_1_U56 SOURCE ../../High-Level-Synthesis-Flow-on-Zynq-using-Vivado-HLS/source/lab3/dct.c:19 VARIABLE add_ln19_9 LOOP Col_DCT_Loop_DCT_Outer_Loop BUNDLEDNAME {} DSP 1 BRAM 0 URAM 0 STORAGESUBTYPE {} DISPNAME {bind_op add} VISIBLE true} {BINDTYPE op ID {} IMPL dsp_slice LATENCY 3 OPTYPE add PRAGMA {} RTLNAME mac_muladd_16s_15s_29s_29_4_1_U53 SOURCE ../../High-Level-Synthesis-Flow-on-Zynq-using-Vivado-HLS/source/lab3/dct.c:19 VARIABLE add_ln19_11 LOOP Col_DCT_Loop_DCT_Outer_Loop BUNDLEDNAME {} DSP 1 BRAM 0 URAM 0 STORAGESUBTYPE {} DISPNAME {bind_op add} VISIBLE true} {BINDTYPE op ID {} IMPL dsp_slice LATENCY 3 OPTYPE add PRAGMA {} RTLNAME mac_muladd_16s_15s_13ns_29_4_1_U52 SOURCE ../../High-Level-Synthesis-Flow-on-Zynq-using-Vivado-HLS/source/lab3/dct.c:19 VARIABLE add_ln19_12 LOOP Col_DCT_Loop_DCT_Outer_Loop BUNDLEDNAME {} DSP 1 BRAM 0 URAM 0 STORAGESUBTYPE {} DISPNAME {bind_op add} VISIBLE true} {BINDTYPE op ID {} IMPL dsp_slice LATENCY 3 OPTYPE add PRAGMA {} RTLNAME mac_muladd_16s_15s_29ns_29_4_1_U54 SOURCE ../../High-Level-Synthesis-Flow-on-Zynq-using-Vivado-HLS/source/lab3/dct.c:19 VARIABLE add_ln19_13 LOOP Col_DCT_Loop_DCT_Outer_Loop BUNDLEDNAME {} DSP 1 BRAM 0 URAM 0 STORAGESUBTYPE {} DISPNAME {bind_op add} VISIBLE true} {BINDTYPE op ID {} IMPL fabric LATENCY 0 OPTYPE add PRAGMA {} RTLNAME add_ln19_14_fu_502_p2 SOURCE ../../High-Level-Synthesis-Flow-on-Zynq-using-Vivado-HLS/source/lab3/dct.c:19 VARIABLE add_ln19_14 LOOP Col_DCT_Loop_DCT_Outer_Loop BUNDLEDNAME {} DSP 0 BRAM 0 URAM 0 STORAGESUBTYPE {} DISPNAME {bind_op add} VISIBLE true} {BINDTYPE op ID {} IMPL fabric LATENCY 0 OPTYPE add PRAGMA {} RTLNAME add_ln13_fu_412_p2 SOURCE ../../High-Level-Synthesis-Flow-on-Zynq-using-Vivado-HLS/source/lab3/dct.c:13 VARIABLE add_ln13 LOOP Col_DCT_Loop_DCT_Outer_Loop BUNDLEDNAME {} DSP 0 BRAM 0 URAM 0 STORAGESUBTYPE {} DISPNAME {bind_op add} VISIBLE true}} AREA {DSP 8 BRAM 0 URAM 0}} dct_Pipeline_Xpose_Col_Outer_Loop_Xpose_Col_Inner_Loop {BINDINFO {{BINDTYPE op ID {} IMPL auto LATENCY 0 OPTYPE seteq PRAGMA {} RTLNAME icmp_ln48_fu_97_p2 SOURCE ../../High-Level-Synthesis-Flow-on-Zynq-using-Vivado-HLS/source/lab3/dct.c:48 VARIABLE icmp_ln48 LOOP Xpose_Col_Outer_Loop_Xpose_Col_Inner_Loop BUNDLEDNAME {} DSP 0 BRAM 0 URAM 0 STORAGESUBTYPE {} DISPNAME {bind_op seteq} VISIBLE false} {BINDTYPE op ID {} IMPL fabric LATENCY 0 OPTYPE add PRAGMA {} RTLNAME add_ln48_1_fu_103_p2 SOURCE ../../High-Level-Synthesis-Flow-on-Zynq-using-Vivado-HLS/source/lab3/dct.c:48 VARIABLE add_ln48_1 LOOP Xpose_Col_Outer_Loop_Xpose_Col_Inner_Loop BUNDLEDNAME {} DSP 0 BRAM 0 URAM 0 STORAGESUBTYPE {} DISPNAME {bind_op add} VISIBLE true} {BINDTYPE op ID {} IMPL fabric LATENCY 0 OPTYPE add PRAGMA {} RTLNAME add_ln48_fu_120_p2 SOURCE ../../High-Level-Synthesis-Flow-on-Zynq-using-Vivado-HLS/source/lab3/dct.c:48 VARIABLE add_ln48 LOOP Xpose_Col_Outer_Loop_Xpose_Col_Inner_Loop BUNDLEDNAME {} DSP 0 BRAM 0 URAM 0 STORAGESUBTYPE {} DISPNAME {bind_op add} VISIBLE true} {BINDTYPE op ID {} IMPL auto LATENCY 0 OPTYPE seteq PRAGMA {} RTLNAME icmp_ln50_fu_126_p2 SOURCE ../../High-Level-Synthesis-Flow-on-Zynq-using-Vivado-HLS/source/lab3/dct.c:50 VARIABLE icmp_ln50 LOOP Xpose_Col_Outer_Loop_Xpose_Col_Inner_Loop BUNDLEDNAME {} DSP 0 BRAM 0 URAM 0 STORAGESUBTYPE {} DISPNAME {bind_op seteq} VISIBLE false} {BINDTYPE op ID {} IMPL auto_sel LATENCY 0 OPTYPE select PRAGMA {} RTLNAME select_ln28_fu_132_p3 SOURCE ../../High-Level-Synthesis-Flow-on-Zynq-using-Vivado-HLS/source/lab3/dct.c:28 VARIABLE select_ln28 LOOP Xpose_Col_Outer_Loop_Xpose_Col_Inner_Loop BUNDLEDNAME {} DSP 0 BRAM 0 URAM 0 STORAGESUBTYPE {} DISPNAME {bind_op select} VISIBLE false} {BINDTYPE op ID {} IMPL auto_sel LATENCY 0 OPTYPE select PRAGMA {} RTLNAME select_ln48_fu_144_p3 SOURCE ../../High-Level-Synthesis-Flow-on-Zynq-using-Vivado-HLS/source/lab3/dct.c:48 VARIABLE select_ln48 LOOP Xpose_Col_Outer_Loop_Xpose_Col_Inner_Loop BUNDLEDNAME {} DSP 0 BRAM 0 URAM 0 STORAGESUBTYPE {} DISPNAME {bind_op select} VISIBLE false} {BINDTYPE op ID {} IMPL fabric LATENCY 0 OPTYPE add PRAGMA {} RTLNAME add_ln51_fu_180_p2 SOURCE ../../High-Level-Synthesis-Flow-on-Zynq-using-Vivado-HLS/source/lab3/dct.c:51 VARIABLE add_ln51 LOOP Xpose_Col_Outer_Loop_Xpose_Col_Inner_Loop BUNDLEDNAME {} DSP 0 BRAM 0 URAM 0 STORAGESUBTYPE {} DISPNAME {bind_op add} VISIBLE true} {BINDTYPE op ID {} IMPL fabric LATENCY 0 OPTYPE add PRAGMA {} RTLNAME add_ln51_1_fu_186_p2 SOURCE ../../High-Level-Synthesis-Flow-on-Zynq-using-Vivado-HLS/source/lab3/dct.c:51 VARIABLE add_ln51_1 LOOP Xpose_Col_Outer_Loop_Xpose_Col_Inner_Loop BUNDLEDNAME {} DSP 0 BRAM 0 URAM 0 STORAGESUBTYPE {} DISPNAME {bind_op add} VISIBLE true} {BINDTYPE op ID {} IMPL fabric LATENCY 0 OPTYPE add PRAGMA {} RTLNAME add_ln50_fu_192_p2 SOURCE ../../High-Level-Synthesis-Flow-on-Zynq-using-Vivado-HLS/source/lab3/dct.c:50 VARIABLE add_ln50 LOOP Xpose_Col_Outer_Loop_Xpose_Col_Inner_Loop BUNDLEDNAME {} DSP 0 BRAM 0 URAM 0 STORAGESUBTYPE {} DISPNAME {bind_op add} VISIBLE true}} AREA {DSP 0 BRAM 0 URAM 0}} dct_Pipeline_WR_Loop_Row_WR_Loop_Col {BINDINFO {{BINDTYPE op ID {} IMPL auto LATENCY 0 OPTYPE seteq PRAGMA {} RTLNAME icmp_ln71_fu_101_p2 SOURCE ../../High-Level-Synthesis-Flow-on-Zynq-using-Vivado-HLS/source/lab3/dct.c:71 VARIABLE icmp_ln71 LOOP WR_Loop_Row_WR_Loop_Col BUNDLEDNAME {} DSP 0 BRAM 0 URAM 0 STORAGESUBTYPE {} DISPNAME {bind_op seteq} VISIBLE false} {BINDTYPE op ID {} IMPL fabric LATENCY 0 OPTYPE add PRAGMA {} RTLNAME add_ln71_1_fu_107_p2 SOURCE ../../High-Level-Synthesis-Flow-on-Zynq-using-Vivado-HLS/source/lab3/dct.c:71 VARIABLE add_ln71_1 LOOP WR_Loop_Row_WR_Loop_Col BUNDLEDNAME {} DSP 0 BRAM 0 URAM 0 STORAGESUBTYPE {} DISPNAME {bind_op add} VISIBLE true} {BINDTYPE op ID {} IMPL fabric LATENCY 0 OPTYPE add PRAGMA {} RTLNAME add_ln71_fu_124_p2 SOURCE ../../High-Level-Synthesis-Flow-on-Zynq-using-Vivado-HLS/source/lab3/dct.c:71 VARIABLE add_ln71 LOOP WR_Loop_Row_WR_Loop_Col BUNDLEDNAME {} DSP 0 BRAM 0 URAM 0 STORAGESUBTYPE {} DISPNAME {bind_op add} VISIBLE true} {BINDTYPE op ID {} IMPL auto LATENCY 0 OPTYPE seteq PRAGMA {} RTLNAME icmp_ln73_fu_130_p2 SOURCE ../../High-Level-Synthesis-Flow-on-Zynq-using-Vivado-HLS/source/lab3/dct.c:73 VARIABLE icmp_ln73 LOOP WR_Loop_Row_WR_Loop_Col BUNDLEDNAME {} DSP 0 BRAM 0 URAM 0 STORAGESUBTYPE {} DISPNAME {bind_op seteq} VISIBLE false} {BINDTYPE op ID {} IMPL auto_sel LATENCY 0 OPTYPE select PRAGMA {} RTLNAME select_ln68_fu_136_p3 SOURCE ../../High-Level-Synthesis-Flow-on-Zynq-using-Vivado-HLS/source/lab3/dct.c:68 VARIABLE select_ln68 LOOP WR_Loop_Row_WR_Loop_Col BUNDLEDNAME {} DSP 0 BRAM 0 URAM 0 STORAGESUBTYPE {} DISPNAME {bind_op select} VISIBLE false} {BINDTYPE op ID {} IMPL auto_sel LATENCY 0 OPTYPE select PRAGMA {} RTLNAME select_ln71_fu_144_p3 SOURCE ../../High-Level-Synthesis-Flow-on-Zynq-using-Vivado-HLS/source/lab3/dct.c:71 VARIABLE select_ln71 LOOP WR_Loop_Row_WR_Loop_Col BUNDLEDNAME {} DSP 0 BRAM 0 URAM 0 STORAGESUBTYPE {} DISPNAME {bind_op select} VISIBLE false} {BINDTYPE op ID {} IMPL fabric LATENCY 0 OPTYPE add PRAGMA {} RTLNAME add_ln74_fu_168_p2 SOURCE ../../High-Level-Synthesis-Flow-on-Zynq-using-Vivado-HLS/source/lab3/dct.c:74 VARIABLE add_ln74 LOOP WR_Loop_Row_WR_Loop_Col BUNDLEDNAME {} DSP 0 BRAM 0 URAM 0 STORAGESUBTYPE {} DISPNAME {bind_op add} VISIBLE true} {BINDTYPE op ID {} IMPL fabric LATENCY 0 OPTYPE add PRAGMA {} RTLNAME add_ln73_fu_174_p2 SOURCE ../../High-Level-Synthesis-Flow-on-Zynq-using-Vivado-HLS/source/lab3/dct.c:73 VARIABLE add_ln73 LOOP WR_Loop_Row_WR_Loop_Col BUNDLEDNAME {} DSP 0 BRAM 0 URAM 0 STORAGESUBTYPE {} DISPNAME {bind_op add} VISIBLE true}} AREA {DSP 0 BRAM 0 URAM 0}} dct {BINDINFO {{BINDTYPE storage ID {} IMPL auto LATENCY 1 OPTYPE ram_1p PRAGMA {} RTLNAME row_outbuf_U SOURCE ../../High-Level-Synthesis-Flow-on-Zynq-using-Vivado-HLS/source/lab3/dct.c:26 VARIABLE row_outbuf LOOP {} BUNDLEDNAME {} DSP 0 BRAM 1 URAM 0 STORAGESUBTYPE {} STORAGESIZE {16 64 1} STORAGEUSAGE {ram_1p array} DISPNAME {bind_storage ram_1p} VISIBLE true} {BINDTYPE storage ID {} IMPL auto LATENCY 1 OPTYPE ram_1p PRAGMA {} RTLNAME col_outbuf_U SOURCE ../../High-Level-Synthesis-Flow-on-Zynq-using-Vivado-HLS/source/lab3/dct.c:27 VARIABLE col_outbuf LOOP {} BUNDLEDNAME {} DSP 0 BRAM 1 URAM 0 STORAGESUBTYPE {} STORAGESIZE {16 64 1} STORAGEUSAGE {ram_1p array} DISPNAME {bind_storage ram_1p} VISIBLE true} {BINDTYPE storage ID {} IMPL auto LATENCY 1 OPTYPE ram_1p PRAGMA {} RTLNAME col_inbuf_U SOURCE ../../High-Level-Synthesis-Flow-on-Zynq-using-Vivado-HLS/source/lab3/dct.c:27 VARIABLE col_inbuf LOOP {} BUNDLEDNAME {} DSP 0 BRAM 0 URAM 0 STORAGESUBTYPE {} STORAGESIZE {16 8 1} STORAGEUSAGE {ram_1p array} DISPNAME {bind_storage ram_1p} VISIBLE true} {BINDTYPE storage ID {} IMPL auto LATENCY 1 OPTYPE ram_1p PRAGMA {} RTLNAME col_inbuf_1_U SOURCE ../../High-Level-Synthesis-Flow-on-Zynq-using-Vivado-HLS/source/lab3/dct.c:27 VARIABLE col_inbuf_1 LOOP {} BUNDLEDNAME {} DSP 0 BRAM 0 URAM 0 STORAGESUBTYPE {} STORAGESIZE {16 8 1} STORAGEUSAGE {ram_1p array} DISPNAME {bind_storage ram_1p} VISIBLE true} {BINDTYPE storage ID {} IMPL auto LATENCY 1 OPTYPE ram_1p PRAGMA {} RTLNAME col_inbuf_2_U SOURCE ../../High-Level-Synthesis-Flow-on-Zynq-using-Vivado-HLS/source/lab3/dct.c:27 VARIABLE col_inbuf_2 LOOP {} BUNDLEDNAME {} DSP 0 BRAM 0 URAM 0 STORAGESUBTYPE {} STORAGESIZE {16 8 1} STORAGEUSAGE {ram_1p array} DISPNAME {bind_storage ram_1p} VISIBLE true} {BINDTYPE storage ID {} IMPL auto LATENCY 1 OPTYPE ram_1p PRAGMA {} RTLNAME col_inbuf_3_U SOURCE ../../High-Level-Synthesis-Flow-on-Zynq-using-Vivado-HLS/source/lab3/dct.c:27 VARIABLE col_inbuf_3 LOOP {} BUNDLEDNAME {} DSP 0 BRAM 0 URAM 0 STORAGESUBTYPE {} STORAGESIZE {16 8 1} STORAGEUSAGE {ram_1p array} DISPNAME {bind_storage ram_1p} VISIBLE true} {BINDTYPE storage ID {} IMPL auto LATENCY 1 OPTYPE ram_1p PRAGMA {} RTLNAME col_inbuf_4_U SOURCE ../../High-Level-Synthesis-Flow-on-Zynq-using-Vivado-HLS/source/lab3/dct.c:27 VARIABLE col_inbuf_4 LOOP {} BUNDLEDNAME {} DSP 0 BRAM 0 URAM 0 STORAGESUBTYPE {} STORAGESIZE {16 8 1} STORAGEUSAGE {ram_1p array} DISPNAME {bind_storage ram_1p} VISIBLE true} {BINDTYPE storage ID {} IMPL auto LATENCY 1 OPTYPE ram_1p PRAGMA {} RTLNAME col_inbuf_5_U SOURCE ../../High-Level-Synthesis-Flow-on-Zynq-using-Vivado-HLS/source/lab3/dct.c:27 VARIABLE col_inbuf_5 LOOP {} BUNDLEDNAME {} DSP 0 BRAM 0 URAM 0 STORAGESUBTYPE {} STORAGESIZE {16 8 1} STORAGEUSAGE {ram_1p array} DISPNAME {bind_storage ram_1p} VISIBLE true} {BINDTYPE storage ID {} IMPL auto LATENCY 1 OPTYPE ram_1p PRAGMA {} RTLNAME col_inbuf_6_U SOURCE ../../High-Level-Synthesis-Flow-on-Zynq-using-Vivado-HLS/source/lab3/dct.c:27 VARIABLE col_inbuf_6 LOOP {} BUNDLEDNAME {} DSP 0 BRAM 0 URAM 0 STORAGESUBTYPE {} STORAGESIZE {16 8 1} STORAGEUSAGE {ram_1p array} DISPNAME {bind_storage ram_1p} VISIBLE true} {BINDTYPE storage ID {} IMPL auto LATENCY 1 OPTYPE ram_1p PRAGMA {} RTLNAME col_inbuf_7_U SOURCE ../../High-Level-Synthesis-Flow-on-Zynq-using-Vivado-HLS/source/lab3/dct.c:27 VARIABLE col_inbuf_7 LOOP {} BUNDLEDNAME {} DSP 0 BRAM 0 URAM 0 STORAGESUBTYPE {} STORAGESIZE {16 8 1} STORAGEUSAGE {ram_1p array} DISPNAME {bind_storage ram_1p} VISIBLE true} {BINDTYPE storage ID {} IMPL auto LATENCY 1 OPTYPE ram_1p PRAGMA {} RTLNAME buf_2d_in_U SOURCE ../../High-Level-Synthesis-Flow-on-Zynq-using-Vivado-HLS/source/lab3/dct.c:81 VARIABLE buf_2d_in LOOP {} BUNDLEDNAME {} DSP 0 BRAM 0 URAM 0 STORAGESUBTYPE {} STORAGESIZE {16 8 1} STORAGEUSAGE {ram_1p array} DISPNAME {bind_storage ram_1p} VISIBLE true} {BINDTYPE storage ID {} IMPL auto LATENCY 1 OPTYPE ram_1p PRAGMA {} RTLNAME buf_2d_in_8_U SOURCE ../../High-Level-Synthesis-Flow-on-Zynq-using-Vivado-HLS/source/lab3/dct.c:81 VARIABLE buf_2d_in_8 LOOP {} BUNDLEDNAME {} DSP 0 BRAM 0 URAM 0 STORAGESUBTYPE {} STORAGESIZE {16 8 1} STORAGEUSAGE {ram_1p array} DISPNAME {bind_storage ram_1p} VISIBLE true} {BINDTYPE storage ID {} IMPL auto LATENCY 1 OPTYPE ram_1p PRAGMA {} RTLNAME buf_2d_in_9_U SOURCE ../../High-Level-Synthesis-Flow-on-Zynq-using-Vivado-HLS/source/lab3/dct.c:81 VARIABLE buf_2d_in_9 LOOP {} BUNDLEDNAME {} DSP 0 BRAM 0 URAM 0 STORAGESUBTYPE {} STORAGESIZE {16 8 1} STORAGEUSAGE {ram_1p array} DISPNAME {bind_storage ram_1p} VISIBLE true} {BINDTYPE storage ID {} IMPL auto LATENCY 1 OPTYPE ram_1p PRAGMA {} RTLNAME buf_2d_in_10_U SOURCE ../../High-Level-Synthesis-Flow-on-Zynq-using-Vivado-HLS/source/lab3/dct.c:81 VARIABLE buf_2d_in_10 LOOP {} BUNDLEDNAME {} DSP 0 BRAM 0 URAM 0 STORAGESUBTYPE {} STORAGESIZE {16 8 1} STORAGEUSAGE {ram_1p array} DISPNAME {bind_storage ram_1p} VISIBLE true} {BINDTYPE storage ID {} IMPL auto LATENCY 1 OPTYPE ram_1p PRAGMA {} RTLNAME buf_2d_in_11_U SOURCE ../../High-Level-Synthesis-Flow-on-Zynq-using-Vivado-HLS/source/lab3/dct.c:81 VARIABLE buf_2d_in_11 LOOP {} BUNDLEDNAME {} DSP 0 BRAM 0 URAM 0 STORAGESUBTYPE {} STORAGESIZE {16 8 1} STORAGEUSAGE {ram_1p array} DISPNAME {bind_storage ram_1p} VISIBLE true} {BINDTYPE storage ID {} IMPL auto LATENCY 1 OPTYPE ram_1p PRAGMA {} RTLNAME buf_2d_in_12_U SOURCE ../../High-Level-Synthesis-Flow-on-Zynq-using-Vivado-HLS/source/lab3/dct.c:81 VARIABLE buf_2d_in_12 LOOP {} BUNDLEDNAME {} DSP 0 BRAM 0 URAM 0 STORAGESUBTYPE {} STORAGESIZE {16 8 1} STORAGEUSAGE {ram_1p array} DISPNAME {bind_storage ram_1p} VISIBLE true} {BINDTYPE storage ID {} IMPL auto LATENCY 1 OPTYPE ram_1p PRAGMA {} RTLNAME buf_2d_in_13_U SOURCE ../../High-Level-Synthesis-Flow-on-Zynq-using-Vivado-HLS/source/lab3/dct.c:81 VARIABLE buf_2d_in_13 LOOP {} BUNDLEDNAME {} DSP 0 BRAM 0 URAM 0 STORAGESUBTYPE {} STORAGESIZE {16 8 1} STORAGEUSAGE {ram_1p array} DISPNAME {bind_storage ram_1p} VISIBLE true} {BINDTYPE storage ID {} IMPL auto LATENCY 1 OPTYPE ram_1p PRAGMA {} RTLNAME buf_2d_in_14_U SOURCE ../../High-Level-Synthesis-Flow-on-Zynq-using-Vivado-HLS/source/lab3/dct.c:81 VARIABLE buf_2d_in_14 LOOP {} BUNDLEDNAME {} DSP 0 BRAM 0 URAM 0 STORAGESUBTYPE {} STORAGESIZE {16 8 1} STORAGEUSAGE {ram_1p array} DISPNAME {bind_storage ram_1p} VISIBLE true} {BINDTYPE storage ID {} IMPL auto LATENCY 1 OPTYPE ram_1p PRAGMA {} RTLNAME buf_2d_out_U SOURCE ../../High-Level-Synthesis-Flow-on-Zynq-using-Vivado-HLS/source/lab3/dct.c:82 VARIABLE buf_2d_out LOOP {} BUNDLEDNAME {} DSP 0 BRAM 1 URAM 0 STORAGESUBTYPE {} STORAGESIZE {16 64 1} STORAGEUSAGE {ram_1p array} DISPNAME {bind_storage ram_1p} VISIBLE true} {BINDTYPE storage ID {} IMPL auto LATENCY 1 OPTYPE rom_1p PRAGMA {} RTLNAME dct_1d_dct_coeff_table_0_U SOURCE {} VARIABLE dct_1d_dct_coeff_table_0 LOOP {} BUNDLEDNAME {} DSP 0 BRAM 0 URAM 0 STORAGESUBTYPE {} STORAGESIZE {14 8 1} STORAGEUSAGE rom_1p DISPNAME {bind_storage rom_1p} VISIBLE true} {BINDTYPE storage ID {} IMPL auto LATENCY 1 OPTYPE rom_1p PRAGMA {} RTLNAME dct_1d_dct_coeff_table_1_U SOURCE {} VARIABLE dct_1d_dct_coeff_table_1 LOOP {} BUNDLEDNAME {} DSP 0 BRAM 0 URAM 0 STORAGESUBTYPE {} STORAGESIZE {15 8 1} STORAGEUSAGE rom_1p DISPNAME {bind_storage rom_1p} VISIBLE true} {BINDTYPE storage ID {} IMPL auto LATENCY 1 OPTYPE rom_1p PRAGMA {} RTLNAME dct_1d_dct_coeff_table_2_U SOURCE {} VARIABLE dct_1d_dct_coeff_table_2 LOOP {} BUNDLEDNAME {} DSP 0 BRAM 0 URAM 0 STORAGESUBTYPE {} STORAGESIZE {15 8 1} STORAGEUSAGE rom_1p DISPNAME {bind_storage rom_1p} VISIBLE true} {BINDTYPE storage ID {} IMPL auto LATENCY 1 OPTYPE rom_1p PRAGMA {} RTLNAME dct_1d_dct_coeff_table_3_U SOURCE {} VARIABLE dct_1d_dct_coeff_table_3 LOOP {} BUNDLEDNAME {} DSP 0 BRAM 0 URAM 0 STORAGESUBTYPE {} STORAGESIZE {15 8 1} STORAGEUSAGE rom_1p DISPNAME {bind_storage rom_1p} VISIBLE true} {BINDTYPE storage ID {} IMPL auto LATENCY 1 OPTYPE rom_1p PRAGMA {} RTLNAME dct_1d_dct_coeff_table_4_U SOURCE {} VARIABLE dct_1d_dct_coeff_table_4 LOOP {} BUNDLEDNAME {} DSP 0 BRAM 0 URAM 0 STORAGESUBTYPE {} STORAGESIZE {15 8 1} STORAGEUSAGE rom_1p DISPNAME {bind_storage rom_1p} VISIBLE true} {BINDTYPE storage ID {} IMPL auto LATENCY 1 OPTYPE rom_1p PRAGMA {} RTLNAME dct_1d_dct_coeff_table_5_U SOURCE {} VARIABLE dct_1d_dct_coeff_table_5 LOOP {} BUNDLEDNAME {} DSP 0 BRAM 0 URAM 0 STORAGESUBTYPE {} STORAGESIZE {15 8 1} STORAGEUSAGE rom_1p DISPNAME {bind_storage rom_1p} VISIBLE true} {BINDTYPE storage ID {} IMPL auto LATENCY 1 OPTYPE rom_1p PRAGMA {} RTLNAME dct_1d_dct_coeff_table_6_U SOURCE {} VARIABLE dct_1d_dct_coeff_table_6 LOOP {} BUNDLEDNAME {} DSP 0 BRAM 0 URAM 0 STORAGESUBTYPE {} STORAGESIZE {15 8 1} STORAGEUSAGE rom_1p DISPNAME {bind_storage rom_1p} VISIBLE true} {BINDTYPE storage ID {} IMPL auto LATENCY 1 OPTYPE rom_1p PRAGMA {} RTLNAME dct_1d_dct_coeff_table_7_U SOURCE {} VARIABLE dct_1d_dct_coeff_table_7 LOOP {} BUNDLEDNAME {} DSP 0 BRAM 0 URAM 0 STORAGESUBTYPE {} STORAGESIZE {15 8 1} STORAGEUSAGE rom_1p DISPNAME {bind_storage rom_1p} VISIBLE true}} AREA {DSP 16 BRAM 3 URAM 0}}}}'
INFO-FLOW: DBG:PUTS:      update_csynth_reports json2rpt_hw_sw_interfaces
INFO-FLOW: Running: gen_csynth_sec_pragma
INFO-FLOW: Done: gen_csynth_sec_pragma time: 0 seconds per iteration
INFO-FLOW: DBG:PUTS:      update_csynth_reports wrote xml
INFO-FLOW: DBG:PUTS:      update_csynth_reports appended to csynth rpt file
INFO: [HLS 200-111] Finished Updating report files: CPU user time: 1 seconds. CPU system time: 0 seconds. Elapsed time: 0.933 seconds; current allocated memory: 357.887 MB.
INFO: [VHDL 208-304] Generating VHDL RTL for dct.
INFO: [VLOG 209-307] Generating Verilog RTL for dct.
Execute       syn_report -model dct -printsummary 
INFO: [HLS 200-790] **** Loop Constraint Status: All loop constraints were satisfied.
INFO: [HLS 200-789] **** Estimated Fmax: 153.66 MHz
Command     autosyn done; 9.759 sec.
Command   csynth_design done; 26.872 sec.
Execute   close_project 
Execute     close_solution 
Execute       cleanup_all 
Execute       cleanup_all 
INFO-FLOW: Workspace E:/robot/project/FPGA/ZedBoard/HLS_lab/lab3/dct/dct/hls opened at Wed Oct 30 16:26:41 +0800 2024
Execute     source E:/robot/project/FPGA/ZedBoard/HLS_lab/lab3/dct/dct/hls/.autopilot/db/global.setting.tcl 
Execute     set_part xc7z020-clg484-1 
Execute       create_platform xc7z020-clg484-1 -board  
DBG:HLSDevice: Trying to load device library: E:/vivado\Vitis_HLS\2024.1\lib\win64.o\xv_hlsvwrap.dll
DBG:HLSDevice: first parts/arch.xml in RDI_DATADIR: E:/vivado/Vivado/2024.1/data/parts/arch.xml
DBG:HLSDevice: init success
INFO: [HLS 200-1611] Setting target device to 'xc7z020-clg484-1'
Command       create_platform done; 2.828 sec.
Execute       source E:/vivado/Vitis_HLS/2024.1/common/technology/xilinx/common/xilinx.gen 
Execute         source E:/vivado/Vitis_HLS/2024.1/common/technology/xilinx/interface/plb46.gen 
Execute         source E:/vivado/Vitis_HLS/2024.1/common/technology/xilinx/interface/axi4.gen 
Execute         source E:/vivado/Vitis_HLS/2024.1/common/technology/xilinx/interface/nativeAXI4.gen 
Execute           source E:/vivado/Vitis_HLS/2024.1/common/technology/xilinx/interface/saxilite.gen 
Execute         source E:/vivado/Vitis_HLS/2024.1/common/technology/xilinx/scripts/xilinxcoregen.gen 
Execute         source E:/vivado/Vitis_HLS/2024.1/common/technology/xilinx/interface/XilEDKCoreGen.gen 
Execute         source E:/vivado/Vitis_HLS/2024.1/common/technology/xilinx/ip/dds_compiler.gen 
Execute         source E:/vivado/Vitis_HLS/2024.1/common/technology/xilinx/ip/util.gen 
Execute         source E:/vivado/Vitis_HLS/2024.1/common/technology/xilinx/ip/xfft.gen 
Execute         source E:/vivado/Vitis_HLS/2024.1/common/technology/xilinx/ip/xfir.gen 
Execute         source E:/vivado/Vitis_HLS/2024.1/common/technology/xilinx/DSP48/dsp48.gen 
Command       ap_source done; 0.125 sec.
Execute       ap_part_info -name xc7z020-clg484-1 -data info 
Command       ap_part_info done; 0.104 sec.
Execute       config_compile -quiet -complex-mul-dsp=0 
Command     set_part done; 3.071 sec.
Execute     send_msg_by_id INFO @200-1505@%s%s default  vivado 
INFO: [HLS 200-1505] Using default flow_target 'vivado'
Command   open_solution done; 3.105 sec.
Execute   apply_ini E:/robot/project/FPGA/ZedBoard/HLS_lab/lab3/dct/hls_config.cfg 
Execute     send_msg_by_id INFO @200-1465@%s 'syn.file=E:/robot/project/FPGA/ZedBoard/HLS_lab/High-Level-Synthesis-Flow-on-Zynq-using-Vivado-HLS/source/lab3/dct.c' from E:/robot/project/FPGA/ZedBoard/HLS_lab/lab3/dct/hls_config.cfg(8) 
INFO: [HLS 200-1465] Applying ini 'syn.file=E:/robot/project/FPGA/ZedBoard/HLS_lab/High-Level-Synthesis-Flow-on-Zynq-using-Vivado-HLS/source/lab3/dct.c' from E:/robot/project/FPGA/ZedBoard/HLS_lab/lab3/dct/hls_config.cfg(8)
Execute     add_files E:/robot/project/FPGA/ZedBoard/HLS_lab/High-Level-Synthesis-Flow-on-Zynq-using-Vivado-HLS/source/lab3/dct.c 
INFO: [HLS 200-10] Adding design file 'E:/robot/project/FPGA/ZedBoard/HLS_lab/High-Level-Synthesis-Flow-on-Zynq-using-Vivado-HLS/source/lab3/dct.c' to the project
Execute     send_msg_by_id INFO @200-1465@%s 'tb.file=E:/robot/project/FPGA/ZedBoard/HLS_lab/High-Level-Synthesis-Flow-on-Zynq-using-Vivado-HLS/source/lab3/dct_test.c' from E:/robot/project/FPGA/ZedBoard/HLS_lab/lab3/dct/hls_config.cfg(9) 
INFO: [HLS 200-1465] Applying ini 'tb.file=E:/robot/project/FPGA/ZedBoard/HLS_lab/High-Level-Synthesis-Flow-on-Zynq-using-Vivado-HLS/source/lab3/dct_test.c' from E:/robot/project/FPGA/ZedBoard/HLS_lab/lab3/dct/hls_config.cfg(9)
Execute     add_files -tb E:/robot/project/FPGA/ZedBoard/HLS_lab/High-Level-Synthesis-Flow-on-Zynq-using-Vivado-HLS/source/lab3/dct_test.c 
INFO: [HLS 200-10] Adding test bench file 'E:/robot/project/FPGA/ZedBoard/HLS_lab/High-Level-Synthesis-Flow-on-Zynq-using-Vivado-HLS/source/lab3/dct_test.c' to the project
Execute     send_msg_by_id INFO @200-1465@%s 'tb.file=E:/robot/project/FPGA/ZedBoard/HLS_lab/High-Level-Synthesis-Flow-on-Zynq-using-Vivado-HLS/source/lab3/in.dat' from E:/robot/project/FPGA/ZedBoard/HLS_lab/lab3/dct/hls_config.cfg(10) 
INFO: [HLS 200-1465] Applying ini 'tb.file=E:/robot/project/FPGA/ZedBoard/HLS_lab/High-Level-Synthesis-Flow-on-Zynq-using-Vivado-HLS/source/lab3/in.dat' from E:/robot/project/FPGA/ZedBoard/HLS_lab/lab3/dct/hls_config.cfg(10)
Execute     add_files -tb E:/robot/project/FPGA/ZedBoard/HLS_lab/High-Level-Synthesis-Flow-on-Zynq-using-Vivado-HLS/source/lab3/in.dat 
INFO: [HLS 200-10] Adding test bench file 'E:/robot/project/FPGA/ZedBoard/HLS_lab/High-Level-Synthesis-Flow-on-Zynq-using-Vivado-HLS/source/lab3/in.dat' to the project
Execute     send_msg_by_id INFO @200-1465@%s 'tb.file=E:/robot/project/FPGA/ZedBoard/HLS_lab/High-Level-Synthesis-Flow-on-Zynq-using-Vivado-HLS/source/lab3/out.golden.dat' from E:/robot/project/FPGA/ZedBoard/HLS_lab/lab3/dct/hls_config.cfg(11) 
INFO: [HLS 200-1465] Applying ini 'tb.file=E:/robot/project/FPGA/ZedBoard/HLS_lab/High-Level-Synthesis-Flow-on-Zynq-using-Vivado-HLS/source/lab3/out.golden.dat' from E:/robot/project/FPGA/ZedBoard/HLS_lab/lab3/dct/hls_config.cfg(11)
Execute     add_files -tb E:/robot/project/FPGA/ZedBoard/HLS_lab/High-Level-Synthesis-Flow-on-Zynq-using-Vivado-HLS/source/lab3/out.golden.dat 
INFO: [HLS 200-10] Adding test bench file 'E:/robot/project/FPGA/ZedBoard/HLS_lab/High-Level-Synthesis-Flow-on-Zynq-using-Vivado-HLS/source/lab3/out.golden.dat' to the project
Execute     send_msg_by_id INFO @200-1465@%s 'syn.top=dct' from E:/robot/project/FPGA/ZedBoard/HLS_lab/lab3/dct/hls_config.cfg(7) 
INFO: [HLS 200-1465] Applying ini 'syn.top=dct' from E:/robot/project/FPGA/ZedBoard/HLS_lab/lab3/dct/hls_config.cfg(7)
Execute     set_top dct 
Execute     send_msg_by_id INFO @200-1465@%s 'flow_target=vivado' from E:/robot/project/FPGA/ZedBoard/HLS_lab/lab3/dct/hls_config.cfg(4) 
INFO: [HLS 200-1465] Applying ini 'flow_target=vivado' from E:/robot/project/FPGA/ZedBoard/HLS_lab/lab3/dct/hls_config.cfg(4)
Execute     send_msg_by_id INFO @200-1505@%s%s  vivado 
INFO: [HLS 200-1505] Using flow_target 'vivado'
Execute     send_msg_by_id INFO @200-1465@%s 'part=xc7z020clg484-1' from E:/robot/project/FPGA/ZedBoard/HLS_lab/lab3/dct/hls_config.cfg(1) 
INFO: [HLS 200-1465] Applying ini 'part=xc7z020clg484-1' from E:/robot/project/FPGA/ZedBoard/HLS_lab/lab3/dct/hls_config.cfg(1)
Execute     set_part xc7z020clg484-1 
Execute       create_platform xc7z020clg484-1 -board  
Command       create_platform done; 0.318 sec.
Execute       source E:/vivado/Vitis_HLS/2024.1/common/technology/xilinx/common/xilinx.gen 
Execute         source E:/vivado/Vitis_HLS/2024.1/common/technology/xilinx/interface/plb46.gen 
Execute         source E:/vivado/Vitis_HLS/2024.1/common/technology/xilinx/interface/axi4.gen 
Execute         source E:/vivado/Vitis_HLS/2024.1/common/technology/xilinx/interface/nativeAXI4.gen 
Execute           source E:/vivado/Vitis_HLS/2024.1/common/technology/xilinx/interface/saxilite.gen 
Execute         source E:/vivado/Vitis_HLS/2024.1/common/technology/xilinx/scripts/xilinxcoregen.gen 
Execute         source E:/vivado/Vitis_HLS/2024.1/common/technology/xilinx/interface/XilEDKCoreGen.gen 
Execute         source E:/vivado/Vitis_HLS/2024.1/common/technology/xilinx/ip/dds_compiler.gen 
Execute         source E:/vivado/Vitis_HLS/2024.1/common/technology/xilinx/ip/util.gen 
Execute         source E:/vivado/Vitis_HLS/2024.1/common/technology/xilinx/ip/xfft.gen 
Execute         source E:/vivado/Vitis_HLS/2024.1/common/technology/xilinx/ip/xfir.gen 
Execute         source E:/vivado/Vitis_HLS/2024.1/common/technology/xilinx/DSP48/dsp48.gen 
Command       ap_source done; 0.121 sec.
Execute       ap_part_info -name xc7z020-clg484-1 -data info 
Command       ap_part_info done; 0.134 sec.
Execute       config_compile -quiet -complex-mul-dsp=0 
Command     set_part done; 0.588 sec.
Execute     send_msg_by_id INFO @200-1465@%s 'clock=10ns' from E:/robot/project/FPGA/ZedBoard/HLS_lab/lab3/dct/hls_config.cfg(12) 
INFO: [HLS 200-1465] Applying ini 'clock=10ns' from E:/robot/project/FPGA/ZedBoard/HLS_lab/lab3/dct/hls_config.cfg(12)
Execute     create_clock -period 10ns 
Execute       ap_set_clock -name default -period 10 -unit ns -default=false 
INFO: [SYN 201-201] Setting up clock 'default' with a period of 10ns.
Execute     send_msg_by_id INFO @200-1465@%s 'csim.code_analyzer=1' from E:/robot/project/FPGA/ZedBoard/HLS_lab/lab3/dct/hls_config.cfg(13) 
INFO: [HLS 200-1465] Applying ini 'csim.code_analyzer=1' from E:/robot/project/FPGA/ZedBoard/HLS_lab/lab3/dct/hls_config.cfg(13)
Execute     config_csim -code_analyzer=1 
Execute     send_msg_by_id INFO @200-1465@%s 'package.output.format=ip_catalog' from E:/robot/project/FPGA/ZedBoard/HLS_lab/lab3/dct/hls_config.cfg(5) 
INFO: [HLS 200-1465] Applying ini 'package.output.format=ip_catalog' from E:/robot/project/FPGA/ZedBoard/HLS_lab/lab3/dct/hls_config.cfg(5)
Execute     config_export -format=ip_catalog 
Command   apply_ini done; 0.651 sec.
Execute   apply_ini E:/robot/project/FPGA/ZedBoard/HLS_lab/lab3/dct/dct/hls/config.cmdline 
Execute   cosim_design 
Execute     AP::app_get_file_relativeroot [AP::app_get_root] {}
Execute     AP::app_get_file_relativeroot [AP::app_get_root] {}
Execute     AP::app_get_file_relativeroot [AP::app_get_root] {}
Execute     source E:/robot/project/FPGA/ZedBoard/HLS_lab/lab3/dct/dct/hls/.autopilot/db/global.setting.tcl 
Execute     source E:/robot/project/FPGA/ZedBoard/HLS_lab/lab3/dct/dct/hls/.autopilot/db/global.setting.tcl 
Execute     source E:/robot/project/FPGA/ZedBoard/HLS_lab/lab3/dct/dct/hls/.autopilot/db/global.setting.tcl 
INFO-FLOW: DBG:PUTS: read_platform_lib E:/robot/project/FPGA/ZedBoard/HLS_lab/lab3/dct/dct/hls/.autopilot/db/global.setting.tcl
Execute     source E:/vivado/Vitis_HLS/2024.1/common/technology/generic/autopilot/common.gen 
Execute       source E:/vivado/Vitis_HLS/2024.1/common/technology/generic/autopilot/APCoreGen.gen 
Execute     source E:/vivado/Vitis_HLS/2024.1/common/technology/generic/autopilot/op.gen 
Execute     source E:/vivado/Vitis_HLS/2024.1/common/technology/generic/autopilot/op_simcore.gen 
Execute     source E:/vivado/Vitis_HLS/2024.1/common/technology/generic/autopilot/interface.gen 
Execute     source E:/robot/project/FPGA/ZedBoard/HLS_lab/lab3/dct/dct/hls/.autopilot/db/global.setting.tcl 
Execute     source E:/vivado/Vitis_HLS/2024.1/common/technology/xilinx/common/xilinx.gen 
Execute       source E:/vivado/Vitis_HLS/2024.1/common/technology/xilinx/interface/plb46.gen 
Execute       source E:/vivado/Vitis_HLS/2024.1/common/technology/xilinx/interface/axi4.gen 
Execute       source E:/vivado/Vitis_HLS/2024.1/common/technology/xilinx/interface/nativeAXI4.gen 
Execute         source E:/vivado/Vitis_HLS/2024.1/common/technology/xilinx/interface/saxilite.gen 
Execute       source E:/vivado/Vitis_HLS/2024.1/common/technology/xilinx/scripts/xilinxcoregen.gen 
Execute       source E:/vivado/Vitis_HLS/2024.1/common/technology/xilinx/interface/XilEDKCoreGen.gen 
Execute       source E:/vivado/Vitis_HLS/2024.1/common/technology/xilinx/ip/dds_compiler.gen 
Execute       source E:/vivado/Vitis_HLS/2024.1/common/technology/xilinx/ip/util.gen 
Execute       source E:/vivado/Vitis_HLS/2024.1/common/technology/xilinx/ip/xfft.gen 
Execute       source E:/vivado/Vitis_HLS/2024.1/common/technology/xilinx/ip/xfir.gen 
Execute       source E:/vivado/Vitis_HLS/2024.1/common/technology/xilinx/DSP48/dsp48.gen 
Command     ap_source done; 0.139 sec.
INFO-FLOW: DBG:PUTS:   using AESL_AUTOCG::g_clock_period=10.000 (was NA)
Execute     ap_part_info -name xc7z020-clg484-1 -data names -quiet 
Execute     ap_part_info -name xc7z020-clg484-1 -data info -quiet 
Command     ap_part_info done; 0.107 sec.
Execute     source E:/robot/project/FPGA/ZedBoard/HLS_lab/lab3/dct/dct/hls/.autopilot/db/global.setting.tcl 
Execute     source E:/robot/project/FPGA/ZedBoard/HLS_lab/lab3/dct/dct/hls/.autopilot/db/dct.rtl_wrap.cfg.tcl 
Execute     source E:/robot/project/FPGA/ZedBoard/HLS_lab/lab3/dct/dct/hls/.autopilot/db/dct.tbgen.tcl 
Execute     source E:/robot/project/FPGA/ZedBoard/HLS_lab/lab3/dct/dct/hls/.autopilot/db/dct.tbgen.tcl 
Execute     source E:/robot/project/FPGA/ZedBoard/HLS_lab/lab3/dct/dct/hls/.autopilot/db/dct.tbgen.tcl 
Execute     source E:/robot/project/FPGA/ZedBoard/HLS_lab/lab3/dct/dct/hls/.autopilot/db/dct.tbgen.tcl 
INFO: [COSIM 212-47] Using XSIM for RTL simulation.
INFO: [COSIM 212-14] Instrumenting C test bench ...
Execute     ap_part_info -name xc7z020-clg484-1 -data info 
Command     ap_part_info done; 0.128 sec.
INFO-FLOW: run_clang exec: E:/vivado/Vitis_HLS/2024.1/vcxx/libexec/clang -fno-builtin-isinf -fno-builtin-isnan -E -Wno-unknown-pragmas -Wno-unknown-pragmas -DGCC_COMPATIBLE_APINT -DAESL_TB -D__HLS_COSIM__ -D__VITIS_HLS__ -D__USE_XOPEN2K8 -I E:/vivado/Vitis_HLS/2024.1/include -I include E:/robot/project/FPGA/ZedBoard/HLS_lab/High-Level-Synthesis-Flow-on-Zynq-using-Vivado-HLS/source/lab3/dct_test.c -o E:/robot/project/FPGA/ZedBoard/HLS_lab/lab3/dct/dct/hls/./sim/autowrap/testbench/dct_test.c_pre.c -std=gnu99 -D__DSP48E1__ --sysroot=E:/vivado/Vitis_HLS/2024.1/tps/mingw/10.0.0/win64.o/nt > E:/robot/project/FPGA/ZedBoard/HLS_lab/lab3/dct/dct/hls/.autopilot/db/dct_test.c.clang.autosim-tb.out.log 2> E:/robot/project/FPGA/ZedBoard/HLS_lab/lab3/dct/dct/hls/.autopilot/db/dct_test.c.clang.autosim-tb.err.log
INFO-FLOW: TB processing: E:/robot/project/FPGA/ZedBoard/HLS_lab/High-Level-Synthesis-Flow-on-Zynq-using-Vivado-HLS/source/lab3/dct_test.c E:/robot/project/FPGA/ZedBoard/HLS_lab/lab3/dct/dct/hls/./sim/autowrap/testbench/dct_test.c_pre.c
Execute     clang_tidy xilinx-tb-process -desc tb-process E:/robot/project/FPGA/ZedBoard/HLS_lab/lab3/dct/dct/hls/./sim/autowrap/testbench/dct_test.c_pre.c.tb.c std=gnu99 
INFO-FLOW: exec E:/vivado/Vitis_HLS/2024.1/win64/tools/clang-3.9-csynth/bin/clang-tidy -header-filter=.* --checks=-*,xilinx-tb-process -fix-errors E:/robot/project/FPGA/ZedBoard/HLS_lab/lab3/dct/dct/hls/./sim/autowrap/testbench/dct_test.c_pre.c.tb.c -- -std=gnu99 -fhls -ferror-limit=0
Command     clang_tidy done; 0.326 sec.
Execute     ap_part_info -name xc7z020-clg484-1 -data info 
Command     ap_part_info done; 0.136 sec.
INFO-FLOW: run_clang exec: E:/vivado/Vitis_HLS/2024.1/vcxx/libexec/clang -fno-builtin-isinf -fno-builtin-isnan -E -DGCC_COMPATIBLE_APINT -DAESL_TB -D__HLS_COSIM__ -D__VITIS_HLS__ -D__USE_XOPEN2K8 -I E:/vivado/Vitis_HLS/2024.1/include -I include E:/robot/project/FPGA/ZedBoard/HLS_lab/High-Level-Synthesis-Flow-on-Zynq-using-Vivado-HLS/source/lab3/dct.c -o E:/robot/project/FPGA/ZedBoard/HLS_lab/lab3/dct/dct/hls/./sim/autowrap/testbench/dct.c_pre.c -std=gnu99 -D__DSP48E1__ --sysroot=E:/vivado/Vitis_HLS/2024.1/tps/mingw/10.0.0/win64.o/nt > E:/robot/project/FPGA/ZedBoard/HLS_lab/lab3/dct/dct/hls/.autopilot/db/dct.c.clang.autosim-tb.out.log 2> E:/robot/project/FPGA/ZedBoard/HLS_lab/lab3/dct/dct/hls/.autopilot/db/dct.c.clang.autosim-tb.err.log
INFO-FLOW: TB processing: E:/robot/project/FPGA/ZedBoard/HLS_lab/High-Level-Synthesis-Flow-on-Zynq-using-Vivado-HLS/source/lab3/dct.c E:/robot/project/FPGA/ZedBoard/HLS_lab/lab3/dct/dct/hls/./sim/autowrap/testbench/dct.c_pre.c
Execute     clang_tidy xilinx-tb-process -desc tb-process E:/robot/project/FPGA/ZedBoard/HLS_lab/lab3/dct/dct/hls/./sim/autowrap/testbench/dct.c_pre.c.tb.c std=gnu99 
INFO-FLOW: exec E:/vivado/Vitis_HLS/2024.1/win64/tools/clang-3.9-csynth/bin/clang-tidy -header-filter=.* --checks=-*,xilinx-tb-process -fix-errors E:/robot/project/FPGA/ZedBoard/HLS_lab/lab3/dct/dct/hls/./sim/autowrap/testbench/dct.c_pre.c.tb.c -- -std=gnu99 -fhls -ferror-limit=0
Execute     source E:/robot/project/FPGA/ZedBoard/HLS_lab/lab3/dct/dct/hls/.autopilot/db/global.setting.tcl 
Execute     source E:/robot/project/FPGA/ZedBoard/HLS_lab/lab3/dct/dct/hls/.autopilot/db/dct.rtl_wrap.cfg.tcl 
Execute     source E:/robot/project/FPGA/ZedBoard/HLS_lab/lab3/dct/dct/hls/.autopilot/db/dct.rtl_wrap.cfg.tcl 
Execute     source E:/robot/project/FPGA/ZedBoard/HLS_lab/lab3/dct/dct/hls/.autopilot/db/dct.rtl_wrap.cfg.tcl 
Execute     source E:/robot/project/FPGA/ZedBoard/HLS_lab/lab3/dct/dct/hls/.autopilot/db/dct.tbgen.tcl 
Execute     source E:/robot/project/FPGA/ZedBoard/HLS_lab/lab3/dct/dct/hls/.autopilot/db/dct.tbgen.tcl 
Execute     source E:/robot/project/FPGA/ZedBoard/HLS_lab/lab3/dct/dct/hls/.autopilot/db/dct.tbgen.tcl 
Execute     ap_part_info -name xc7z020-clg484-1 -data info 
Command     ap_part_info done; 0.103 sec.
Execute     source .run_sim.tcl 
INFO: [COSIM 212-302] Starting C TB testing ... 
Command     ap_source done; 0.371 sec.
INFO: [COSIM 212-333] Generating C post check test bench ...
INFO: [COSIM 212-12] Generating RTL test bench ...
Execute     source ../tv/cdatafile/ref.tcl 
Execute     source E:/robot/project/FPGA/ZedBoard/HLS_lab/lab3/dct/dct/hls/.autopilot/db/dct.tbgen.tcl 
Execute     source E:/robot/project/FPGA/ZedBoard/HLS_lab/lab3/dct/dct/hls/.autopilot/db/dct.tbgen.tcl 
Execute     source E:/robot/project/FPGA/ZedBoard/HLS_lab/lab3/dct/dct/hls/.autopilot/db/dct.tbgen.tcl 
Execute     source E:/robot/project/FPGA/ZedBoard/HLS_lab/lab3/dct/dct/hls/.autopilot/db/dct.tbgen.tcl 
Execute     source ../tv/cdatafile/ref.tcl 
Execute     source E:/robot/project/FPGA/ZedBoard/HLS_lab/lab3/dct/dct/hls/.autopilot/db/dct.tbgen.tcl 
Execute     source E:/robot/project/FPGA/ZedBoard/HLS_lab/lab3/dct/dct/hls/.autopilot/db/dct.tbgen.tcl 
Execute     source E:/robot/project/FPGA/ZedBoard/HLS_lab/lab3/dct/dct/hls/.autopilot/db/dct.tbgen.tcl 
Execute     source E:/robot/project/FPGA/ZedBoard/HLS_lab/lab3/dct/dct/hls/.autopilot/db/dct.tbgen.tcl 
Execute     source E:/robot/project/FPGA/ZedBoard/HLS_lab/lab3/dct/dct/hls/.autopilot/db/dct.tbgen.tcl 
Execute     source E:/robot/project/FPGA/ZedBoard/HLS_lab/lab3/dct/dct/hls/.autopilot/db/dct.tbgen.tcl 
Execute     source E:/robot/project/FPGA/ZedBoard/HLS_lab/lab3/dct/dct/hls/.autopilot/db/dct.tbgen.tcl 
Execute     source E:/robot/project/FPGA/ZedBoard/HLS_lab/lab3/dct/dct/hls/.autopilot/db/dct.tbgen.tcl 
Execute     source E:/robot/project/FPGA/ZedBoard/HLS_lab/lab3/dct/dct/hls/.autopilot/db/dct.tbgen.tcl 
Execute     source E:/robot/project/FPGA/ZedBoard/HLS_lab/lab3/dct/dct/hls/.autopilot/db/dct.tbgen.tcl 
Execute     source E:/robot/project/FPGA/ZedBoard/HLS_lab/lab3/dct/dct/hls/.autopilot/db/dct.tbgen.tcl 
Execute     source E:/robot/project/FPGA/ZedBoard/HLS_lab/lab3/dct/dct/hls/.autopilot/db/dct.DependenceCheck.tcl 
Execute     source E:/robot/project/FPGA/ZedBoard/HLS_lab/lab3/dct/dct/hls/.autopilot/db/dct.tbgen.tcl 
INFO: [COSIM 212-1] *** C/RTL co-simulation file generation completed. ***
Execute     source .run_sim.tcl 
Execute       source check_sim.tcl 
Execute       source dataflow_monitor_API.tcl 
Execute       source .sim.status.tcl 
INFO: [COSIM 212-323] Starting verilog simulation. 
INFO: [COSIM 212-15] Starting XSIM ...
INFO: [COSIM 212-316] Starting C post checking ...
Command     ap_source done; 22.105 sec.
INFO: [COSIM 212-1000] *** C/RTL co-simulation finished: PASS ***
INFO: [COSIM 212-211] II is measurable only when transaction number is greater than 1 in RTL simulation. Otherwise, they will be marked as all NA. If user wants to calculate them, please make sure there are at least 2 transactions in RTL simulation.
Command   cosim_design done; 37.591 sec.
Execute   close_project 
Execute     close_solution 
Execute       cleanup_all 
Execute       cleanup_all 
INFO-FLOW: Workspace E:/robot/project/FPGA/ZedBoard/HLS_lab/lab3/dct/dct/hls opened at Wed Oct 30 16:29:16 +0800 2024
Execute     source E:/robot/project/FPGA/ZedBoard/HLS_lab/lab3/dct/dct/hls/.autopilot/db/global.setting.tcl 
Execute     set_part xc7z020-clg484-1 
Execute       create_platform xc7z020-clg484-1 -board  
DBG:HLSDevice: Trying to load device library: E:/vivado\Vitis_HLS\2024.1\lib\win64.o\xv_hlsvwrap.dll
DBG:HLSDevice: first parts/arch.xml in RDI_DATADIR: E:/vivado/Vivado/2024.1/data/parts/arch.xml
DBG:HLSDevice: init success
INFO: [HLS 200-1611] Setting target device to 'xc7z020-clg484-1'
Command       create_platform done; 2.572 sec.
Execute       source E:/vivado/Vitis_HLS/2024.1/common/technology/xilinx/common/xilinx.gen 
Execute         source E:/vivado/Vitis_HLS/2024.1/common/technology/xilinx/interface/plb46.gen 
Execute         source E:/vivado/Vitis_HLS/2024.1/common/technology/xilinx/interface/axi4.gen 
Execute         source E:/vivado/Vitis_HLS/2024.1/common/technology/xilinx/interface/nativeAXI4.gen 
Execute           source E:/vivado/Vitis_HLS/2024.1/common/technology/xilinx/interface/saxilite.gen 
Execute         source E:/vivado/Vitis_HLS/2024.1/common/technology/xilinx/scripts/xilinxcoregen.gen 
Execute         source E:/vivado/Vitis_HLS/2024.1/common/technology/xilinx/interface/XilEDKCoreGen.gen 
Execute         source E:/vivado/Vitis_HLS/2024.1/common/technology/xilinx/ip/dds_compiler.gen 
Execute         source E:/vivado/Vitis_HLS/2024.1/common/technology/xilinx/ip/util.gen 
Execute         source E:/vivado/Vitis_HLS/2024.1/common/technology/xilinx/ip/xfft.gen 
Execute         source E:/vivado/Vitis_HLS/2024.1/common/technology/xilinx/ip/xfir.gen 
Execute         source E:/vivado/Vitis_HLS/2024.1/common/technology/xilinx/DSP48/dsp48.gen 
Command       ap_source done; 0.125 sec.
Execute       ap_part_info -name xc7z020-clg484-1 -data info 
Command       ap_part_info done; 0.112 sec.
Execute       config_compile -quiet -complex-mul-dsp=0 
Command     set_part done; 2.814 sec.
Execute     send_msg_by_id INFO @200-1505@%s%s default  vivado 
INFO: [HLS 200-1505] Using default flow_target 'vivado'
Command   open_solution done; 2.85 sec.
Execute   apply_ini E:/robot/project/FPGA/ZedBoard/HLS_lab/lab3/dct/hls_config.cfg 
Execute     send_msg_by_id INFO @200-1465@%s 'syn.file=E:/robot/project/FPGA/ZedBoard/HLS_lab/High-Level-Synthesis-Flow-on-Zynq-using-Vivado-HLS/source/lab3/dct.c' from E:/robot/project/FPGA/ZedBoard/HLS_lab/lab3/dct/hls_config.cfg(8) 
INFO: [HLS 200-1465] Applying ini 'syn.file=E:/robot/project/FPGA/ZedBoard/HLS_lab/High-Level-Synthesis-Flow-on-Zynq-using-Vivado-HLS/source/lab3/dct.c' from E:/robot/project/FPGA/ZedBoard/HLS_lab/lab3/dct/hls_config.cfg(8)
Execute     add_files E:/robot/project/FPGA/ZedBoard/HLS_lab/High-Level-Synthesis-Flow-on-Zynq-using-Vivado-HLS/source/lab3/dct.c 
INFO: [HLS 200-10] Adding design file 'E:/robot/project/FPGA/ZedBoard/HLS_lab/High-Level-Synthesis-Flow-on-Zynq-using-Vivado-HLS/source/lab3/dct.c' to the project
Execute     send_msg_by_id INFO @200-1465@%s 'tb.file=E:/robot/project/FPGA/ZedBoard/HLS_lab/High-Level-Synthesis-Flow-on-Zynq-using-Vivado-HLS/source/lab3/dct_test.c' from E:/robot/project/FPGA/ZedBoard/HLS_lab/lab3/dct/hls_config.cfg(9) 
INFO: [HLS 200-1465] Applying ini 'tb.file=E:/robot/project/FPGA/ZedBoard/HLS_lab/High-Level-Synthesis-Flow-on-Zynq-using-Vivado-HLS/source/lab3/dct_test.c' from E:/robot/project/FPGA/ZedBoard/HLS_lab/lab3/dct/hls_config.cfg(9)
Execute     add_files -tb E:/robot/project/FPGA/ZedBoard/HLS_lab/High-Level-Synthesis-Flow-on-Zynq-using-Vivado-HLS/source/lab3/dct_test.c 
INFO: [HLS 200-10] Adding test bench file 'E:/robot/project/FPGA/ZedBoard/HLS_lab/High-Level-Synthesis-Flow-on-Zynq-using-Vivado-HLS/source/lab3/dct_test.c' to the project
Execute     send_msg_by_id INFO @200-1465@%s 'tb.file=E:/robot/project/FPGA/ZedBoard/HLS_lab/High-Level-Synthesis-Flow-on-Zynq-using-Vivado-HLS/source/lab3/in.dat' from E:/robot/project/FPGA/ZedBoard/HLS_lab/lab3/dct/hls_config.cfg(10) 
INFO: [HLS 200-1465] Applying ini 'tb.file=E:/robot/project/FPGA/ZedBoard/HLS_lab/High-Level-Synthesis-Flow-on-Zynq-using-Vivado-HLS/source/lab3/in.dat' from E:/robot/project/FPGA/ZedBoard/HLS_lab/lab3/dct/hls_config.cfg(10)
Execute     add_files -tb E:/robot/project/FPGA/ZedBoard/HLS_lab/High-Level-Synthesis-Flow-on-Zynq-using-Vivado-HLS/source/lab3/in.dat 
INFO: [HLS 200-10] Adding test bench file 'E:/robot/project/FPGA/ZedBoard/HLS_lab/High-Level-Synthesis-Flow-on-Zynq-using-Vivado-HLS/source/lab3/in.dat' to the project
Execute     send_msg_by_id INFO @200-1465@%s 'tb.file=E:/robot/project/FPGA/ZedBoard/HLS_lab/High-Level-Synthesis-Flow-on-Zynq-using-Vivado-HLS/source/lab3/out.golden.dat' from E:/robot/project/FPGA/ZedBoard/HLS_lab/lab3/dct/hls_config.cfg(11) 
INFO: [HLS 200-1465] Applying ini 'tb.file=E:/robot/project/FPGA/ZedBoard/HLS_lab/High-Level-Synthesis-Flow-on-Zynq-using-Vivado-HLS/source/lab3/out.golden.dat' from E:/robot/project/FPGA/ZedBoard/HLS_lab/lab3/dct/hls_config.cfg(11)
Execute     add_files -tb E:/robot/project/FPGA/ZedBoard/HLS_lab/High-Level-Synthesis-Flow-on-Zynq-using-Vivado-HLS/source/lab3/out.golden.dat 
INFO: [HLS 200-10] Adding test bench file 'E:/robot/project/FPGA/ZedBoard/HLS_lab/High-Level-Synthesis-Flow-on-Zynq-using-Vivado-HLS/source/lab3/out.golden.dat' to the project
Execute     send_msg_by_id INFO @200-1465@%s 'syn.top=dct' from E:/robot/project/FPGA/ZedBoard/HLS_lab/lab3/dct/hls_config.cfg(7) 
INFO: [HLS 200-1465] Applying ini 'syn.top=dct' from E:/robot/project/FPGA/ZedBoard/HLS_lab/lab3/dct/hls_config.cfg(7)
Execute     set_top dct 
Execute     send_msg_by_id INFO @200-1465@%s 'flow_target=vivado' from E:/robot/project/FPGA/ZedBoard/HLS_lab/lab3/dct/hls_config.cfg(4) 
INFO: [HLS 200-1465] Applying ini 'flow_target=vivado' from E:/robot/project/FPGA/ZedBoard/HLS_lab/lab3/dct/hls_config.cfg(4)
Execute     send_msg_by_id INFO @200-1505@%s%s  vivado 
INFO: [HLS 200-1505] Using flow_target 'vivado'
Execute     send_msg_by_id INFO @200-1465@%s 'part=xc7z020clg484-1' from E:/robot/project/FPGA/ZedBoard/HLS_lab/lab3/dct/hls_config.cfg(1) 
INFO: [HLS 200-1465] Applying ini 'part=xc7z020clg484-1' from E:/robot/project/FPGA/ZedBoard/HLS_lab/lab3/dct/hls_config.cfg(1)
Execute     set_part xc7z020clg484-1 
Execute       create_platform xc7z020clg484-1 -board  
Command       create_platform done; 0.271 sec.
Execute       source E:/vivado/Vitis_HLS/2024.1/common/technology/xilinx/common/xilinx.gen 
Execute         source E:/vivado/Vitis_HLS/2024.1/common/technology/xilinx/interface/plb46.gen 
Execute         source E:/vivado/Vitis_HLS/2024.1/common/technology/xilinx/interface/axi4.gen 
Execute         source E:/vivado/Vitis_HLS/2024.1/common/technology/xilinx/interface/nativeAXI4.gen 
Execute           source E:/vivado/Vitis_HLS/2024.1/common/technology/xilinx/interface/saxilite.gen 
Execute         source E:/vivado/Vitis_HLS/2024.1/common/technology/xilinx/scripts/xilinxcoregen.gen 
Execute         source E:/vivado/Vitis_HLS/2024.1/common/technology/xilinx/interface/XilEDKCoreGen.gen 
Execute         source E:/vivado/Vitis_HLS/2024.1/common/technology/xilinx/ip/dds_compiler.gen 
Execute         source E:/vivado/Vitis_HLS/2024.1/common/technology/xilinx/ip/util.gen 
Execute         source E:/vivado/Vitis_HLS/2024.1/common/technology/xilinx/ip/xfft.gen 
Execute         source E:/vivado/Vitis_HLS/2024.1/common/technology/xilinx/ip/xfir.gen 
Execute         source E:/vivado/Vitis_HLS/2024.1/common/technology/xilinx/DSP48/dsp48.gen 
Execute       ap_part_info -name xc7z020-clg484-1 -data info 
Command       ap_part_info done; 0.113 sec.
Execute       config_compile -quiet -complex-mul-dsp=0 
Command     set_part done; 0.484 sec.
Execute     send_msg_by_id INFO @200-1465@%s 'clock=10ns' from E:/robot/project/FPGA/ZedBoard/HLS_lab/lab3/dct/hls_config.cfg(12) 
INFO: [HLS 200-1465] Applying ini 'clock=10ns' from E:/robot/project/FPGA/ZedBoard/HLS_lab/lab3/dct/hls_config.cfg(12)
Execute     create_clock -period 10ns 
Execute       ap_set_clock -name default -period 10 -unit ns -default=false 
INFO: [SYN 201-201] Setting up clock 'default' with a period of 10ns.
Execute     send_msg_by_id INFO @200-1465@%s 'cosim.trace_level=all' from E:/robot/project/FPGA/ZedBoard/HLS_lab/lab3/dct/hls_config.cfg(14) 
INFO: [HLS 200-1465] Applying ini 'cosim.trace_level=all' from E:/robot/project/FPGA/ZedBoard/HLS_lab/lab3/dct/hls_config.cfg(14)
Execute     config_cosim -trace_level=all 
Execute     send_msg_by_id INFO @200-1465@%s 'csim.code_analyzer=1' from E:/robot/project/FPGA/ZedBoard/HLS_lab/lab3/dct/hls_config.cfg(13) 
INFO: [HLS 200-1465] Applying ini 'csim.code_analyzer=1' from E:/robot/project/FPGA/ZedBoard/HLS_lab/lab3/dct/hls_config.cfg(13)
Execute     config_csim -code_analyzer=1 
Execute     send_msg_by_id INFO @200-1465@%s 'package.output.format=ip_catalog' from E:/robot/project/FPGA/ZedBoard/HLS_lab/lab3/dct/hls_config.cfg(5) 
INFO: [HLS 200-1465] Applying ini 'package.output.format=ip_catalog' from E:/robot/project/FPGA/ZedBoard/HLS_lab/lab3/dct/hls_config.cfg(5)
Execute     config_export -format=ip_catalog 
Command   apply_ini done; 0.553 sec.
Execute   apply_ini E:/robot/project/FPGA/ZedBoard/HLS_lab/lab3/dct/dct/hls/config.cmdline 
Execute   export_design -flow none 
Execute     AP::app_get_file_relativeroot [AP::app_get_root] {}
Execute     AP::app_get_file_relativeroot [AP::app_get_root] {}
Execute     AP::app_get_file_relativeroot [AP::app_get_root] {}
Execute     AP::get_vpp_package_output_file
Execute     config_export -flow=none 
INFO-FLOW: DBG:PUTS: export_design_wrap: -format ip_catalog -rtl verilog
Execute     source E:/robot/project/FPGA/ZedBoard/HLS_lab/lab3/dct/dct/hls/.autopilot/db/global.setting.tcl 
INFO-FLOW: DBG:PUTS:   auto_impl: pack: -export -rtl verilog
INFO-FLOW: DBG:PROC: ::AESL_AUTOIMPL::auto_impl args='-export -rtl verilog'
Execute     source E:/robot/project/FPGA/ZedBoard/HLS_lab/lab3/dct/dct/hls/.autopilot/db/global.setting.tcl 
INFO: [IMPL 213-8] Exporting RTL as a Vivado IP.
INFO-FLOW: DBG:PUTS: automg_wrap -export -pcore_version 1.00.a -rtl vlog -tool Vivado -impltomg_flag
INFO-FLOW: DBG:PROC: ::AESL_AUTOMG::auto_generate args='-export -pcore_version 1.00.a -rtl vlog -tool Vivado -impltomg_flag'
INFO-FLOW: DBG:PUTS:     auto_generate -export -pcore_version 1.00.a -rtl vlog -tool Vivado -impltomg_flag
Execute     source E:/robot/project/FPGA/ZedBoard/HLS_lab/lab3/dct/dct/hls/.autopilot/db/global.setting.tcl 
INFO-FLOW: DBG:PUTS: read_platform_lib E:/robot/project/FPGA/ZedBoard/HLS_lab/lab3/dct/dct/hls/.autopilot/db/global.setting.tcl
Execute     source E:/vivado/Vitis_HLS/2024.1/common/technology/generic/autopilot/common.gen 
Execute       source E:/vivado/Vitis_HLS/2024.1/common/technology/generic/autopilot/APCoreGen.gen 
Execute     source E:/vivado/Vitis_HLS/2024.1/common/technology/generic/autopilot/op.gen 
Execute     source E:/vivado/Vitis_HLS/2024.1/common/technology/generic/autopilot/op_simcore.gen 
Execute     source E:/vivado/Vitis_HLS/2024.1/common/technology/generic/autopilot/interface.gen 
Execute     source E:/robot/project/FPGA/ZedBoard/HLS_lab/lab3/dct/dct/hls/.autopilot/db/global.setting.tcl 
Execute     source E:/vivado/Vitis_HLS/2024.1/common/technology/xilinx/common/xilinx.gen 
Execute       source E:/vivado/Vitis_HLS/2024.1/common/technology/xilinx/interface/plb46.gen 
Execute       source E:/vivado/Vitis_HLS/2024.1/common/technology/xilinx/interface/axi4.gen 
Execute       source E:/vivado/Vitis_HLS/2024.1/common/technology/xilinx/interface/nativeAXI4.gen 
Execute         source E:/vivado/Vitis_HLS/2024.1/common/technology/xilinx/interface/saxilite.gen 
Execute       source E:/vivado/Vitis_HLS/2024.1/common/technology/xilinx/scripts/xilinxcoregen.gen 
Execute       source E:/vivado/Vitis_HLS/2024.1/common/technology/xilinx/interface/XilEDKCoreGen.gen 
Execute       source E:/vivado/Vitis_HLS/2024.1/common/technology/xilinx/ip/dds_compiler.gen 
Execute       source E:/vivado/Vitis_HLS/2024.1/common/technology/xilinx/ip/util.gen 
Execute       source E:/vivado/Vitis_HLS/2024.1/common/technology/xilinx/ip/xfft.gen 
Execute       source E:/vivado/Vitis_HLS/2024.1/common/technology/xilinx/ip/xfir.gen 
Execute       source E:/vivado/Vitis_HLS/2024.1/common/technology/xilinx/DSP48/dsp48.gen 
INFO-FLOW: DBG:PUTS:   using AESL_AUTOCG::g_clock_period=10.000 (was NA)
INFO-FLOW: DBG:PUTS:       initCTypeInfo top_module=dct xml_exists=0
Execute     source E:/robot/project/FPGA/ZedBoard/HLS_lab/lab3/dct/dct/hls/.autopilot/db/dct.rtl_wrap.cfg.tcl 
Execute     source E:/robot/project/FPGA/ZedBoard/HLS_lab/lab3/dct/dct/hls/.autopilot/db/dct.rtl_wrap.cfg.tcl 
Execute     source E:/robot/project/FPGA/ZedBoard/HLS_lab/lab3/dct/dct/hls/.autopilot/db/dct.rtl_wrap.cfg.tcl 
Execute     source E:/robot/project/FPGA/ZedBoard/HLS_lab/lab3/dct/dct/hls/.autopilot/db/dct.tbgen.tcl 
Execute     source E:/robot/project/FPGA/ZedBoard/HLS_lab/lab3/dct/dct/hls/.autopilot/db/dct.tbgen.tcl 
Execute     source E:/robot/project/FPGA/ZedBoard/HLS_lab/lab3/dct/dct/hls/.autopilot/db/dct.tbgen.tcl 
Execute     source E:/robot/project/FPGA/ZedBoard/HLS_lab/lab3/dct/dct/hls/.autopilot/db/global.setting.tcl 
Execute     source E:/robot/project/FPGA/ZedBoard/HLS_lab/lab3/dct/dct/hls/.autopilot/db/dct.tbgen.tcl 
INFO-FLOW: DBG:PUTS:       cosim_export_main adding deadlock detection to dct
INFO-FLOW: DBG:PUTS:       generate_datafile_ip_script ip_types={vitis sysgen} #gSsdmPorts=0
INFO-FLOW: DBG:PUTS: Skipping loadAnalyze_DB, #g_database=2
INFO-FLOW: DBG:PUTS:       generate_json generate_bd_files=0 generate_xo_files=false #modelList=28 #gSsdmPorts=0
INFO-FLOW: DBG:PROC: ::AP::DESIGN_DATA::generate_json generate_bd_files='0' generate_xo_files='false' modelList='dct_flow_control_loop_pipe_sequential_init
dct_mul_15s_16s_29_1_1
dct_mul_14ns_16s_29_1_1
dct_mac_muladd_16s_15s_13ns_29_4_1
dct_mac_muladd_16s_15s_29s_29_4_1
dct_mac_muladd_16s_15s_29ns_29_4_1
dct_flow_control_loop_pipe_sequential_init
dct_flow_control_loop_pipe_sequential_init
dct_flow_control_loop_pipe_sequential_init
dct_flow_control_loop_pipe_sequential_init
dct_flow_control_loop_pipe_sequential_init
dct_dct_1d_dct_coeff_table_0_ROM_AUTO_1R
dct_dct_1d_dct_coeff_table_1_ROM_AUTO_1R
dct_dct_1d_dct_coeff_table_2_ROM_AUTO_1R
dct_dct_1d_dct_coeff_table_3_ROM_AUTO_1R
dct_dct_1d_dct_coeff_table_4_ROM_AUTO_1R
dct_dct_1d_dct_coeff_table_5_ROM_AUTO_1R
dct_dct_1d_dct_coeff_table_6_ROM_AUTO_1R
dct_dct_1d_dct_coeff_table_7_ROM_AUTO_1R
dct_row_outbuf_RAM_AUTO_1R1W
dct_col_inbuf_RAM_AUTO_1R1W
dct_Pipeline_RD_Loop_Row_RD_Loop_Col
dct_Pipeline_Row_DCT_Loop_DCT_Outer_Loop
dct_Pipeline_Xpose_Row_Outer_Loop_Xpose_Row_Inner_Loop
dct_Pipeline_Col_DCT_Loop_DCT_Outer_Loop
dct_Pipeline_Xpose_Col_Outer_Loop_Xpose_Col_Inner_Loop
dct_Pipeline_WR_Loop_Row_WR_Loop_Col
dct
' rtl_lang='vlog' bootstrap_tcl='false' outdir='' outfilename=''
Execute     source E:/vivado/Vitis_HLS/2024.1/tps/tcl/tcllib1.11.1/yaml/huddle.tcl 
Execute     source E:/vivado/Vitis_HLS/2024.1/tps/tcl/tcllib1.11.1/yaml/json2huddle.tcl 
Execute     source E:/robot/project/FPGA/ZedBoard/HLS_lab/lab3/dct/dct/hls/.autopilot/db/global.setting.tcl 
Execute     source E:/robot/project/FPGA/ZedBoard/HLS_lab/lab3/dct/dct/hls/.autopilot/db/global.setting.tcl 
Execute     source E:/robot/project/FPGA/ZedBoard/HLS_lab/lab3/dct/dct/hls/.autopilot/db/top-io-be.tcl 
Execute     source E:/robot/project/FPGA/ZedBoard/HLS_lab/lab3/dct/dct/hls/.autopilot/db/dct.tbgen.tcl 
Execute     source E:/robot/project/FPGA/ZedBoard/HLS_lab/lab3/dct/dct/hls/.autopilot/db/dct.rtl_wrap.cfg.tcl 
Execute     source E:/robot/project/FPGA/ZedBoard/HLS_lab/lab3/dct/dct/hls/.autopilot/db/dct.compgen.dataonly.tcl 
Execute     source E:/robot/project/FPGA/ZedBoard/HLS_lab/lab3/dct/dct/hls/.autopilot/db/dct_Pipeline_RD_Loop_Row_RD_Loop_Col.tbgen.tcl 
Execute     source E:/robot/project/FPGA/ZedBoard/HLS_lab/lab3/dct/dct/hls/.autopilot/db/dct_Pipeline_Row_DCT_Loop_DCT_Outer_Loop.tbgen.tcl 
Execute     source E:/robot/project/FPGA/ZedBoard/HLS_lab/lab3/dct/dct/hls/.autopilot/db/dct_Pipeline_Xpose_Row_Outer_Loop_Xpose_Row_Inner_Loop.tbgen.tcl 
Execute     source E:/robot/project/FPGA/ZedBoard/HLS_lab/lab3/dct/dct/hls/.autopilot/db/dct_Pipeline_Col_DCT_Loop_DCT_Outer_Loop.tbgen.tcl 
Execute     source E:/robot/project/FPGA/ZedBoard/HLS_lab/lab3/dct/dct/hls/.autopilot/db/dct_Pipeline_Xpose_Col_Outer_Loop_Xpose_Col_Inner_Loop.tbgen.tcl 
Execute     source E:/robot/project/FPGA/ZedBoard/HLS_lab/lab3/dct/dct/hls/.autopilot/db/dct_Pipeline_WR_Loop_Row_WR_Loop_Col.tbgen.tcl 
Execute     source E:/robot/project/FPGA/ZedBoard/HLS_lab/lab3/dct/dct/hls/.autopilot/db/dct.tbgen.tcl 
Execute     source E:/robot/project/FPGA/ZedBoard/HLS_lab/lab3/dct/dct/hls/.autopilot/db/global.setting.tcl 
Execute     ap_part_info -name xc7z020-clg484-1 -data names -quiet 
Execute     ap_part_info -name xc7z020-clg484-1 -data info -quiet 
Command     ap_part_info done; 0.102 sec.
Execute     source E:/robot/project/FPGA/ZedBoard/HLS_lab/lab3/dct/dct/hls/.autopilot/db/dct.constraint.tcl 
Execute     sc_get_clocks dct 
Execute     source E:/robot/project/FPGA/ZedBoard/HLS_lab/lab3/dct/dct/hls/.autopilot/db/global.setting.tcl 
INFO-FLOW: DBG:PUTS:       generate_syn_sh
Execute     ap_part_info -name xc7z020-clg484-1 -data names -quiet 
Execute     ap_part_info -name xc7z020-clg484-1 -data info -quiet 
Command     ap_part_info done; 0.112 sec.
Execute     source E:/robot/project/FPGA/ZedBoard/HLS_lab/lab3/dct/dct/hls/.autopilot/db/global.setting.tcl 
INFO-FLOW: DBG:PUTS:       generate_imp_constraints
Execute     ap_part_info -name xc7z020-clg484-1 -data names -quiet 
Execute     ap_part_info -name xc7z020-clg484-1 -data info -quiet 
Command     ap_part_info done; 0.11 sec.
Execute     source E:/robot/project/FPGA/ZedBoard/HLS_lab/lab3/dct/dct/hls/.autopilot/db/dct.constraint.tcl 
Execute     source E:/robot/project/FPGA/ZedBoard/HLS_lab/lab3/dct/dct/hls/.autopilot/db/dct.tbgen.tcl 
INFO-FLOW: DBG:PUTS:       delete-temp-dirs (skipped for debug)
Execute     ap_part_info -name xc7z020-clg484-1 -data names -quiet 
Execute     ap_part_info -name xc7z020-clg484-1 -data info -quiet 
Command     ap_part_info done; 0.11 sec.
INFO-FLOW: DBG:PUTS: read_platform_lib E:/robot/project/FPGA/ZedBoard/HLS_lab/lab3/dct/dct/hls/.autopilot/db/global.setting.tcl
Execute     source E:/vivado/Vitis_HLS/2024.1/common/technology/generic/autopilot/common.gen 
Execute       source E:/vivado/Vitis_HLS/2024.1/common/technology/generic/autopilot/APCoreGen.gen 
Execute     source E:/vivado/Vitis_HLS/2024.1/common/technology/generic/autopilot/op.gen 
Execute     source E:/vivado/Vitis_HLS/2024.1/common/technology/generic/autopilot/op_simcore.gen 
Execute     source E:/vivado/Vitis_HLS/2024.1/common/technology/generic/autopilot/interface.gen 
Execute     source E:/robot/project/FPGA/ZedBoard/HLS_lab/lab3/dct/dct/hls/.autopilot/db/global.setting.tcl 
Execute     source E:/vivado/Vitis_HLS/2024.1/common/technology/xilinx/common/xilinx.gen 
Execute       source E:/vivado/Vitis_HLS/2024.1/common/technology/xilinx/interface/plb46.gen 
Execute       source E:/vivado/Vitis_HLS/2024.1/common/technology/xilinx/interface/axi4.gen 
Execute       source E:/vivado/Vitis_HLS/2024.1/common/technology/xilinx/interface/nativeAXI4.gen 
Execute         source E:/vivado/Vitis_HLS/2024.1/common/technology/xilinx/interface/saxilite.gen 
Execute       source E:/vivado/Vitis_HLS/2024.1/common/technology/xilinx/scripts/xilinxcoregen.gen 
Execute       source E:/vivado/Vitis_HLS/2024.1/common/technology/xilinx/interface/XilEDKCoreGen.gen 
Execute       source E:/vivado/Vitis_HLS/2024.1/common/technology/xilinx/ip/dds_compiler.gen 
Execute       source E:/vivado/Vitis_HLS/2024.1/common/technology/xilinx/ip/util.gen 
Execute       source E:/vivado/Vitis_HLS/2024.1/common/technology/xilinx/ip/xfft.gen 
Execute       source E:/vivado/Vitis_HLS/2024.1/common/technology/xilinx/ip/xfir.gen 
Execute       source E:/vivado/Vitis_HLS/2024.1/common/technology/xilinx/DSP48/dsp48.gen 
Command     ap_source done; 0.104 sec.
INFO-FLOW: DBG:PUTS:     IP package: exec E:/robot/project/FPGA/ZedBoard/HLS_lab/lab3/dct/dct/hls/impl/ip/pack.bat
INFO-FLOW: DBG:PUTS:     IP package: success E:/robot/project/FPGA/ZedBoard/HLS_lab/lab3/dct/dct/hls/impl/ip/pack.bat
Execute     send_msg_by_id INFO @200-802@%s dct/dct.zip 
INFO: [HLS 200-802] Generated output file dct/dct.zip
Command   export_design done; 24.437 sec.
Execute   close_project 
Execute     close_solution 
Execute       cleanup_all 
Execute       cleanup_all 
INFO-FLOW: Workspace E:/robot/project/FPGA/ZedBoard/HLS_lab/lab3/dct/dct/hls opened at Wed Oct 30 16:30:01 +0800 2024
Execute     source E:/robot/project/FPGA/ZedBoard/HLS_lab/lab3/dct/dct/hls/.autopilot/db/global.setting.tcl 
Execute     set_part xc7z020-clg484-1 
Execute       create_platform xc7z020-clg484-1 -board  
DBG:HLSDevice: Trying to load device library: E:/vivado\Vitis_HLS\2024.1\lib\win64.o\xv_hlsvwrap.dll
DBG:HLSDevice: first parts/arch.xml in RDI_DATADIR: E:/vivado/Vivado/2024.1/data/parts/arch.xml
DBG:HLSDevice: init success
INFO: [HLS 200-1611] Setting target device to 'xc7z020-clg484-1'
Command       create_platform done; 2.466 sec.
Execute       source E:/vivado/Vitis_HLS/2024.1/common/technology/xilinx/common/xilinx.gen 
Execute         source E:/vivado/Vitis_HLS/2024.1/common/technology/xilinx/interface/plb46.gen 
Execute         source E:/vivado/Vitis_HLS/2024.1/common/technology/xilinx/interface/axi4.gen 
Execute         source E:/vivado/Vitis_HLS/2024.1/common/technology/xilinx/interface/nativeAXI4.gen 
Execute           source E:/vivado/Vitis_HLS/2024.1/common/technology/xilinx/interface/saxilite.gen 
Execute         source E:/vivado/Vitis_HLS/2024.1/common/technology/xilinx/scripts/xilinxcoregen.gen 
Execute         source E:/vivado/Vitis_HLS/2024.1/common/technology/xilinx/interface/XilEDKCoreGen.gen 
Execute         source E:/vivado/Vitis_HLS/2024.1/common/technology/xilinx/ip/dds_compiler.gen 
Execute         source E:/vivado/Vitis_HLS/2024.1/common/technology/xilinx/ip/util.gen 
Execute         source E:/vivado/Vitis_HLS/2024.1/common/technology/xilinx/ip/xfft.gen 
Execute         source E:/vivado/Vitis_HLS/2024.1/common/technology/xilinx/ip/xfir.gen 
Execute         source E:/vivado/Vitis_HLS/2024.1/common/technology/xilinx/DSP48/dsp48.gen 
Command       ap_source done; 0.103 sec.
Execute       ap_part_info -name xc7z020-clg484-1 -data info 
Command       ap_part_info done; 0.106 sec.
Execute       config_compile -quiet -complex-mul-dsp=0 
Command     set_part done; 2.681 sec.
Execute     send_msg_by_id INFO @200-1505@%s%s default  vivado 
INFO: [HLS 200-1505] Using default flow_target 'vivado'
Command   open_solution done; 2.7 sec.
Execute   apply_ini E:/robot/project/FPGA/ZedBoard/HLS_lab/lab3/dct/hls_config.cfg 
Execute     send_msg_by_id INFO @200-1465@%s 'syn.file=E:/robot/project/FPGA/ZedBoard/HLS_lab/High-Level-Synthesis-Flow-on-Zynq-using-Vivado-HLS/source/lab3/dct.c' from E:/robot/project/FPGA/ZedBoard/HLS_lab/lab3/dct/hls_config.cfg(8) 
INFO: [HLS 200-1465] Applying ini 'syn.file=E:/robot/project/FPGA/ZedBoard/HLS_lab/High-Level-Synthesis-Flow-on-Zynq-using-Vivado-HLS/source/lab3/dct.c' from E:/robot/project/FPGA/ZedBoard/HLS_lab/lab3/dct/hls_config.cfg(8)
Execute     add_files E:/robot/project/FPGA/ZedBoard/HLS_lab/High-Level-Synthesis-Flow-on-Zynq-using-Vivado-HLS/source/lab3/dct.c 
INFO: [HLS 200-10] Adding design file 'E:/robot/project/FPGA/ZedBoard/HLS_lab/High-Level-Synthesis-Flow-on-Zynq-using-Vivado-HLS/source/lab3/dct.c' to the project
Execute     send_msg_by_id INFO @200-1465@%s 'tb.file=E:/robot/project/FPGA/ZedBoard/HLS_lab/High-Level-Synthesis-Flow-on-Zynq-using-Vivado-HLS/source/lab3/dct_test.c' from E:/robot/project/FPGA/ZedBoard/HLS_lab/lab3/dct/hls_config.cfg(9) 
INFO: [HLS 200-1465] Applying ini 'tb.file=E:/robot/project/FPGA/ZedBoard/HLS_lab/High-Level-Synthesis-Flow-on-Zynq-using-Vivado-HLS/source/lab3/dct_test.c' from E:/robot/project/FPGA/ZedBoard/HLS_lab/lab3/dct/hls_config.cfg(9)
Execute     add_files -tb E:/robot/project/FPGA/ZedBoard/HLS_lab/High-Level-Synthesis-Flow-on-Zynq-using-Vivado-HLS/source/lab3/dct_test.c 
INFO: [HLS 200-10] Adding test bench file 'E:/robot/project/FPGA/ZedBoard/HLS_lab/High-Level-Synthesis-Flow-on-Zynq-using-Vivado-HLS/source/lab3/dct_test.c' to the project
Execute     send_msg_by_id INFO @200-1465@%s 'tb.file=E:/robot/project/FPGA/ZedBoard/HLS_lab/High-Level-Synthesis-Flow-on-Zynq-using-Vivado-HLS/source/lab3/in.dat' from E:/robot/project/FPGA/ZedBoard/HLS_lab/lab3/dct/hls_config.cfg(10) 
INFO: [HLS 200-1465] Applying ini 'tb.file=E:/robot/project/FPGA/ZedBoard/HLS_lab/High-Level-Synthesis-Flow-on-Zynq-using-Vivado-HLS/source/lab3/in.dat' from E:/robot/project/FPGA/ZedBoard/HLS_lab/lab3/dct/hls_config.cfg(10)
Execute     add_files -tb E:/robot/project/FPGA/ZedBoard/HLS_lab/High-Level-Synthesis-Flow-on-Zynq-using-Vivado-HLS/source/lab3/in.dat 
INFO: [HLS 200-10] Adding test bench file 'E:/robot/project/FPGA/ZedBoard/HLS_lab/High-Level-Synthesis-Flow-on-Zynq-using-Vivado-HLS/source/lab3/in.dat' to the project
Execute     send_msg_by_id INFO @200-1465@%s 'tb.file=E:/robot/project/FPGA/ZedBoard/HLS_lab/High-Level-Synthesis-Flow-on-Zynq-using-Vivado-HLS/source/lab3/out.golden.dat' from E:/robot/project/FPGA/ZedBoard/HLS_lab/lab3/dct/hls_config.cfg(11) 
INFO: [HLS 200-1465] Applying ini 'tb.file=E:/robot/project/FPGA/ZedBoard/HLS_lab/High-Level-Synthesis-Flow-on-Zynq-using-Vivado-HLS/source/lab3/out.golden.dat' from E:/robot/project/FPGA/ZedBoard/HLS_lab/lab3/dct/hls_config.cfg(11)
Execute     add_files -tb E:/robot/project/FPGA/ZedBoard/HLS_lab/High-Level-Synthesis-Flow-on-Zynq-using-Vivado-HLS/source/lab3/out.golden.dat 
INFO: [HLS 200-10] Adding test bench file 'E:/robot/project/FPGA/ZedBoard/HLS_lab/High-Level-Synthesis-Flow-on-Zynq-using-Vivado-HLS/source/lab3/out.golden.dat' to the project
Execute     send_msg_by_id INFO @200-1465@%s 'syn.top=dct' from E:/robot/project/FPGA/ZedBoard/HLS_lab/lab3/dct/hls_config.cfg(7) 
INFO: [HLS 200-1465] Applying ini 'syn.top=dct' from E:/robot/project/FPGA/ZedBoard/HLS_lab/lab3/dct/hls_config.cfg(7)
Execute     set_top dct 
Execute     send_msg_by_id INFO @200-1465@%s 'flow_target=vivado' from E:/robot/project/FPGA/ZedBoard/HLS_lab/lab3/dct/hls_config.cfg(4) 
INFO: [HLS 200-1465] Applying ini 'flow_target=vivado' from E:/robot/project/FPGA/ZedBoard/HLS_lab/lab3/dct/hls_config.cfg(4)
Execute     send_msg_by_id INFO @200-1505@%s%s  vivado 
INFO: [HLS 200-1505] Using flow_target 'vivado'
Execute     send_msg_by_id INFO @200-1465@%s 'part=xc7z020clg484-1' from E:/robot/project/FPGA/ZedBoard/HLS_lab/lab3/dct/hls_config.cfg(1) 
INFO: [HLS 200-1465] Applying ini 'part=xc7z020clg484-1' from E:/robot/project/FPGA/ZedBoard/HLS_lab/lab3/dct/hls_config.cfg(1)
Execute     set_part xc7z020clg484-1 
Execute       create_platform xc7z020clg484-1 -board  
Command       create_platform done; 0.251 sec.
Execute       source E:/vivado/Vitis_HLS/2024.1/common/technology/xilinx/common/xilinx.gen 
Execute         source E:/vivado/Vitis_HLS/2024.1/common/technology/xilinx/interface/plb46.gen 
Execute         source E:/vivado/Vitis_HLS/2024.1/common/technology/xilinx/interface/axi4.gen 
Execute         source E:/vivado/Vitis_HLS/2024.1/common/technology/xilinx/interface/nativeAXI4.gen 
Execute           source E:/vivado/Vitis_HLS/2024.1/common/technology/xilinx/interface/saxilite.gen 
Execute         source E:/vivado/Vitis_HLS/2024.1/common/technology/xilinx/scripts/xilinxcoregen.gen 
Execute         source E:/vivado/Vitis_HLS/2024.1/common/technology/xilinx/interface/XilEDKCoreGen.gen 
Execute         source E:/vivado/Vitis_HLS/2024.1/common/technology/xilinx/ip/dds_compiler.gen 
Execute         source E:/vivado/Vitis_HLS/2024.1/common/technology/xilinx/ip/util.gen 
Execute         source E:/vivado/Vitis_HLS/2024.1/common/technology/xilinx/ip/xfft.gen 
Execute         source E:/vivado/Vitis_HLS/2024.1/common/technology/xilinx/ip/xfir.gen 
Execute         source E:/vivado/Vitis_HLS/2024.1/common/technology/xilinx/DSP48/dsp48.gen 
Command       ap_source done; 0.107 sec.
Execute       ap_part_info -name xc7z020-clg484-1 -data info 
Command       ap_part_info done; 0.113 sec.
Execute       config_compile -quiet -complex-mul-dsp=0 
Command     set_part done; 0.476 sec.
Execute     send_msg_by_id INFO @200-1465@%s 'clock=10ns' from E:/robot/project/FPGA/ZedBoard/HLS_lab/lab3/dct/hls_config.cfg(12) 
INFO: [HLS 200-1465] Applying ini 'clock=10ns' from E:/robot/project/FPGA/ZedBoard/HLS_lab/lab3/dct/hls_config.cfg(12)
Execute     create_clock -period 10ns 
Execute       ap_set_clock -name default -period 10 -unit ns -default=false 
INFO: [SYN 201-201] Setting up clock 'default' with a period of 10ns.
Execute     send_msg_by_id INFO @200-1465@%s 'cosim.trace_level=all' from E:/robot/project/FPGA/ZedBoard/HLS_lab/lab3/dct/hls_config.cfg(14) 
INFO: [HLS 200-1465] Applying ini 'cosim.trace_level=all' from E:/robot/project/FPGA/ZedBoard/HLS_lab/lab3/dct/hls_config.cfg(14)
Execute     config_cosim -trace_level=all 
Execute     send_msg_by_id INFO @200-1465@%s 'csim.code_analyzer=1' from E:/robot/project/FPGA/ZedBoard/HLS_lab/lab3/dct/hls_config.cfg(13) 
INFO: [HLS 200-1465] Applying ini 'csim.code_analyzer=1' from E:/robot/project/FPGA/ZedBoard/HLS_lab/lab3/dct/hls_config.cfg(13)
Execute     config_csim -code_analyzer=1 
Execute     send_msg_by_id INFO @200-1465@%s 'package.output.format=ip_catalog' from E:/robot/project/FPGA/ZedBoard/HLS_lab/lab3/dct/hls_config.cfg(5) 
INFO: [HLS 200-1465] Applying ini 'package.output.format=ip_catalog' from E:/robot/project/FPGA/ZedBoard/HLS_lab/lab3/dct/hls_config.cfg(5)
Execute     config_export -format=ip_catalog 
Command   apply_ini done; 0.538 sec.
Execute   apply_ini E:/robot/project/FPGA/ZedBoard/HLS_lab/lab3/dct/dct/hls/config.cmdline 
Execute   export_design -flow impl 
Execute     AP::app_get_file_relativeroot [AP::app_get_root] {}
Execute     AP::app_get_file_relativeroot [AP::app_get_root] {}
Execute     AP::app_get_file_relativeroot [AP::app_get_root] {}
Execute     config_export -flow=impl 
INFO-FLOW: DBG:PUTS: export_design_wrap: -flow impl -format ip_catalog -rtl verilog
Execute     source E:/robot/project/FPGA/ZedBoard/HLS_lab/lab3/dct/dct/hls/.autopilot/db/global.setting.tcl 
INFO-FLOW: DBG:PUTS:   auto_impl: pack: -export -rtl verilog
INFO-FLOW: DBG:PROC: ::AESL_AUTOIMPL::auto_impl args='-export -rtl verilog'
Execute     source E:/robot/project/FPGA/ZedBoard/HLS_lab/lab3/dct/dct/hls/.autopilot/db/global.setting.tcl 
INFO: [IMPL 213-8] Exporting RTL as a Vivado IP.
INFO-FLOW: DBG:PUTS: automg_wrap -export -pcore_version 1.00.a -rtl vlog -tool Vivado -impltomg_flag
INFO-FLOW: DBG:PROC: ::AESL_AUTOMG::auto_generate args='-export -pcore_version 1.00.a -rtl vlog -tool Vivado -impltomg_flag'
INFO-FLOW: DBG:PUTS:     auto_generate -export -pcore_version 1.00.a -rtl vlog -tool Vivado -impltomg_flag
Execute     source E:/robot/project/FPGA/ZedBoard/HLS_lab/lab3/dct/dct/hls/.autopilot/db/global.setting.tcl 
INFO-FLOW: DBG:PUTS: read_platform_lib E:/robot/project/FPGA/ZedBoard/HLS_lab/lab3/dct/dct/hls/.autopilot/db/global.setting.tcl
Execute     source E:/vivado/Vitis_HLS/2024.1/common/technology/generic/autopilot/common.gen 
Execute       source E:/vivado/Vitis_HLS/2024.1/common/technology/generic/autopilot/APCoreGen.gen 
Execute     source E:/vivado/Vitis_HLS/2024.1/common/technology/generic/autopilot/op.gen 
Execute     source E:/vivado/Vitis_HLS/2024.1/common/technology/generic/autopilot/op_simcore.gen 
Execute     source E:/vivado/Vitis_HLS/2024.1/common/technology/generic/autopilot/interface.gen 
Execute     source E:/robot/project/FPGA/ZedBoard/HLS_lab/lab3/dct/dct/hls/.autopilot/db/global.setting.tcl 
Execute     source E:/vivado/Vitis_HLS/2024.1/common/technology/xilinx/common/xilinx.gen 
Execute       source E:/vivado/Vitis_HLS/2024.1/common/technology/xilinx/interface/plb46.gen 
Execute       source E:/vivado/Vitis_HLS/2024.1/common/technology/xilinx/interface/axi4.gen 
Execute       source E:/vivado/Vitis_HLS/2024.1/common/technology/xilinx/interface/nativeAXI4.gen 
Execute         source E:/vivado/Vitis_HLS/2024.1/common/technology/xilinx/interface/saxilite.gen 
Execute       source E:/vivado/Vitis_HLS/2024.1/common/technology/xilinx/scripts/xilinxcoregen.gen 
Execute       source E:/vivado/Vitis_HLS/2024.1/common/technology/xilinx/interface/XilEDKCoreGen.gen 
Execute       source E:/vivado/Vitis_HLS/2024.1/common/technology/xilinx/ip/dds_compiler.gen 
Execute       source E:/vivado/Vitis_HLS/2024.1/common/technology/xilinx/ip/util.gen 
Execute       source E:/vivado/Vitis_HLS/2024.1/common/technology/xilinx/ip/xfft.gen 
Execute       source E:/vivado/Vitis_HLS/2024.1/common/technology/xilinx/ip/xfir.gen 
Execute       source E:/vivado/Vitis_HLS/2024.1/common/technology/xilinx/DSP48/dsp48.gen 
INFO-FLOW: DBG:PUTS:   using AESL_AUTOCG::g_clock_period=10.000 (was NA)
INFO-FLOW: DBG:PUTS:       initCTypeInfo top_module=dct xml_exists=1
Execute     source E:/robot/project/FPGA/ZedBoard/HLS_lab/lab3/dct/dct/hls/.autopilot/db/dct.rtl_wrap.cfg.tcl 
Execute     source E:/robot/project/FPGA/ZedBoard/HLS_lab/lab3/dct/dct/hls/.autopilot/db/dct.rtl_wrap.cfg.tcl 
Execute     source E:/robot/project/FPGA/ZedBoard/HLS_lab/lab3/dct/dct/hls/.autopilot/db/dct.rtl_wrap.cfg.tcl 
Execute     source E:/robot/project/FPGA/ZedBoard/HLS_lab/lab3/dct/dct/hls/.autopilot/db/dct.tbgen.tcl 
Execute     source E:/robot/project/FPGA/ZedBoard/HLS_lab/lab3/dct/dct/hls/.autopilot/db/dct.tbgen.tcl 
Execute     source E:/robot/project/FPGA/ZedBoard/HLS_lab/lab3/dct/dct/hls/.autopilot/db/dct.tbgen.tcl 
Execute     source E:/robot/project/FPGA/ZedBoard/HLS_lab/lab3/dct/dct/hls/.autopilot/db/global.setting.tcl 
Execute     source E:/robot/project/FPGA/ZedBoard/HLS_lab/lab3/dct/dct/hls/.autopilot/db/dct.tbgen.tcl 
INFO-FLOW: DBG:PUTS:       cosim_export_main adding deadlock detection to dct
INFO-FLOW: DBG:PUTS:       generate_datafile_ip_script ip_types={vitis sysgen} #gSsdmPorts=0
INFO-FLOW: DBG:PUTS: Skipping loadAnalyze_DB, #g_database=2
INFO-FLOW: DBG:PUTS:       generate_json generate_bd_files=0 generate_xo_files=false #modelList=28 #gSsdmPorts=0
INFO-FLOW: DBG:PROC: ::AP::DESIGN_DATA::generate_json generate_bd_files='0' generate_xo_files='false' modelList='dct_flow_control_loop_pipe_sequential_init
dct_mul_15s_16s_29_1_1
dct_mul_14ns_16s_29_1_1
dct_mac_muladd_16s_15s_13ns_29_4_1
dct_mac_muladd_16s_15s_29s_29_4_1
dct_mac_muladd_16s_15s_29ns_29_4_1
dct_flow_control_loop_pipe_sequential_init
dct_flow_control_loop_pipe_sequential_init
dct_flow_control_loop_pipe_sequential_init
dct_flow_control_loop_pipe_sequential_init
dct_flow_control_loop_pipe_sequential_init
dct_dct_1d_dct_coeff_table_0_ROM_AUTO_1R
dct_dct_1d_dct_coeff_table_1_ROM_AUTO_1R
dct_dct_1d_dct_coeff_table_2_ROM_AUTO_1R
dct_dct_1d_dct_coeff_table_3_ROM_AUTO_1R
dct_dct_1d_dct_coeff_table_4_ROM_AUTO_1R
dct_dct_1d_dct_coeff_table_5_ROM_AUTO_1R
dct_dct_1d_dct_coeff_table_6_ROM_AUTO_1R
dct_dct_1d_dct_coeff_table_7_ROM_AUTO_1R
dct_row_outbuf_RAM_AUTO_1R1W
dct_col_inbuf_RAM_AUTO_1R1W
dct_Pipeline_RD_Loop_Row_RD_Loop_Col
dct_Pipeline_Row_DCT_Loop_DCT_Outer_Loop
dct_Pipeline_Xpose_Row_Outer_Loop_Xpose_Row_Inner_Loop
dct_Pipeline_Col_DCT_Loop_DCT_Outer_Loop
dct_Pipeline_Xpose_Col_Outer_Loop_Xpose_Col_Inner_Loop
dct_Pipeline_WR_Loop_Row_WR_Loop_Col
dct
' rtl_lang='vlog' bootstrap_tcl='false' outdir='' outfilename=''
Execute     source E:/vivado/Vitis_HLS/2024.1/tps/tcl/tcllib1.11.1/yaml/huddle.tcl 
Execute     source E:/vivado/Vitis_HLS/2024.1/tps/tcl/tcllib1.11.1/yaml/json2huddle.tcl 
Execute     source E:/robot/project/FPGA/ZedBoard/HLS_lab/lab3/dct/dct/hls/.autopilot/db/global.setting.tcl 
Execute     source E:/robot/project/FPGA/ZedBoard/HLS_lab/lab3/dct/dct/hls/.autopilot/db/global.setting.tcl 
Execute     source E:/robot/project/FPGA/ZedBoard/HLS_lab/lab3/dct/dct/hls/.autopilot/db/top-io-be.tcl 
Execute     source E:/robot/project/FPGA/ZedBoard/HLS_lab/lab3/dct/dct/hls/.autopilot/db/dct.tbgen.tcl 
Execute     source E:/robot/project/FPGA/ZedBoard/HLS_lab/lab3/dct/dct/hls/.autopilot/db/dct.rtl_wrap.cfg.tcl 
Execute     source E:/robot/project/FPGA/ZedBoard/HLS_lab/lab3/dct/dct/hls/.autopilot/db/dct.compgen.dataonly.tcl 
Execute     source E:/robot/project/FPGA/ZedBoard/HLS_lab/lab3/dct/dct/hls/.autopilot/db/dct_Pipeline_RD_Loop_Row_RD_Loop_Col.tbgen.tcl 
Execute     source E:/robot/project/FPGA/ZedBoard/HLS_lab/lab3/dct/dct/hls/.autopilot/db/dct_Pipeline_Row_DCT_Loop_DCT_Outer_Loop.tbgen.tcl 
Execute     source E:/robot/project/FPGA/ZedBoard/HLS_lab/lab3/dct/dct/hls/.autopilot/db/dct_Pipeline_Xpose_Row_Outer_Loop_Xpose_Row_Inner_Loop.tbgen.tcl 
Execute     source E:/robot/project/FPGA/ZedBoard/HLS_lab/lab3/dct/dct/hls/.autopilot/db/dct_Pipeline_Col_DCT_Loop_DCT_Outer_Loop.tbgen.tcl 
Execute     source E:/robot/project/FPGA/ZedBoard/HLS_lab/lab3/dct/dct/hls/.autopilot/db/dct_Pipeline_Xpose_Col_Outer_Loop_Xpose_Col_Inner_Loop.tbgen.tcl 
Execute     source E:/robot/project/FPGA/ZedBoard/HLS_lab/lab3/dct/dct/hls/.autopilot/db/dct_Pipeline_WR_Loop_Row_WR_Loop_Col.tbgen.tcl 
Execute     source E:/robot/project/FPGA/ZedBoard/HLS_lab/lab3/dct/dct/hls/.autopilot/db/dct.tbgen.tcl 
Execute     source E:/robot/project/FPGA/ZedBoard/HLS_lab/lab3/dct/dct/hls/.autopilot/db/global.setting.tcl 
Execute     ap_part_info -name xc7z020-clg484-1 -data names -quiet 
Execute     ap_part_info -name xc7z020-clg484-1 -data info -quiet 
Command     ap_part_info done; 0.102 sec.
Execute     source E:/robot/project/FPGA/ZedBoard/HLS_lab/lab3/dct/dct/hls/.autopilot/db/dct.constraint.tcl 
Execute     sc_get_clocks dct 
Execute     source E:/robot/project/FPGA/ZedBoard/HLS_lab/lab3/dct/dct/hls/.autopilot/db/global.setting.tcl 
INFO-FLOW: DBG:PUTS:       generate_syn_sh
Execute     ap_part_info -name xc7z020-clg484-1 -data names -quiet 
Execute     ap_part_info -name xc7z020-clg484-1 -data info -quiet 
Command     ap_part_info done; 0.109 sec.
Execute     source E:/robot/project/FPGA/ZedBoard/HLS_lab/lab3/dct/dct/hls/.autopilot/db/global.setting.tcl 
INFO-FLOW: DBG:PUTS:       generate_imp_constraints
Execute     ap_part_info -name xc7z020-clg484-1 -data names -quiet 
Execute     ap_part_info -name xc7z020-clg484-1 -data info -quiet 
Command     ap_part_info done; 0.146 sec.
Execute     source E:/robot/project/FPGA/ZedBoard/HLS_lab/lab3/dct/dct/hls/.autopilot/db/dct.constraint.tcl 
Execute     source E:/robot/project/FPGA/ZedBoard/HLS_lab/lab3/dct/dct/hls/.autopilot/db/dct.tbgen.tcl 
INFO-FLOW: DBG:PUTS:       delete-temp-dirs (skipped for debug)
Execute     ap_part_info -name xc7z020-clg484-1 -data names -quiet 
Execute     ap_part_info -name xc7z020-clg484-1 -data info -quiet 
Command     ap_part_info done; 0.113 sec.
INFO-FLOW: DBG:PUTS: read_platform_lib E:/robot/project/FPGA/ZedBoard/HLS_lab/lab3/dct/dct/hls/.autopilot/db/global.setting.tcl
Execute     source E:/vivado/Vitis_HLS/2024.1/common/technology/generic/autopilot/common.gen 
Execute       source E:/vivado/Vitis_HLS/2024.1/common/technology/generic/autopilot/APCoreGen.gen 
Execute     source E:/vivado/Vitis_HLS/2024.1/common/technology/generic/autopilot/op.gen 
Execute     source E:/vivado/Vitis_HLS/2024.1/common/technology/generic/autopilot/op_simcore.gen 
Execute     source E:/vivado/Vitis_HLS/2024.1/common/technology/generic/autopilot/interface.gen 
Execute     source E:/robot/project/FPGA/ZedBoard/HLS_lab/lab3/dct/dct/hls/.autopilot/db/global.setting.tcl 
Execute     source E:/vivado/Vitis_HLS/2024.1/common/technology/xilinx/common/xilinx.gen 
Execute       source E:/vivado/Vitis_HLS/2024.1/common/technology/xilinx/interface/plb46.gen 
Execute       source E:/vivado/Vitis_HLS/2024.1/common/technology/xilinx/interface/axi4.gen 
Execute       source E:/vivado/Vitis_HLS/2024.1/common/technology/xilinx/interface/nativeAXI4.gen 
Execute         source E:/vivado/Vitis_HLS/2024.1/common/technology/xilinx/interface/saxilite.gen 
Execute       source E:/vivado/Vitis_HLS/2024.1/common/technology/xilinx/scripts/xilinxcoregen.gen 
Execute       source E:/vivado/Vitis_HLS/2024.1/common/technology/xilinx/interface/XilEDKCoreGen.gen 
Execute       source E:/vivado/Vitis_HLS/2024.1/common/technology/xilinx/ip/dds_compiler.gen 
Execute       source E:/vivado/Vitis_HLS/2024.1/common/technology/xilinx/ip/util.gen 
Execute       source E:/vivado/Vitis_HLS/2024.1/common/technology/xilinx/ip/xfft.gen 
Execute       source E:/vivado/Vitis_HLS/2024.1/common/technology/xilinx/ip/xfir.gen 
Execute       source E:/vivado/Vitis_HLS/2024.1/common/technology/xilinx/DSP48/dsp48.gen 
Command     ap_source done; 0.12 sec.
INFO-FLOW: DBG:PUTS:     IP package: exec E:/robot/project/FPGA/ZedBoard/HLS_lab/lab3/dct/dct/hls/impl/ip/pack.bat
INFO-FLOW: DBG:PUTS:     IP package: success E:/robot/project/FPGA/ZedBoard/HLS_lab/lab3/dct/dct/hls/impl/ip/pack.bat
INFO-FLOW: DBG:PUTS:   auto_impl: eval: -flow impl -rtl verilog
INFO-FLOW: DBG:PROC: ::AESL_AUTOIMPL::auto_impl args='-flow impl -rtl verilog'
Execute     source E:/robot/project/FPGA/ZedBoard/HLS_lab/lab3/dct/dct/hls/.autopilot/db/global.setting.tcl 
INFO: [IMPL 213-8] Starting RTL evaluation using Vivado ...
INFO-FLOW: DBG:PUTS: automg_wrap -rtl vlog -tool Vivado -impltomg_flag
INFO-FLOW: DBG:PROC: ::AESL_AUTOMG::auto_generate args='-rtl vlog -tool Vivado -impltomg_flag'
INFO-FLOW: DBG:PUTS:     auto_generate -rtl vlog -tool Vivado -impltomg_flag
Execute     source E:/robot/project/FPGA/ZedBoard/HLS_lab/lab3/dct/dct/hls/.autopilot/db/global.setting.tcl 
INFO-FLOW: DBG:PUTS: read_platform_lib E:/robot/project/FPGA/ZedBoard/HLS_lab/lab3/dct/dct/hls/.autopilot/db/global.setting.tcl
Execute     source E:/vivado/Vitis_HLS/2024.1/common/technology/generic/autopilot/common.gen 
Execute       source E:/vivado/Vitis_HLS/2024.1/common/technology/generic/autopilot/APCoreGen.gen 
Execute     source E:/vivado/Vitis_HLS/2024.1/common/technology/generic/autopilot/op.gen 
Execute     source E:/vivado/Vitis_HLS/2024.1/common/technology/generic/autopilot/op_simcore.gen 
Execute     source E:/vivado/Vitis_HLS/2024.1/common/technology/generic/autopilot/interface.gen 
Execute     source E:/robot/project/FPGA/ZedBoard/HLS_lab/lab3/dct/dct/hls/.autopilot/db/global.setting.tcl 
Execute     source E:/vivado/Vitis_HLS/2024.1/common/technology/xilinx/common/xilinx.gen 
Execute       source E:/vivado/Vitis_HLS/2024.1/common/technology/xilinx/interface/plb46.gen 
Execute       source E:/vivado/Vitis_HLS/2024.1/common/technology/xilinx/interface/axi4.gen 
Execute       source E:/vivado/Vitis_HLS/2024.1/common/technology/xilinx/interface/nativeAXI4.gen 
Execute         source E:/vivado/Vitis_HLS/2024.1/common/technology/xilinx/interface/saxilite.gen 
Execute       source E:/vivado/Vitis_HLS/2024.1/common/technology/xilinx/scripts/xilinxcoregen.gen 
Execute       source E:/vivado/Vitis_HLS/2024.1/common/technology/xilinx/interface/XilEDKCoreGen.gen 
Execute       source E:/vivado/Vitis_HLS/2024.1/common/technology/xilinx/ip/dds_compiler.gen 
Execute       source E:/vivado/Vitis_HLS/2024.1/common/technology/xilinx/ip/util.gen 
Execute       source E:/vivado/Vitis_HLS/2024.1/common/technology/xilinx/ip/xfft.gen 
Execute       source E:/vivado/Vitis_HLS/2024.1/common/technology/xilinx/ip/xfir.gen 
Execute       source E:/vivado/Vitis_HLS/2024.1/common/technology/xilinx/DSP48/dsp48.gen 
Command     ap_source done; 0.111 sec.
INFO-FLOW: DBG:PUTS:       generate_syn_sh
Execute     ap_part_info -name xc7z020-clg484-1 -data names -quiet 
Execute     ap_part_info -name xc7z020-clg484-1 -data info -quiet 
Command     ap_part_info done; 0.105 sec.
Execute     source E:/robot/project/FPGA/ZedBoard/HLS_lab/lab3/dct/dct/hls/.autopilot/db/global.setting.tcl 
INFO-FLOW: DBG:PUTS:       generate_imp_constraints
Execute     ap_part_info -name xc7z020-clg484-1 -data names -quiet 
Execute     ap_part_info -name xc7z020-clg484-1 -data info -quiet 
Command     ap_part_info done; 0.112 sec.
Execute     source E:/robot/project/FPGA/ZedBoard/HLS_lab/lab3/dct/dct/hls/.autopilot/db/dct.constraint.tcl 
Execute     source E:/robot/project/FPGA/ZedBoard/HLS_lab/lab3/dct/dct/hls/.autopilot/db/dct.tbgen.tcl 
INFO-FLOW: DBG:PUTS:       delete-temp-dirs (skipped for debug)
Execute     ap_part_info -name xc7z020-clg484-1 -data names -quiet 
Execute     ap_part_info -name xc7z020-clg484-1 -data info -quiet 
Command     ap_part_info done; 0.108 sec.
INFO-FLOW: DBG:PUTS: read_platform_lib E:/robot/project/FPGA/ZedBoard/HLS_lab/lab3/dct/dct/hls/.autopilot/db/global.setting.tcl
Execute     source E:/vivado/Vitis_HLS/2024.1/common/technology/generic/autopilot/common.gen 
Execute       source E:/vivado/Vitis_HLS/2024.1/common/technology/generic/autopilot/APCoreGen.gen 
Execute     source E:/vivado/Vitis_HLS/2024.1/common/technology/generic/autopilot/op.gen 
Execute     source E:/vivado/Vitis_HLS/2024.1/common/technology/generic/autopilot/op_simcore.gen 
Execute     source E:/vivado/Vitis_HLS/2024.1/common/technology/generic/autopilot/interface.gen 
Execute     source E:/robot/project/FPGA/ZedBoard/HLS_lab/lab3/dct/dct/hls/.autopilot/db/global.setting.tcl 
Execute     source E:/vivado/Vitis_HLS/2024.1/common/technology/xilinx/common/xilinx.gen 
Execute       source E:/vivado/Vitis_HLS/2024.1/common/technology/xilinx/interface/plb46.gen 
Execute       source E:/vivado/Vitis_HLS/2024.1/common/technology/xilinx/interface/axi4.gen 
Execute       source E:/vivado/Vitis_HLS/2024.1/common/technology/xilinx/interface/nativeAXI4.gen 
Execute         source E:/vivado/Vitis_HLS/2024.1/common/technology/xilinx/interface/saxilite.gen 
Execute       source E:/vivado/Vitis_HLS/2024.1/common/technology/xilinx/scripts/xilinxcoregen.gen 
Execute       source E:/vivado/Vitis_HLS/2024.1/common/technology/xilinx/interface/XilEDKCoreGen.gen 
Execute       source E:/vivado/Vitis_HLS/2024.1/common/technology/xilinx/ip/dds_compiler.gen 
Execute       source E:/vivado/Vitis_HLS/2024.1/common/technology/xilinx/ip/util.gen 
Execute       source E:/vivado/Vitis_HLS/2024.1/common/technology/xilinx/ip/xfft.gen 
Execute       source E:/vivado/Vitis_HLS/2024.1/common/technology/xilinx/ip/xfir.gen 
Execute       source E:/vivado/Vitis_HLS/2024.1/common/technology/xilinx/DSP48/dsp48.gen 
Command     ap_source done; 0.102 sec.
Execute     source E:/robot/project/FPGA/ZedBoard/HLS_lab/lab3/dct/dct/hls/.autopilot/db/autopilot.rtl.models.tcl 
Execute     source E:/robot/project/FPGA/ZedBoard/HLS_lab/lab3/dct/dct/hls/.autopilot/db/global.setting.tcl 
Execute     ap_part_info -name xc7z020-clg484-1 -data names -quiet 
Execute     ap_part_info -name xc7z020-clg484-1 -data info -quiet 
Command     ap_part_info done; 0.115 sec.
INFO-FLOW: DBG:PUTS: debug_in_auto_impl: vlog exec E:/robot/project/FPGA/ZedBoard/HLS_lab/lab3/dct/dct/hls/impl/verilog/impl.bat
INFO-FLOW: DBG:PROC: ::HLSREPORTS::auto_impl_report topinfo_dict='RtlTopPrefix {} RtlSubPrefix dct_ TopModuleNoPrefix dct TopModuleWithPrefix dct' export_design_flow='impl' impl_dir='E:/robot/project/FPGA/ZedBoard/HLS_lab/lab3/dct/dct/hls/impl' lang='verilog' out_dir=''
INFO-FLOW: DBG:PUTS:     auto_impl_report: impl processing xml
Execute     ap_part_info -quiet -data family -name xc7z020-clg484-1 
INFO-FLOW: DBG:PUTS:     writing export xml file: E:/robot/project/FPGA/ZedBoard/HLS_lab/lab3/dct/dct/hls/impl/report/verilog/export_impl.xml
INFO-FLOW: DBG:PROC: ::HLSREPORTS::auto_impl_report_txt xml_root='domNode000002864A323EB4' export_design_flow='impl' export_rpt='E:/robot/project/FPGA/ZedBoard/HLS_lab/lab3/dct/dct/hls/impl/report/verilog/export_impl.rpt' rpt_txt_var=''
INFO-FLOW: DBG:PUTS:     wrote export rpt file: export_impl.rpt
INFO-FLOW: DBG:PUTS:     auto_impl_report: syn processing xml
Execute     ap_part_info -quiet -data family -name xc7z020-clg484-1 
INFO-FLOW: DBG:PUTS:     writing export xml file: E:/robot/project/FPGA/ZedBoard/HLS_lab/lab3/dct/dct/hls/impl/report/verilog/export_syn.xml
INFO-FLOW: DBG:PROC: ::HLSREPORTS::auto_impl_report_txt xml_root='domNode000002864A30CEEC' export_design_flow='syn' export_rpt='E:/robot/project/FPGA/ZedBoard/HLS_lab/lab3/dct/dct/hls/impl/report/verilog/export_syn.rpt' rpt_txt_var=''
INFO-FLOW: DBG:PUTS:     wrote export rpt file: export_syn.rpt
Execute     send_msg_by_id INFO @200-802@%s dct/dct.zip 
INFO: [HLS 200-802] Generated output file dct/dct.zip
Command   export_design done; 403.705 sec.
Execute   close_project 
Execute     close_solution 
Execute       cleanup_all 
Execute       cleanup_all 
