
*** Running vivado
    with args -log bd_0_hls_inst_0.vds -m64 -product Vivado -mode batch -messageDb vivado.pb -notrace -source bd_0_hls_inst_0.tcl



****** Vivado v2024.1 (64-bit)
  **** SW Build 5076996 on Wed May 22 18:37:14 MDT 2024
  **** IP Build 5075265 on Wed May 22 21:45:21 MDT 2024
  **** SharedData Build 5076995 on Wed May 22 18:29:18 MDT 2024
  **** Start of session at: Wed Oct 30 16:31:17 2024
    ** Copyright 1986-2022 Xilinx, Inc. All Rights Reserved.
    ** Copyright 2022-2024 Advanced Micro Devices, Inc. All Rights Reserved.

source bd_0_hls_inst_0.tcl -notrace
INFO: Dispatch client connection id - 55375
create_project: Time (s): cpu = 00:00:03 ; elapsed = 00:00:08 . Memory (MB): peak = 646.641 ; gain = 200.758
INFO: [IP_Flow 19-234] Refreshing IP repositories
INFO: [IP_Flow 19-1700] Loaded user IP repository 'e:/robot/project/FPGA/ZedBoard/HLS_lab/lab3/dct/dct/hls/impl/ip'.
INFO: [IP_Flow 19-2313] Loaded Vivado IP repository 'E:/vivado/Vivado/2024.1/data/ip'.
WARNING: [IP_Flow 19-4995] The host OS only allows 260 characters in a normal path. The IP cache path is more than 80 characters. If you experience issues with IP caching, please consider changing the IP cache to a location with a shorter path. Alternately consider using the OS subst command to map part of the path to a drive letter. 
Current IP cache path is e:/robot/project/FPGA/ZedBoard/HLS_lab/lab3/dct/dct/hls/impl/verilog/project.cache/ip 
INFO: [IP_Flow 19-6924] IPCACHE: Running cache check for IP inst: bd_0_hls_inst_0
Command: synth_design -top bd_0_hls_inst_0 -part xc7z020clg484-1 -directive sdx_optimization_effort_high -incremental_mode off -mode out_of_context
Starting synth_design
Attempting to get a license for feature 'Synthesis' and/or device 'xc7z020'
INFO: [Common 17-349] Got license for feature 'Synthesis' and/or device 'xc7z020'
INFO: [Device 21-403] Loading part xc7z020clg484-1
INFO: [Device 21-9227] Part: xc7z020clg484-1 does not have CEAM library.
INFO: [Synth 8-7079] Multithreading enabled for synth_design using a maximum of 2 processes.
INFO: [Synth 8-7078] Launching helper process for spawning children vivado processes
INFO: [Synth 8-7075] Helper process launched with PID 28928
---------------------------------------------------------------------------------
Starting RTL Elaboration : Time (s): cpu = 00:00:04 ; elapsed = 00:00:09 . Memory (MB): peak = 1541.188 ; gain = 453.172
---------------------------------------------------------------------------------
INFO: [Synth 8-6157] synthesizing module 'bd_0_hls_inst_0' [e:/robot/project/FPGA/ZedBoard/HLS_lab/lab3/dct/dct/hls/impl/verilog/project.gen/sources_1/bd/bd_0/ip/bd_0_hls_inst_0/synth/bd_0_hls_inst_0.v:53]
INFO: [Synth 8-6157] synthesizing module 'dct' [e:/robot/project/FPGA/ZedBoard/HLS_lab/lab3/dct/dct/hls/impl/verilog/project.gen/sources_1/bd/bd_0/ipshared/fb04/hdl/verilog/dct.v:9]
INFO: [Synth 8-6157] synthesizing module 'dct_dct_1d_dct_coeff_table_0_ROM_AUTO_1R' [e:/robot/project/FPGA/ZedBoard/HLS_lab/lab3/dct/dct/hls/impl/verilog/project.gen/sources_1/bd/bd_0/ipshared/fb04/hdl/verilog/dct_dct_1d_dct_coeff_table_0_ROM_AUTO_1R.v:7]
INFO: [Synth 8-3876] $readmem data file './dct_dct_1d_dct_coeff_table_0_ROM_AUTO_1R.dat' is read successfully [e:/robot/project/FPGA/ZedBoard/HLS_lab/lab3/dct/dct/hls/impl/verilog/project.gen/sources_1/bd/bd_0/ipshared/fb04/hdl/verilog/dct_dct_1d_dct_coeff_table_0_ROM_AUTO_1R.v:28]
INFO: [Synth 8-6155] done synthesizing module 'dct_dct_1d_dct_coeff_table_0_ROM_AUTO_1R' (0#1) [e:/robot/project/FPGA/ZedBoard/HLS_lab/lab3/dct/dct/hls/impl/verilog/project.gen/sources_1/bd/bd_0/ipshared/fb04/hdl/verilog/dct_dct_1d_dct_coeff_table_0_ROM_AUTO_1R.v:7]
INFO: [Synth 8-6157] synthesizing module 'dct_dct_1d_dct_coeff_table_1_ROM_AUTO_1R' [e:/robot/project/FPGA/ZedBoard/HLS_lab/lab3/dct/dct/hls/impl/verilog/project.gen/sources_1/bd/bd_0/ipshared/fb04/hdl/verilog/dct_dct_1d_dct_coeff_table_1_ROM_AUTO_1R.v:7]
INFO: [Synth 8-3876] $readmem data file './dct_dct_1d_dct_coeff_table_1_ROM_AUTO_1R.dat' is read successfully [e:/robot/project/FPGA/ZedBoard/HLS_lab/lab3/dct/dct/hls/impl/verilog/project.gen/sources_1/bd/bd_0/ipshared/fb04/hdl/verilog/dct_dct_1d_dct_coeff_table_1_ROM_AUTO_1R.v:28]
INFO: [Synth 8-6155] done synthesizing module 'dct_dct_1d_dct_coeff_table_1_ROM_AUTO_1R' (0#1) [e:/robot/project/FPGA/ZedBoard/HLS_lab/lab3/dct/dct/hls/impl/verilog/project.gen/sources_1/bd/bd_0/ipshared/fb04/hdl/verilog/dct_dct_1d_dct_coeff_table_1_ROM_AUTO_1R.v:7]
INFO: [Synth 8-6157] synthesizing module 'dct_dct_1d_dct_coeff_table_2_ROM_AUTO_1R' [e:/robot/project/FPGA/ZedBoard/HLS_lab/lab3/dct/dct/hls/impl/verilog/project.gen/sources_1/bd/bd_0/ipshared/fb04/hdl/verilog/dct_dct_1d_dct_coeff_table_2_ROM_AUTO_1R.v:7]
INFO: [Synth 8-3876] $readmem data file './dct_dct_1d_dct_coeff_table_2_ROM_AUTO_1R.dat' is read successfully [e:/robot/project/FPGA/ZedBoard/HLS_lab/lab3/dct/dct/hls/impl/verilog/project.gen/sources_1/bd/bd_0/ipshared/fb04/hdl/verilog/dct_dct_1d_dct_coeff_table_2_ROM_AUTO_1R.v:28]
INFO: [Synth 8-6155] done synthesizing module 'dct_dct_1d_dct_coeff_table_2_ROM_AUTO_1R' (0#1) [e:/robot/project/FPGA/ZedBoard/HLS_lab/lab3/dct/dct/hls/impl/verilog/project.gen/sources_1/bd/bd_0/ipshared/fb04/hdl/verilog/dct_dct_1d_dct_coeff_table_2_ROM_AUTO_1R.v:7]
INFO: [Synth 8-6157] synthesizing module 'dct_dct_1d_dct_coeff_table_3_ROM_AUTO_1R' [e:/robot/project/FPGA/ZedBoard/HLS_lab/lab3/dct/dct/hls/impl/verilog/project.gen/sources_1/bd/bd_0/ipshared/fb04/hdl/verilog/dct_dct_1d_dct_coeff_table_3_ROM_AUTO_1R.v:7]
INFO: [Synth 8-3876] $readmem data file './dct_dct_1d_dct_coeff_table_3_ROM_AUTO_1R.dat' is read successfully [e:/robot/project/FPGA/ZedBoard/HLS_lab/lab3/dct/dct/hls/impl/verilog/project.gen/sources_1/bd/bd_0/ipshared/fb04/hdl/verilog/dct_dct_1d_dct_coeff_table_3_ROM_AUTO_1R.v:28]
INFO: [Synth 8-6155] done synthesizing module 'dct_dct_1d_dct_coeff_table_3_ROM_AUTO_1R' (0#1) [e:/robot/project/FPGA/ZedBoard/HLS_lab/lab3/dct/dct/hls/impl/verilog/project.gen/sources_1/bd/bd_0/ipshared/fb04/hdl/verilog/dct_dct_1d_dct_coeff_table_3_ROM_AUTO_1R.v:7]
INFO: [Synth 8-6157] synthesizing module 'dct_dct_1d_dct_coeff_table_4_ROM_AUTO_1R' [e:/robot/project/FPGA/ZedBoard/HLS_lab/lab3/dct/dct/hls/impl/verilog/project.gen/sources_1/bd/bd_0/ipshared/fb04/hdl/verilog/dct_dct_1d_dct_coeff_table_4_ROM_AUTO_1R.v:7]
INFO: [Synth 8-3876] $readmem data file './dct_dct_1d_dct_coeff_table_4_ROM_AUTO_1R.dat' is read successfully [e:/robot/project/FPGA/ZedBoard/HLS_lab/lab3/dct/dct/hls/impl/verilog/project.gen/sources_1/bd/bd_0/ipshared/fb04/hdl/verilog/dct_dct_1d_dct_coeff_table_4_ROM_AUTO_1R.v:28]
INFO: [Synth 8-6155] done synthesizing module 'dct_dct_1d_dct_coeff_table_4_ROM_AUTO_1R' (0#1) [e:/robot/project/FPGA/ZedBoard/HLS_lab/lab3/dct/dct/hls/impl/verilog/project.gen/sources_1/bd/bd_0/ipshared/fb04/hdl/verilog/dct_dct_1d_dct_coeff_table_4_ROM_AUTO_1R.v:7]
INFO: [Synth 8-6157] synthesizing module 'dct_dct_1d_dct_coeff_table_5_ROM_AUTO_1R' [e:/robot/project/FPGA/ZedBoard/HLS_lab/lab3/dct/dct/hls/impl/verilog/project.gen/sources_1/bd/bd_0/ipshared/fb04/hdl/verilog/dct_dct_1d_dct_coeff_table_5_ROM_AUTO_1R.v:7]
INFO: [Synth 8-3876] $readmem data file './dct_dct_1d_dct_coeff_table_5_ROM_AUTO_1R.dat' is read successfully [e:/robot/project/FPGA/ZedBoard/HLS_lab/lab3/dct/dct/hls/impl/verilog/project.gen/sources_1/bd/bd_0/ipshared/fb04/hdl/verilog/dct_dct_1d_dct_coeff_table_5_ROM_AUTO_1R.v:28]
INFO: [Synth 8-6155] done synthesizing module 'dct_dct_1d_dct_coeff_table_5_ROM_AUTO_1R' (0#1) [e:/robot/project/FPGA/ZedBoard/HLS_lab/lab3/dct/dct/hls/impl/verilog/project.gen/sources_1/bd/bd_0/ipshared/fb04/hdl/verilog/dct_dct_1d_dct_coeff_table_5_ROM_AUTO_1R.v:7]
INFO: [Synth 8-6157] synthesizing module 'dct_dct_1d_dct_coeff_table_6_ROM_AUTO_1R' [e:/robot/project/FPGA/ZedBoard/HLS_lab/lab3/dct/dct/hls/impl/verilog/project.gen/sources_1/bd/bd_0/ipshared/fb04/hdl/verilog/dct_dct_1d_dct_coeff_table_6_ROM_AUTO_1R.v:7]
INFO: [Synth 8-3876] $readmem data file './dct_dct_1d_dct_coeff_table_6_ROM_AUTO_1R.dat' is read successfully [e:/robot/project/FPGA/ZedBoard/HLS_lab/lab3/dct/dct/hls/impl/verilog/project.gen/sources_1/bd/bd_0/ipshared/fb04/hdl/verilog/dct_dct_1d_dct_coeff_table_6_ROM_AUTO_1R.v:28]
INFO: [Synth 8-6155] done synthesizing module 'dct_dct_1d_dct_coeff_table_6_ROM_AUTO_1R' (0#1) [e:/robot/project/FPGA/ZedBoard/HLS_lab/lab3/dct/dct/hls/impl/verilog/project.gen/sources_1/bd/bd_0/ipshared/fb04/hdl/verilog/dct_dct_1d_dct_coeff_table_6_ROM_AUTO_1R.v:7]
INFO: [Synth 8-6157] synthesizing module 'dct_dct_1d_dct_coeff_table_7_ROM_AUTO_1R' [e:/robot/project/FPGA/ZedBoard/HLS_lab/lab3/dct/dct/hls/impl/verilog/project.gen/sources_1/bd/bd_0/ipshared/fb04/hdl/verilog/dct_dct_1d_dct_coeff_table_7_ROM_AUTO_1R.v:7]
INFO: [Synth 8-3876] $readmem data file './dct_dct_1d_dct_coeff_table_7_ROM_AUTO_1R.dat' is read successfully [e:/robot/project/FPGA/ZedBoard/HLS_lab/lab3/dct/dct/hls/impl/verilog/project.gen/sources_1/bd/bd_0/ipshared/fb04/hdl/verilog/dct_dct_1d_dct_coeff_table_7_ROM_AUTO_1R.v:28]
INFO: [Synth 8-6155] done synthesizing module 'dct_dct_1d_dct_coeff_table_7_ROM_AUTO_1R' (0#1) [e:/robot/project/FPGA/ZedBoard/HLS_lab/lab3/dct/dct/hls/impl/verilog/project.gen/sources_1/bd/bd_0/ipshared/fb04/hdl/verilog/dct_dct_1d_dct_coeff_table_7_ROM_AUTO_1R.v:7]
INFO: [Synth 8-6157] synthesizing module 'dct_row_outbuf_RAM_AUTO_1R1W' [e:/robot/project/FPGA/ZedBoard/HLS_lab/lab3/dct/dct/hls/impl/verilog/project.gen/sources_1/bd/bd_0/ipshared/fb04/hdl/verilog/dct_row_outbuf_RAM_AUTO_1R1W.v:7]
INFO: [Synth 8-6155] done synthesizing module 'dct_row_outbuf_RAM_AUTO_1R1W' (0#1) [e:/robot/project/FPGA/ZedBoard/HLS_lab/lab3/dct/dct/hls/impl/verilog/project.gen/sources_1/bd/bd_0/ipshared/fb04/hdl/verilog/dct_row_outbuf_RAM_AUTO_1R1W.v:7]
INFO: [Synth 8-6157] synthesizing module 'dct_col_inbuf_RAM_AUTO_1R1W' [e:/robot/project/FPGA/ZedBoard/HLS_lab/lab3/dct/dct/hls/impl/verilog/project.gen/sources_1/bd/bd_0/ipshared/fb04/hdl/verilog/dct_col_inbuf_RAM_AUTO_1R1W.v:7]
INFO: [Synth 8-6155] done synthesizing module 'dct_col_inbuf_RAM_AUTO_1R1W' (0#1) [e:/robot/project/FPGA/ZedBoard/HLS_lab/lab3/dct/dct/hls/impl/verilog/project.gen/sources_1/bd/bd_0/ipshared/fb04/hdl/verilog/dct_col_inbuf_RAM_AUTO_1R1W.v:7]
INFO: [Synth 8-6157] synthesizing module 'dct_dct_Pipeline_RD_Loop_Row_RD_Loop_Col' [e:/robot/project/FPGA/ZedBoard/HLS_lab/lab3/dct/dct/hls/impl/verilog/project.gen/sources_1/bd/bd_0/ipshared/fb04/hdl/verilog/dct_dct_Pipeline_RD_Loop_Row_RD_Loop_Col.v:9]
INFO: [Synth 8-6157] synthesizing module 'dct_flow_control_loop_pipe_sequential_init' [e:/robot/project/FPGA/ZedBoard/HLS_lab/lab3/dct/dct/hls/impl/verilog/project.gen/sources_1/bd/bd_0/ipshared/fb04/hdl/verilog/dct_flow_control_loop_pipe_sequential_init.v:11]
INFO: [Synth 8-6155] done synthesizing module 'dct_flow_control_loop_pipe_sequential_init' (0#1) [e:/robot/project/FPGA/ZedBoard/HLS_lab/lab3/dct/dct/hls/impl/verilog/project.gen/sources_1/bd/bd_0/ipshared/fb04/hdl/verilog/dct_flow_control_loop_pipe_sequential_init.v:11]
INFO: [Synth 8-6155] done synthesizing module 'dct_dct_Pipeline_RD_Loop_Row_RD_Loop_Col' (0#1) [e:/robot/project/FPGA/ZedBoard/HLS_lab/lab3/dct/dct/hls/impl/verilog/project.gen/sources_1/bd/bd_0/ipshared/fb04/hdl/verilog/dct_dct_Pipeline_RD_Loop_Row_RD_Loop_Col.v:9]
INFO: [Synth 8-6157] synthesizing module 'dct_dct_Pipeline_Row_DCT_Loop_DCT_Outer_Loop' [e:/robot/project/FPGA/ZedBoard/HLS_lab/lab3/dct/dct/hls/impl/verilog/project.gen/sources_1/bd/bd_0/ipshared/fb04/hdl/verilog/dct_dct_Pipeline_Row_DCT_Loop_DCT_Outer_Loop.v:9]
WARNING: [Synth 8-5974] attribute "use_dsp48" has been deprecated, please use "use_dsp" instead 
WARNING: [Synth 8-5974] attribute "use_dsp48" has been deprecated, please use "use_dsp" instead 
INFO: [Synth 8-6157] synthesizing module 'dct_mul_15s_16s_29_1_1' [e:/robot/project/FPGA/ZedBoard/HLS_lab/lab3/dct/dct/hls/impl/verilog/project.gen/sources_1/bd/bd_0/ipshared/fb04/hdl/verilog/dct_mul_15s_16s_29_1_1.v:5]
INFO: [Synth 8-6155] done synthesizing module 'dct_mul_15s_16s_29_1_1' (0#1) [e:/robot/project/FPGA/ZedBoard/HLS_lab/lab3/dct/dct/hls/impl/verilog/project.gen/sources_1/bd/bd_0/ipshared/fb04/hdl/verilog/dct_mul_15s_16s_29_1_1.v:5]
INFO: [Synth 8-6157] synthesizing module 'dct_mul_14ns_16s_29_1_1' [e:/robot/project/FPGA/ZedBoard/HLS_lab/lab3/dct/dct/hls/impl/verilog/project.gen/sources_1/bd/bd_0/ipshared/fb04/hdl/verilog/dct_mul_14ns_16s_29_1_1.v:5]
INFO: [Synth 8-6155] done synthesizing module 'dct_mul_14ns_16s_29_1_1' (0#1) [e:/robot/project/FPGA/ZedBoard/HLS_lab/lab3/dct/dct/hls/impl/verilog/project.gen/sources_1/bd/bd_0/ipshared/fb04/hdl/verilog/dct_mul_14ns_16s_29_1_1.v:5]
INFO: [Synth 8-6157] synthesizing module 'dct_mac_muladd_16s_15s_13ns_29_4_1' [e:/robot/project/FPGA/ZedBoard/HLS_lab/lab3/dct/dct/hls/impl/verilog/project.gen/sources_1/bd/bd_0/ipshared/fb04/hdl/verilog/dct_mac_muladd_16s_15s_13ns_29_4_1.v:55]
INFO: [Synth 8-6157] synthesizing module 'dct_mac_muladd_16s_15s_13ns_29_4_1_DSP48_0' [e:/robot/project/FPGA/ZedBoard/HLS_lab/lab3/dct/dct/hls/impl/verilog/project.gen/sources_1/bd/bd_0/ipshared/fb04/hdl/verilog/dct_mac_muladd_16s_15s_13ns_29_4_1.v:12]
INFO: [Synth 8-6155] done synthesizing module 'dct_mac_muladd_16s_15s_13ns_29_4_1_DSP48_0' (0#1) [e:/robot/project/FPGA/ZedBoard/HLS_lab/lab3/dct/dct/hls/impl/verilog/project.gen/sources_1/bd/bd_0/ipshared/fb04/hdl/verilog/dct_mac_muladd_16s_15s_13ns_29_4_1.v:12]
INFO: [Synth 8-6155] done synthesizing module 'dct_mac_muladd_16s_15s_13ns_29_4_1' (0#1) [e:/robot/project/FPGA/ZedBoard/HLS_lab/lab3/dct/dct/hls/impl/verilog/project.gen/sources_1/bd/bd_0/ipshared/fb04/hdl/verilog/dct_mac_muladd_16s_15s_13ns_29_4_1.v:55]
INFO: [Synth 8-6157] synthesizing module 'dct_mac_muladd_16s_15s_29s_29_4_1' [e:/robot/project/FPGA/ZedBoard/HLS_lab/lab3/dct/dct/hls/impl/verilog/project.gen/sources_1/bd/bd_0/ipshared/fb04/hdl/verilog/dct_mac_muladd_16s_15s_29s_29_4_1.v:55]
INFO: [Synth 8-6157] synthesizing module 'dct_mac_muladd_16s_15s_29s_29_4_1_DSP48_0' [e:/robot/project/FPGA/ZedBoard/HLS_lab/lab3/dct/dct/hls/impl/verilog/project.gen/sources_1/bd/bd_0/ipshared/fb04/hdl/verilog/dct_mac_muladd_16s_15s_29s_29_4_1.v:12]
INFO: [Synth 8-6155] done synthesizing module 'dct_mac_muladd_16s_15s_29s_29_4_1_DSP48_0' (0#1) [e:/robot/project/FPGA/ZedBoard/HLS_lab/lab3/dct/dct/hls/impl/verilog/project.gen/sources_1/bd/bd_0/ipshared/fb04/hdl/verilog/dct_mac_muladd_16s_15s_29s_29_4_1.v:12]
INFO: [Synth 8-6155] done synthesizing module 'dct_mac_muladd_16s_15s_29s_29_4_1' (0#1) [e:/robot/project/FPGA/ZedBoard/HLS_lab/lab3/dct/dct/hls/impl/verilog/project.gen/sources_1/bd/bd_0/ipshared/fb04/hdl/verilog/dct_mac_muladd_16s_15s_29s_29_4_1.v:55]
INFO: [Synth 8-6157] synthesizing module 'dct_mac_muladd_16s_15s_29ns_29_4_1' [e:/robot/project/FPGA/ZedBoard/HLS_lab/lab3/dct/dct/hls/impl/verilog/project.gen/sources_1/bd/bd_0/ipshared/fb04/hdl/verilog/dct_mac_muladd_16s_15s_29ns_29_4_1.v:55]
INFO: [Synth 8-6157] synthesizing module 'dct_mac_muladd_16s_15s_29ns_29_4_1_DSP48_0' [e:/robot/project/FPGA/ZedBoard/HLS_lab/lab3/dct/dct/hls/impl/verilog/project.gen/sources_1/bd/bd_0/ipshared/fb04/hdl/verilog/dct_mac_muladd_16s_15s_29ns_29_4_1.v:12]
INFO: [Synth 8-6155] done synthesizing module 'dct_mac_muladd_16s_15s_29ns_29_4_1_DSP48_0' (0#1) [e:/robot/project/FPGA/ZedBoard/HLS_lab/lab3/dct/dct/hls/impl/verilog/project.gen/sources_1/bd/bd_0/ipshared/fb04/hdl/verilog/dct_mac_muladd_16s_15s_29ns_29_4_1.v:12]
INFO: [Synth 8-6155] done synthesizing module 'dct_mac_muladd_16s_15s_29ns_29_4_1' (0#1) [e:/robot/project/FPGA/ZedBoard/HLS_lab/lab3/dct/dct/hls/impl/verilog/project.gen/sources_1/bd/bd_0/ipshared/fb04/hdl/verilog/dct_mac_muladd_16s_15s_29ns_29_4_1.v:55]
INFO: [Synth 8-6155] done synthesizing module 'dct_dct_Pipeline_Row_DCT_Loop_DCT_Outer_Loop' (0#1) [e:/robot/project/FPGA/ZedBoard/HLS_lab/lab3/dct/dct/hls/impl/verilog/project.gen/sources_1/bd/bd_0/ipshared/fb04/hdl/verilog/dct_dct_Pipeline_Row_DCT_Loop_DCT_Outer_Loop.v:9]
INFO: [Synth 8-6157] synthesizing module 'dct_dct_Pipeline_Xpose_Row_Outer_Loop_Xpose_Row_Inner_Loop' [e:/robot/project/FPGA/ZedBoard/HLS_lab/lab3/dct/dct/hls/impl/verilog/project.gen/sources_1/bd/bd_0/ipshared/fb04/hdl/verilog/dct_dct_Pipeline_Xpose_Row_Outer_Loop_Xpose_Row_Inner_Loop.v:9]
INFO: [Synth 8-6155] done synthesizing module 'dct_dct_Pipeline_Xpose_Row_Outer_Loop_Xpose_Row_Inner_Loop' (0#1) [e:/robot/project/FPGA/ZedBoard/HLS_lab/lab3/dct/dct/hls/impl/verilog/project.gen/sources_1/bd/bd_0/ipshared/fb04/hdl/verilog/dct_dct_Pipeline_Xpose_Row_Outer_Loop_Xpose_Row_Inner_Loop.v:9]
INFO: [Synth 8-6157] synthesizing module 'dct_dct_Pipeline_Col_DCT_Loop_DCT_Outer_Loop' [e:/robot/project/FPGA/ZedBoard/HLS_lab/lab3/dct/dct/hls/impl/verilog/project.gen/sources_1/bd/bd_0/ipshared/fb04/hdl/verilog/dct_dct_Pipeline_Col_DCT_Loop_DCT_Outer_Loop.v:9]
WARNING: [Synth 8-5974] attribute "use_dsp48" has been deprecated, please use "use_dsp" instead 
WARNING: [Synth 8-5974] attribute "use_dsp48" has been deprecated, please use "use_dsp" instead 
INFO: [Synth 8-6155] done synthesizing module 'dct_dct_Pipeline_Col_DCT_Loop_DCT_Outer_Loop' (0#1) [e:/robot/project/FPGA/ZedBoard/HLS_lab/lab3/dct/dct/hls/impl/verilog/project.gen/sources_1/bd/bd_0/ipshared/fb04/hdl/verilog/dct_dct_Pipeline_Col_DCT_Loop_DCT_Outer_Loop.v:9]
INFO: [Synth 8-6157] synthesizing module 'dct_dct_Pipeline_Xpose_Col_Outer_Loop_Xpose_Col_Inner_Loop' [e:/robot/project/FPGA/ZedBoard/HLS_lab/lab3/dct/dct/hls/impl/verilog/project.gen/sources_1/bd/bd_0/ipshared/fb04/hdl/verilog/dct_dct_Pipeline_Xpose_Col_Outer_Loop_Xpose_Col_Inner_Loop.v:9]
INFO: [Synth 8-6155] done synthesizing module 'dct_dct_Pipeline_Xpose_Col_Outer_Loop_Xpose_Col_Inner_Loop' (0#1) [e:/robot/project/FPGA/ZedBoard/HLS_lab/lab3/dct/dct/hls/impl/verilog/project.gen/sources_1/bd/bd_0/ipshared/fb04/hdl/verilog/dct_dct_Pipeline_Xpose_Col_Outer_Loop_Xpose_Col_Inner_Loop.v:9]
INFO: [Synth 8-6157] synthesizing module 'dct_dct_Pipeline_WR_Loop_Row_WR_Loop_Col' [e:/robot/project/FPGA/ZedBoard/HLS_lab/lab3/dct/dct/hls/impl/verilog/project.gen/sources_1/bd/bd_0/ipshared/fb04/hdl/verilog/dct_dct_Pipeline_WR_Loop_Row_WR_Loop_Col.v:9]
INFO: [Synth 8-6155] done synthesizing module 'dct_dct_Pipeline_WR_Loop_Row_WR_Loop_Col' (0#1) [e:/robot/project/FPGA/ZedBoard/HLS_lab/lab3/dct/dct/hls/impl/verilog/project.gen/sources_1/bd/bd_0/ipshared/fb04/hdl/verilog/dct_dct_Pipeline_WR_Loop_Row_WR_Loop_Col.v:9]
INFO: [Synth 8-6155] done synthesizing module 'dct' (0#1) [e:/robot/project/FPGA/ZedBoard/HLS_lab/lab3/dct/dct/hls/impl/verilog/project.gen/sources_1/bd/bd_0/ipshared/fb04/hdl/verilog/dct.v:9]
INFO: [Synth 8-6155] done synthesizing module 'bd_0_hls_inst_0' (0#1) [e:/robot/project/FPGA/ZedBoard/HLS_lab/lab3/dct/dct/hls/impl/verilog/project.gen/sources_1/bd/bd_0/ip/bd_0_hls_inst_0/synth/bd_0_hls_inst_0.v:53]
WARNING: [Synth 8-3936] Found unconnected internal register 'select_ln59_reg_358_pp0_iter2_reg_reg' and it is trimmed from '4' to '3' bits. [e:/robot/project/FPGA/ZedBoard/HLS_lab/lab3/dct/dct/hls/impl/verilog/project.gen/sources_1/bd/bd_0/ipshared/fb04/hdl/verilog/dct_dct_Pipeline_RD_Loop_Row_RD_Loop_Col.v:286]
WARNING: [Synth 8-3936] Found unconnected internal register 'select_ln37_reg_354_pp0_iter2_reg_reg' and it is trimmed from '4' to '3' bits. [e:/robot/project/FPGA/ZedBoard/HLS_lab/lab3/dct/dct/hls/impl/verilog/project.gen/sources_1/bd/bd_0/ipshared/fb04/hdl/verilog/dct_dct_Pipeline_Xpose_Row_Outer_Loop_Xpose_Row_Inner_Loop.v:283]
WARNING: [Synth 8-7129] Port rst in module dct_mac_muladd_16s_15s_29s_29_4_1_DSP48_0 is either unconnected or has no load
WARNING: [Synth 8-7129] Port rst in module dct_mac_muladd_16s_15s_29ns_29_4_1_DSP48_0 is either unconnected or has no load
WARNING: [Synth 8-7129] Port rst in module dct_mac_muladd_16s_15s_13ns_29_4_1_DSP48_0 is either unconnected or has no load
WARNING: [Synth 8-7129] Port reset in module dct_row_outbuf_RAM_AUTO_1R1W is either unconnected or has no load
WARNING: [Synth 8-7129] Port reset in module dct_col_inbuf_RAM_AUTO_1R1W is either unconnected or has no load
WARNING: [Synth 8-7129] Port reset in module dct_dct_1d_dct_coeff_table_7_ROM_AUTO_1R is either unconnected or has no load
WARNING: [Synth 8-7129] Port reset in module dct_dct_1d_dct_coeff_table_6_ROM_AUTO_1R is either unconnected or has no load
WARNING: [Synth 8-7129] Port reset in module dct_dct_1d_dct_coeff_table_5_ROM_AUTO_1R is either unconnected or has no load
WARNING: [Synth 8-7129] Port reset in module dct_dct_1d_dct_coeff_table_4_ROM_AUTO_1R is either unconnected or has no load
WARNING: [Synth 8-7129] Port reset in module dct_dct_1d_dct_coeff_table_3_ROM_AUTO_1R is either unconnected or has no load
WARNING: [Synth 8-7129] Port reset in module dct_dct_1d_dct_coeff_table_2_ROM_AUTO_1R is either unconnected or has no load
WARNING: [Synth 8-7129] Port reset in module dct_dct_1d_dct_coeff_table_1_ROM_AUTO_1R is either unconnected or has no load
WARNING: [Synth 8-7129] Port reset in module dct_dct_1d_dct_coeff_table_0_ROM_AUTO_1R is either unconnected or has no load
---------------------------------------------------------------------------------
Finished RTL Elaboration : Time (s): cpu = 00:00:06 ; elapsed = 00:00:12 . Memory (MB): peak = 1671.898 ; gain = 583.883
---------------------------------------------------------------------------------
---------------------------------------------------------------------------------
Start Handling Custom Attributes
---------------------------------------------------------------------------------
---------------------------------------------------------------------------------
Finished Handling Custom Attributes : Time (s): cpu = 00:00:06 ; elapsed = 00:00:13 . Memory (MB): peak = 1671.898 ; gain = 583.883
---------------------------------------------------------------------------------
---------------------------------------------------------------------------------
Finished RTL Optimization Phase 1 : Time (s): cpu = 00:00:06 ; elapsed = 00:00:13 . Memory (MB): peak = 1671.898 ; gain = 583.883
---------------------------------------------------------------------------------
Netlist sorting complete. Time (s): cpu = 00:00:00 ; elapsed = 00:00:00.086 . Memory (MB): peak = 1671.898 ; gain = 0.000
INFO: [Project 1-570] Preparing netlist for logic optimization

Processing XDC Constraints
Initializing timing engine
Parsing XDC File [e:/robot/project/FPGA/ZedBoard/HLS_lab/lab3/dct/dct/hls/impl/verilog/project.gen/sources_1/bd/bd_0/ip/bd_0_hls_inst_0/constraints/dct_ooc.xdc] for cell 'inst'
Finished Parsing XDC File [e:/robot/project/FPGA/ZedBoard/HLS_lab/lab3/dct/dct/hls/impl/verilog/project.gen/sources_1/bd/bd_0/ip/bd_0_hls_inst_0/constraints/dct_ooc.xdc] for cell 'inst'
Parsing XDC File [E:/robot/project/FPGA/ZedBoard/HLS_lab/lab3/dct/dct/hls/impl/verilog/project.runs/bd_0_hls_inst_0_synth_1/dont_touch.xdc]
Finished Parsing XDC File [E:/robot/project/FPGA/ZedBoard/HLS_lab/lab3/dct/dct/hls/impl/verilog/project.runs/bd_0_hls_inst_0_synth_1/dont_touch.xdc]
Completed Processing XDC Constraints

Netlist sorting complete. Time (s): cpu = 00:00:00 ; elapsed = 00:00:00.001 . Memory (MB): peak = 1768.375 ; gain = 0.000
INFO: [Project 1-111] Unisim Transformation Summary:
No Unisim elements were transformed.

Constraint Validation Runtime : Time (s): cpu = 00:00:00 ; elapsed = 00:00:00.122 . Memory (MB): peak = 1768.375 ; gain = 0.000
INFO: [Designutils 20-5008] Incremental synthesis strategy off
---------------------------------------------------------------------------------
Finished Constraint Validation : Time (s): cpu = 00:00:11 ; elapsed = 00:00:26 . Memory (MB): peak = 1768.375 ; gain = 680.359
---------------------------------------------------------------------------------
---------------------------------------------------------------------------------
Start Loading Part and Timing Information
---------------------------------------------------------------------------------
Loading part: xc7z020clg484-1
---------------------------------------------------------------------------------
Finished Loading Part and Timing Information : Time (s): cpu = 00:00:11 ; elapsed = 00:00:26 . Memory (MB): peak = 1768.375 ; gain = 680.359
---------------------------------------------------------------------------------
---------------------------------------------------------------------------------
Start Applying 'set_property' XDC Constraints
---------------------------------------------------------------------------------
Applied set_property KEEP_HIERARCHY = SOFT for inst. (constraint file  E:/robot/project/FPGA/ZedBoard/HLS_lab/lab3/dct/dct/hls/impl/verilog/project.runs/bd_0_hls_inst_0_synth_1/dont_touch.xdc, line 9).
---------------------------------------------------------------------------------
Finished applying 'set_property' XDC Constraints : Time (s): cpu = 00:00:11 ; elapsed = 00:00:26 . Memory (MB): peak = 1768.375 ; gain = 680.359
---------------------------------------------------------------------------------
WARNING: [Synth 8-3936] Found unconnected internal register 'select_ln59_reg_358_reg' and it is trimmed from '4' to '3' bits. [e:/robot/project/FPGA/ZedBoard/HLS_lab/lab3/dct/dct/hls/impl/verilog/project.gen/sources_1/bd/bd_0/ipshared/fb04/hdl/verilog/dct_dct_Pipeline_RD_Loop_Row_RD_Loop_Col.v:279]
WARNING: [Synth 8-3936] Found unconnected internal register 'zext_ln32_reg_595_pp0_iter2_reg_reg' and it is trimmed from '4' to '3' bits. [e:/robot/project/FPGA/ZedBoard/HLS_lab/lab3/dct/dct/hls/impl/verilog/project.gen/sources_1/bd/bd_0/ipshared/fb04/hdl/verilog/dct_dct_Pipeline_Row_DCT_Loop_DCT_Outer_Loop.v:558]
WARNING: [Synth 8-3936] Found unconnected internal register 'zext_ln32_reg_595_reg' and it is trimmed from '4' to '3' bits. [e:/robot/project/FPGA/ZedBoard/HLS_lab/lab3/dct/dct/hls/impl/verilog/project.gen/sources_1/bd/bd_0/ipshared/fb04/hdl/verilog/dct_dct_Pipeline_Row_DCT_Loop_DCT_Outer_Loop.v:568]
WARNING: [Synth 8-3936] Found unconnected internal register 'zext_ln13_reg_611_reg' and it is trimmed from '4' to '3' bits. [e:/robot/project/FPGA/ZedBoard/HLS_lab/lab3/dct/dct/hls/impl/verilog/project.gen/sources_1/bd/bd_0/ipshared/fb04/hdl/verilog/dct_dct_Pipeline_Row_DCT_Loop_DCT_Outer_Loop.v:567]
WARNING: [Synth 8-3936] Found unconnected internal register 'zext_ln43_reg_595_pp0_iter2_reg_reg' and it is trimmed from '4' to '3' bits. [e:/robot/project/FPGA/ZedBoard/HLS_lab/lab3/dct/dct/hls/impl/verilog/project.gen/sources_1/bd/bd_0/ipshared/fb04/hdl/verilog/dct_dct_Pipeline_Col_DCT_Loop_DCT_Outer_Loop.v:558]
WARNING: [Synth 8-3936] Found unconnected internal register 'zext_ln43_reg_595_reg' and it is trimmed from '4' to '3' bits. [e:/robot/project/FPGA/ZedBoard/HLS_lab/lab3/dct/dct/hls/impl/verilog/project.gen/sources_1/bd/bd_0/ipshared/fb04/hdl/verilog/dct_dct_Pipeline_Col_DCT_Loop_DCT_Outer_Loop.v:568]
WARNING: [Synth 8-3936] Found unconnected internal register 'zext_ln13_reg_611_reg' and it is trimmed from '4' to '3' bits. [e:/robot/project/FPGA/ZedBoard/HLS_lab/lab3/dct/dct/hls/impl/verilog/project.gen/sources_1/bd/bd_0/ipshared/fb04/hdl/verilog/dct_dct_Pipeline_Col_DCT_Loop_DCT_Outer_Loop.v:567]
INFO: [Synth 8-4490] FSM extraction disabled for register 'ap_CS_fsm_reg' through user attribute
---------------------------------------------------------------------------------
Finished RTL Optimization Phase 2 : Time (s): cpu = 00:00:11 ; elapsed = 00:00:27 . Memory (MB): peak = 1768.375 ; gain = 680.359
---------------------------------------------------------------------------------
---------------------------------------------------------------------------------
Start RTL Component Statistics 
---------------------------------------------------------------------------------
Detailed RTL Component Info : 
+---Adders : 
	   2 Input   29 Bit       Adders := 2     
	   3 Input   29 Bit       Adders := 2     
	   2 Input    7 Bit       Adders := 6     
	   2 Input    6 Bit       Adders := 7     
	   2 Input    4 Bit       Adders := 18    
+---Registers : 
	               29 Bit    Registers := 8     
	               18 Bit    Registers := 10    
	               16 Bit    Registers := 27    
	               15 Bit    Registers := 17    
	               14 Bit    Registers := 5     
	               12 Bit    Registers := 1     
	                7 Bit    Registers := 6     
	                6 Bit    Registers := 20    
	                4 Bit    Registers := 13    
	                3 Bit    Registers := 13    
	                1 Bit    Registers := 80    
+---RAMs : 
	             1024 Bit	(64 X 16 bit)          RAMs := 3     
	              128 Bit	(8 X 16 bit)          RAMs := 16    
+---Muxes : 
	   9 Input   15 Bit        Muxes := 7     
	   9 Input   14 Bit        Muxes := 1     
	   2 Input   12 Bit        Muxes := 1     
	   2 Input   11 Bit        Muxes := 1     
	   2 Input    9 Bit        Muxes := 1     
	   2 Input    7 Bit        Muxes := 1     
	   2 Input    6 Bit        Muxes := 3     
	   2 Input    5 Bit        Muxes := 1     
	   2 Input    3 Bit        Muxes := 25    
	   2 Input    2 Bit        Muxes := 1     
	   2 Input    1 Bit        Muxes := 69    
---------------------------------------------------------------------------------
Finished RTL Component Statistics 
---------------------------------------------------------------------------------
---------------------------------------------------------------------------------
Start Part Resource Summary
---------------------------------------------------------------------------------
Part Resources:
DSPs: 220 (col length:60)
BRAMs: 280 (col length: RAMB18 60 RAMB36 30)
---------------------------------------------------------------------------------
Finished Part Resource Summary
---------------------------------------------------------------------------------
---------------------------------------------------------------------------------
Start Cross Boundary and Area Optimization
---------------------------------------------------------------------------------
WARNING: [Synth 8-7080] Parallel synthesis criteria is not met
WARNING: [Synth 8-3936] Found unconnected internal register 'grp_dct_Pipeline_Col_DCT_Loop_DCT_Outer_Loop_fu_190/mac_muladd_16s_15s_29s_29_4_1_U55/dct_mac_muladd_16s_15s_29s_29_4_1_DSP48_0_U/p_reg_reg' and it is trimmed from '44' to '29' bits. [e:/robot/project/FPGA/ZedBoard/HLS_lab/lab3/dct/dct/hls/impl/verilog/project.gen/sources_1/bd/bd_0/ipshared/fb04/hdl/verilog/dct_mac_muladd_16s_15s_29s_29_4_1.v:45]
WARNING: [Synth 8-3936] Found unconnected internal register 'grp_dct_Pipeline_Row_DCT_Loop_DCT_Outer_Loop_fu_148/mac_muladd_16s_15s_29s_29_4_1_U16/dct_mac_muladd_16s_15s_29s_29_4_1_DSP48_0_U/p_reg_reg' and it is trimmed from '44' to '29' bits. [e:/robot/project/FPGA/ZedBoard/HLS_lab/lab3/dct/dct/hls/impl/verilog/project.gen/sources_1/bd/bd_0/ipshared/fb04/hdl/verilog/dct_mac_muladd_16s_15s_29s_29_4_1.v:45]
WARNING: [Synth 8-3936] Found unconnected internal register 'grp_dct_Pipeline_Col_DCT_Loop_DCT_Outer_Loop_fu_190/mac_muladd_16s_15s_29s_29_4_1_U55/dct_mac_muladd_16s_15s_29s_29_4_1_DSP48_0_U/m_reg_reg' and it is trimmed from '43' to '29' bits. [e:/robot/project/FPGA/ZedBoard/HLS_lab/lab3/dct/dct/hls/impl/verilog/project.gen/sources_1/bd/bd_0/ipshared/fb04/hdl/verilog/dct_mac_muladd_16s_15s_29s_29_4_1.v:37]
WARNING: [Synth 8-3936] Found unconnected internal register 'grp_dct_Pipeline_Col_DCT_Loop_DCT_Outer_Loop_fu_190/mac_muladd_16s_15s_29s_29_4_1_U56/dct_mac_muladd_16s_15s_29s_29_4_1_DSP48_0_U/p_reg_reg' and it is trimmed from '44' to '29' bits. [e:/robot/project/FPGA/ZedBoard/HLS_lab/lab3/dct/dct/hls/impl/verilog/project.gen/sources_1/bd/bd_0/ipshared/fb04/hdl/verilog/dct_mac_muladd_16s_15s_29s_29_4_1.v:45]
WARNING: [Synth 8-3936] Found unconnected internal register 'grp_dct_Pipeline_Col_DCT_Loop_DCT_Outer_Loop_fu_190/mac_muladd_16s_15s_29s_29_4_1_U56/dct_mac_muladd_16s_15s_29s_29_4_1_DSP48_0_U/m_reg_reg' and it is trimmed from '43' to '29' bits. [e:/robot/project/FPGA/ZedBoard/HLS_lab/lab3/dct/dct/hls/impl/verilog/project.gen/sources_1/bd/bd_0/ipshared/fb04/hdl/verilog/dct_mac_muladd_16s_15s_29s_29_4_1.v:37]
WARNING: [Synth 8-3936] Found unconnected internal register 'grp_dct_Pipeline_Col_DCT_Loop_DCT_Outer_Loop_fu_190/mac_muladd_16s_15s_29s_29_4_1_U53/dct_mac_muladd_16s_15s_29s_29_4_1_DSP48_0_U/p_reg_reg' and it is trimmed from '44' to '29' bits. [e:/robot/project/FPGA/ZedBoard/HLS_lab/lab3/dct/dct/hls/impl/verilog/project.gen/sources_1/bd/bd_0/ipshared/fb04/hdl/verilog/dct_mac_muladd_16s_15s_29s_29_4_1.v:45]
WARNING: [Synth 8-3936] Found unconnected internal register 'grp_dct_Pipeline_Col_DCT_Loop_DCT_Outer_Loop_fu_190/mac_muladd_16s_15s_29s_29_4_1_U53/dct_mac_muladd_16s_15s_29s_29_4_1_DSP48_0_U/m_reg_reg' and it is trimmed from '43' to '29' bits. [e:/robot/project/FPGA/ZedBoard/HLS_lab/lab3/dct/dct/hls/impl/verilog/project.gen/sources_1/bd/bd_0/ipshared/fb04/hdl/verilog/dct_mac_muladd_16s_15s_29s_29_4_1.v:37]
WARNING: [Synth 8-3936] Found unconnected internal register 'grp_dct_Pipeline_Col_DCT_Loop_DCT_Outer_Loop_fu_190/mac_muladd_16s_15s_29ns_29_4_1_U54/dct_mac_muladd_16s_15s_29ns_29_4_1_DSP48_0_U/p_reg_reg' and it is trimmed from '44' to '29' bits. [e:/robot/project/FPGA/ZedBoard/HLS_lab/lab3/dct/dct/hls/impl/verilog/project.gen/sources_1/bd/bd_0/ipshared/fb04/hdl/verilog/dct_mac_muladd_16s_15s_29ns_29_4_1.v:45]
WARNING: [Synth 8-3936] Found unconnected internal register 'grp_dct_Pipeline_Col_DCT_Loop_DCT_Outer_Loop_fu_190/mac_muladd_16s_15s_29ns_29_4_1_U54/dct_mac_muladd_16s_15s_29ns_29_4_1_DSP48_0_U/m_reg_reg' and it is trimmed from '43' to '29' bits. [e:/robot/project/FPGA/ZedBoard/HLS_lab/lab3/dct/dct/hls/impl/verilog/project.gen/sources_1/bd/bd_0/ipshared/fb04/hdl/verilog/dct_mac_muladd_16s_15s_29ns_29_4_1.v:37]
WARNING: [Synth 8-3936] Found unconnected internal register 'grp_dct_Pipeline_Col_DCT_Loop_DCT_Outer_Loop_fu_190/mac_muladd_16s_15s_13ns_29_4_1_U52/dct_mac_muladd_16s_15s_13ns_29_4_1_DSP48_0_U/p_reg_reg' and it is trimmed from '44' to '29' bits. [e:/robot/project/FPGA/ZedBoard/HLS_lab/lab3/dct/dct/hls/impl/verilog/project.gen/sources_1/bd/bd_0/ipshared/fb04/hdl/verilog/dct_mac_muladd_16s_15s_13ns_29_4_1.v:45]
WARNING: [Synth 8-3936] Found unconnected internal register 'grp_dct_Pipeline_Col_DCT_Loop_DCT_Outer_Loop_fu_190/mac_muladd_16s_15s_13ns_29_4_1_U52/dct_mac_muladd_16s_15s_13ns_29_4_1_DSP48_0_U/m_reg_reg' and it is trimmed from '43' to '29' bits. [e:/robot/project/FPGA/ZedBoard/HLS_lab/lab3/dct/dct/hls/impl/verilog/project.gen/sources_1/bd/bd_0/ipshared/fb04/hdl/verilog/dct_mac_muladd_16s_15s_13ns_29_4_1.v:37]
WARNING: [Synth 8-3936] Found unconnected internal register 'grp_dct_Pipeline_Row_DCT_Loop_DCT_Outer_Loop_fu_148/mac_muladd_16s_15s_29s_29_4_1_U16/dct_mac_muladd_16s_15s_29s_29_4_1_DSP48_0_U/m_reg_reg' and it is trimmed from '43' to '29' bits. [e:/robot/project/FPGA/ZedBoard/HLS_lab/lab3/dct/dct/hls/impl/verilog/project.gen/sources_1/bd/bd_0/ipshared/fb04/hdl/verilog/dct_mac_muladd_16s_15s_29s_29_4_1.v:37]
WARNING: [Synth 8-3936] Found unconnected internal register 'grp_dct_Pipeline_Row_DCT_Loop_DCT_Outer_Loop_fu_148/mac_muladd_16s_15s_29s_29_4_1_U17/dct_mac_muladd_16s_15s_29s_29_4_1_DSP48_0_U/p_reg_reg' and it is trimmed from '44' to '29' bits. [e:/robot/project/FPGA/ZedBoard/HLS_lab/lab3/dct/dct/hls/impl/verilog/project.gen/sources_1/bd/bd_0/ipshared/fb04/hdl/verilog/dct_mac_muladd_16s_15s_29s_29_4_1.v:45]
WARNING: [Synth 8-3936] Found unconnected internal register 'grp_dct_Pipeline_Row_DCT_Loop_DCT_Outer_Loop_fu_148/mac_muladd_16s_15s_29s_29_4_1_U17/dct_mac_muladd_16s_15s_29s_29_4_1_DSP48_0_U/m_reg_reg' and it is trimmed from '43' to '29' bits. [e:/robot/project/FPGA/ZedBoard/HLS_lab/lab3/dct/dct/hls/impl/verilog/project.gen/sources_1/bd/bd_0/ipshared/fb04/hdl/verilog/dct_mac_muladd_16s_15s_29s_29_4_1.v:37]
WARNING: [Synth 8-3936] Found unconnected internal register 'grp_dct_Pipeline_Row_DCT_Loop_DCT_Outer_Loop_fu_148/mac_muladd_16s_15s_29s_29_4_1_U14/dct_mac_muladd_16s_15s_29s_29_4_1_DSP48_0_U/p_reg_reg' and it is trimmed from '44' to '29' bits. [e:/robot/project/FPGA/ZedBoard/HLS_lab/lab3/dct/dct/hls/impl/verilog/project.gen/sources_1/bd/bd_0/ipshared/fb04/hdl/verilog/dct_mac_muladd_16s_15s_29s_29_4_1.v:45]
WARNING: [Synth 8-3936] Found unconnected internal register 'grp_dct_Pipeline_Row_DCT_Loop_DCT_Outer_Loop_fu_148/mac_muladd_16s_15s_29s_29_4_1_U14/dct_mac_muladd_16s_15s_29s_29_4_1_DSP48_0_U/m_reg_reg' and it is trimmed from '43' to '29' bits. [e:/robot/project/FPGA/ZedBoard/HLS_lab/lab3/dct/dct/hls/impl/verilog/project.gen/sources_1/bd/bd_0/ipshared/fb04/hdl/verilog/dct_mac_muladd_16s_15s_29s_29_4_1.v:37]
WARNING: [Synth 8-3936] Found unconnected internal register 'grp_dct_Pipeline_Row_DCT_Loop_DCT_Outer_Loop_fu_148/mac_muladd_16s_15s_29ns_29_4_1_U15/dct_mac_muladd_16s_15s_29ns_29_4_1_DSP48_0_U/p_reg_reg' and it is trimmed from '44' to '29' bits. [e:/robot/project/FPGA/ZedBoard/HLS_lab/lab3/dct/dct/hls/impl/verilog/project.gen/sources_1/bd/bd_0/ipshared/fb04/hdl/verilog/dct_mac_muladd_16s_15s_29ns_29_4_1.v:45]
WARNING: [Synth 8-3936] Found unconnected internal register 'grp_dct_Pipeline_Row_DCT_Loop_DCT_Outer_Loop_fu_148/mac_muladd_16s_15s_29ns_29_4_1_U15/dct_mac_muladd_16s_15s_29ns_29_4_1_DSP48_0_U/m_reg_reg' and it is trimmed from '43' to '29' bits. [e:/robot/project/FPGA/ZedBoard/HLS_lab/lab3/dct/dct/hls/impl/verilog/project.gen/sources_1/bd/bd_0/ipshared/fb04/hdl/verilog/dct_mac_muladd_16s_15s_29ns_29_4_1.v:37]
WARNING: [Synth 8-3936] Found unconnected internal register 'grp_dct_Pipeline_Row_DCT_Loop_DCT_Outer_Loop_fu_148/mac_muladd_16s_15s_13ns_29_4_1_U13/dct_mac_muladd_16s_15s_13ns_29_4_1_DSP48_0_U/p_reg_reg' and it is trimmed from '44' to '29' bits. [e:/robot/project/FPGA/ZedBoard/HLS_lab/lab3/dct/dct/hls/impl/verilog/project.gen/sources_1/bd/bd_0/ipshared/fb04/hdl/verilog/dct_mac_muladd_16s_15s_13ns_29_4_1.v:45]
WARNING: [Synth 8-3936] Found unconnected internal register 'grp_dct_Pipeline_Row_DCT_Loop_DCT_Outer_Loop_fu_148/mac_muladd_16s_15s_13ns_29_4_1_U13/dct_mac_muladd_16s_15s_13ns_29_4_1_DSP48_0_U/m_reg_reg' and it is trimmed from '43' to '29' bits. [e:/robot/project/FPGA/ZedBoard/HLS_lab/lab3/dct/dct/hls/impl/verilog/project.gen/sources_1/bd/bd_0/ipshared/fb04/hdl/verilog/dct_mac_muladd_16s_15s_13ns_29_4_1.v:37]
DSP Report: Generating DSP grp_dct_Pipeline_Row_DCT_Loop_DCT_Outer_Loop_fu_148/mac_muladd_16s_15s_29s_29_4_1_U16/dct_mac_muladd_16s_15s_29s_29_4_1_DSP48_0_U/m_reg_reg, operation Mode is: (A''*B'')'.
DSP Report: register grp_dct_Pipeline_Row_DCT_Loop_DCT_Outer_Loop_fu_148/mac_muladd_16s_15s_29s_29_4_1_U16/dct_mac_muladd_16s_15s_29s_29_4_1_DSP48_0_U/m_reg_reg is absorbed into DSP grp_dct_Pipeline_Row_DCT_Loop_DCT_Outer_Loop_fu_148/mac_muladd_16s_15s_29s_29_4_1_U16/dct_mac_muladd_16s_15s_29s_29_4_1_DSP48_0_U/m_reg_reg.
DSP Report: register grp_dct_Pipeline_Row_DCT_Loop_DCT_Outer_Loop_fu_148/mac_muladd_16s_15s_29s_29_4_1_U16/dct_mac_muladd_16s_15s_29s_29_4_1_DSP48_0_U/m_reg_reg is absorbed into DSP grp_dct_Pipeline_Row_DCT_Loop_DCT_Outer_Loop_fu_148/mac_muladd_16s_15s_29s_29_4_1_U16/dct_mac_muladd_16s_15s_29s_29_4_1_DSP48_0_U/m_reg_reg.
DSP Report: register grp_dct_Pipeline_Row_DCT_Loop_DCT_Outer_Loop_fu_148/mac_muladd_16s_15s_29s_29_4_1_U16/dct_mac_muladd_16s_15s_29s_29_4_1_DSP48_0_U/m_reg_reg is absorbed into DSP grp_dct_Pipeline_Row_DCT_Loop_DCT_Outer_Loop_fu_148/mac_muladd_16s_15s_29s_29_4_1_U16/dct_mac_muladd_16s_15s_29s_29_4_1_DSP48_0_U/m_reg_reg.
DSP Report: register grp_dct_Pipeline_Row_DCT_Loop_DCT_Outer_Loop_fu_148/mac_muladd_16s_15s_29s_29_4_1_U16/dct_mac_muladd_16s_15s_29s_29_4_1_DSP48_0_U/m_reg_reg is absorbed into DSP grp_dct_Pipeline_Row_DCT_Loop_DCT_Outer_Loop_fu_148/mac_muladd_16s_15s_29s_29_4_1_U16/dct_mac_muladd_16s_15s_29s_29_4_1_DSP48_0_U/m_reg_reg.
DSP Report: register grp_dct_Pipeline_Row_DCT_Loop_DCT_Outer_Loop_fu_148/mac_muladd_16s_15s_29s_29_4_1_U16/dct_mac_muladd_16s_15s_29s_29_4_1_DSP48_0_U/m_reg_reg is absorbed into DSP grp_dct_Pipeline_Row_DCT_Loop_DCT_Outer_Loop_fu_148/mac_muladd_16s_15s_29s_29_4_1_U16/dct_mac_muladd_16s_15s_29s_29_4_1_DSP48_0_U/m_reg_reg.
DSP Report: operator grp_dct_Pipeline_Row_DCT_Loop_DCT_Outer_Loop_fu_148/mac_muladd_16s_15s_29s_29_4_1_U16/dct_mac_muladd_16s_15s_29s_29_4_1_DSP48_0_U/m is absorbed into DSP grp_dct_Pipeline_Row_DCT_Loop_DCT_Outer_Loop_fu_148/mac_muladd_16s_15s_29s_29_4_1_U16/dct_mac_muladd_16s_15s_29s_29_4_1_DSP48_0_U/m_reg_reg.
DSP Report: Generating DSP grp_dct_Pipeline_Row_DCT_Loop_DCT_Outer_Loop_fu_148/mac_muladd_16s_15s_29s_29_4_1_U16/dct_mac_muladd_16s_15s_29s_29_4_1_DSP48_0_U/p_reg_reg, operation Mode is: (PCIN+(A2*B'')')'.
DSP Report: register grp_dct_Pipeline_Row_DCT_Loop_DCT_Outer_Loop_fu_148/mac_muladd_16s_15s_29s_29_4_1_U16/dct_mac_muladd_16s_15s_29s_29_4_1_DSP48_0_U/p_reg_reg is absorbed into DSP grp_dct_Pipeline_Row_DCT_Loop_DCT_Outer_Loop_fu_148/mac_muladd_16s_15s_29s_29_4_1_U16/dct_mac_muladd_16s_15s_29s_29_4_1_DSP48_0_U/p_reg_reg.
DSP Report: register grp_dct_Pipeline_Row_DCT_Loop_DCT_Outer_Loop_fu_148/mac_muladd_16s_15s_29s_29_4_1_U16/dct_mac_muladd_16s_15s_29s_29_4_1_DSP48_0_U/p_reg_reg is absorbed into DSP grp_dct_Pipeline_Row_DCT_Loop_DCT_Outer_Loop_fu_148/mac_muladd_16s_15s_29s_29_4_1_U16/dct_mac_muladd_16s_15s_29s_29_4_1_DSP48_0_U/p_reg_reg.
DSP Report: register grp_dct_Pipeline_Row_DCT_Loop_DCT_Outer_Loop_fu_148/buf_2d_in_load_reg_762_reg is absorbed into DSP grp_dct_Pipeline_Row_DCT_Loop_DCT_Outer_Loop_fu_148/mac_muladd_16s_15s_29s_29_4_1_U16/dct_mac_muladd_16s_15s_29s_29_4_1_DSP48_0_U/p_reg_reg.
DSP Report: register grp_dct_Pipeline_Row_DCT_Loop_DCT_Outer_Loop_fu_148/mac_muladd_16s_15s_29s_29_4_1_U16/dct_mac_muladd_16s_15s_29s_29_4_1_DSP48_0_U/p_reg_reg is absorbed into DSP grp_dct_Pipeline_Row_DCT_Loop_DCT_Outer_Loop_fu_148/mac_muladd_16s_15s_29s_29_4_1_U16/dct_mac_muladd_16s_15s_29s_29_4_1_DSP48_0_U/p_reg_reg.
DSP Report: register grp_dct_Pipeline_Row_DCT_Loop_DCT_Outer_Loop_fu_148/mul_ln19_7_reg_802_reg is absorbed into DSP grp_dct_Pipeline_Row_DCT_Loop_DCT_Outer_Loop_fu_148/mac_muladd_16s_15s_29s_29_4_1_U16/dct_mac_muladd_16s_15s_29s_29_4_1_DSP48_0_U/p_reg_reg.
DSP Report: operator grp_dct_Pipeline_Row_DCT_Loop_DCT_Outer_Loop_fu_148/mac_muladd_16s_15s_29s_29_4_1_U16/dct_mac_muladd_16s_15s_29s_29_4_1_DSP48_0_U/p is absorbed into DSP grp_dct_Pipeline_Row_DCT_Loop_DCT_Outer_Loop_fu_148/mac_muladd_16s_15s_29s_29_4_1_U16/dct_mac_muladd_16s_15s_29s_29_4_1_DSP48_0_U/p_reg_reg.
DSP Report: operator grp_dct_Pipeline_Row_DCT_Loop_DCT_Outer_Loop_fu_148/mul_14ns_16s_29_1_1_U12/tmp_product is absorbed into DSP grp_dct_Pipeline_Row_DCT_Loop_DCT_Outer_Loop_fu_148/mac_muladd_16s_15s_29s_29_4_1_U16/dct_mac_muladd_16s_15s_29s_29_4_1_DSP48_0_U/p_reg_reg.
DSP Report: Generating DSP grp_dct_Pipeline_Row_DCT_Loop_DCT_Outer_Loop_fu_148/mac_muladd_16s_15s_29s_29_4_1_U17/dct_mac_muladd_16s_15s_29s_29_4_1_DSP48_0_U/m_reg_reg, operation Mode is: (A''*B'')'.
DSP Report: register grp_dct_Pipeline_Row_DCT_Loop_DCT_Outer_Loop_fu_148/mac_muladd_16s_15s_29s_29_4_1_U17/dct_mac_muladd_16s_15s_29s_29_4_1_DSP48_0_U/m_reg_reg is absorbed into DSP grp_dct_Pipeline_Row_DCT_Loop_DCT_Outer_Loop_fu_148/mac_muladd_16s_15s_29s_29_4_1_U17/dct_mac_muladd_16s_15s_29s_29_4_1_DSP48_0_U/m_reg_reg.
DSP Report: register grp_dct_Pipeline_Row_DCT_Loop_DCT_Outer_Loop_fu_148/mac_muladd_16s_15s_29s_29_4_1_U17/dct_mac_muladd_16s_15s_29s_29_4_1_DSP48_0_U/m_reg_reg is absorbed into DSP grp_dct_Pipeline_Row_DCT_Loop_DCT_Outer_Loop_fu_148/mac_muladd_16s_15s_29s_29_4_1_U17/dct_mac_muladd_16s_15s_29s_29_4_1_DSP48_0_U/m_reg_reg.
DSP Report: register grp_dct_Pipeline_Row_DCT_Loop_DCT_Outer_Loop_fu_148/mac_muladd_16s_15s_29s_29_4_1_U17/dct_mac_muladd_16s_15s_29s_29_4_1_DSP48_0_U/m_reg_reg is absorbed into DSP grp_dct_Pipeline_Row_DCT_Loop_DCT_Outer_Loop_fu_148/mac_muladd_16s_15s_29s_29_4_1_U17/dct_mac_muladd_16s_15s_29s_29_4_1_DSP48_0_U/m_reg_reg.
DSP Report: register grp_dct_Pipeline_Row_DCT_Loop_DCT_Outer_Loop_fu_148/mac_muladd_16s_15s_29s_29_4_1_U17/dct_mac_muladd_16s_15s_29s_29_4_1_DSP48_0_U/m_reg_reg is absorbed into DSP grp_dct_Pipeline_Row_DCT_Loop_DCT_Outer_Loop_fu_148/mac_muladd_16s_15s_29s_29_4_1_U17/dct_mac_muladd_16s_15s_29s_29_4_1_DSP48_0_U/m_reg_reg.
DSP Report: register grp_dct_Pipeline_Row_DCT_Loop_DCT_Outer_Loop_fu_148/mac_muladd_16s_15s_29s_29_4_1_U17/dct_mac_muladd_16s_15s_29s_29_4_1_DSP48_0_U/m_reg_reg is absorbed into DSP grp_dct_Pipeline_Row_DCT_Loop_DCT_Outer_Loop_fu_148/mac_muladd_16s_15s_29s_29_4_1_U17/dct_mac_muladd_16s_15s_29s_29_4_1_DSP48_0_U/m_reg_reg.
DSP Report: operator grp_dct_Pipeline_Row_DCT_Loop_DCT_Outer_Loop_fu_148/mac_muladd_16s_15s_29s_29_4_1_U17/dct_mac_muladd_16s_15s_29s_29_4_1_DSP48_0_U/m is absorbed into DSP grp_dct_Pipeline_Row_DCT_Loop_DCT_Outer_Loop_fu_148/mac_muladd_16s_15s_29s_29_4_1_U17/dct_mac_muladd_16s_15s_29s_29_4_1_DSP48_0_U/m_reg_reg.
DSP Report: Generating DSP grp_dct_Pipeline_Row_DCT_Loop_DCT_Outer_Loop_fu_148/mac_muladd_16s_15s_29s_29_4_1_U17/dct_mac_muladd_16s_15s_29s_29_4_1_DSP48_0_U/p_reg_reg, operation Mode is: (PCIN+(A2*B'')')'.
DSP Report: register grp_dct_Pipeline_Row_DCT_Loop_DCT_Outer_Loop_fu_148/coeff_2_reg_737_reg is absorbed into DSP grp_dct_Pipeline_Row_DCT_Loop_DCT_Outer_Loop_fu_148/mac_muladd_16s_15s_29s_29_4_1_U17/dct_mac_muladd_16s_15s_29s_29_4_1_DSP48_0_U/p_reg_reg.
DSP Report: register grp_dct_Pipeline_Row_DCT_Loop_DCT_Outer_Loop_fu_148/coeff_2_reg_737_pp0_iter4_reg_reg is absorbed into DSP grp_dct_Pipeline_Row_DCT_Loop_DCT_Outer_Loop_fu_148/mac_muladd_16s_15s_29s_29_4_1_U17/dct_mac_muladd_16s_15s_29s_29_4_1_DSP48_0_U/p_reg_reg.
DSP Report: register grp_dct_Pipeline_Row_DCT_Loop_DCT_Outer_Loop_fu_148/buf_2d_in_9_load_reg_772_reg is absorbed into DSP grp_dct_Pipeline_Row_DCT_Loop_DCT_Outer_Loop_fu_148/mac_muladd_16s_15s_29s_29_4_1_U17/dct_mac_muladd_16s_15s_29s_29_4_1_DSP48_0_U/p_reg_reg.
DSP Report: register grp_dct_Pipeline_Row_DCT_Loop_DCT_Outer_Loop_fu_148/mac_muladd_16s_15s_29s_29_4_1_U17/dct_mac_muladd_16s_15s_29s_29_4_1_DSP48_0_U/p_reg_reg is absorbed into DSP grp_dct_Pipeline_Row_DCT_Loop_DCT_Outer_Loop_fu_148/mac_muladd_16s_15s_29s_29_4_1_U17/dct_mac_muladd_16s_15s_29s_29_4_1_DSP48_0_U/p_reg_reg.
DSP Report: register grp_dct_Pipeline_Row_DCT_Loop_DCT_Outer_Loop_fu_148/mul_ln19_1_reg_797_reg is absorbed into DSP grp_dct_Pipeline_Row_DCT_Loop_DCT_Outer_Loop_fu_148/mac_muladd_16s_15s_29s_29_4_1_U17/dct_mac_muladd_16s_15s_29s_29_4_1_DSP48_0_U/p_reg_reg.
DSP Report: operator grp_dct_Pipeline_Row_DCT_Loop_DCT_Outer_Loop_fu_148/mac_muladd_16s_15s_29s_29_4_1_U17/dct_mac_muladd_16s_15s_29s_29_4_1_DSP48_0_U/p is absorbed into DSP grp_dct_Pipeline_Row_DCT_Loop_DCT_Outer_Loop_fu_148/mac_muladd_16s_15s_29s_29_4_1_U17/dct_mac_muladd_16s_15s_29s_29_4_1_DSP48_0_U/p_reg_reg.
DSP Report: operator grp_dct_Pipeline_Row_DCT_Loop_DCT_Outer_Loop_fu_148/mul_15s_16s_29_1_1_U11/tmp_product is absorbed into DSP grp_dct_Pipeline_Row_DCT_Loop_DCT_Outer_Loop_fu_148/mac_muladd_16s_15s_29s_29_4_1_U17/dct_mac_muladd_16s_15s_29s_29_4_1_DSP48_0_U/p_reg_reg.
DSP Report: Generating DSP grp_dct_Pipeline_Row_DCT_Loop_DCT_Outer_Loop_fu_148/mac_muladd_16s_15s_29s_29_4_1_U14/dct_mac_muladd_16s_15s_29s_29_4_1_DSP48_0_U/m_reg_reg, operation Mode is: (A''*B'')'.
DSP Report: register grp_dct_Pipeline_Row_DCT_Loop_DCT_Outer_Loop_fu_148/mac_muladd_16s_15s_29s_29_4_1_U14/dct_mac_muladd_16s_15s_29s_29_4_1_DSP48_0_U/m_reg_reg is absorbed into DSP grp_dct_Pipeline_Row_DCT_Loop_DCT_Outer_Loop_fu_148/mac_muladd_16s_15s_29s_29_4_1_U14/dct_mac_muladd_16s_15s_29s_29_4_1_DSP48_0_U/m_reg_reg.
DSP Report: register grp_dct_Pipeline_Row_DCT_Loop_DCT_Outer_Loop_fu_148/mac_muladd_16s_15s_29s_29_4_1_U14/dct_mac_muladd_16s_15s_29s_29_4_1_DSP48_0_U/m_reg_reg is absorbed into DSP grp_dct_Pipeline_Row_DCT_Loop_DCT_Outer_Loop_fu_148/mac_muladd_16s_15s_29s_29_4_1_U14/dct_mac_muladd_16s_15s_29s_29_4_1_DSP48_0_U/m_reg_reg.
DSP Report: register grp_dct_Pipeline_Row_DCT_Loop_DCT_Outer_Loop_fu_148/mac_muladd_16s_15s_29s_29_4_1_U14/dct_mac_muladd_16s_15s_29s_29_4_1_DSP48_0_U/m_reg_reg is absorbed into DSP grp_dct_Pipeline_Row_DCT_Loop_DCT_Outer_Loop_fu_148/mac_muladd_16s_15s_29s_29_4_1_U14/dct_mac_muladd_16s_15s_29s_29_4_1_DSP48_0_U/m_reg_reg.
DSP Report: register grp_dct_Pipeline_Row_DCT_Loop_DCT_Outer_Loop_fu_148/mac_muladd_16s_15s_29s_29_4_1_U14/dct_mac_muladd_16s_15s_29s_29_4_1_DSP48_0_U/m_reg_reg is absorbed into DSP grp_dct_Pipeline_Row_DCT_Loop_DCT_Outer_Loop_fu_148/mac_muladd_16s_15s_29s_29_4_1_U14/dct_mac_muladd_16s_15s_29s_29_4_1_DSP48_0_U/m_reg_reg.
DSP Report: register grp_dct_Pipeline_Row_DCT_Loop_DCT_Outer_Loop_fu_148/mac_muladd_16s_15s_29s_29_4_1_U14/dct_mac_muladd_16s_15s_29s_29_4_1_DSP48_0_U/m_reg_reg is absorbed into DSP grp_dct_Pipeline_Row_DCT_Loop_DCT_Outer_Loop_fu_148/mac_muladd_16s_15s_29s_29_4_1_U14/dct_mac_muladd_16s_15s_29s_29_4_1_DSP48_0_U/m_reg_reg.
DSP Report: operator grp_dct_Pipeline_Row_DCT_Loop_DCT_Outer_Loop_fu_148/mac_muladd_16s_15s_29s_29_4_1_U14/dct_mac_muladd_16s_15s_29s_29_4_1_DSP48_0_U/m is absorbed into DSP grp_dct_Pipeline_Row_DCT_Loop_DCT_Outer_Loop_fu_148/mac_muladd_16s_15s_29s_29_4_1_U14/dct_mac_muladd_16s_15s_29s_29_4_1_DSP48_0_U/m_reg_reg.
DSP Report: Generating DSP grp_dct_Pipeline_Row_DCT_Loop_DCT_Outer_Loop_fu_148/mac_muladd_16s_15s_29s_29_4_1_U14/dct_mac_muladd_16s_15s_29s_29_4_1_DSP48_0_U/p_reg_reg, operation Mode is: (PCIN+(A2*B'')')'.
DSP Report: register dct_1d_dct_coeff_table_4_U/q0_reg is absorbed into DSP grp_dct_Pipeline_Row_DCT_Loop_DCT_Outer_Loop_fu_148/mac_muladd_16s_15s_29s_29_4_1_U14/dct_mac_muladd_16s_15s_29s_29_4_1_DSP48_0_U/p_reg_reg.
DSP Report: register grp_dct_Pipeline_Row_DCT_Loop_DCT_Outer_Loop_fu_148/coeff_4_reg_747_reg is absorbed into DSP grp_dct_Pipeline_Row_DCT_Loop_DCT_Outer_Loop_fu_148/mac_muladd_16s_15s_29s_29_4_1_U14/dct_mac_muladd_16s_15s_29s_29_4_1_DSP48_0_U/p_reg_reg.
DSP Report: register grp_dct_Pipeline_Row_DCT_Loop_DCT_Outer_Loop_fu_148/buf_2d_in_11_load_reg_712_reg is absorbed into DSP grp_dct_Pipeline_Row_DCT_Loop_DCT_Outer_Loop_fu_148/mac_muladd_16s_15s_29s_29_4_1_U14/dct_mac_muladd_16s_15s_29s_29_4_1_DSP48_0_U/p_reg_reg.
DSP Report: register grp_dct_Pipeline_Row_DCT_Loop_DCT_Outer_Loop_fu_148/mac_muladd_16s_15s_29s_29_4_1_U14/dct_mac_muladd_16s_15s_29s_29_4_1_DSP48_0_U/p_reg_reg is absorbed into DSP grp_dct_Pipeline_Row_DCT_Loop_DCT_Outer_Loop_fu_148/mac_muladd_16s_15s_29s_29_4_1_U14/dct_mac_muladd_16s_15s_29s_29_4_1_DSP48_0_U/p_reg_reg.
DSP Report: register grp_dct_Pipeline_Row_DCT_Loop_DCT_Outer_Loop_fu_148/mul_ln19_5_reg_792_reg is absorbed into DSP grp_dct_Pipeline_Row_DCT_Loop_DCT_Outer_Loop_fu_148/mac_muladd_16s_15s_29s_29_4_1_U14/dct_mac_muladd_16s_15s_29s_29_4_1_DSP48_0_U/p_reg_reg.
DSP Report: operator grp_dct_Pipeline_Row_DCT_Loop_DCT_Outer_Loop_fu_148/mac_muladd_16s_15s_29s_29_4_1_U14/dct_mac_muladd_16s_15s_29s_29_4_1_DSP48_0_U/p is absorbed into DSP grp_dct_Pipeline_Row_DCT_Loop_DCT_Outer_Loop_fu_148/mac_muladd_16s_15s_29s_29_4_1_U14/dct_mac_muladd_16s_15s_29s_29_4_1_DSP48_0_U/p_reg_reg.
DSP Report: operator grp_dct_Pipeline_Row_DCT_Loop_DCT_Outer_Loop_fu_148/mul_15s_16s_29_1_1_U10/tmp_product is absorbed into DSP grp_dct_Pipeline_Row_DCT_Loop_DCT_Outer_Loop_fu_148/mac_muladd_16s_15s_29s_29_4_1_U14/dct_mac_muladd_16s_15s_29s_29_4_1_DSP48_0_U/p_reg_reg.
DSP Report: Generating DSP grp_dct_Pipeline_Row_DCT_Loop_DCT_Outer_Loop_fu_148/mac_muladd_16s_15s_13ns_29_4_1_U13/dct_mac_muladd_16s_15s_13ns_29_4_1_DSP48_0_U/p_reg_reg, operation Mode is: (C:0x1000)+(A''*B'')'.
DSP Report: register grp_dct_Pipeline_Row_DCT_Loop_DCT_Outer_Loop_fu_148/mac_muladd_16s_15s_13ns_29_4_1_U13/dct_mac_muladd_16s_15s_13ns_29_4_1_DSP48_0_U/p_reg_reg is absorbed into DSP grp_dct_Pipeline_Row_DCT_Loop_DCT_Outer_Loop_fu_148/mac_muladd_16s_15s_13ns_29_4_1_U13/dct_mac_muladd_16s_15s_13ns_29_4_1_DSP48_0_U/p_reg_reg.
DSP Report: register grp_dct_Pipeline_Row_DCT_Loop_DCT_Outer_Loop_fu_148/mac_muladd_16s_15s_13ns_29_4_1_U13/dct_mac_muladd_16s_15s_13ns_29_4_1_DSP48_0_U/p_reg_reg is absorbed into DSP grp_dct_Pipeline_Row_DCT_Loop_DCT_Outer_Loop_fu_148/mac_muladd_16s_15s_13ns_29_4_1_U13/dct_mac_muladd_16s_15s_13ns_29_4_1_DSP48_0_U/p_reg_reg.
DSP Report: register grp_dct_Pipeline_Row_DCT_Loop_DCT_Outer_Loop_fu_148/mac_muladd_16s_15s_13ns_29_4_1_U13/dct_mac_muladd_16s_15s_13ns_29_4_1_DSP48_0_U/p_reg_reg is absorbed into DSP grp_dct_Pipeline_Row_DCT_Loop_DCT_Outer_Loop_fu_148/mac_muladd_16s_15s_13ns_29_4_1_U13/dct_mac_muladd_16s_15s_13ns_29_4_1_DSP48_0_U/p_reg_reg.
DSP Report: register grp_dct_Pipeline_Row_DCT_Loop_DCT_Outer_Loop_fu_148/mac_muladd_16s_15s_13ns_29_4_1_U13/dct_mac_muladd_16s_15s_13ns_29_4_1_DSP48_0_U/p_reg_reg is absorbed into DSP grp_dct_Pipeline_Row_DCT_Loop_DCT_Outer_Loop_fu_148/mac_muladd_16s_15s_13ns_29_4_1_U13/dct_mac_muladd_16s_15s_13ns_29_4_1_DSP48_0_U/p_reg_reg.
DSP Report: register grp_dct_Pipeline_Row_DCT_Loop_DCT_Outer_Loop_fu_148/mac_muladd_16s_15s_13ns_29_4_1_U13/dct_mac_muladd_16s_15s_13ns_29_4_1_DSP48_0_U/p_reg_reg is absorbed into DSP grp_dct_Pipeline_Row_DCT_Loop_DCT_Outer_Loop_fu_148/mac_muladd_16s_15s_13ns_29_4_1_U13/dct_mac_muladd_16s_15s_13ns_29_4_1_DSP48_0_U/p_reg_reg.
DSP Report: register grp_dct_Pipeline_Row_DCT_Loop_DCT_Outer_Loop_fu_148/mac_muladd_16s_15s_13ns_29_4_1_U13/dct_mac_muladd_16s_15s_13ns_29_4_1_DSP48_0_U/m_reg_reg is absorbed into DSP grp_dct_Pipeline_Row_DCT_Loop_DCT_Outer_Loop_fu_148/mac_muladd_16s_15s_13ns_29_4_1_U13/dct_mac_muladd_16s_15s_13ns_29_4_1_DSP48_0_U/p_reg_reg.
DSP Report: operator grp_dct_Pipeline_Row_DCT_Loop_DCT_Outer_Loop_fu_148/mac_muladd_16s_15s_13ns_29_4_1_U13/dct_mac_muladd_16s_15s_13ns_29_4_1_DSP48_0_U/p is absorbed into DSP grp_dct_Pipeline_Row_DCT_Loop_DCT_Outer_Loop_fu_148/mac_muladd_16s_15s_13ns_29_4_1_U13/dct_mac_muladd_16s_15s_13ns_29_4_1_DSP48_0_U/p_reg_reg.
DSP Report: operator grp_dct_Pipeline_Row_DCT_Loop_DCT_Outer_Loop_fu_148/mac_muladd_16s_15s_13ns_29_4_1_U13/dct_mac_muladd_16s_15s_13ns_29_4_1_DSP48_0_U/m is absorbed into DSP grp_dct_Pipeline_Row_DCT_Loop_DCT_Outer_Loop_fu_148/mac_muladd_16s_15s_13ns_29_4_1_U13/dct_mac_muladd_16s_15s_13ns_29_4_1_DSP48_0_U/p_reg_reg.
DSP Report: Generating DSP grp_dct_Pipeline_Row_DCT_Loop_DCT_Outer_Loop_fu_148/mac_muladd_16s_15s_29ns_29_4_1_U15/dct_mac_muladd_16s_15s_29ns_29_4_1_DSP48_0_U/p_reg_reg, operation Mode is: (PCIN+(A''*B'')')'.
DSP Report: register grp_dct_Pipeline_Row_DCT_Loop_DCT_Outer_Loop_fu_148/mac_muladd_16s_15s_29ns_29_4_1_U15/dct_mac_muladd_16s_15s_29ns_29_4_1_DSP48_0_U/p_reg_reg is absorbed into DSP grp_dct_Pipeline_Row_DCT_Loop_DCT_Outer_Loop_fu_148/mac_muladd_16s_15s_29ns_29_4_1_U15/dct_mac_muladd_16s_15s_29ns_29_4_1_DSP48_0_U/p_reg_reg.
DSP Report: register grp_dct_Pipeline_Row_DCT_Loop_DCT_Outer_Loop_fu_148/mac_muladd_16s_15s_29ns_29_4_1_U15/dct_mac_muladd_16s_15s_29ns_29_4_1_DSP48_0_U/p_reg_reg is absorbed into DSP grp_dct_Pipeline_Row_DCT_Loop_DCT_Outer_Loop_fu_148/mac_muladd_16s_15s_29ns_29_4_1_U15/dct_mac_muladd_16s_15s_29ns_29_4_1_DSP48_0_U/p_reg_reg.
DSP Report: register grp_dct_Pipeline_Row_DCT_Loop_DCT_Outer_Loop_fu_148/mac_muladd_16s_15s_29ns_29_4_1_U15/dct_mac_muladd_16s_15s_29ns_29_4_1_DSP48_0_U/p_reg_reg is absorbed into DSP grp_dct_Pipeline_Row_DCT_Loop_DCT_Outer_Loop_fu_148/mac_muladd_16s_15s_29ns_29_4_1_U15/dct_mac_muladd_16s_15s_29ns_29_4_1_DSP48_0_U/p_reg_reg.
DSP Report: register grp_dct_Pipeline_Row_DCT_Loop_DCT_Outer_Loop_fu_148/mac_muladd_16s_15s_29ns_29_4_1_U15/dct_mac_muladd_16s_15s_29ns_29_4_1_DSP48_0_U/p_reg_reg is absorbed into DSP grp_dct_Pipeline_Row_DCT_Loop_DCT_Outer_Loop_fu_148/mac_muladd_16s_15s_29ns_29_4_1_U15/dct_mac_muladd_16s_15s_29ns_29_4_1_DSP48_0_U/p_reg_reg.
DSP Report: register grp_dct_Pipeline_Row_DCT_Loop_DCT_Outer_Loop_fu_148/mac_muladd_16s_15s_29ns_29_4_1_U15/dct_mac_muladd_16s_15s_29ns_29_4_1_DSP48_0_U/p_reg_reg is absorbed into DSP grp_dct_Pipeline_Row_DCT_Loop_DCT_Outer_Loop_fu_148/mac_muladd_16s_15s_29ns_29_4_1_U15/dct_mac_muladd_16s_15s_29ns_29_4_1_DSP48_0_U/p_reg_reg.
DSP Report: register grp_dct_Pipeline_Row_DCT_Loop_DCT_Outer_Loop_fu_148/mac_muladd_16s_15s_29ns_29_4_1_U15/dct_mac_muladd_16s_15s_29ns_29_4_1_DSP48_0_U/m_reg_reg is absorbed into DSP grp_dct_Pipeline_Row_DCT_Loop_DCT_Outer_Loop_fu_148/mac_muladd_16s_15s_29ns_29_4_1_U15/dct_mac_muladd_16s_15s_29ns_29_4_1_DSP48_0_U/p_reg_reg.
DSP Report: operator grp_dct_Pipeline_Row_DCT_Loop_DCT_Outer_Loop_fu_148/mac_muladd_16s_15s_29ns_29_4_1_U15/dct_mac_muladd_16s_15s_29ns_29_4_1_DSP48_0_U/p is absorbed into DSP grp_dct_Pipeline_Row_DCT_Loop_DCT_Outer_Loop_fu_148/mac_muladd_16s_15s_29ns_29_4_1_U15/dct_mac_muladd_16s_15s_29ns_29_4_1_DSP48_0_U/p_reg_reg.
DSP Report: operator grp_dct_Pipeline_Row_DCT_Loop_DCT_Outer_Loop_fu_148/mac_muladd_16s_15s_29ns_29_4_1_U15/dct_mac_muladd_16s_15s_29ns_29_4_1_DSP48_0_U/m is absorbed into DSP grp_dct_Pipeline_Row_DCT_Loop_DCT_Outer_Loop_fu_148/mac_muladd_16s_15s_29ns_29_4_1_U15/dct_mac_muladd_16s_15s_29ns_29_4_1_DSP48_0_U/p_reg_reg.
DSP Report: Generating DSP grp_dct_Pipeline_Col_DCT_Loop_DCT_Outer_Loop_fu_190/mac_muladd_16s_15s_29s_29_4_1_U55/dct_mac_muladd_16s_15s_29s_29_4_1_DSP48_0_U/m_reg_reg, operation Mode is: (A''*B'')'.
DSP Report: register grp_dct_Pipeline_Col_DCT_Loop_DCT_Outer_Loop_fu_190/mac_muladd_16s_15s_29s_29_4_1_U55/dct_mac_muladd_16s_15s_29s_29_4_1_DSP48_0_U/m_reg_reg is absorbed into DSP grp_dct_Pipeline_Col_DCT_Loop_DCT_Outer_Loop_fu_190/mac_muladd_16s_15s_29s_29_4_1_U55/dct_mac_muladd_16s_15s_29s_29_4_1_DSP48_0_U/m_reg_reg.
DSP Report: register grp_dct_Pipeline_Col_DCT_Loop_DCT_Outer_Loop_fu_190/mac_muladd_16s_15s_29s_29_4_1_U55/dct_mac_muladd_16s_15s_29s_29_4_1_DSP48_0_U/m_reg_reg is absorbed into DSP grp_dct_Pipeline_Col_DCT_Loop_DCT_Outer_Loop_fu_190/mac_muladd_16s_15s_29s_29_4_1_U55/dct_mac_muladd_16s_15s_29s_29_4_1_DSP48_0_U/m_reg_reg.
DSP Report: register grp_dct_Pipeline_Col_DCT_Loop_DCT_Outer_Loop_fu_190/mac_muladd_16s_15s_29s_29_4_1_U55/dct_mac_muladd_16s_15s_29s_29_4_1_DSP48_0_U/m_reg_reg is absorbed into DSP grp_dct_Pipeline_Col_DCT_Loop_DCT_Outer_Loop_fu_190/mac_muladd_16s_15s_29s_29_4_1_U55/dct_mac_muladd_16s_15s_29s_29_4_1_DSP48_0_U/m_reg_reg.
DSP Report: register grp_dct_Pipeline_Col_DCT_Loop_DCT_Outer_Loop_fu_190/mac_muladd_16s_15s_29s_29_4_1_U55/dct_mac_muladd_16s_15s_29s_29_4_1_DSP48_0_U/m_reg_reg is absorbed into DSP grp_dct_Pipeline_Col_DCT_Loop_DCT_Outer_Loop_fu_190/mac_muladd_16s_15s_29s_29_4_1_U55/dct_mac_muladd_16s_15s_29s_29_4_1_DSP48_0_U/m_reg_reg.
DSP Report: register grp_dct_Pipeline_Col_DCT_Loop_DCT_Outer_Loop_fu_190/mac_muladd_16s_15s_29s_29_4_1_U55/dct_mac_muladd_16s_15s_29s_29_4_1_DSP48_0_U/m_reg_reg is absorbed into DSP grp_dct_Pipeline_Col_DCT_Loop_DCT_Outer_Loop_fu_190/mac_muladd_16s_15s_29s_29_4_1_U55/dct_mac_muladd_16s_15s_29s_29_4_1_DSP48_0_U/m_reg_reg.
DSP Report: operator grp_dct_Pipeline_Col_DCT_Loop_DCT_Outer_Loop_fu_190/mac_muladd_16s_15s_29s_29_4_1_U55/dct_mac_muladd_16s_15s_29s_29_4_1_DSP48_0_U/m is absorbed into DSP grp_dct_Pipeline_Col_DCT_Loop_DCT_Outer_Loop_fu_190/mac_muladd_16s_15s_29s_29_4_1_U55/dct_mac_muladd_16s_15s_29s_29_4_1_DSP48_0_U/m_reg_reg.
DSP Report: Generating DSP grp_dct_Pipeline_Col_DCT_Loop_DCT_Outer_Loop_fu_190/mac_muladd_16s_15s_29s_29_4_1_U55/dct_mac_muladd_16s_15s_29s_29_4_1_DSP48_0_U/p_reg_reg, operation Mode is: (PCIN+(A2*B'')')'.
DSP Report: register grp_dct_Pipeline_Col_DCT_Loop_DCT_Outer_Loop_fu_190/mac_muladd_16s_15s_29s_29_4_1_U55/dct_mac_muladd_16s_15s_29s_29_4_1_DSP48_0_U/p_reg_reg is absorbed into DSP grp_dct_Pipeline_Col_DCT_Loop_DCT_Outer_Loop_fu_190/mac_muladd_16s_15s_29s_29_4_1_U55/dct_mac_muladd_16s_15s_29s_29_4_1_DSP48_0_U/p_reg_reg.
DSP Report: register grp_dct_Pipeline_Col_DCT_Loop_DCT_Outer_Loop_fu_190/mac_muladd_16s_15s_29s_29_4_1_U55/dct_mac_muladd_16s_15s_29s_29_4_1_DSP48_0_U/p_reg_reg is absorbed into DSP grp_dct_Pipeline_Col_DCT_Loop_DCT_Outer_Loop_fu_190/mac_muladd_16s_15s_29s_29_4_1_U55/dct_mac_muladd_16s_15s_29s_29_4_1_DSP48_0_U/p_reg_reg.
DSP Report: register grp_dct_Pipeline_Col_DCT_Loop_DCT_Outer_Loop_fu_190/col_inbuf_load_reg_762_reg is absorbed into DSP grp_dct_Pipeline_Col_DCT_Loop_DCT_Outer_Loop_fu_190/mac_muladd_16s_15s_29s_29_4_1_U55/dct_mac_muladd_16s_15s_29s_29_4_1_DSP48_0_U/p_reg_reg.
DSP Report: register grp_dct_Pipeline_Col_DCT_Loop_DCT_Outer_Loop_fu_190/mac_muladd_16s_15s_29s_29_4_1_U55/dct_mac_muladd_16s_15s_29s_29_4_1_DSP48_0_U/p_reg_reg is absorbed into DSP grp_dct_Pipeline_Col_DCT_Loop_DCT_Outer_Loop_fu_190/mac_muladd_16s_15s_29s_29_4_1_U55/dct_mac_muladd_16s_15s_29s_29_4_1_DSP48_0_U/p_reg_reg.
DSP Report: register grp_dct_Pipeline_Col_DCT_Loop_DCT_Outer_Loop_fu_190/mul_ln19_14_reg_802_reg is absorbed into DSP grp_dct_Pipeline_Col_DCT_Loop_DCT_Outer_Loop_fu_190/mac_muladd_16s_15s_29s_29_4_1_U55/dct_mac_muladd_16s_15s_29s_29_4_1_DSP48_0_U/p_reg_reg.
DSP Report: operator grp_dct_Pipeline_Col_DCT_Loop_DCT_Outer_Loop_fu_190/mac_muladd_16s_15s_29s_29_4_1_U55/dct_mac_muladd_16s_15s_29s_29_4_1_DSP48_0_U/p is absorbed into DSP grp_dct_Pipeline_Col_DCT_Loop_DCT_Outer_Loop_fu_190/mac_muladd_16s_15s_29s_29_4_1_U55/dct_mac_muladd_16s_15s_29s_29_4_1_DSP48_0_U/p_reg_reg.
DSP Report: operator grp_dct_Pipeline_Col_DCT_Loop_DCT_Outer_Loop_fu_190/mul_14ns_16s_29_1_1_U51/tmp_product is absorbed into DSP grp_dct_Pipeline_Col_DCT_Loop_DCT_Outer_Loop_fu_190/mac_muladd_16s_15s_29s_29_4_1_U55/dct_mac_muladd_16s_15s_29s_29_4_1_DSP48_0_U/p_reg_reg.
DSP Report: Generating DSP grp_dct_Pipeline_Col_DCT_Loop_DCT_Outer_Loop_fu_190/mac_muladd_16s_15s_29s_29_4_1_U56/dct_mac_muladd_16s_15s_29s_29_4_1_DSP48_0_U/m_reg_reg, operation Mode is: (A''*B'')'.
DSP Report: register grp_dct_Pipeline_Col_DCT_Loop_DCT_Outer_Loop_fu_190/mac_muladd_16s_15s_29s_29_4_1_U56/dct_mac_muladd_16s_15s_29s_29_4_1_DSP48_0_U/m_reg_reg is absorbed into DSP grp_dct_Pipeline_Col_DCT_Loop_DCT_Outer_Loop_fu_190/mac_muladd_16s_15s_29s_29_4_1_U56/dct_mac_muladd_16s_15s_29s_29_4_1_DSP48_0_U/m_reg_reg.
DSP Report: register grp_dct_Pipeline_Col_DCT_Loop_DCT_Outer_Loop_fu_190/mac_muladd_16s_15s_29s_29_4_1_U56/dct_mac_muladd_16s_15s_29s_29_4_1_DSP48_0_U/m_reg_reg is absorbed into DSP grp_dct_Pipeline_Col_DCT_Loop_DCT_Outer_Loop_fu_190/mac_muladd_16s_15s_29s_29_4_1_U56/dct_mac_muladd_16s_15s_29s_29_4_1_DSP48_0_U/m_reg_reg.
DSP Report: register grp_dct_Pipeline_Col_DCT_Loop_DCT_Outer_Loop_fu_190/mac_muladd_16s_15s_29s_29_4_1_U56/dct_mac_muladd_16s_15s_29s_29_4_1_DSP48_0_U/m_reg_reg is absorbed into DSP grp_dct_Pipeline_Col_DCT_Loop_DCT_Outer_Loop_fu_190/mac_muladd_16s_15s_29s_29_4_1_U56/dct_mac_muladd_16s_15s_29s_29_4_1_DSP48_0_U/m_reg_reg.
DSP Report: register grp_dct_Pipeline_Col_DCT_Loop_DCT_Outer_Loop_fu_190/mac_muladd_16s_15s_29s_29_4_1_U56/dct_mac_muladd_16s_15s_29s_29_4_1_DSP48_0_U/m_reg_reg is absorbed into DSP grp_dct_Pipeline_Col_DCT_Loop_DCT_Outer_Loop_fu_190/mac_muladd_16s_15s_29s_29_4_1_U56/dct_mac_muladd_16s_15s_29s_29_4_1_DSP48_0_U/m_reg_reg.
DSP Report: register grp_dct_Pipeline_Col_DCT_Loop_DCT_Outer_Loop_fu_190/mac_muladd_16s_15s_29s_29_4_1_U56/dct_mac_muladd_16s_15s_29s_29_4_1_DSP48_0_U/m_reg_reg is absorbed into DSP grp_dct_Pipeline_Col_DCT_Loop_DCT_Outer_Loop_fu_190/mac_muladd_16s_15s_29s_29_4_1_U56/dct_mac_muladd_16s_15s_29s_29_4_1_DSP48_0_U/m_reg_reg.
DSP Report: operator grp_dct_Pipeline_Col_DCT_Loop_DCT_Outer_Loop_fu_190/mac_muladd_16s_15s_29s_29_4_1_U56/dct_mac_muladd_16s_15s_29s_29_4_1_DSP48_0_U/m is absorbed into DSP grp_dct_Pipeline_Col_DCT_Loop_DCT_Outer_Loop_fu_190/mac_muladd_16s_15s_29s_29_4_1_U56/dct_mac_muladd_16s_15s_29s_29_4_1_DSP48_0_U/m_reg_reg.
DSP Report: Generating DSP grp_dct_Pipeline_Col_DCT_Loop_DCT_Outer_Loop_fu_190/mac_muladd_16s_15s_29s_29_4_1_U56/dct_mac_muladd_16s_15s_29s_29_4_1_DSP48_0_U/p_reg_reg, operation Mode is: (PCIN+(A2*B'')')'.
DSP Report: register grp_dct_Pipeline_Row_DCT_Loop_DCT_Outer_Loop_fu_148/coeff_2_reg_737_reg is absorbed into DSP grp_dct_Pipeline_Col_DCT_Loop_DCT_Outer_Loop_fu_190/mac_muladd_16s_15s_29s_29_4_1_U56/dct_mac_muladd_16s_15s_29s_29_4_1_DSP48_0_U/p_reg_reg.
DSP Report: register grp_dct_Pipeline_Col_DCT_Loop_DCT_Outer_Loop_fu_190/col_inbuf_2_load_reg_772_reg is absorbed into DSP grp_dct_Pipeline_Col_DCT_Loop_DCT_Outer_Loop_fu_190/mac_muladd_16s_15s_29s_29_4_1_U56/dct_mac_muladd_16s_15s_29s_29_4_1_DSP48_0_U/p_reg_reg.
DSP Report: register grp_dct_Pipeline_Row_DCT_Loop_DCT_Outer_Loop_fu_148/coeff_2_reg_737_pp0_iter4_reg_reg is absorbed into DSP grp_dct_Pipeline_Col_DCT_Loop_DCT_Outer_Loop_fu_190/mac_muladd_16s_15s_29s_29_4_1_U56/dct_mac_muladd_16s_15s_29s_29_4_1_DSP48_0_U/p_reg_reg.
DSP Report: register grp_dct_Pipeline_Col_DCT_Loop_DCT_Outer_Loop_fu_190/mac_muladd_16s_15s_29s_29_4_1_U56/dct_mac_muladd_16s_15s_29s_29_4_1_DSP48_0_U/p_reg_reg is absorbed into DSP grp_dct_Pipeline_Col_DCT_Loop_DCT_Outer_Loop_fu_190/mac_muladd_16s_15s_29s_29_4_1_U56/dct_mac_muladd_16s_15s_29s_29_4_1_DSP48_0_U/p_reg_reg.
DSP Report: register grp_dct_Pipeline_Col_DCT_Loop_DCT_Outer_Loop_fu_190/mul_ln19_8_reg_797_reg is absorbed into DSP grp_dct_Pipeline_Col_DCT_Loop_DCT_Outer_Loop_fu_190/mac_muladd_16s_15s_29s_29_4_1_U56/dct_mac_muladd_16s_15s_29s_29_4_1_DSP48_0_U/p_reg_reg.
DSP Report: operator grp_dct_Pipeline_Col_DCT_Loop_DCT_Outer_Loop_fu_190/mac_muladd_16s_15s_29s_29_4_1_U56/dct_mac_muladd_16s_15s_29s_29_4_1_DSP48_0_U/p is absorbed into DSP grp_dct_Pipeline_Col_DCT_Loop_DCT_Outer_Loop_fu_190/mac_muladd_16s_15s_29s_29_4_1_U56/dct_mac_muladd_16s_15s_29s_29_4_1_DSP48_0_U/p_reg_reg.
DSP Report: operator grp_dct_Pipeline_Col_DCT_Loop_DCT_Outer_Loop_fu_190/mul_15s_16s_29_1_1_U50/tmp_product is absorbed into DSP grp_dct_Pipeline_Col_DCT_Loop_DCT_Outer_Loop_fu_190/mac_muladd_16s_15s_29s_29_4_1_U56/dct_mac_muladd_16s_15s_29s_29_4_1_DSP48_0_U/p_reg_reg.
DSP Report: Generating DSP grp_dct_Pipeline_Col_DCT_Loop_DCT_Outer_Loop_fu_190/mac_muladd_16s_15s_29s_29_4_1_U53/dct_mac_muladd_16s_15s_29s_29_4_1_DSP48_0_U/m_reg_reg, operation Mode is: (A''*B'')'.
DSP Report: register grp_dct_Pipeline_Col_DCT_Loop_DCT_Outer_Loop_fu_190/mac_muladd_16s_15s_29s_29_4_1_U53/dct_mac_muladd_16s_15s_29s_29_4_1_DSP48_0_U/m_reg_reg is absorbed into DSP grp_dct_Pipeline_Col_DCT_Loop_DCT_Outer_Loop_fu_190/mac_muladd_16s_15s_29s_29_4_1_U53/dct_mac_muladd_16s_15s_29s_29_4_1_DSP48_0_U/m_reg_reg.
DSP Report: register grp_dct_Pipeline_Col_DCT_Loop_DCT_Outer_Loop_fu_190/mac_muladd_16s_15s_29s_29_4_1_U53/dct_mac_muladd_16s_15s_29s_29_4_1_DSP48_0_U/m_reg_reg is absorbed into DSP grp_dct_Pipeline_Col_DCT_Loop_DCT_Outer_Loop_fu_190/mac_muladd_16s_15s_29s_29_4_1_U53/dct_mac_muladd_16s_15s_29s_29_4_1_DSP48_0_U/m_reg_reg.
DSP Report: register grp_dct_Pipeline_Col_DCT_Loop_DCT_Outer_Loop_fu_190/mac_muladd_16s_15s_29s_29_4_1_U53/dct_mac_muladd_16s_15s_29s_29_4_1_DSP48_0_U/m_reg_reg is absorbed into DSP grp_dct_Pipeline_Col_DCT_Loop_DCT_Outer_Loop_fu_190/mac_muladd_16s_15s_29s_29_4_1_U53/dct_mac_muladd_16s_15s_29s_29_4_1_DSP48_0_U/m_reg_reg.
DSP Report: register grp_dct_Pipeline_Col_DCT_Loop_DCT_Outer_Loop_fu_190/mac_muladd_16s_15s_29s_29_4_1_U53/dct_mac_muladd_16s_15s_29s_29_4_1_DSP48_0_U/m_reg_reg is absorbed into DSP grp_dct_Pipeline_Col_DCT_Loop_DCT_Outer_Loop_fu_190/mac_muladd_16s_15s_29s_29_4_1_U53/dct_mac_muladd_16s_15s_29s_29_4_1_DSP48_0_U/m_reg_reg.
DSP Report: register grp_dct_Pipeline_Col_DCT_Loop_DCT_Outer_Loop_fu_190/mac_muladd_16s_15s_29s_29_4_1_U53/dct_mac_muladd_16s_15s_29s_29_4_1_DSP48_0_U/m_reg_reg is absorbed into DSP grp_dct_Pipeline_Col_DCT_Loop_DCT_Outer_Loop_fu_190/mac_muladd_16s_15s_29s_29_4_1_U53/dct_mac_muladd_16s_15s_29s_29_4_1_DSP48_0_U/m_reg_reg.
DSP Report: operator grp_dct_Pipeline_Col_DCT_Loop_DCT_Outer_Loop_fu_190/mac_muladd_16s_15s_29s_29_4_1_U53/dct_mac_muladd_16s_15s_29s_29_4_1_DSP48_0_U/m is absorbed into DSP grp_dct_Pipeline_Col_DCT_Loop_DCT_Outer_Loop_fu_190/mac_muladd_16s_15s_29s_29_4_1_U53/dct_mac_muladd_16s_15s_29s_29_4_1_DSP48_0_U/m_reg_reg.
DSP Report: Generating DSP grp_dct_Pipeline_Col_DCT_Loop_DCT_Outer_Loop_fu_190/mac_muladd_16s_15s_29s_29_4_1_U53/dct_mac_muladd_16s_15s_29s_29_4_1_DSP48_0_U/p_reg_reg, operation Mode is: (PCIN+(A2*B'')')'.
DSP Report: register dct_1d_dct_coeff_table_4_U/q0_reg is absorbed into DSP grp_dct_Pipeline_Col_DCT_Loop_DCT_Outer_Loop_fu_190/mac_muladd_16s_15s_29s_29_4_1_U53/dct_mac_muladd_16s_15s_29s_29_4_1_DSP48_0_U/p_reg_reg.
DSP Report: register grp_dct_Pipeline_Col_DCT_Loop_DCT_Outer_Loop_fu_190/col_inbuf_4_load_reg_712_reg is absorbed into DSP grp_dct_Pipeline_Col_DCT_Loop_DCT_Outer_Loop_fu_190/mac_muladd_16s_15s_29s_29_4_1_U53/dct_mac_muladd_16s_15s_29s_29_4_1_DSP48_0_U/p_reg_reg.
DSP Report: register grp_dct_Pipeline_Row_DCT_Loop_DCT_Outer_Loop_fu_148/coeff_4_reg_747_reg is absorbed into DSP grp_dct_Pipeline_Col_DCT_Loop_DCT_Outer_Loop_fu_190/mac_muladd_16s_15s_29s_29_4_1_U53/dct_mac_muladd_16s_15s_29s_29_4_1_DSP48_0_U/p_reg_reg.
DSP Report: register grp_dct_Pipeline_Col_DCT_Loop_DCT_Outer_Loop_fu_190/mac_muladd_16s_15s_29s_29_4_1_U53/dct_mac_muladd_16s_15s_29s_29_4_1_DSP48_0_U/p_reg_reg is absorbed into DSP grp_dct_Pipeline_Col_DCT_Loop_DCT_Outer_Loop_fu_190/mac_muladd_16s_15s_29s_29_4_1_U53/dct_mac_muladd_16s_15s_29s_29_4_1_DSP48_0_U/p_reg_reg.
DSP Report: register grp_dct_Pipeline_Col_DCT_Loop_DCT_Outer_Loop_fu_190/mul_ln19_12_reg_792_reg is absorbed into DSP grp_dct_Pipeline_Col_DCT_Loop_DCT_Outer_Loop_fu_190/mac_muladd_16s_15s_29s_29_4_1_U53/dct_mac_muladd_16s_15s_29s_29_4_1_DSP48_0_U/p_reg_reg.
DSP Report: operator grp_dct_Pipeline_Col_DCT_Loop_DCT_Outer_Loop_fu_190/mac_muladd_16s_15s_29s_29_4_1_U53/dct_mac_muladd_16s_15s_29s_29_4_1_DSP48_0_U/p is absorbed into DSP grp_dct_Pipeline_Col_DCT_Loop_DCT_Outer_Loop_fu_190/mac_muladd_16s_15s_29s_29_4_1_U53/dct_mac_muladd_16s_15s_29s_29_4_1_DSP48_0_U/p_reg_reg.
DSP Report: operator grp_dct_Pipeline_Col_DCT_Loop_DCT_Outer_Loop_fu_190/mul_15s_16s_29_1_1_U49/tmp_product is absorbed into DSP grp_dct_Pipeline_Col_DCT_Loop_DCT_Outer_Loop_fu_190/mac_muladd_16s_15s_29s_29_4_1_U53/dct_mac_muladd_16s_15s_29s_29_4_1_DSP48_0_U/p_reg_reg.
DSP Report: Generating DSP grp_dct_Pipeline_Col_DCT_Loop_DCT_Outer_Loop_fu_190/mac_muladd_16s_15s_13ns_29_4_1_U52/dct_mac_muladd_16s_15s_13ns_29_4_1_DSP48_0_U/p_reg_reg, operation Mode is: (C:0x1000)+(A''*B'')'.
DSP Report: register grp_dct_Pipeline_Col_DCT_Loop_DCT_Outer_Loop_fu_190/mac_muladd_16s_15s_13ns_29_4_1_U52/dct_mac_muladd_16s_15s_13ns_29_4_1_DSP48_0_U/p_reg_reg is absorbed into DSP grp_dct_Pipeline_Col_DCT_Loop_DCT_Outer_Loop_fu_190/mac_muladd_16s_15s_13ns_29_4_1_U52/dct_mac_muladd_16s_15s_13ns_29_4_1_DSP48_0_U/p_reg_reg.
DSP Report: register grp_dct_Pipeline_Col_DCT_Loop_DCT_Outer_Loop_fu_190/mac_muladd_16s_15s_13ns_29_4_1_U52/dct_mac_muladd_16s_15s_13ns_29_4_1_DSP48_0_U/p_reg_reg is absorbed into DSP grp_dct_Pipeline_Col_DCT_Loop_DCT_Outer_Loop_fu_190/mac_muladd_16s_15s_13ns_29_4_1_U52/dct_mac_muladd_16s_15s_13ns_29_4_1_DSP48_0_U/p_reg_reg.
DSP Report: register grp_dct_Pipeline_Col_DCT_Loop_DCT_Outer_Loop_fu_190/mac_muladd_16s_15s_13ns_29_4_1_U52/dct_mac_muladd_16s_15s_13ns_29_4_1_DSP48_0_U/p_reg_reg is absorbed into DSP grp_dct_Pipeline_Col_DCT_Loop_DCT_Outer_Loop_fu_190/mac_muladd_16s_15s_13ns_29_4_1_U52/dct_mac_muladd_16s_15s_13ns_29_4_1_DSP48_0_U/p_reg_reg.
DSP Report: register grp_dct_Pipeline_Col_DCT_Loop_DCT_Outer_Loop_fu_190/mac_muladd_16s_15s_13ns_29_4_1_U52/dct_mac_muladd_16s_15s_13ns_29_4_1_DSP48_0_U/p_reg_reg is absorbed into DSP grp_dct_Pipeline_Col_DCT_Loop_DCT_Outer_Loop_fu_190/mac_muladd_16s_15s_13ns_29_4_1_U52/dct_mac_muladd_16s_15s_13ns_29_4_1_DSP48_0_U/p_reg_reg.
DSP Report: register grp_dct_Pipeline_Col_DCT_Loop_DCT_Outer_Loop_fu_190/mac_muladd_16s_15s_13ns_29_4_1_U52/dct_mac_muladd_16s_15s_13ns_29_4_1_DSP48_0_U/p_reg_reg is absorbed into DSP grp_dct_Pipeline_Col_DCT_Loop_DCT_Outer_Loop_fu_190/mac_muladd_16s_15s_13ns_29_4_1_U52/dct_mac_muladd_16s_15s_13ns_29_4_1_DSP48_0_U/p_reg_reg.
DSP Report: register grp_dct_Pipeline_Col_DCT_Loop_DCT_Outer_Loop_fu_190/mac_muladd_16s_15s_13ns_29_4_1_U52/dct_mac_muladd_16s_15s_13ns_29_4_1_DSP48_0_U/m_reg_reg is absorbed into DSP grp_dct_Pipeline_Col_DCT_Loop_DCT_Outer_Loop_fu_190/mac_muladd_16s_15s_13ns_29_4_1_U52/dct_mac_muladd_16s_15s_13ns_29_4_1_DSP48_0_U/p_reg_reg.
DSP Report: operator grp_dct_Pipeline_Col_DCT_Loop_DCT_Outer_Loop_fu_190/mac_muladd_16s_15s_13ns_29_4_1_U52/dct_mac_muladd_16s_15s_13ns_29_4_1_DSP48_0_U/p is absorbed into DSP grp_dct_Pipeline_Col_DCT_Loop_DCT_Outer_Loop_fu_190/mac_muladd_16s_15s_13ns_29_4_1_U52/dct_mac_muladd_16s_15s_13ns_29_4_1_DSP48_0_U/p_reg_reg.
DSP Report: operator grp_dct_Pipeline_Col_DCT_Loop_DCT_Outer_Loop_fu_190/mac_muladd_16s_15s_13ns_29_4_1_U52/dct_mac_muladd_16s_15s_13ns_29_4_1_DSP48_0_U/m is absorbed into DSP grp_dct_Pipeline_Col_DCT_Loop_DCT_Outer_Loop_fu_190/mac_muladd_16s_15s_13ns_29_4_1_U52/dct_mac_muladd_16s_15s_13ns_29_4_1_DSP48_0_U/p_reg_reg.
DSP Report: Generating DSP grp_dct_Pipeline_Col_DCT_Loop_DCT_Outer_Loop_fu_190/mac_muladd_16s_15s_29ns_29_4_1_U54/dct_mac_muladd_16s_15s_29ns_29_4_1_DSP48_0_U/p_reg_reg, operation Mode is: (PCIN+(A''*B'')')'.
DSP Report: register grp_dct_Pipeline_Col_DCT_Loop_DCT_Outer_Loop_fu_190/mac_muladd_16s_15s_29ns_29_4_1_U54/dct_mac_muladd_16s_15s_29ns_29_4_1_DSP48_0_U/p_reg_reg is absorbed into DSP grp_dct_Pipeline_Col_DCT_Loop_DCT_Outer_Loop_fu_190/mac_muladd_16s_15s_29ns_29_4_1_U54/dct_mac_muladd_16s_15s_29ns_29_4_1_DSP48_0_U/p_reg_reg.
DSP Report: register grp_dct_Pipeline_Col_DCT_Loop_DCT_Outer_Loop_fu_190/mac_muladd_16s_15s_29ns_29_4_1_U54/dct_mac_muladd_16s_15s_29ns_29_4_1_DSP48_0_U/p_reg_reg is absorbed into DSP grp_dct_Pipeline_Col_DCT_Loop_DCT_Outer_Loop_fu_190/mac_muladd_16s_15s_29ns_29_4_1_U54/dct_mac_muladd_16s_15s_29ns_29_4_1_DSP48_0_U/p_reg_reg.
DSP Report: register grp_dct_Pipeline_Col_DCT_Loop_DCT_Outer_Loop_fu_190/mac_muladd_16s_15s_29ns_29_4_1_U54/dct_mac_muladd_16s_15s_29ns_29_4_1_DSP48_0_U/p_reg_reg is absorbed into DSP grp_dct_Pipeline_Col_DCT_Loop_DCT_Outer_Loop_fu_190/mac_muladd_16s_15s_29ns_29_4_1_U54/dct_mac_muladd_16s_15s_29ns_29_4_1_DSP48_0_U/p_reg_reg.
DSP Report: register grp_dct_Pipeline_Col_DCT_Loop_DCT_Outer_Loop_fu_190/mac_muladd_16s_15s_29ns_29_4_1_U54/dct_mac_muladd_16s_15s_29ns_29_4_1_DSP48_0_U/p_reg_reg is absorbed into DSP grp_dct_Pipeline_Col_DCT_Loop_DCT_Outer_Loop_fu_190/mac_muladd_16s_15s_29ns_29_4_1_U54/dct_mac_muladd_16s_15s_29ns_29_4_1_DSP48_0_U/p_reg_reg.
DSP Report: register grp_dct_Pipeline_Col_DCT_Loop_DCT_Outer_Loop_fu_190/mac_muladd_16s_15s_29ns_29_4_1_U54/dct_mac_muladd_16s_15s_29ns_29_4_1_DSP48_0_U/p_reg_reg is absorbed into DSP grp_dct_Pipeline_Col_DCT_Loop_DCT_Outer_Loop_fu_190/mac_muladd_16s_15s_29ns_29_4_1_U54/dct_mac_muladd_16s_15s_29ns_29_4_1_DSP48_0_U/p_reg_reg.
DSP Report: register grp_dct_Pipeline_Col_DCT_Loop_DCT_Outer_Loop_fu_190/mac_muladd_16s_15s_29ns_29_4_1_U54/dct_mac_muladd_16s_15s_29ns_29_4_1_DSP48_0_U/m_reg_reg is absorbed into DSP grp_dct_Pipeline_Col_DCT_Loop_DCT_Outer_Loop_fu_190/mac_muladd_16s_15s_29ns_29_4_1_U54/dct_mac_muladd_16s_15s_29ns_29_4_1_DSP48_0_U/p_reg_reg.
DSP Report: operator grp_dct_Pipeline_Col_DCT_Loop_DCT_Outer_Loop_fu_190/mac_muladd_16s_15s_29ns_29_4_1_U54/dct_mac_muladd_16s_15s_29ns_29_4_1_DSP48_0_U/p is absorbed into DSP grp_dct_Pipeline_Col_DCT_Loop_DCT_Outer_Loop_fu_190/mac_muladd_16s_15s_29ns_29_4_1_U54/dct_mac_muladd_16s_15s_29ns_29_4_1_DSP48_0_U/p_reg_reg.
DSP Report: operator grp_dct_Pipeline_Col_DCT_Loop_DCT_Outer_Loop_fu_190/mac_muladd_16s_15s_29ns_29_4_1_U54/dct_mac_muladd_16s_15s_29ns_29_4_1_DSP48_0_U/m is absorbed into DSP grp_dct_Pipeline_Col_DCT_Loop_DCT_Outer_Loop_fu_190/mac_muladd_16s_15s_29ns_29_4_1_U54/dct_mac_muladd_16s_15s_29ns_29_4_1_DSP48_0_U/p_reg_reg.
---------------------------------------------------------------------------------
Finished Cross Boundary and Area Optimization : Time (s): cpu = 00:00:13 ; elapsed = 00:00:32 . Memory (MB): peak = 1768.375 ; gain = 680.359
---------------------------------------------------------------------------------
 Sort Area is  grp_dct_Pipeline_Col_DCT_Loop_DCT_Outer_Loop_fu_190/mac_muladd_16s_15s_13ns_29_4_1_U52/dct_mac_muladd_16s_15s_13ns_29_4_1_DSP48_0_U/p_reg_reg_8 : 0 0 : 2244 4488 : Used 1 time 0
 Sort Area is  grp_dct_Pipeline_Col_DCT_Loop_DCT_Outer_Loop_fu_190/mac_muladd_16s_15s_13ns_29_4_1_U52/dct_mac_muladd_16s_15s_13ns_29_4_1_DSP48_0_U/p_reg_reg_8 : 0 1 : 2244 4488 : Used 1 time 0
 Sort Area is  grp_dct_Pipeline_Row_DCT_Loop_DCT_Outer_Loop_fu_148/mac_muladd_16s_15s_13ns_29_4_1_U13/dct_mac_muladd_16s_15s_13ns_29_4_1_DSP48_0_U/p_reg_reg_0 : 0 0 : 2244 4488 : Used 1 time 0
 Sort Area is  grp_dct_Pipeline_Row_DCT_Loop_DCT_Outer_Loop_fu_148/mac_muladd_16s_15s_13ns_29_4_1_U13/dct_mac_muladd_16s_15s_13ns_29_4_1_DSP48_0_U/p_reg_reg_0 : 0 1 : 2244 4488 : Used 1 time 0
 Sort Area is  grp_dct_Pipeline_Col_DCT_Loop_DCT_Outer_Loop_fu_190/mac_muladd_16s_15s_29s_29_4_1_U53/dct_mac_muladd_16s_15s_29s_29_4_1_DSP48_0_U/m_reg_reg_9 : 0 0 : 2129 4122 : Used 1 time 0
 Sort Area is  grp_dct_Pipeline_Col_DCT_Loop_DCT_Outer_Loop_fu_190/mac_muladd_16s_15s_29s_29_4_1_U53/dct_mac_muladd_16s_15s_29s_29_4_1_DSP48_0_U/m_reg_reg_9 : 0 1 : 1993 4122 : Used 1 time 0
 Sort Area is  grp_dct_Pipeline_Col_DCT_Loop_DCT_Outer_Loop_fu_190/mac_muladd_16s_15s_29s_29_4_1_U55/dct_mac_muladd_16s_15s_29s_29_4_1_DSP48_0_U/m_reg_reg_b : 0 0 : 2129 4122 : Used 1 time 0
 Sort Area is  grp_dct_Pipeline_Col_DCT_Loop_DCT_Outer_Loop_fu_190/mac_muladd_16s_15s_29s_29_4_1_U55/dct_mac_muladd_16s_15s_29s_29_4_1_DSP48_0_U/m_reg_reg_b : 0 1 : 1993 4122 : Used 1 time 0
 Sort Area is  grp_dct_Pipeline_Col_DCT_Loop_DCT_Outer_Loop_fu_190/mac_muladd_16s_15s_29s_29_4_1_U56/dct_mac_muladd_16s_15s_29s_29_4_1_DSP48_0_U/m_reg_reg_a : 0 0 : 2129 4122 : Used 1 time 0
 Sort Area is  grp_dct_Pipeline_Col_DCT_Loop_DCT_Outer_Loop_fu_190/mac_muladd_16s_15s_29s_29_4_1_U56/dct_mac_muladd_16s_15s_29s_29_4_1_DSP48_0_U/m_reg_reg_a : 0 1 : 1993 4122 : Used 1 time 0
 Sort Area is  grp_dct_Pipeline_Row_DCT_Loop_DCT_Outer_Loop_fu_148/mac_muladd_16s_15s_29s_29_4_1_U14/dct_mac_muladd_16s_15s_29s_29_4_1_DSP48_0_U/m_reg_reg_3 : 0 0 : 2129 4122 : Used 1 time 0
 Sort Area is  grp_dct_Pipeline_Row_DCT_Loop_DCT_Outer_Loop_fu_148/mac_muladd_16s_15s_29s_29_4_1_U14/dct_mac_muladd_16s_15s_29s_29_4_1_DSP48_0_U/m_reg_reg_3 : 0 1 : 1993 4122 : Used 1 time 0
 Sort Area is  grp_dct_Pipeline_Row_DCT_Loop_DCT_Outer_Loop_fu_148/mac_muladd_16s_15s_29s_29_4_1_U16/dct_mac_muladd_16s_15s_29s_29_4_1_DSP48_0_U/m_reg_reg_7 : 0 0 : 2129 4122 : Used 1 time 0
 Sort Area is  grp_dct_Pipeline_Row_DCT_Loop_DCT_Outer_Loop_fu_148/mac_muladd_16s_15s_29s_29_4_1_U16/dct_mac_muladd_16s_15s_29s_29_4_1_DSP48_0_U/m_reg_reg_7 : 0 1 : 1993 4122 : Used 1 time 0
 Sort Area is  grp_dct_Pipeline_Row_DCT_Loop_DCT_Outer_Loop_fu_148/mac_muladd_16s_15s_29s_29_4_1_U17/dct_mac_muladd_16s_15s_29s_29_4_1_DSP48_0_U/m_reg_reg_6 : 0 0 : 2129 4122 : Used 1 time 0
 Sort Area is  grp_dct_Pipeline_Row_DCT_Loop_DCT_Outer_Loop_fu_148/mac_muladd_16s_15s_29s_29_4_1_U17/dct_mac_muladd_16s_15s_29s_29_4_1_DSP48_0_U/m_reg_reg_6 : 0 1 : 1993 4122 : Used 1 time 0
---------------------------------------------------------------------------------
Start ROM, RAM, DSP, Shift Register and Retiming Reporting
---------------------------------------------------------------------------------

Block RAM: Preliminary Mapping Report (see note below)
+------------+----------------------+------------------------+---+---+------------------------+---+---+------------------+--------+--------+
|Module Name | RTL Object           | PORT A (Depth x Width) | W | R | PORT B (Depth x Width) | W | R | Ports driving FF | RAMB18 | RAMB36 | 
+------------+----------------------+------------------------+---+---+------------------------+---+---+------------------+--------+--------+
|inst        | row_outbuf_U/ram_reg | 64 x 16(READ_FIRST)    | W | R |                        |   |   | Port A           | 1      | 0      | 
|inst        | col_outbuf_U/ram_reg | 64 x 16(READ_FIRST)    | W | R |                        |   |   | Port A           | 1      | 0      | 
|inst        | buf_2d_out_U/ram_reg | 64 x 16(READ_FIRST)    | W | R |                        |   |   | Port A           | 1      | 0      | 
+------------+----------------------+------------------------+---+---+------------------------+---+---+------------------+--------+--------+

Note: The table above is a preliminary report that shows the Block RAMs at the current stage of the synthesis flow. Some Block RAMs may be reimplemented as non Block RAM primitives later in the synthesis flow. Multiple instantiated Block RAMs are reported only once. 

Distributed RAM: Preliminary Mapping Report (see note below)
+------------+------------------------+-----------+----------------------+----------------+
|Module Name | RTL Object             | Inference | Size (Depth x Width) | Primitives     | 
+------------+------------------------+-----------+----------------------+----------------+
|inst        | buf_2d_in_8_U/ram_reg  | Implied   | 8 x 16               | RAM16X1S x 16  | 
|inst        | buf_2d_in_U/ram_reg    | Implied   | 8 x 16               | RAM16X1S x 16  | 
|inst        | buf_2d_in_10_U/ram_reg | Implied   | 8 x 16               | RAM16X1S x 16  | 
|inst        | buf_2d_in_9_U/ram_reg  | Implied   | 8 x 16               | RAM16X1S x 16  | 
|inst        | buf_2d_in_12_U/ram_reg | Implied   | 8 x 16               | RAM16X1S x 16  | 
|inst        | buf_2d_in_11_U/ram_reg | Implied   | 8 x 16               | RAM16X1S x 16  | 
|inst        | buf_2d_in_14_U/ram_reg | Implied   | 8 x 16               | RAM16X1S x 16  | 
|inst        | buf_2d_in_13_U/ram_reg | Implied   | 8 x 16               | RAM16X1S x 16  | 
|inst        | col_inbuf_1_U/ram_reg  | Implied   | 8 x 16               | RAM16X1S x 16  | 
|inst        | col_inbuf_U/ram_reg    | Implied   | 8 x 16               | RAM16X1S x 16  | 
|inst        | col_inbuf_3_U/ram_reg  | Implied   | 8 x 16               | RAM16X1S x 16  | 
|inst        | col_inbuf_2_U/ram_reg  | Implied   | 8 x 16               | RAM16X1S x 16  | 
|inst        | col_inbuf_5_U/ram_reg  | Implied   | 8 x 16               | RAM16X1S x 16  | 
|inst        | col_inbuf_4_U/ram_reg  | Implied   | 8 x 16               | RAM16X1S x 16  | 
|inst        | col_inbuf_7_U/ram_reg  | Implied   | 8 x 16               | RAM16X1S x 16  | 
|inst        | col_inbuf_6_U/ram_reg  | Implied   | 8 x 16               | RAM16X1S x 16  | 
+------------+------------------------+-----------+----------------------+----------------+

Note: The table above is a preliminary report that shows the Distributed RAMs at the current stage of the synthesis flow. Some Distributed RAMs may be reimplemented as non Distributed RAM primitives later in the synthesis flow. Multiple instantiated RAMs are reported only once.

DSP: Preliminary Mapping Report (see note below. The ' indicates corresponding REG is set)
+------------+-----------------------+--------+--------+--------+--------+--------+------+------+------+------+-------+------+------+
|Module Name | DSP Mapping           | A Size | B Size | C Size | D Size | P Size | AREG | BREG | CREG | DREG | ADREG | MREG | PREG | 
+------------+-----------------------+--------+--------+--------+--------+--------+------+------+------+------+-------+------+------+
|dct         | (A''*B'')'            | 17     | 16     | -      | -      | 33     | 2    | 2    | -    | -    | -     | 1    | 0    | 
|dct         | (PCIN+(A2*B'')')'     | 16     | 15     | -      | -      | 29     | 1    | 2    | -    | -    | -     | 1    | 1    | 
|dct         | (A''*B'')'            | 17     | 16     | -      | -      | 33     | 2    | 2    | -    | -    | -     | 1    | 0    | 
|dct         | (PCIN+(A2*B'')')'     | 16     | 15     | -      | -      | 29     | 1    | 2    | -    | -    | -     | 1    | 1    | 
|dct         | (A''*B'')'            | 17     | 16     | -      | -      | 33     | 2    | 2    | -    | -    | -     | 1    | 0    | 
|dct         | (PCIN+(A2*B'')')'     | 16     | 15     | -      | -      | 29     | 1    | 2    | -    | -    | -     | 1    | 1    | 
|dct         | (C:0x1000)+(A''*B'')' | 17     | 16     | 14     | -      | 29     | 2    | 2    | 0    | -    | -     | 1    | 1    | 
|dct         | (PCIN+(A''*B'')')'    | 17     | 16     | -      | -      | 29     | 2    | 2    | -    | -    | -     | 1    | 1    | 
|dct         | (A''*B'')'            | 17     | 16     | -      | -      | 33     | 2    | 2    | -    | -    | -     | 1    | 0    | 
|dct         | (PCIN+(A2*B'')')'     | 16     | 15     | -      | -      | 29     | 1    | 2    | -    | -    | -     | 1    | 1    | 
|dct         | (A''*B'')'            | 17     | 16     | -      | -      | 33     | 2    | 2    | -    | -    | -     | 1    | 0    | 
|dct         | (PCIN+(A2*B'')')'     | 16     | 15     | -      | -      | 29     | 1    | 2    | -    | -    | -     | 1    | 1    | 
|dct         | (A''*B'')'            | 17     | 16     | -      | -      | 33     | 2    | 2    | -    | -    | -     | 1    | 0    | 
|dct         | (PCIN+(A2*B'')')'     | 16     | 15     | -      | -      | 29     | 1    | 2    | -    | -    | -     | 1    | 1    | 
|dct         | (C:0x1000)+(A''*B'')' | 17     | 16     | 14     | -      | 29     | 2    | 2    | 0    | -    | -     | 1    | 1    | 
|dct         | (PCIN+(A''*B'')')'    | 17     | 16     | -      | -      | 29     | 2    | 2    | -    | -    | -     | 1    | 1    | 
+------------+-----------------------+--------+--------+--------+--------+--------+------+------+------+------+-------+------+------+

Note: The table above is a preliminary report that shows the DSPs inferred at the current stage of the synthesis flow. Some DSP may be reimplemented as non DSP primitives later in the synthesis flow. Multiple instantiated DSPs are reported only once.
---------------------------------------------------------------------------------
Finished ROM, RAM, DSP, Shift Register and Retiming Reporting
---------------------------------------------------------------------------------
---------------------------------------------------------------------------------
Start Applying XDC Timing Constraints
---------------------------------------------------------------------------------
---------------------------------------------------------------------------------
Finished Applying XDC Timing Constraints : Time (s): cpu = 00:00:19 ; elapsed = 00:00:43 . Memory (MB): peak = 1768.375 ; gain = 680.359
---------------------------------------------------------------------------------
---------------------------------------------------------------------------------
Start Timing Optimization
---------------------------------------------------------------------------------
---------------------------------------------------------------------------------
Finished Timing Optimization : Time (s): cpu = 00:00:19 ; elapsed = 00:00:43 . Memory (MB): peak = 1768.375 ; gain = 680.359
---------------------------------------------------------------------------------
---------------------------------------------------------------------------------
Start ROM, RAM, DSP, Shift Register and Retiming Reporting
---------------------------------------------------------------------------------

Block RAM: Final Mapping Report
+------------+----------------------+------------------------+---+---+------------------------+---+---+------------------+--------+--------+
|Module Name | RTL Object           | PORT A (Depth x Width) | W | R | PORT B (Depth x Width) | W | R | Ports driving FF | RAMB18 | RAMB36 | 
+------------+----------------------+------------------------+---+---+------------------------+---+---+------------------+--------+--------+
|inst        | row_outbuf_U/ram_reg | 64 x 16(READ_FIRST)    | W | R |                        |   |   | Port A           | 1      | 0      | 
|inst        | col_outbuf_U/ram_reg | 64 x 16(READ_FIRST)    | W | R |                        |   |   | Port A           | 1      | 0      | 
|inst        | buf_2d_out_U/ram_reg | 64 x 16(READ_FIRST)    | W | R |                        |   |   | Port A           | 1      | 0      | 
+------------+----------------------+------------------------+---+---+------------------------+---+---+------------------+--------+--------+


Distributed RAM: Final Mapping Report
+------------+------------------------+-----------+----------------------+----------------+
|Module Name | RTL Object             | Inference | Size (Depth x Width) | Primitives     | 
+------------+------------------------+-----------+----------------------+----------------+
|inst        | buf_2d_in_8_U/ram_reg  | Implied   | 8 x 16               | RAM16X1S x 16  | 
|inst        | buf_2d_in_U/ram_reg    | Implied   | 8 x 16               | RAM16X1S x 16  | 
|inst        | buf_2d_in_10_U/ram_reg | Implied   | 8 x 16               | RAM16X1S x 16  | 
|inst        | buf_2d_in_9_U/ram_reg  | Implied   | 8 x 16               | RAM16X1S x 16  | 
|inst        | buf_2d_in_12_U/ram_reg | Implied   | 8 x 16               | RAM16X1S x 16  | 
|inst        | buf_2d_in_11_U/ram_reg | Implied   | 8 x 16               | RAM16X1S x 16  | 
|inst        | buf_2d_in_14_U/ram_reg | Implied   | 8 x 16               | RAM16X1S x 16  | 
|inst        | buf_2d_in_13_U/ram_reg | Implied   | 8 x 16               | RAM16X1S x 16  | 
|inst        | col_inbuf_1_U/ram_reg  | Implied   | 8 x 16               | RAM16X1S x 16  | 
|inst        | col_inbuf_U/ram_reg    | Implied   | 8 x 16               | RAM16X1S x 16  | 
|inst        | col_inbuf_3_U/ram_reg  | Implied   | 8 x 16               | RAM16X1S x 16  | 
|inst        | col_inbuf_2_U/ram_reg  | Implied   | 8 x 16               | RAM16X1S x 16  | 
|inst        | col_inbuf_5_U/ram_reg  | Implied   | 8 x 16               | RAM16X1S x 16  | 
|inst        | col_inbuf_4_U/ram_reg  | Implied   | 8 x 16               | RAM16X1S x 16  | 
|inst        | col_inbuf_7_U/ram_reg  | Implied   | 8 x 16               | RAM16X1S x 16  | 
|inst        | col_inbuf_6_U/ram_reg  | Implied   | 8 x 16               | RAM16X1S x 16  | 
+------------+------------------------+-----------+----------------------+----------------+

---------------------------------------------------------------------------------
Finished ROM, RAM, DSP, Shift Register and Retiming Reporting
---------------------------------------------------------------------------------
---------------------------------------------------------------------------------
Start Technology Mapping
---------------------------------------------------------------------------------
INFO: [Synth 8-7052] The timing for the instance inst/row_outbuf_U/ram_reg (implemented as a Block RAM) might be sub-optimal as no optional output register could be merged into the ram block. Providing additional output register may help in improving timing.
INFO: [Synth 8-7052] The timing for the instance inst/col_outbuf_U/ram_reg (implemented as a Block RAM) might be sub-optimal as no optional output register could be merged into the ram block. Providing additional output register may help in improving timing.
INFO: [Synth 8-7052] The timing for the instance inst/buf_2d_out_U/ram_reg (implemented as a Block RAM) might be sub-optimal as no optional output register could be merged into the ram block. Providing additional output register may help in improving timing.
---------------------------------------------------------------------------------
Finished Technology Mapping : Time (s): cpu = 00:00:20 ; elapsed = 00:00:44 . Memory (MB): peak = 1768.375 ; gain = 680.359
---------------------------------------------------------------------------------
---------------------------------------------------------------------------------
Start IO Insertion
---------------------------------------------------------------------------------
---------------------------------------------------------------------------------
Start Flattening Before IO Insertion
---------------------------------------------------------------------------------
---------------------------------------------------------------------------------
Finished Flattening Before IO Insertion
---------------------------------------------------------------------------------
---------------------------------------------------------------------------------
Start Final Netlist Cleanup
---------------------------------------------------------------------------------
---------------------------------------------------------------------------------
Finished Final Netlist Cleanup
---------------------------------------------------------------------------------
---------------------------------------------------------------------------------
Finished IO Insertion : Time (s): cpu = 00:00:23 ; elapsed = 00:00:51 . Memory (MB): peak = 1768.375 ; gain = 680.359
---------------------------------------------------------------------------------
---------------------------------------------------------------------------------
Start Renaming Generated Instances
---------------------------------------------------------------------------------
---------------------------------------------------------------------------------
Finished Renaming Generated Instances : Time (s): cpu = 00:00:23 ; elapsed = 00:00:51 . Memory (MB): peak = 1768.375 ; gain = 680.359
---------------------------------------------------------------------------------
---------------------------------------------------------------------------------
Start Rebuilding User Hierarchy
---------------------------------------------------------------------------------
---------------------------------------------------------------------------------
Finished Rebuilding User Hierarchy : Time (s): cpu = 00:00:23 ; elapsed = 00:00:51 . Memory (MB): peak = 1768.375 ; gain = 680.359
---------------------------------------------------------------------------------
---------------------------------------------------------------------------------
Start Renaming Generated Ports
---------------------------------------------------------------------------------
---------------------------------------------------------------------------------
Finished Renaming Generated Ports : Time (s): cpu = 00:00:23 ; elapsed = 00:00:51 . Memory (MB): peak = 1768.375 ; gain = 680.359
---------------------------------------------------------------------------------
---------------------------------------------------------------------------------
Start Handling Custom Attributes
---------------------------------------------------------------------------------
---------------------------------------------------------------------------------
Finished Handling Custom Attributes : Time (s): cpu = 00:00:23 ; elapsed = 00:00:51 . Memory (MB): peak = 1768.375 ; gain = 680.359
---------------------------------------------------------------------------------
---------------------------------------------------------------------------------
Start Renaming Generated Nets
---------------------------------------------------------------------------------
---------------------------------------------------------------------------------
Finished Renaming Generated Nets : Time (s): cpu = 00:00:23 ; elapsed = 00:00:51 . Memory (MB): peak = 1768.375 ; gain = 680.359
---------------------------------------------------------------------------------
---------------------------------------------------------------------------------
Start ROM, RAM, DSP, Shift Register and Retiming Reporting
---------------------------------------------------------------------------------

Static Shift Register Report:
+------------+---------------------------------------------------------------------------------------------+--------+-------+--------------+--------------------+-------------------+--------+---------+
|Module Name | RTL Name                                                                                    | Length | Width | Reset Signal | Pull out first Reg | Pull out last Reg | SRL16E | SRLC32E | 
+------------+---------------------------------------------------------------------------------------------+--------+-------+--------------+--------------------+-------------------+--------+---------+
|dct         | grp_dct_Pipeline_Row_DCT_Loop_DCT_Outer_Loop_fu_148/add_ln19_8_reg_622_pp0_iter7_reg_reg[5] | 7      | 3     | NO           | NO                 | YES               | 3      | 0       | 
|dct         | grp_dct_Pipeline_Row_DCT_Loop_DCT_Outer_Loop_fu_148/add_ln19_8_reg_622_pp0_iter7_reg_reg[2] | 6      | 3     | NO           | NO                 | YES               | 3      | 0       | 
|dct         | grp_dct_Pipeline_Row_DCT_Loop_DCT_Outer_Loop_fu_148/ap_loop_exit_ready_pp0_iter7_reg_reg    | 7      | 1     | NO           | NO                 | YES               | 1      | 0       | 
|dct         | grp_dct_Pipeline_Col_DCT_Loop_DCT_Outer_Loop_fu_190/add_ln19_reg_622_pp0_iter7_reg_reg[5]   | 7      | 3     | NO           | NO                 | YES               | 3      | 0       | 
|dct         | grp_dct_Pipeline_Col_DCT_Loop_DCT_Outer_Loop_fu_190/add_ln19_reg_622_pp0_iter7_reg_reg[2]   | 6      | 3     | NO           | NO                 | YES               | 3      | 0       | 
|dct         | grp_dct_Pipeline_Col_DCT_Loop_DCT_Outer_Loop_fu_190/ap_loop_exit_ready_pp0_iter7_reg_reg    | 7      | 1     | NO           | NO                 | YES               | 1      | 0       | 
|dct         | grp_dct_Pipeline_Row_DCT_Loop_DCT_Outer_Loop_fu_148/ap_enable_reg_pp0_iter8_reg             | 5      | 1     | YES          | NO                 | YES               | 1      | 0       | 
|dct         | grp_dct_Pipeline_Col_DCT_Loop_DCT_Outer_Loop_fu_190/ap_enable_reg_pp0_iter8_reg             | 5      | 1     | YES          | NO                 | YES               | 1      | 0       | 
+------------+---------------------------------------------------------------------------------------------+--------+-------+--------------+--------------------+-------------------+--------+---------+

---------------------------------------------------------------------------------
Finished ROM, RAM, DSP, Shift Register and Retiming Reporting
---------------------------------------------------------------------------------
---------------------------------------------------------------------------------
Start Writing Synthesis Report
---------------------------------------------------------------------------------

DSP Final Report (the ' indicates corresponding REG is set)
+------------+--------------------+--------+--------+--------+--------+--------+------+------+------+------+-------+------+------+
|Module Name | DSP Mapping        | A Size | B Size | C Size | D Size | P Size | AREG | BREG | CREG | DREG | ADREG | MREG | PREG | 
+------------+--------------------+--------+--------+--------+--------+--------+------+------+------+------+-------+------+------+
|dct         | (C+(A''*B'')')'    | 30     | 18     | 13     | -      | 0      | 2    | 2    | 2    | -    | -     | 1    | 1    | 
|dct         | (PCIN+(A''*B'')')' | 30     | 18     | -      | -      | 29     | 2    | 2    | -    | -    | -     | 1    | 1    | 
|dct         | (A''*B'')'         | 30     | 18     | -      | -      | 0      | 2    | 2    | -    | -    | -     | 0    | 1    | 
|dct         | (PCIN+(A''*B'')')' | 30     | 18     | -      | -      | 29     | 2    | 2    | -    | -    | -     | 1    | 1    | 
|dct         | (A''*B'')'         | 30     | 18     | -      | -      | 0      | 2    | 2    | -    | -    | -     | 0    | 1    | 
|dct         | (PCIN+(A''*B'')')' | 30     | 14     | -      | -      | 29     | 2    | 2    | -    | -    | -     | 1    | 1    | 
|dct         | (A''*B'')'         | 30     | 18     | -      | -      | 0      | 2    | 2    | -    | -    | -     | 0    | 1    | 
|dct         | (PCIN+(A''*B'')')' | 30     | 18     | -      | -      | 29     | 2    | 2    | -    | -    | -     | 1    | 1    | 
|dct         | (C+(A''*B'')')'    | 30     | 18     | 13     | -      | 0      | 2    | 2    | 2    | -    | -     | 1    | 1    | 
|dct         | (PCIN+(A''*B'')')' | 30     | 18     | -      | -      | 29     | 2    | 2    | -    | -    | -     | 1    | 1    | 
|dct         | (A''*B'')'         | 30     | 18     | -      | -      | 0      | 2    | 2    | -    | -    | -     | 0    | 1    | 
|dct         | (PCIN+(A''*B'')')' | 30     | 18     | -      | -      | 29     | 2    | 2    | -    | -    | -     | 1    | 1    | 
|dct         | (A''*B'')'         | 30     | 18     | -      | -      | 0      | 2    | 2    | -    | -    | -     | 0    | 1    | 
|dct         | (PCIN+(A''*B'')')' | 30     | 14     | -      | -      | 29     | 2    | 2    | -    | -    | -     | 1    | 1    | 
|dct         | (A''*B'')'         | 30     | 18     | -      | -      | 0      | 2    | 2    | -    | -    | -     | 0    | 1    | 
|dct         | (PCIN+(A''*B'')')' | 30     | 18     | -      | -      | 29     | 2    | 2    | -    | -    | -     | 1    | 1    | 
+------------+--------------------+--------+--------+--------+--------+--------+------+------+------+------+-------+------+------+


Report BlackBoxes: 
+-+--------------+----------+
| |BlackBox name |Instances |
+-+--------------+----------+
+-+--------------+----------+

Report Cell Usage: 
+------+---------+------+
|      |Cell     |Count |
+------+---------+------+
|1     |CARRY4   |    32|
|2     |DSP48E1  |    16|
|5     |LUT1     |     6|
|6     |LUT2     |    87|
|7     |LUT3     |   120|
|8     |LUT4     |   111|
|9     |LUT5     |    55|
|10    |LUT6     |   115|
|11    |RAM16X1S |   256|
|12    |RAMB18E1 |     3|
|13    |SRL16E   |    16|
|14    |FDRE     |   375|
|15    |FDSE     |     1|
+------+---------+------+
---------------------------------------------------------------------------------
Finished Writing Synthesis Report : Time (s): cpu = 00:00:23 ; elapsed = 00:00:51 . Memory (MB): peak = 1768.375 ; gain = 680.359
---------------------------------------------------------------------------------
Synthesis finished with 0 errors, 0 critical warnings and 28 warnings.
Synthesis Optimization Runtime : Time (s): cpu = 00:00:16 ; elapsed = 00:00:47 . Memory (MB): peak = 1768.375 ; gain = 583.883
Synthesis Optimization Complete : Time (s): cpu = 00:00:23 ; elapsed = 00:00:51 . Memory (MB): peak = 1768.375 ; gain = 680.359
INFO: [Project 1-571] Translating synthesized netlist
Netlist sorting complete. Time (s): cpu = 00:00:00 ; elapsed = 00:00:00.041 . Memory (MB): peak = 1768.375 ; gain = 0.000
INFO: [Netlist 29-17] Analyzing 307 Unisim elements for replacement
INFO: [Netlist 29-28] Unisim Transformation completed in 0 CPU seconds
INFO: [Project 1-570] Preparing netlist for logic optimization
INFO: [Opt 31-138] Pushed 0 inverter(s) to 0 load pin(s).
Netlist sorting complete. Time (s): cpu = 00:00:00 ; elapsed = 00:00:00.001 . Memory (MB): peak = 1768.375 ; gain = 0.000
INFO: [Project 1-111] Unisim Transformation Summary:
  A total of 256 instances were transformed.
  RAM16X1S => RAM32X1S (RAMS32): 256 instances

Synth Design complete | Checksum: 5b668b94
INFO: [Common 17-83] Releasing license: Synthesis
86 Infos, 48 Warnings, 0 Critical Warnings and 0 Errors encountered.
synth_design completed successfully
synth_design: Time (s): cpu = 00:00:27 ; elapsed = 00:01:02 . Memory (MB): peak = 1768.375 ; gain = 1108.551
Write ShapeDB Complete: Time (s): cpu = 00:00:00 ; elapsed = 00:00:00.007 . Memory (MB): peak = 1768.375 ; gain = 0.000
INFO: [Common 17-1381] The checkpoint 'E:/robot/project/FPGA/ZedBoard/HLS_lab/lab3/dct/dct/hls/impl/verilog/project.runs/bd_0_hls_inst_0_synth_1/bd_0_hls_inst_0.dcp' has been generated.
INFO: [Coretcl 2-1648] Added synthesis output to IP cache for IP bd_0_hls_inst_0, cache-ID = 6a42505bc4ad4e03
INFO: [Coretcl 2-1174] Renamed 56 cell refs.
Write ShapeDB Complete: Time (s): cpu = 00:00:00 ; elapsed = 00:00:00.005 . Memory (MB): peak = 1768.375 ; gain = 0.000
INFO: [Common 17-1381] The checkpoint 'E:/robot/project/FPGA/ZedBoard/HLS_lab/lab3/dct/dct/hls/impl/verilog/project.runs/bd_0_hls_inst_0_synth_1/bd_0_hls_inst_0.dcp' has been generated.
INFO: [Vivado 12-24828] Executing command : report_utilization -file bd_0_hls_inst_0_utilization_synth.rpt -pb bd_0_hls_inst_0_utilization_synth.pb
INFO: [Common 17-206] Exiting Vivado at Wed Oct 30 16:32:34 2024...
