parallelismSelector::VERBO: Summary of inputs: 
parallelismSelector::VERBO: Output directory: "E:\robot\project\FPGA\ZedBoard\HLS_lab\lab3\dct\dct\hls\csim\code_analyzer\output"
parallelismSelector::VERBO: spec:0:0: info: Will use basepath at location E:\robot\project\FPGA\ZedBoard\HLS_lab\lab3\dct
parallelismSelector::VERBO: FPGA clock frequency is set to 100 MHz
parallelismSelector::VERBO: Will use user-driven complete partitioning settings
parallelismSelector::VERBO: Arrays with less than or equal to 4 elements that appear in the codegen directives will be completely partitioned
parallelismSelector::VERBO: spec:0:0: info: Will use IR Module file at location E:\robot\project\FPGA\ZedBoard\HLS_lab\lab3\dct\dct\hls\csim\code_analyzer\.internal\instrument\app_0\project.symbols.bc
parallelismSelector::VERBO: FPGA frequency: 100000000 Hz
parallelismSelector::VERBO: Using FPGA frequency for HLS estimations: 100000000 Hz
parallelismSelector::VERBO: [Model Builder] Extracting logic model object from: E:\vivado\Vitis_HLS\2024.1\vcxx\data\platform\logic\zynq.logic
parallelismSelector::VERBO: Using Program Model file: E:\robot\project\FPGA\ZedBoard\HLS_lab\lab3\dct\dct\hls\csim\code_analyzer\output\reduced_programmodel.app
parallelismSelector::VERBO: Device characteristics: Area -- (LUTs: 53200, FFs: 106400, DSPs: 220, BRAMs: 280, URAMs: 0)
parallelismSelector::VERBO: Maximum area for the hardware functions: AreaConstraint -- (LUTs: 53200, FFs: 106400, DSPs: 220, BRAMs: 280, URAMs: 0)
parallelismSelector::VERBO: Code Analyzer Id: 0
parallelismSelector::VERBO: Dataflow Hardware Function: dct
parallelismSelector::VERBO: Adding outline as primary transformation
parallelismSelector::VERBO: RecipeFile: "E:\robot\project\FPGA\ZedBoard\HLS_lab\lab3\dct\dct\hls\csim\code_analyzer\.internal\dataflow\0\recipe.json"
parallelismSelector::VERBO: Applying transformation: (region_outline)
parallelismSelector::VERBO: Applying transformation: (outline)
parallelismSelector::VERBO: Alias Equivalence: (Var <- { Pointees })
                              39 <- {39}
                              40 <- {40}
                              43 <- {39, 65}
                              44 <- {41, 64}
                              47 <- {41, 66}
                              48 <- {42, 67}
                              54 <- {42, 68}
                              55 <- {40, 69}
                              58 <- {41, 47, 51, 66}
                              59 <- {49, 50}
                              64 <- {41}
                              65 <- {39}
                              66 <- {41}
                              67 <- {42}
                              68 <- {42}
                              69 <- {40}
                            
parallelismSelector::VERBO: Variable Infos:
parallelismSelector::VERBO:     'input' E:/robot/project/FPGA/ZedBoard/HLS_lab/lab3/dct\../../High-Level-Synthesis-Flow-on-Zynq-using-Vivado-HLS/source/lab3/dct.c:78:0 VariableId 39
                                  ElementBitsize=16
                                  IsHlsStream=no
                                  FunctionId= 212
                                  IsArray=yes
                                  IsValidArray=yes
                                  IsArgument=yes
                                  Elements=[ 64 ]
                                  HlsStream=--
                                  HasInsertionLoc=yes
                                  IsFromSystemFunction=no
parallelismSelector::VERBO:     'output' E:/robot/project/FPGA/ZedBoard/HLS_lab/lab3/dct\../../High-Level-Synthesis-Flow-on-Zynq-using-Vivado-HLS/source/lab3/dct.c:78:0 VariableId 40
                                  ElementBitsize=16
                                  IsHlsStream=no
                                  FunctionId= 212
                                  IsArray=yes
                                  IsValidArray=yes
                                  IsArgument=yes
                                  Elements=[ 64 ]
                                  HlsStream=--
                                  HasInsertionLoc=yes
                                  IsFromSystemFunction=no
parallelismSelector::VERBO:     'buf_2d_in' E:/robot/project/FPGA/ZedBoard/HLS_lab/lab3/dct\../../High-Level-Synthesis-Flow-on-Zynq-using-Vivado-HLS/source/lab3/dct.c:81:0 VariableId 41
                                  ElementBitsize=16
                                  IsHlsStream=no
                                  FunctionId= 212
                                  IsArray=yes
                                  IsValidArray=yes
                                  IsArgument=no
                                  Elements=[ 8,  8 ]
                                  HlsStream=--
                                  HasInsertionLoc=yes
                                  IsFromSystemFunction=no
parallelismSelector::VERBO:     'buf_2d_out' E:/robot/project/FPGA/ZedBoard/HLS_lab/lab3/dct\../../High-Level-Synthesis-Flow-on-Zynq-using-Vivado-HLS/source/lab3/dct.c:82:0 VariableId 42
                                  ElementBitsize=16
                                  IsHlsStream=no
                                  FunctionId= 212
                                  IsArray=yes
                                  IsValidArray=yes
                                  IsArgument=no
                                  Elements=[ 8,  8 ]
                                  HlsStream=--
                                  HasInsertionLoc=yes
                                  IsFromSystemFunction=no
parallelismSelector::VERBO:     'input' E:/robot/project/FPGA/ZedBoard/HLS_lab/lab3/dct\../../High-Level-Synthesis-Flow-on-Zynq-using-Vivado-HLS/source/lab3/dct.c:54:0 VariableId 43
                                  ElementBitsize=16
                                  IsHlsStream=no
                                  FunctionId= 213
                                  IsArray=yes
                                  IsValidArray=yes
                                  IsArgument=yes
                                  Elements=[ 64 ]
                                  HlsStream=--
                                  HasInsertionLoc=yes
                                  IsFromSystemFunction=no
parallelismSelector::VERBO:     'buf' E:/robot/project/FPGA/ZedBoard/HLS_lab/lab3/dct\../../High-Level-Synthesis-Flow-on-Zynq-using-Vivado-HLS/source/lab3/dct.c:54:0 VariableId 44
                                  ElementBitsize=16
                                  IsHlsStream=no
                                  FunctionId= 213
                                  IsArray=yes
                                  IsValidArray=yes
                                  IsArgument=yes
                                  Elements=[ 8,  8 ]
                                  HlsStream=--
                                  HasInsertionLoc=yes
                                  IsFromSystemFunction=no
parallelismSelector::VERBO:     'in_block' E:/robot/project/FPGA/ZedBoard/HLS_lab/lab3/dct\../../High-Level-Synthesis-Flow-on-Zynq-using-Vivado-HLS/source/lab3/dct.c:23:0 VariableId 47
                                  ElementBitsize=16
                                  IsHlsStream=no
                                  FunctionId= 214
                                  IsArray=yes
                                  IsValidArray=yes
                                  IsArgument=yes
                                  Elements=[ 8,  8 ]
                                  HlsStream=--
                                  HasInsertionLoc=yes
                                  IsFromSystemFunction=no
parallelismSelector::VERBO:     'out_block' E:/robot/project/FPGA/ZedBoard/HLS_lab/lab3/dct\../../High-Level-Synthesis-Flow-on-Zynq-using-Vivado-HLS/source/lab3/dct.c:24:0 VariableId 48
                                  ElementBitsize=16
                                  IsHlsStream=no
                                  FunctionId= 214
                                  IsArray=yes
                                  IsValidArray=yes
                                  IsArgument=yes
                                  Elements=[ 8,  8 ]
                                  HlsStream=--
                                  HasInsertionLoc=yes
                                  IsFromSystemFunction=no
parallelismSelector::VERBO:     'row_outbuf' E:/robot/project/FPGA/ZedBoard/HLS_lab/lab3/dct\../../High-Level-Synthesis-Flow-on-Zynq-using-Vivado-HLS/source/lab3/dct.c:26:0 VariableId 49
                                  ElementBitsize=16
                                  IsHlsStream=no
                                  FunctionId= 214
                                  IsArray=yes
                                  IsValidArray=yes
                                  IsArgument=no
                                  Elements=[ 8,  8 ]
                                  HlsStream=--
                                  HasInsertionLoc=yes
                                  IsFromSystemFunction=no
parallelismSelector::VERBO:     'col_outbuf' E:/robot/project/FPGA/ZedBoard/HLS_lab/lab3/dct\../../High-Level-Synthesis-Flow-on-Zynq-using-Vivado-HLS/source/lab3/dct.c:27:0 VariableId 50
                                  ElementBitsize=16
                                  IsHlsStream=no
                                  FunctionId= 214
                                  IsArray=yes
                                  IsValidArray=yes
                                  IsArgument=no
                                  Elements=[ 8,  8 ]
                                  HlsStream=--
                                  HasInsertionLoc=yes
                                  IsFromSystemFunction=no
parallelismSelector::VERBO:     'col_inbuf' E:/robot/project/FPGA/ZedBoard/HLS_lab/lab3/dct\../../High-Level-Synthesis-Flow-on-Zynq-using-Vivado-HLS/source/lab3/dct.c:27:0 VariableId 51
                                  ElementBitsize=16
                                  IsHlsStream=no
                                  FunctionId= 214
                                  IsArray=yes
                                  IsValidArray=yes
                                  IsArgument=no
                                  Elements=[ 8,  8 ]
                                  HlsStream=--
                                  HasInsertionLoc=yes
                                  IsFromSystemFunction=no
parallelismSelector::VERBO:     'buf' E:/robot/project/FPGA/ZedBoard/HLS_lab/lab3/dct\../../High-Level-Synthesis-Flow-on-Zynq-using-Vivado-HLS/source/lab3/dct.c:66:0 VariableId 54
                                  ElementBitsize=16
                                  IsHlsStream=no
                                  FunctionId= 215
                                  IsArray=yes
                                  IsValidArray=yes
                                  IsArgument=yes
                                  Elements=[ 8,  8 ]
                                  HlsStream=--
                                  HasInsertionLoc=yes
                                  IsFromSystemFunction=no
parallelismSelector::VERBO:     'output' E:/robot/project/FPGA/ZedBoard/HLS_lab/lab3/dct\../../High-Level-Synthesis-Flow-on-Zynq-using-Vivado-HLS/source/lab3/dct.c:66:0 VariableId 55
                                  ElementBitsize=16
                                  IsHlsStream=no
                                  FunctionId= 215
                                  IsArray=yes
                                  IsValidArray=yes
                                  IsArgument=yes
                                  Elements=[ 64 ]
                                  HlsStream=--
                                  HasInsertionLoc=yes
                                  IsFromSystemFunction=no
parallelismSelector::VERBO:     'src' E:/robot/project/FPGA/ZedBoard/HLS_lab/lab3/dct\../../High-Level-Synthesis-Flow-on-Zynq-using-Vivado-HLS/source/lab3/dct.c:4:0 VariableId 58
                                  ElementBitsize=16
                                  IsHlsStream=no
                                  FunctionId= 216
                                  IsArray=yes
                                  IsValidArray=yes
                                  IsArgument=yes
                                  Elements=[ 8 ]
                                  HlsStream=--
                                  HasInsertionLoc=yes
                                  IsFromSystemFunction=no
parallelismSelector::VERBO:     'dst' E:/robot/project/FPGA/ZedBoard/HLS_lab/lab3/dct\../../High-Level-Synthesis-Flow-on-Zynq-using-Vivado-HLS/source/lab3/dct.c:4:0 VariableId 59
                                  ElementBitsize=16
                                  IsHlsStream=no
                                  FunctionId= 216
                                  IsArray=yes
                                  IsValidArray=yes
                                  IsArgument=yes
                                  Elements=[ 8 ]
                                  HlsStream=--
                                  HasInsertionLoc=yes
                                  IsFromSystemFunction=no
parallelismSelector::VERBO:     'buf_2d_in' E:/robot/project/FPGA/ZedBoard/HLS_lab/lab3/dct\../../High-Level-Synthesis-Flow-on-Zynq-using-Vivado-HLS/source/lab3/dct.c:81:0 VariableId 64
                                  ElementBitsize=16
                                  IsHlsStream=no
                                  FunctionId= 217
                                  IsArray=yes
                                  IsValidArray=no
                                  IsArgument=yes
                                  Elements=[--,  8,  8 ]
                                  HlsStream=--
                                  HasInsertionLoc=yes
                                  IsFromSystemFunction=no
parallelismSelector::VERBO:     'input' E:/robot/project/FPGA/ZedBoard/HLS_lab/lab3/dct\../../High-Level-Synthesis-Flow-on-Zynq-using-Vivado-HLS/source/lab3/dct.c:78:0 VariableId 65
                                  ElementBitsize=16
                                  IsHlsStream=no
                                  FunctionId= 217
                                  IsArray=yes
                                  IsValidArray=yes
                                  IsArgument=yes
                                  Elements=[ 64 ]
                                  HlsStream=--
                                  HasInsertionLoc=yes
                                  IsFromSystemFunction=no
parallelismSelector::VERBO:     'buf_2d_in' E:/robot/project/FPGA/ZedBoard/HLS_lab/lab3/dct\../../High-Level-Synthesis-Flow-on-Zynq-using-Vivado-HLS/source/lab3/dct.c:81:0 VariableId 66
                                  ElementBitsize=16
                                  IsHlsStream=no
                                  FunctionId= 218
                                  IsArray=yes
                                  IsValidArray=no
                                  IsArgument=yes
                                  Elements=[--,  8,  8 ]
                                  HlsStream=--
                                  HasInsertionLoc=yes
                                  IsFromSystemFunction=no
parallelismSelector::VERBO:     'buf_2d_out' E:/robot/project/FPGA/ZedBoard/HLS_lab/lab3/dct\../../High-Level-Synthesis-Flow-on-Zynq-using-Vivado-HLS/source/lab3/dct.c:82:0 VariableId 67
                                  ElementBitsize=16
                                  IsHlsStream=no
                                  FunctionId= 218
                                  IsArray=yes
                                  IsValidArray=no
                                  IsArgument=yes
                                  Elements=[--,  8,  8 ]
                                  HlsStream=--
                                  HasInsertionLoc=yes
                                  IsFromSystemFunction=no
parallelismSelector::VERBO:     'buf_2d_out' E:/robot/project/FPGA/ZedBoard/HLS_lab/lab3/dct\../../High-Level-Synthesis-Flow-on-Zynq-using-Vivado-HLS/source/lab3/dct.c:82:0 VariableId 68
                                  ElementBitsize=16
                                  IsHlsStream=no
                                  FunctionId= 219
                                  IsArray=yes
                                  IsValidArray=no
                                  IsArgument=yes
                                  Elements=[--,  8,  8 ]
                                  HlsStream=--
                                  HasInsertionLoc=yes
                                  IsFromSystemFunction=no
parallelismSelector::VERBO:     'output' E:/robot/project/FPGA/ZedBoard/HLS_lab/lab3/dct\../../High-Level-Synthesis-Flow-on-Zynq-using-Vivado-HLS/source/lab3/dct.c:78:0 VariableId 69
                                  ElementBitsize=16
                                  IsHlsStream=no
                                  FunctionId= 219
                                  IsArray=yes
                                  IsValidArray=yes
                                  IsArgument=yes
                                  Elements=[ 64 ]
                                  HlsStream=--
                                  HasInsertionLoc=yes
                                  IsFromSystemFunction=no
parallelismSelector::VERBO:     'dct_coeff_table' E:/robot/project/FPGA/ZedBoard/HLS_lab/lab3/dct\../../High-Level-Synthesis-Flow-on-Zynq-using-Vivado-HLS/source/lab3/dct.c:8:0 VariableId 78
                                  ElementBitsize=16
                                  IsHlsStream=no
                                  FunctionId= 216
                                  IsArray=yes
                                  IsValidArray=yes
                                  IsArgument=no
                                  Elements=[ 8,  8 ]
                                  HlsStream=--
                                  HasInsertionLoc=yes
                                  IsFromSystemFunction=no
parallelismSelector::VERBO: Equivalence table
                             Object with value: 39 is mapped to the object with value: 39
                             Object with value: 40 is mapped to the object with value: 40
                             Object with value: 41 is mapped to the object with value: 41
                             Object with value: 42 is mapped to the object with value: 42
                             Object with value: 43 is mapped to the object with value: 39
                             Object with value: 44 is mapped to the object with value: 41
                             Object with value: 47 is mapped to the object with value: 41
                             Object with value: 48 is mapped to the object with value: 42
                             Object with value: 49 is mapped to the object with value: 49
                             Object with value: 50 is mapped to the object with value: 49
                             Object with value: 51 is mapped to the object with value: 41
                             Object with value: 54 is mapped to the object with value: 42
                             Object with value: 55 is mapped to the object with value: 40
                             Object with value: 58 is mapped to the object with value: 41
                             Object with value: 59 is mapped to the object with value: 49
                             Object with value: 64 is mapped to the object with value: 41
                             Object with value: 65 is mapped to the object with value: 39
                             Object with value: 66 is mapped to the object with value: 41
                             Object with value: 67 is mapped to the object with value: 42
                             Object with value: 68 is mapped to the object with value: 42
                             Object with value: 69 is mapped to the object with value: 40
                             Object with value: 78 is mapped to the object with value: 78
                            
parallelismSelector::VERBO: Creating MAs for dct
parallelismSelector::VERBO: Creating MAs for read_data
parallelismSelector::VERBO:     HMA (VariableId 43)  %i5 = load i16, i16* %arrayidx, align 2, !dbg !67, !tbaa !69 Scev: {{%input,+,16}<nuw><%for.body>,+,2}<nuw><%for.body3>: IndexFunction: 0 1 8
parallelismSelector::VERBO:     HMA (VariableId 44)  store i16 %i5, i16* %arrayidx7, align 2, !dbg !77, !tbaa !69 Scev: {{%buf,+,16}<nuw><%for.body>,+,2}<nuw><%for.body3>: IndexFunction: 0 1 8
parallelismSelector::VERBO: Creating MAs for dct_2d
parallelismSelector::VERBO:     HMA (VariableId 49)  %i10 = load i16, i16* %arrayidx13, align 2, !dbg !133, !tbaa !135 Scev: {{%row_outbuf,+,2}<nuw><%for.body6>,+,16}<nuw><%for.body9>: IndexFunction: 0 8 1
parallelismSelector::VERBO:     HMA (VariableId 51)  store i16 %i10, i16* %arrayidx17, align 2, !dbg !141, !tbaa !135 Scev: {{%col_inbuf,+,16}<nuw><%for.body6>,+,2}<nuw><%for.body9>: IndexFunction: 0 1 8
parallelismSelector::VERBO:     HMA (VariableId 50)  %i23 = load i16, i16* %arrayidx45, align 2, !dbg !229, !tbaa !135 Scev: {{%col_outbuf,+,2}<nuw><%for.body38>,+,16}<nuw><%for.body41>: IndexFunction: 0 8 1
parallelismSelector::VERBO:     HMA (VariableId 48)  store i16 %i23, i16* %arrayidx49, align 2, !dbg !233, !tbaa !135 Scev: {{%out_block,+,16}<nuw><%for.body38>,+,2}<nuw><%for.body41>: IndexFunction: 0 1 8
parallelismSelector::VERBO: Creating MAs for write_data
parallelismSelector::VERBO:     HMA (VariableId 54)  %i5 = load i16, i16* %arrayidx5, align 2, !dbg !65, !tbaa !67 Scev: {{%buf,+,16}<nuw><%for.body>,+,2}<nuw><%for.body3>: IndexFunction: 0 1 8
parallelismSelector::VERBO:     HMA (VariableId 55)  store i16 %i5, i16* %arrayidx7, align 2, !dbg !77, !tbaa !67 Scev: {{%output,+,16}<nuw><%for.body>,+,2}<nuw><%for.body3>: IndexFunction: 0 1 8
parallelismSelector::VERBO: Creating MAs for dct_1d
parallelismSelector::VERBO:     HMA (VariableId 58)  %i8 = load i16, i16* %arrayidx7, align 2, !dbg !75, !tbaa !77 Scev: {%src,+,2}<nuw><%for.body3>: IndexFunction: 0 1 0
parallelismSelector::VERBO:     HMA (VariableId 78)  %i5 = load i16, i16* %arrayidx5, align 2, !dbg !86, !tbaa !77 Scev: {{@__const.dct_1d.dct_coeff_table.7,+,16}<nuw><%for.body>,+,2}<nuw><%for.body3>: IndexFunction: 0 1 8
parallelismSelector::VERBO:     HMA (VariableId 59)  store i16 %conv10, i16* %arrayidx12, align 2, !dbg !120, !tbaa !77 Scev: {%dst,+,2}<nw><%for.body>: IndexFunction: 0 1
parallelismSelector::VERBO: Creating MAs for Outline_T3_F212_R2_Call
parallelismSelector::VERBO: Creating MAs for Outline_T4_F212_R3_Call
parallelismSelector::VERBO: Creating MAs for Outline_T5_F212_R4_Call
parallelismSelector::VERBO: Nesting structure:
                            +- Loop with id 16, Label=RD_Loop_Row, HasPerfectlyNestedSubLoop=1, HasComputableTotalTC=1, TripCount= 8, StaticTripCountUpperBound= 8, MaxDynamicTripCount= 8, MinDynamicTripCount= 8, IsCompilerGenerated=0, HasInsertionLoc=1, HasUserInputPragma=0, hasRAW=0, Loc=E:/robot/project/FPGA/ZedBoard/HLS_lab/lab3/dct\../../High-Level-Synthesis-Flow-on-Zynq-using-Vivado-HLS/source/lab3/dct.c:59:4
                               +- Loop with id 17, Label=RD_Loop_Col, HasPerfectlyNestedSubLoop=0, HasComputableTotalTC=1, TripCount= 8, StaticTripCountUpperBound= 8, MaxDynamicTripCount= 8, MinDynamicTripCount= 8, IsCompilerGenerated=0, HasInsertionLoc=1, HasUserInputPragma=0, hasRAW=0, Loc=E:/robot/project/FPGA/ZedBoard/HLS_lab/lab3/dct\../../High-Level-Synthesis-Flow-on-Zynq-using-Vivado-HLS/source/lab3/dct.c:61:7, Vars=39,41,
                            +- Loop with id 23, Label=Row_DCT_Loop, HasPerfectlyNestedSubLoop=0, HasComputableTotalTC=1, TripCount= 8, StaticTripCountUpperBound= 8, MaxDynamicTripCount= 8, MinDynamicTripCount= 8, IsCompilerGenerated=0, HasInsertionLoc=1, HasUserInputPragma=0, hasRAW=0, Loc=E:/robot/project/FPGA/ZedBoard/HLS_lab/lab3/dct\../../High-Level-Synthesis-Flow-on-Zynq-using-Vivado-HLS/source/lab3/dct.c:32:4
                               +- Loop with id 26, Label=DCT_Outer_Loop, HasPerfectlyNestedSubLoop=0, HasComputableTotalTC=1, TripCount= 8, StaticTripCountUpperBound= 8, MaxDynamicTripCount= 8, MinDynamicTripCount= 8, IsCompilerGenerated=0, HasInsertionLoc=1, HasUserInputPragma=0, hasRAW=0, Loc=E:/robot/project/FPGA/ZedBoard/HLS_lab/lab3/dct\../../High-Level-Synthesis-Flow-on-Zynq-using-Vivado-HLS/source/lab3/dct.c:13:4, Vars=49,
                                  +- Loop with id 27, Label=DCT_Inner_Loop, HasPerfectlyNestedSubLoop=0, HasComputableTotalTC=1, TripCount= 8, StaticTripCountUpperBound= 8, MaxDynamicTripCount= 8, MinDynamicTripCount= 8, IsCompilerGenerated=0, HasInsertionLoc=1, HasUserInputPragma=0, hasRAW=0, Loc=E:/robot/project/FPGA/ZedBoard/HLS_lab/lab3/dct\../../High-Level-Synthesis-Flow-on-Zynq-using-Vivado-HLS/source/lab3/dct.c:15:7, Vars=41,78,
                            +- Loop with id 21, Label=Xpose_Row_Outer_Loop, HasPerfectlyNestedSubLoop=1, HasComputableTotalTC=1, TripCount= 8, StaticTripCountUpperBound= 8, MaxDynamicTripCount= 8, MinDynamicTripCount= 8, IsCompilerGenerated=0, HasInsertionLoc=1, HasUserInputPragma=0, hasRAW=0, Loc=E:/robot/project/FPGA/ZedBoard/HLS_lab/lab3/dct\../../High-Level-Synthesis-Flow-on-Zynq-using-Vivado-HLS/source/lab3/dct.c:37:4
                               +- Loop with id 22, Label=Xpose_Row_Inner_Loop, HasPerfectlyNestedSubLoop=0, HasComputableTotalTC=1, TripCount= 8, StaticTripCountUpperBound= 8, MaxDynamicTripCount= 8, MinDynamicTripCount= 8, IsCompilerGenerated=0, HasInsertionLoc=1, HasUserInputPragma=0, hasRAW=0, Loc=E:/robot/project/FPGA/ZedBoard/HLS_lab/lab3/dct\../../High-Level-Synthesis-Flow-on-Zynq-using-Vivado-HLS/source/lab3/dct.c:39:7, Vars=41,49,
                            +- Loop with id 20, Label=Col_DCT_Loop, HasPerfectlyNestedSubLoop=0, HasComputableTotalTC=1, TripCount= 8, StaticTripCountUpperBound= 8, MaxDynamicTripCount= 8, MinDynamicTripCount= 8, IsCompilerGenerated=0, HasInsertionLoc=1, HasUserInputPragma=0, hasRAW=0, Loc=E:/robot/project/FPGA/ZedBoard/HLS_lab/lab3/dct\../../High-Level-Synthesis-Flow-on-Zynq-using-Vivado-HLS/source/lab3/dct.c:43:4
                               +- Loop with id 26, Label=DCT_Outer_Loop, HasPerfectlyNestedSubLoop=0, HasComputableTotalTC=1, TripCount= 8, StaticTripCountUpperBound= 8, MaxDynamicTripCount= 8, MinDynamicTripCount= 8, IsCompilerGenerated=0, HasInsertionLoc=1, HasUserInputPragma=0, hasRAW=0, Loc=E:/robot/project/FPGA/ZedBoard/HLS_lab/lab3/dct\../../High-Level-Synthesis-Flow-on-Zynq-using-Vivado-HLS/source/lab3/dct.c:13:4, Vars=49,
                                  +- Loop with id 27, Label=DCT_Inner_Loop, HasPerfectlyNestedSubLoop=0, HasComputableTotalTC=1, TripCount= 8, StaticTripCountUpperBound= 8, MaxDynamicTripCount= 8, MinDynamicTripCount= 8, IsCompilerGenerated=0, HasInsertionLoc=1, HasUserInputPragma=0, hasRAW=0, Loc=E:/robot/project/FPGA/ZedBoard/HLS_lab/lab3/dct\../../High-Level-Synthesis-Flow-on-Zynq-using-Vivado-HLS/source/lab3/dct.c:15:7, Vars=41,78,
                            +- Loop with id 18, Label=Xpose_Col_Outer_Loop, HasPerfectlyNestedSubLoop=1, HasComputableTotalTC=1, TripCount= 8, StaticTripCountUpperBound= 8, MaxDynamicTripCount= 8, MinDynamicTripCount= 8, IsCompilerGenerated=0, HasInsertionLoc=1, HasUserInputPragma=0, hasRAW=0, Loc=E:/robot/project/FPGA/ZedBoard/HLS_lab/lab3/dct\../../High-Level-Synthesis-Flow-on-Zynq-using-Vivado-HLS/source/lab3/dct.c:48:4
                               +- Loop with id 19, Label=Xpose_Col_Inner_Loop, HasPerfectlyNestedSubLoop=0, HasComputableTotalTC=1, TripCount= 8, StaticTripCountUpperBound= 8, MaxDynamicTripCount= 8, MinDynamicTripCount= 8, IsCompilerGenerated=0, HasInsertionLoc=1, HasUserInputPragma=0, hasRAW=0, Loc=E:/robot/project/FPGA/ZedBoard/HLS_lab/lab3/dct\../../High-Level-Synthesis-Flow-on-Zynq-using-Vivado-HLS/source/lab3/dct.c:50:7, Vars=42,49,
                            +- Loop with id 24, Label=WR_Loop_Row, HasPerfectlyNestedSubLoop=1, HasComputableTotalTC=1, TripCount= 8, StaticTripCountUpperBound= 8, MaxDynamicTripCount= 8, MinDynamicTripCount= 8, IsCompilerGenerated=0, HasInsertionLoc=1, HasUserInputPragma=0, hasRAW=0, Loc=E:/robot/project/FPGA/ZedBoard/HLS_lab/lab3/dct\../../High-Level-Synthesis-Flow-on-Zynq-using-Vivado-HLS/source/lab3/dct.c:71:4
                               +- Loop with id 25, Label=WR_Loop_Col, HasPerfectlyNestedSubLoop=0, HasComputableTotalTC=1, TripCount= 8, StaticTripCountUpperBound= 8, MaxDynamicTripCount= 8, MinDynamicTripCount= 8, IsCompilerGenerated=0, HasInsertionLoc=1, HasUserInputPragma=0, hasRAW=0, Loc=E:/robot/project/FPGA/ZedBoard/HLS_lab/lab3/dct\../../High-Level-Synthesis-Flow-on-Zynq-using-Vivado-HLS/source/lab3/dct.c:73:7, Vars=40,42,
                            
parallelismSelector::VERBO: Nesting structure after dynamic trip count update:
                            +- Loop with id 16, Label=RD_Loop_Row, HasPerfectlyNestedSubLoop=1, HasComputableTotalTC=1, TripCount= 8, StaticTripCountUpperBound= 8, MaxDynamicTripCount= 8, MinDynamicTripCount= 8, IsCompilerGenerated=0, HasInsertionLoc=1, HasUserInputPragma=0, hasRAW=0, Loc=E:/robot/project/FPGA/ZedBoard/HLS_lab/lab3/dct\../../High-Level-Synthesis-Flow-on-Zynq-using-Vivado-HLS/source/lab3/dct.c:59:4
                               +- Loop with id 17, Label=RD_Loop_Col, HasPerfectlyNestedSubLoop=0, HasComputableTotalTC=1, TripCount= 8, StaticTripCountUpperBound= 8, MaxDynamicTripCount= 8, MinDynamicTripCount= 8, IsCompilerGenerated=0, HasInsertionLoc=1, HasUserInputPragma=0, hasRAW=0, Loc=E:/robot/project/FPGA/ZedBoard/HLS_lab/lab3/dct\../../High-Level-Synthesis-Flow-on-Zynq-using-Vivado-HLS/source/lab3/dct.c:61:7, Vars=39,41,
                            +- Loop with id 23, Label=Row_DCT_Loop, HasPerfectlyNestedSubLoop=0, HasComputableTotalTC=1, TripCount= 8, StaticTripCountUpperBound= 8, MaxDynamicTripCount= 8, MinDynamicTripCount= 8, IsCompilerGenerated=0, HasInsertionLoc=1, HasUserInputPragma=0, hasRAW=0, Loc=E:/robot/project/FPGA/ZedBoard/HLS_lab/lab3/dct\../../High-Level-Synthesis-Flow-on-Zynq-using-Vivado-HLS/source/lab3/dct.c:32:4
                               +- Loop with id 26, Label=DCT_Outer_Loop, HasPerfectlyNestedSubLoop=0, HasComputableTotalTC=1, TripCount= 8, StaticTripCountUpperBound= 8, MaxDynamicTripCount= 8, MinDynamicTripCount= 8, IsCompilerGenerated=0, HasInsertionLoc=1, HasUserInputPragma=0, hasRAW=0, Loc=E:/robot/project/FPGA/ZedBoard/HLS_lab/lab3/dct\../../High-Level-Synthesis-Flow-on-Zynq-using-Vivado-HLS/source/lab3/dct.c:13:4, Vars=49,
                                  +- Loop with id 27, Label=DCT_Inner_Loop, HasPerfectlyNestedSubLoop=0, HasComputableTotalTC=1, TripCount= 8, StaticTripCountUpperBound= 8, MaxDynamicTripCount= 8, MinDynamicTripCount= 8, IsCompilerGenerated=0, HasInsertionLoc=1, HasUserInputPragma=0, hasRAW=0, Loc=E:/robot/project/FPGA/ZedBoard/HLS_lab/lab3/dct\../../High-Level-Synthesis-Flow-on-Zynq-using-Vivado-HLS/source/lab3/dct.c:15:7, Vars=41,78,
                            +- Loop with id 21, Label=Xpose_Row_Outer_Loop, HasPerfectlyNestedSubLoop=1, HasComputableTotalTC=1, TripCount= 8, StaticTripCountUpperBound= 8, MaxDynamicTripCount= 8, MinDynamicTripCount= 8, IsCompilerGenerated=0, HasInsertionLoc=1, HasUserInputPragma=0, hasRAW=0, Loc=E:/robot/project/FPGA/ZedBoard/HLS_lab/lab3/dct\../../High-Level-Synthesis-Flow-on-Zynq-using-Vivado-HLS/source/lab3/dct.c:37:4
                               +- Loop with id 22, Label=Xpose_Row_Inner_Loop, HasPerfectlyNestedSubLoop=0, HasComputableTotalTC=1, TripCount= 8, StaticTripCountUpperBound= 8, MaxDynamicTripCount= 8, MinDynamicTripCount= 8, IsCompilerGenerated=0, HasInsertionLoc=1, HasUserInputPragma=0, hasRAW=0, Loc=E:/robot/project/FPGA/ZedBoard/HLS_lab/lab3/dct\../../High-Level-Synthesis-Flow-on-Zynq-using-Vivado-HLS/source/lab3/dct.c:39:7, Vars=41,49,
                            +- Loop with id 20, Label=Col_DCT_Loop, HasPerfectlyNestedSubLoop=0, HasComputableTotalTC=1, TripCount= 8, StaticTripCountUpperBound= 8, MaxDynamicTripCount= 8, MinDynamicTripCount= 8, IsCompilerGenerated=0, HasInsertionLoc=1, HasUserInputPragma=0, hasRAW=0, Loc=E:/robot/project/FPGA/ZedBoard/HLS_lab/lab3/dct\../../High-Level-Synthesis-Flow-on-Zynq-using-Vivado-HLS/source/lab3/dct.c:43:4
                               +- Loop with id 26, Label=DCT_Outer_Loop, HasPerfectlyNestedSubLoop=0, HasComputableTotalTC=1, TripCount= 8, StaticTripCountUpperBound= 8, MaxDynamicTripCount= 8, MinDynamicTripCount= 8, IsCompilerGenerated=0, HasInsertionLoc=1, HasUserInputPragma=0, hasRAW=0, Loc=E:/robot/project/FPGA/ZedBoard/HLS_lab/lab3/dct\../../High-Level-Synthesis-Flow-on-Zynq-using-Vivado-HLS/source/lab3/dct.c:13:4, Vars=49,
                                  +- Loop with id 27, Label=DCT_Inner_Loop, HasPerfectlyNestedSubLoop=0, HasComputableTotalTC=1, TripCount= 8, StaticTripCountUpperBound= 8, MaxDynamicTripCount= 8, MinDynamicTripCount= 8, IsCompilerGenerated=0, HasInsertionLoc=1, HasUserInputPragma=0, hasRAW=0, Loc=E:/robot/project/FPGA/ZedBoard/HLS_lab/lab3/dct\../../High-Level-Synthesis-Flow-on-Zynq-using-Vivado-HLS/source/lab3/dct.c:15:7, Vars=41,78,
                            +- Loop with id 18, Label=Xpose_Col_Outer_Loop, HasPerfectlyNestedSubLoop=1, HasComputableTotalTC=1, TripCount= 8, StaticTripCountUpperBound= 8, MaxDynamicTripCount= 8, MinDynamicTripCount= 8, IsCompilerGenerated=0, HasInsertionLoc=1, HasUserInputPragma=0, hasRAW=0, Loc=E:/robot/project/FPGA/ZedBoard/HLS_lab/lab3/dct\../../High-Level-Synthesis-Flow-on-Zynq-using-Vivado-HLS/source/lab3/dct.c:48:4
                               +- Loop with id 19, Label=Xpose_Col_Inner_Loop, HasPerfectlyNestedSubLoop=0, HasComputableTotalTC=1, TripCount= 8, StaticTripCountUpperBound= 8, MaxDynamicTripCount= 8, MinDynamicTripCount= 8, IsCompilerGenerated=0, HasInsertionLoc=1, HasUserInputPragma=0, hasRAW=0, Loc=E:/robot/project/FPGA/ZedBoard/HLS_lab/lab3/dct\../../High-Level-Synthesis-Flow-on-Zynq-using-Vivado-HLS/source/lab3/dct.c:50:7, Vars=42,49,
                            +- Loop with id 24, Label=WR_Loop_Row, HasPerfectlyNestedSubLoop=1, HasComputableTotalTC=1, TripCount= 8, StaticTripCountUpperBound= 8, MaxDynamicTripCount= 8, MinDynamicTripCount= 8, IsCompilerGenerated=0, HasInsertionLoc=1, HasUserInputPragma=0, hasRAW=0, Loc=E:/robot/project/FPGA/ZedBoard/HLS_lab/lab3/dct\../../High-Level-Synthesis-Flow-on-Zynq-using-Vivado-HLS/source/lab3/dct.c:71:4
                               +- Loop with id 25, Label=WR_Loop_Col, HasPerfectlyNestedSubLoop=0, HasComputableTotalTC=1, TripCount= 8, StaticTripCountUpperBound= 8, MaxDynamicTripCount= 8, MinDynamicTripCount= 8, IsCompilerGenerated=0, HasInsertionLoc=1, HasUserInputPragma=0, hasRAW=0, Loc=E:/robot/project/FPGA/ZedBoard/HLS_lab/lab3/dct\../../High-Level-Synthesis-Flow-on-Zynq-using-Vivado-HLS/source/lab3/dct.c:73:7, Vars=40,42,
                            
parallelismSelector::VERBO: Function 'dct' not inlined as per top-levels
parallelismSelector::VERBO: Function 'Outline_T3_F212_R2_Call' not inlined as per dataflow task
parallelismSelector::VERBO: Function 'Outline_T4_F212_R3_Call' not inlined as per dataflow task
parallelismSelector::VERBO: Function 'Outline_T5_F212_R4_Call' not inlined as per dataflow task
parallelismSelector::VERBO: Function 'read_data' inlined as per Vitis C++ heuristic
parallelismSelector::VERBO: Function 'dct_2d' inlined as per Vitis C++ heuristic
parallelismSelector::VERBO: Function 'write_data' inlined as per Vitis C++ heuristic
parallelismSelector::VERBO: Nesting structure after static trip count upper bound calculation for symbolically bounded loops:
                            +- Loop with id 16, Label=RD_Loop_Row, HasPerfectlyNestedSubLoop=1, HasComputableTotalTC=1, TripCount= 8, StaticTripCountUpperBound= 8, MaxDynamicTripCount= 8, MinDynamicTripCount= 8, IsCompilerGenerated=0, HasInsertionLoc=1, HasUserInputPragma=0, hasRAW=0, Loc=E:/robot/project/FPGA/ZedBoard/HLS_lab/lab3/dct\../../High-Level-Synthesis-Flow-on-Zynq-using-Vivado-HLS/source/lab3/dct.c:59:4
                               +- Loop with id 17, Label=RD_Loop_Col, HasPerfectlyNestedSubLoop=0, HasComputableTotalTC=1, TripCount= 8, StaticTripCountUpperBound= 8, MaxDynamicTripCount= 8, MinDynamicTripCount= 8, IsCompilerGenerated=0, HasInsertionLoc=1, HasUserInputPragma=0, hasRAW=0, Loc=E:/robot/project/FPGA/ZedBoard/HLS_lab/lab3/dct\../../High-Level-Synthesis-Flow-on-Zynq-using-Vivado-HLS/source/lab3/dct.c:61:7, Vars=39,41,
                            +- Loop with id 23, Label=Row_DCT_Loop, HasPerfectlyNestedSubLoop=0, HasComputableTotalTC=1, TripCount= 8, StaticTripCountUpperBound= 8, MaxDynamicTripCount= 8, MinDynamicTripCount= 8, IsCompilerGenerated=0, HasInsertionLoc=1, HasUserInputPragma=0, hasRAW=0, Loc=E:/robot/project/FPGA/ZedBoard/HLS_lab/lab3/dct\../../High-Level-Synthesis-Flow-on-Zynq-using-Vivado-HLS/source/lab3/dct.c:32:4
                               +- Loop with id 26, Label=DCT_Outer_Loop, HasPerfectlyNestedSubLoop=0, HasComputableTotalTC=1, TripCount= 8, StaticTripCountUpperBound= 8, MaxDynamicTripCount= 8, MinDynamicTripCount= 8, IsCompilerGenerated=0, HasInsertionLoc=1, HasUserInputPragma=0, hasRAW=0, Loc=E:/robot/project/FPGA/ZedBoard/HLS_lab/lab3/dct\../../High-Level-Synthesis-Flow-on-Zynq-using-Vivado-HLS/source/lab3/dct.c:13:4, Vars=49,
                                  +- Loop with id 27, Label=DCT_Inner_Loop, HasPerfectlyNestedSubLoop=0, HasComputableTotalTC=1, TripCount= 8, StaticTripCountUpperBound= 8, MaxDynamicTripCount= 8, MinDynamicTripCount= 8, IsCompilerGenerated=0, HasInsertionLoc=1, HasUserInputPragma=0, hasRAW=0, Loc=E:/robot/project/FPGA/ZedBoard/HLS_lab/lab3/dct\../../High-Level-Synthesis-Flow-on-Zynq-using-Vivado-HLS/source/lab3/dct.c:15:7, Vars=41,78,
                            +- Loop with id 21, Label=Xpose_Row_Outer_Loop, HasPerfectlyNestedSubLoop=1, HasComputableTotalTC=1, TripCount= 8, StaticTripCountUpperBound= 8, MaxDynamicTripCount= 8, MinDynamicTripCount= 8, IsCompilerGenerated=0, HasInsertionLoc=1, HasUserInputPragma=0, hasRAW=0, Loc=E:/robot/project/FPGA/ZedBoard/HLS_lab/lab3/dct\../../High-Level-Synthesis-Flow-on-Zynq-using-Vivado-HLS/source/lab3/dct.c:37:4
                               +- Loop with id 22, Label=Xpose_Row_Inner_Loop, HasPerfectlyNestedSubLoop=0, HasComputableTotalTC=1, TripCount= 8, StaticTripCountUpperBound= 8, MaxDynamicTripCount= 8, MinDynamicTripCount= 8, IsCompilerGenerated=0, HasInsertionLoc=1, HasUserInputPragma=0, hasRAW=0, Loc=E:/robot/project/FPGA/ZedBoard/HLS_lab/lab3/dct\../../High-Level-Synthesis-Flow-on-Zynq-using-Vivado-HLS/source/lab3/dct.c:39:7, Vars=41,49,
                            +- Loop with id 20, Label=Col_DCT_Loop, HasPerfectlyNestedSubLoop=0, HasComputableTotalTC=1, TripCount= 8, StaticTripCountUpperBound= 8, MaxDynamicTripCount= 8, MinDynamicTripCount= 8, IsCompilerGenerated=0, HasInsertionLoc=1, HasUserInputPragma=0, hasRAW=0, Loc=E:/robot/project/FPGA/ZedBoard/HLS_lab/lab3/dct\../../High-Level-Synthesis-Flow-on-Zynq-using-Vivado-HLS/source/lab3/dct.c:43:4
                               +- Loop with id 26, Label=DCT_Outer_Loop, HasPerfectlyNestedSubLoop=0, HasComputableTotalTC=1, TripCount= 8, StaticTripCountUpperBound= 8, MaxDynamicTripCount= 8, MinDynamicTripCount= 8, IsCompilerGenerated=0, HasInsertionLoc=1, HasUserInputPragma=0, hasRAW=0, Loc=E:/robot/project/FPGA/ZedBoard/HLS_lab/lab3/dct\../../High-Level-Synthesis-Flow-on-Zynq-using-Vivado-HLS/source/lab3/dct.c:13:4, Vars=49,
                                  +- Loop with id 27, Label=DCT_Inner_Loop, HasPerfectlyNestedSubLoop=0, HasComputableTotalTC=1, TripCount= 8, StaticTripCountUpperBound= 8, MaxDynamicTripCount= 8, MinDynamicTripCount= 8, IsCompilerGenerated=0, HasInsertionLoc=1, HasUserInputPragma=0, hasRAW=0, Loc=E:/robot/project/FPGA/ZedBoard/HLS_lab/lab3/dct\../../High-Level-Synthesis-Flow-on-Zynq-using-Vivado-HLS/source/lab3/dct.c:15:7, Vars=41,78,
                            +- Loop with id 18, Label=Xpose_Col_Outer_Loop, HasPerfectlyNestedSubLoop=1, HasComputableTotalTC=1, TripCount= 8, StaticTripCountUpperBound= 8, MaxDynamicTripCount= 8, MinDynamicTripCount= 8, IsCompilerGenerated=0, HasInsertionLoc=1, HasUserInputPragma=0, hasRAW=0, Loc=E:/robot/project/FPGA/ZedBoard/HLS_lab/lab3/dct\../../High-Level-Synthesis-Flow-on-Zynq-using-Vivado-HLS/source/lab3/dct.c:48:4
                               +- Loop with id 19, Label=Xpose_Col_Inner_Loop, HasPerfectlyNestedSubLoop=0, HasComputableTotalTC=1, TripCount= 8, StaticTripCountUpperBound= 8, MaxDynamicTripCount= 8, MinDynamicTripCount= 8, IsCompilerGenerated=0, HasInsertionLoc=1, HasUserInputPragma=0, hasRAW=0, Loc=E:/robot/project/FPGA/ZedBoard/HLS_lab/lab3/dct\../../High-Level-Synthesis-Flow-on-Zynq-using-Vivado-HLS/source/lab3/dct.c:50:7, Vars=42,49,
                            +- Loop with id 24, Label=WR_Loop_Row, HasPerfectlyNestedSubLoop=1, HasComputableTotalTC=1, TripCount= 8, StaticTripCountUpperBound= 8, MaxDynamicTripCount= 8, MinDynamicTripCount= 8, IsCompilerGenerated=0, HasInsertionLoc=1, HasUserInputPragma=0, hasRAW=0, Loc=E:/robot/project/FPGA/ZedBoard/HLS_lab/lab3/dct\../../High-Level-Synthesis-Flow-on-Zynq-using-Vivado-HLS/source/lab3/dct.c:71:4
                               +- Loop with id 25, Label=WR_Loop_Col, HasPerfectlyNestedSubLoop=0, HasComputableTotalTC=1, TripCount= 8, StaticTripCountUpperBound= 8, MaxDynamicTripCount= 8, MinDynamicTripCount= 8, IsCompilerGenerated=0, HasInsertionLoc=1, HasUserInputPragma=0, hasRAW=0, Loc=E:/robot/project/FPGA/ZedBoard/HLS_lab/lab3/dct\../../High-Level-Synthesis-Flow-on-Zynq-using-Vivado-HLS/source/lab3/dct.c:73:7, Vars=40,42,
                            
parallelismSelector::VERBO: LCDs collected in function 'dct':
parallelismSelector::VERBO: LCDs collected in function 'read_data':
parallelismSelector::VERBO:     LoopId 16 with label ' RD_Loop_Row', hasRAW: 0
parallelismSelector::VERBO:     LoopId 17 with label ' RD_Loop_Col', hasRAW: 0
parallelismSelector::VERBO: LCDs collected in function 'dct_2d':
parallelismSelector::VERBO:     LoopId 18 with label ' Xpose_Col_Outer_Loop', hasRAW: 0
parallelismSelector::VERBO:     LoopId 19 with label ' Xpose_Col_Inner_Loop', hasRAW: 0
parallelismSelector::VERBO:     LoopId 20 with label ' Col_DCT_Loop', hasRAW: 0
parallelismSelector::VERBO:     LoopId 21 with label ' Xpose_Row_Outer_Loop', hasRAW: 0
parallelismSelector::VERBO:     LoopId 22 with label ' Xpose_Row_Inner_Loop', hasRAW: 0
parallelismSelector::VERBO:     LoopId 23 with label ' Row_DCT_Loop', hasRAW: 0
parallelismSelector::VERBO: LCDs collected in function 'write_data':
parallelismSelector::VERBO:     LoopId 24 with label ' WR_Loop_Row', hasRAW: 0
parallelismSelector::VERBO:     LoopId 25 with label ' WR_Loop_Col', hasRAW: 0
parallelismSelector::VERBO: LCDs collected in function 'dct_1d':
parallelismSelector::VERBO:     LoopId 26 with label ' DCT_Outer_Loop', hasRAW: 0
parallelismSelector::VERBO:     LoopId 27 with label ' DCT_Inner_Loop', hasRAW: 0
parallelismSelector::VERBO: LCDs collected in function 'Outline_T3_F212_R2_Call':
parallelismSelector::VERBO: LCDs collected in function 'Outline_T4_F212_R3_Call':
parallelismSelector::VERBO: LCDs collected in function 'Outline_T5_F212_R4_Call':
parallelismSelector::VERBO: Max iterations for loop 16 are 8
parallelismSelector::VERBO:  - loop 16 is  E:/robot/project/FPGA/ZedBoard/HLS_lab/lab3/dct\../../High-Level-Synthesis-Flow-on-Zynq-using-Vivado-HLS/source/lab3/dct.c:59:4
parallelismSelector::VERBO: Max iterations for loop 17 are 8
parallelismSelector::VERBO:  - loop 17 is  E:/robot/project/FPGA/ZedBoard/HLS_lab/lab3/dct\../../High-Level-Synthesis-Flow-on-Zynq-using-Vivado-HLS/source/lab3/dct.c:61:7
parallelismSelector::VERBO: Max iterations for loop 23 are 8
parallelismSelector::VERBO:  - loop 23 is  E:/robot/project/FPGA/ZedBoard/HLS_lab/lab3/dct\../../High-Level-Synthesis-Flow-on-Zynq-using-Vivado-HLS/source/lab3/dct.c:32:4
parallelismSelector::VERBO: Max iterations for loop 26 are 8
parallelismSelector::VERBO:  - loop 26 is  E:/robot/project/FPGA/ZedBoard/HLS_lab/lab3/dct\../../High-Level-Synthesis-Flow-on-Zynq-using-Vivado-HLS/source/lab3/dct.c:13:4
parallelismSelector::VERBO: Max iterations for loop 27 are 8
parallelismSelector::VERBO:  - loop 27 is  E:/robot/project/FPGA/ZedBoard/HLS_lab/lab3/dct\../../High-Level-Synthesis-Flow-on-Zynq-using-Vivado-HLS/source/lab3/dct.c:15:7
parallelismSelector::VERBO: Max iterations for loop 21 are 8
parallelismSelector::VERBO:  - loop 21 is  E:/robot/project/FPGA/ZedBoard/HLS_lab/lab3/dct\../../High-Level-Synthesis-Flow-on-Zynq-using-Vivado-HLS/source/lab3/dct.c:37:4
parallelismSelector::VERBO: Max iterations for loop 22 are 8
parallelismSelector::VERBO:  - loop 22 is  E:/robot/project/FPGA/ZedBoard/HLS_lab/lab3/dct\../../High-Level-Synthesis-Flow-on-Zynq-using-Vivado-HLS/source/lab3/dct.c:39:7
parallelismSelector::VERBO: Max iterations for loop 20 are 8
parallelismSelector::VERBO:  - loop 20 is  E:/robot/project/FPGA/ZedBoard/HLS_lab/lab3/dct\../../High-Level-Synthesis-Flow-on-Zynq-using-Vivado-HLS/source/lab3/dct.c:43:4
parallelismSelector::VERBO: Max iterations for loop 18 are 8
parallelismSelector::VERBO:  - loop 18 is  E:/robot/project/FPGA/ZedBoard/HLS_lab/lab3/dct\../../High-Level-Synthesis-Flow-on-Zynq-using-Vivado-HLS/source/lab3/dct.c:48:4
parallelismSelector::VERBO: Max iterations for loop 19 are 8
parallelismSelector::VERBO:  - loop 19 is  E:/robot/project/FPGA/ZedBoard/HLS_lab/lab3/dct\../../High-Level-Synthesis-Flow-on-Zynq-using-Vivado-HLS/source/lab3/dct.c:50:7
parallelismSelector::VERBO: Max iterations for loop 24 are 8
parallelismSelector::VERBO:  - loop 24 is  E:/robot/project/FPGA/ZedBoard/HLS_lab/lab3/dct\../../High-Level-Synthesis-Flow-on-Zynq-using-Vivado-HLS/source/lab3/dct.c:71:4
parallelismSelector::VERBO: Max iterations for loop 25 are 8
parallelismSelector::VERBO:  - loop 25 is  E:/robot/project/FPGA/ZedBoard/HLS_lab/lab3/dct\../../High-Level-Synthesis-Flow-on-Zynq-using-Vivado-HLS/source/lab3/dct.c:73:7
parallelismSelector::VERBO: Partitioning variable 'input' E:/robot/project/FPGA/ZedBoard/HLS_lab/lab3/dct\../../High-Level-Synthesis-Flow-on-Zynq-using-Vivado-HLS/source/lab3/dct.c:78:0 VariableId 39
parallelismSelector::VERBO: Partitioning variable 'output' E:/robot/project/FPGA/ZedBoard/HLS_lab/lab3/dct\../../High-Level-Synthesis-Flow-on-Zynq-using-Vivado-HLS/source/lab3/dct.c:78:0 VariableId 40
parallelismSelector::VERBO: Partitioning variable 'buf_2d_in' E:/robot/project/FPGA/ZedBoard/HLS_lab/lab3/dct\../../High-Level-Synthesis-Flow-on-Zynq-using-Vivado-HLS/source/lab3/dct.c:81:0 VariableId 41
parallelismSelector::VERBO: Partitioning variable 'buf_2d_out' E:/robot/project/FPGA/ZedBoard/HLS_lab/lab3/dct\../../High-Level-Synthesis-Flow-on-Zynq-using-Vivado-HLS/source/lab3/dct.c:82:0 VariableId 42
parallelismSelector::VERBO: Partitioning variable 'row_outbuf' E:/robot/project/FPGA/ZedBoard/HLS_lab/lab3/dct\../../High-Level-Synthesis-Flow-on-Zynq-using-Vivado-HLS/source/lab3/dct.c:26:0 VariableId 49
parallelismSelector::VERBO: Partitioning variable 'col_outbuf' E:/robot/project/FPGA/ZedBoard/HLS_lab/lab3/dct\../../High-Level-Synthesis-Flow-on-Zynq-using-Vivado-HLS/source/lab3/dct.c:27:0 VariableId 50
parallelismSelector::VERBO: Partitioning variable 'col_inbuf' E:/robot/project/FPGA/ZedBoard/HLS_lab/lab3/dct\../../High-Level-Synthesis-Flow-on-Zynq-using-Vivado-HLS/source/lab3/dct.c:27:0 VariableId 51
parallelismSelector::VERBO: Partitioning variable 'dct_coeff_table' E:/robot/project/FPGA/ZedBoard/HLS_lab/lab3/dct\../../High-Level-Synthesis-Flow-on-Zynq-using-Vivado-HLS/source/lab3/dct.c:8:0 VariableId 78
parallelismSelector::VERBO: Initial branch:
                            FunctionPipelineTopLevel: Maybe
                            Reshape {dim 0: cyclic 1, 2, 4, 8, 16, 32 complete} (VariableName input) (VariableId 39)
                            Reshape {dim 0: cyclic 1, 2, 4, 8, 16, 32 complete} (VariableName output) (VariableId 40)
                            Partition {dim 0: cyclic 1, 2, 4 complete, dim 1: cyclic 1, 2, 4 complete} (VariableName buf_2d_in) (VariableId 41)
                            Partition {dim 0: cyclic 1, 2, 4 complete, dim 1: cyclic 1, 2, 4 complete} (VariableName buf_2d_out) (VariableId 42)
                            Partition {dim 0: cyclic 1, 2, 4 complete, dim 1: cyclic 1, 2, 4 complete} (VariableName row_outbuf) (VariableId 49)
                            Partition {dim 0: cyclic 1, 2, 4 complete, dim 1: cyclic 1, 2, 4 complete} (VariableName col_outbuf) (VariableId 50)
                            Partition {dim 0: cyclic 1, 2, 4 complete, dim 1: cyclic 1, 2, 4 complete} (VariableName col_inbuf) (VariableId 51)
                            Partition {dim 0: cyclic 1, 2, 4 complete, dim 1: cyclic 1, 2, 4 complete} (VariableName dct_coeff_table) (VariableId 78)
                            +- pipeline, unroll with factors 1, 2, 4, 8, unroll/pipeline with factors 2, 4 (Label RD_Loop_Row) (LoopId 16)
                               +- pipeline, unroll with factors 1, 2, 4, 8, unroll/pipeline with factors 2, 4 (Label RD_Loop_Col) (LoopId 17)
                            +- pipeline, unroll with factors 1, 2, 4, 8, unroll/pipeline with factors 2, 4 (Label Row_DCT_Loop) (LoopId 23)
                               +- pipeline, unroll with factors 1, 2, 4, 8, unroll/pipeline with factors 2, 4 (Label DCT_Outer_Loop) (LoopId 26)
                                  +- pipeline, unroll with factors 1, 2, 4, 8, unroll/pipeline with factors 2, 4 (Label DCT_Inner_Loop) (LoopId 27)
                            +- pipeline, unroll with factors 1, 2, 4, 8, unroll/pipeline with factors 2, 4 (Label Xpose_Row_Outer_Loop) (LoopId 21)
                               +- pipeline, unroll with factors 1, 2, 4, 8, unroll/pipeline with factors 2, 4 (Label Xpose_Row_Inner_Loop) (LoopId 22)
                            +- pipeline, unroll with factors 1, 2, 4, 8, unroll/pipeline with factors 2, 4 (Label Col_DCT_Loop) (LoopId 20)
                               +- pipeline, unroll with factors 1, 2, 4, 8, unroll/pipeline with factors 2, 4 (Label DCT_Outer_Loop) (LoopId 26)
                                  +- pipeline, unroll with factors 1, 2, 4, 8, unroll/pipeline with factors 2, 4 (Label DCT_Inner_Loop) (LoopId 27)
                            +- pipeline, unroll with factors 1, 2, 4, 8, unroll/pipeline with factors 2, 4 (Label Xpose_Col_Outer_Loop) (LoopId 18)
                               +- pipeline, unroll with factors 1, 2, 4, 8, unroll/pipeline with factors 2, 4 (Label Xpose_Col_Inner_Loop) (LoopId 19)
                            +- pipeline, unroll with factors 1, 2, 4, 8, unroll/pipeline with factors 2, 4 (Label WR_Loop_Row) (LoopId 24)
                               +- pipeline, unroll with factors 1, 2, 4, 8, unroll/pipeline with factors 2, 4 (Label WR_Loop_Col) (LoopId 25)
                            
parallelismSelector::VERBO: Initial branch after first round of constraints:
                            FunctionPipelineTopLevel: Maybe
                            Reshape {dim 0: cyclic 1, 2, 4, 8, 16, 32 complete} (VariableName input) (VariableId 39)
                            Reshape {dim 0: cyclic 1, 2, 4, 8, 16, 32 complete} (VariableName output) (VariableId 40)
                            Partition {dim 0: cyclic 1, 2, 4 complete, dim 1: cyclic 1, 2, 4 complete} (VariableName buf_2d_in) (VariableId 41)
                            Partition {dim 0: cyclic 1, 2, 4 complete, dim 1: cyclic 1, 2, 4 complete} (VariableName buf_2d_out) (VariableId 42)
                            Partition {dim 0: cyclic 1, 2, 4 complete, dim 1: cyclic 1, 2, 4 complete} (VariableName row_outbuf) (VariableId 49)
                            Partition {dim 0: cyclic 1, 2, 4 complete, dim 1: cyclic 1, 2, 4 complete} (VariableName col_outbuf) (VariableId 50)
                            Partition {dim 0: cyclic 1, 2, 4 complete, dim 1: cyclic 1, 2, 4 complete} (VariableName col_inbuf) (VariableId 51)
                            Partition {dim 0: cyclic 1, 2, 4 complete, dim 1: cyclic 1, 2, 4 complete} (VariableName dct_coeff_table) (VariableId 78)
                            +- pipeline, unroll with factors 1, 2, 4, 8, unroll/pipeline with factors 2, 4 (Label RD_Loop_Row) (LoopId 16)
                               +- pipeline, unroll with factors 1, 2, 4, 8, unroll/pipeline with factors 2, 4 (Label RD_Loop_Col) (LoopId 17)
                            +- pipeline, unroll with factors 1, 2, 4, 8, unroll/pipeline with factors 2, 4 (Label Row_DCT_Loop) (LoopId 23)
                               +- pipeline, unroll with factors 1, 2, 4, 8, unroll/pipeline with factors 2, 4 (Label DCT_Outer_Loop) (LoopId 26)
                                  +- pipeline, unroll with factors 1, 2, 4, 8, unroll/pipeline with factors 2, 4 (Label DCT_Inner_Loop) (LoopId 27)
                            +- pipeline, unroll with factors 1, 2, 4, 8, unroll/pipeline with factors 2, 4 (Label Xpose_Row_Outer_Loop) (LoopId 21)
                               +- pipeline, unroll with factors 1, 2, 4, 8, unroll/pipeline with factors 2, 4 (Label Xpose_Row_Inner_Loop) (LoopId 22)
                            +- pipeline, unroll with factors 1, 2, 4, 8, unroll/pipeline with factors 2, 4 (Label Col_DCT_Loop) (LoopId 20)
                               +- pipeline, unroll with factors 1, 2, 4, 8, unroll/pipeline with factors 2, 4 (Label DCT_Outer_Loop) (LoopId 26)
                                  +- pipeline, unroll with factors 1, 2, 4, 8, unroll/pipeline with factors 2, 4 (Label DCT_Inner_Loop) (LoopId 27)
                            +- pipeline, unroll with factors 1, 2, 4, 8, unroll/pipeline with factors 2, 4 (Label Xpose_Col_Outer_Loop) (LoopId 18)
                               +- pipeline, unroll with factors 1, 2, 4, 8, unroll/pipeline with factors 2, 4 (Label Xpose_Col_Inner_Loop) (LoopId 19)
                            +- pipeline, unroll with factors 1, 2, 4, 8, unroll/pipeline with factors 2, 4 (Label WR_Loop_Row) (LoopId 24)
                               +- pipeline, unroll with factors 1, 2, 4, 8, unroll/pipeline with factors 2, 4 (Label WR_Loop_Col) (LoopId 25)
                            
parallelismSelector::VERBO: Nesting structure after user pragma constraints:
                            +- Loop with id 16, Label=RD_Loop_Row, HasPerfectlyNestedSubLoop=1, HasComputableTotalTC=1, TripCount= 8, StaticTripCountUpperBound= 8, MaxDynamicTripCount= 8, MinDynamicTripCount= 8, IsCompilerGenerated=0, HasInsertionLoc=1, HasUserInputPragma=0, hasRAW=0, Loc=E:/robot/project/FPGA/ZedBoard/HLS_lab/lab3/dct\../../High-Level-Synthesis-Flow-on-Zynq-using-Vivado-HLS/source/lab3/dct.c:59:4
                               +- Loop with id 17, Label=RD_Loop_Col, HasPerfectlyNestedSubLoop=0, HasComputableTotalTC=1, TripCount= 8, StaticTripCountUpperBound= 8, MaxDynamicTripCount= 8, MinDynamicTripCount= 8, IsCompilerGenerated=0, HasInsertionLoc=1, HasUserInputPragma=0, hasRAW=0, Loc=E:/robot/project/FPGA/ZedBoard/HLS_lab/lab3/dct\../../High-Level-Synthesis-Flow-on-Zynq-using-Vivado-HLS/source/lab3/dct.c:61:7, Vars=39,41,
                            +- Loop with id 23, Label=Row_DCT_Loop, HasPerfectlyNestedSubLoop=0, HasComputableTotalTC=1, TripCount= 8, StaticTripCountUpperBound= 8, MaxDynamicTripCount= 8, MinDynamicTripCount= 8, IsCompilerGenerated=0, HasInsertionLoc=1, HasUserInputPragma=0, hasRAW=0, Loc=E:/robot/project/FPGA/ZedBoard/HLS_lab/lab3/dct\../../High-Level-Synthesis-Flow-on-Zynq-using-Vivado-HLS/source/lab3/dct.c:32:4
                               +- Loop with id 26, Label=DCT_Outer_Loop, HasPerfectlyNestedSubLoop=0, HasComputableTotalTC=1, TripCount= 8, StaticTripCountUpperBound= 8, MaxDynamicTripCount= 8, MinDynamicTripCount= 8, IsCompilerGenerated=0, HasInsertionLoc=1, HasUserInputPragma=0, hasRAW=0, Loc=E:/robot/project/FPGA/ZedBoard/HLS_lab/lab3/dct\../../High-Level-Synthesis-Flow-on-Zynq-using-Vivado-HLS/source/lab3/dct.c:13:4, Vars=49,
                                  +- Loop with id 27, Label=DCT_Inner_Loop, HasPerfectlyNestedSubLoop=0, HasComputableTotalTC=1, TripCount= 8, StaticTripCountUpperBound= 8, MaxDynamicTripCount= 8, MinDynamicTripCount= 8, IsCompilerGenerated=0, HasInsertionLoc=1, HasUserInputPragma=0, hasRAW=0, Loc=E:/robot/project/FPGA/ZedBoard/HLS_lab/lab3/dct\../../High-Level-Synthesis-Flow-on-Zynq-using-Vivado-HLS/source/lab3/dct.c:15:7, Vars=41,78,
                            +- Loop with id 21, Label=Xpose_Row_Outer_Loop, HasPerfectlyNestedSubLoop=1, HasComputableTotalTC=1, TripCount= 8, StaticTripCountUpperBound= 8, MaxDynamicTripCount= 8, MinDynamicTripCount= 8, IsCompilerGenerated=0, HasInsertionLoc=1, HasUserInputPragma=0, hasRAW=0, Loc=E:/robot/project/FPGA/ZedBoard/HLS_lab/lab3/dct\../../High-Level-Synthesis-Flow-on-Zynq-using-Vivado-HLS/source/lab3/dct.c:37:4
                               +- Loop with id 22, Label=Xpose_Row_Inner_Loop, HasPerfectlyNestedSubLoop=0, HasComputableTotalTC=1, TripCount= 8, StaticTripCountUpperBound= 8, MaxDynamicTripCount= 8, MinDynamicTripCount= 8, IsCompilerGenerated=0, HasInsertionLoc=1, HasUserInputPragma=0, hasRAW=0, Loc=E:/robot/project/FPGA/ZedBoard/HLS_lab/lab3/dct\../../High-Level-Synthesis-Flow-on-Zynq-using-Vivado-HLS/source/lab3/dct.c:39:7, Vars=41,49,
                            +- Loop with id 20, Label=Col_DCT_Loop, HasPerfectlyNestedSubLoop=0, HasComputableTotalTC=1, TripCount= 8, StaticTripCountUpperBound= 8, MaxDynamicTripCount= 8, MinDynamicTripCount= 8, IsCompilerGenerated=0, HasInsertionLoc=1, HasUserInputPragma=0, hasRAW=0, Loc=E:/robot/project/FPGA/ZedBoard/HLS_lab/lab3/dct\../../High-Level-Synthesis-Flow-on-Zynq-using-Vivado-HLS/source/lab3/dct.c:43:4
                               +- Loop with id 26, Label=DCT_Outer_Loop, HasPerfectlyNestedSubLoop=0, HasComputableTotalTC=1, TripCount= 8, StaticTripCountUpperBound= 8, MaxDynamicTripCount= 8, MinDynamicTripCount= 8, IsCompilerGenerated=0, HasInsertionLoc=1, HasUserInputPragma=0, hasRAW=0, Loc=E:/robot/project/FPGA/ZedBoard/HLS_lab/lab3/dct\../../High-Level-Synthesis-Flow-on-Zynq-using-Vivado-HLS/source/lab3/dct.c:13:4, Vars=49,
                                  +- Loop with id 27, Label=DCT_Inner_Loop, HasPerfectlyNestedSubLoop=0, HasComputableTotalTC=1, TripCount= 8, StaticTripCountUpperBound= 8, MaxDynamicTripCount= 8, MinDynamicTripCount= 8, IsCompilerGenerated=0, HasInsertionLoc=1, HasUserInputPragma=0, hasRAW=0, Loc=E:/robot/project/FPGA/ZedBoard/HLS_lab/lab3/dct\../../High-Level-Synthesis-Flow-on-Zynq-using-Vivado-HLS/source/lab3/dct.c:15:7, Vars=41,78,
                            +- Loop with id 18, Label=Xpose_Col_Outer_Loop, HasPerfectlyNestedSubLoop=1, HasComputableTotalTC=1, TripCount= 8, StaticTripCountUpperBound= 8, MaxDynamicTripCount= 8, MinDynamicTripCount= 8, IsCompilerGenerated=0, HasInsertionLoc=1, HasUserInputPragma=0, hasRAW=0, Loc=E:/robot/project/FPGA/ZedBoard/HLS_lab/lab3/dct\../../High-Level-Synthesis-Flow-on-Zynq-using-Vivado-HLS/source/lab3/dct.c:48:4
                               +- Loop with id 19, Label=Xpose_Col_Inner_Loop, HasPerfectlyNestedSubLoop=0, HasComputableTotalTC=1, TripCount= 8, StaticTripCountUpperBound= 8, MaxDynamicTripCount= 8, MinDynamicTripCount= 8, IsCompilerGenerated=0, HasInsertionLoc=1, HasUserInputPragma=0, hasRAW=0, Loc=E:/robot/project/FPGA/ZedBoard/HLS_lab/lab3/dct\../../High-Level-Synthesis-Flow-on-Zynq-using-Vivado-HLS/source/lab3/dct.c:50:7, Vars=42,49,
                            +- Loop with id 24, Label=WR_Loop_Row, HasPerfectlyNestedSubLoop=1, HasComputableTotalTC=1, TripCount= 8, StaticTripCountUpperBound= 8, MaxDynamicTripCount= 8, MinDynamicTripCount= 8, IsCompilerGenerated=0, HasInsertionLoc=1, HasUserInputPragma=0, hasRAW=0, Loc=E:/robot/project/FPGA/ZedBoard/HLS_lab/lab3/dct\../../High-Level-Synthesis-Flow-on-Zynq-using-Vivado-HLS/source/lab3/dct.c:71:4
                               +- Loop with id 25, Label=WR_Loop_Col, HasPerfectlyNestedSubLoop=0, HasComputableTotalTC=1, TripCount= 8, StaticTripCountUpperBound= 8, MaxDynamicTripCount= 8, MinDynamicTripCount= 8, IsCompilerGenerated=0, HasInsertionLoc=1, HasUserInputPragma=0, hasRAW=0, Loc=E:/robot/project/FPGA/ZedBoard/HLS_lab/lab3/dct\../../High-Level-Synthesis-Flow-on-Zynq-using-Vivado-HLS/source/lab3/dct.c:73:7, Vars=40,42,
                            
parallelismSelector::VERBO: Initial branch after applying user pragma constraints:
                            FunctionPipelineTopLevel: Maybe
                            Reshape {dim 0: cyclic 1, 2, 4, 8, 16, 32 complete} (VariableName input) (VariableId 39)
                            Reshape {dim 0: cyclic 1, 2, 4, 8, 16, 32 complete} (VariableName output) (VariableId 40)
                            Partition {dim 0: cyclic 1, 2, 4 complete, dim 1: cyclic 1, 2, 4 complete} (VariableName buf_2d_in) (VariableId 41)
                            Partition {dim 0: cyclic 1, 2, 4 complete, dim 1: cyclic 1, 2, 4 complete} (VariableName buf_2d_out) (VariableId 42)
                            Partition {dim 0: cyclic 1, 2, 4 complete, dim 1: cyclic 1, 2, 4 complete} (VariableName row_outbuf) (VariableId 49)
                            Partition {dim 0: cyclic 1, 2, 4 complete, dim 1: cyclic 1, 2, 4 complete} (VariableName col_outbuf) (VariableId 50)
                            Partition {dim 0: cyclic 1, 2, 4 complete, dim 1: cyclic 1, 2, 4 complete} (VariableName col_inbuf) (VariableId 51)
                            Partition {dim 0: cyclic 1, 2, 4 complete, dim 1: cyclic 1, 2, 4 complete} (VariableName dct_coeff_table) (VariableId 78)
                            +- pipeline, unroll with factors 1, 2, 4, 8, unroll/pipeline with factors 2, 4 (Label RD_Loop_Row) (LoopId 16)
                               +- pipeline, unroll with factors 1, 2, 4, 8, unroll/pipeline with factors 2, 4 (Label RD_Loop_Col) (LoopId 17)
                            +- pipeline, unroll with factors 1, 2, 4, 8, unroll/pipeline with factors 2, 4 (Label Row_DCT_Loop) (LoopId 23)
                               +- pipeline, unroll with factors 1, 2, 4, 8, unroll/pipeline with factors 2, 4 (Label DCT_Outer_Loop) (LoopId 26)
                                  +- pipeline, unroll with factors 1, 2, 4, 8, unroll/pipeline with factors 2, 4 (Label DCT_Inner_Loop) (LoopId 27)
                            +- pipeline, unroll with factors 1, 2, 4, 8, unroll/pipeline with factors 2, 4 (Label Xpose_Row_Outer_Loop) (LoopId 21)
                               +- pipeline, unroll with factors 1, 2, 4, 8, unroll/pipeline with factors 2, 4 (Label Xpose_Row_Inner_Loop) (LoopId 22)
                            +- pipeline, unroll with factors 1, 2, 4, 8, unroll/pipeline with factors 2, 4 (Label Col_DCT_Loop) (LoopId 20)
                               +- pipeline, unroll with factors 1, 2, 4, 8, unroll/pipeline with factors 2, 4 (Label DCT_Outer_Loop) (LoopId 26)
                                  +- pipeline, unroll with factors 1, 2, 4, 8, unroll/pipeline with factors 2, 4 (Label DCT_Inner_Loop) (LoopId 27)
                            +- pipeline, unroll with factors 1, 2, 4, 8, unroll/pipeline with factors 2, 4 (Label Xpose_Col_Outer_Loop) (LoopId 18)
                               +- pipeline, unroll with factors 1, 2, 4, 8, unroll/pipeline with factors 2, 4 (Label Xpose_Col_Inner_Loop) (LoopId 19)
                            +- pipeline, unroll with factors 1, 2, 4, 8, unroll/pipeline with factors 2, 4 (Label WR_Loop_Row) (LoopId 24)
                               +- pipeline, unroll with factors 1, 2, 4, 8, unroll/pipeline with factors 2, 4 (Label WR_Loop_Col) (LoopId 25)
                            
parallelismSelector::VERBO: Initial branch after applying Xilinx constraints:
                            FunctionPipelineTopLevel: Maybe
                            Reshape {dim 0: cyclic 1, 2, 4, 8, 16, 32 complete} (VariableName input) (VariableId 39)
                            Reshape {dim 0: cyclic 1, 2, 4, 8, 16, 32 complete} (VariableName output) (VariableId 40)
                            Partition {dim 0: cyclic 1, 2, 4 complete, dim 1: cyclic 1, 2, 4 complete} (VariableName buf_2d_in) (VariableId 41)
                            Partition {dim 0: cyclic 1, 2, 4 complete, dim 1: cyclic 1, 2, 4 complete} (VariableName buf_2d_out) (VariableId 42)
                            Partition {dim 0: cyclic 1, 2, 4 complete, dim 1: cyclic 1, 2, 4 complete} (VariableName row_outbuf) (VariableId 49)
                            Partition {dim 0: cyclic 1, 2, 4 complete, dim 1: cyclic 1, 2, 4 complete} (VariableName col_outbuf) (VariableId 50)
                            Partition {dim 0: cyclic 1, 2, 4 complete, dim 1: cyclic 1, 2, 4 complete} (VariableName col_inbuf) (VariableId 51)
                            Partition {dim 0: cyclic 1, 2, 4 complete, dim 1: cyclic 1, 2, 4 complete} (VariableName dct_coeff_table) (VariableId 78)
                            +- pipeline, unroll with factors 1, 2, 4, 8, unroll/pipeline with factors 2, 4 (Label RD_Loop_Row) (LoopId 16)
                               +- pipeline, unroll with factors 1, 2, 4, 8, unroll/pipeline with factors 2, 4 (Label RD_Loop_Col) (LoopId 17)
                            +- pipeline, unroll with factors 1, 2, 4, 8, unroll/pipeline with factors 2, 4 (Label Row_DCT_Loop) (LoopId 23)
                               +- pipeline, unroll with factors 1, 2, 4, 8, unroll/pipeline with factors 2, 4 (Label DCT_Outer_Loop) (LoopId 26)
                                  +- pipeline, unroll with factors 1, 2, 4, 8, unroll/pipeline with factors 2, 4 (Label DCT_Inner_Loop) (LoopId 27)
                            +- pipeline, unroll with factors 1, 2, 4, 8, unroll/pipeline with factors 2, 4 (Label Xpose_Row_Outer_Loop) (LoopId 21)
                               +- pipeline, unroll with factors 1, 2, 4, 8, unroll/pipeline with factors 2, 4 (Label Xpose_Row_Inner_Loop) (LoopId 22)
                            +- pipeline, unroll with factors 1, 2, 4, 8, unroll/pipeline with factors 2, 4 (Label Col_DCT_Loop) (LoopId 20)
                               +- pipeline, unroll with factors 1, 2, 4, 8, unroll/pipeline with factors 2, 4 (Label DCT_Outer_Loop) (LoopId 26)
                                  +- pipeline, unroll with factors 1, 2, 4, 8, unroll/pipeline with factors 2, 4 (Label DCT_Inner_Loop) (LoopId 27)
                            +- pipeline, unroll with factors 1, 2, 4, 8, unroll/pipeline with factors 2, 4 (Label Xpose_Col_Outer_Loop) (LoopId 18)
                               +- pipeline, unroll with factors 1, 2, 4, 8, unroll/pipeline with factors 2, 4 (Label Xpose_Col_Inner_Loop) (LoopId 19)
                            +- pipeline, unroll with factors 1, 2, 4, 8, unroll/pipeline with factors 2, 4 (Label WR_Loop_Row) (LoopId 24)
                               +- pipeline, unroll with factors 1, 2, 4, 8, unroll/pipeline with factors 2, 4 (Label WR_Loop_Col) (LoopId 25)
                            
parallelismSelector::VERBO: DataflowConstrainer: Constraining Func/Loop with Id 212
parallelismSelector::VERBO: DataflowConstrainer: Constrained: VarId=39
parallelismSelector::VERBO: DataflowConstrainer: Constrained: VarId=40
parallelismSelector::VERBO: DataflowConstrainer: Not constrained: VarId=41
parallelismSelector::VERBO: DataflowConstrainer: Not constrained: VarId=42
parallelismSelector::VERBO: Initial branch after applying dataflow constraints:
                            FunctionPipelineTopLevel: No
                            Reshape {dim 0: cyclic 1} (VariableName input) (VariableId 39)
                            Reshape {dim 0: cyclic 1} (VariableName output) (VariableId 40)
                            Partition {dim 0: cyclic 1, 2, 4 complete, dim 1: cyclic 1, 2, 4 complete} (VariableName buf_2d_in) (VariableId 41)
                            Partition {dim 0: cyclic 1, 2, 4 complete, dim 1: cyclic 1, 2, 4 complete} (VariableName buf_2d_out) (VariableId 42)
                            Partition {dim 0: cyclic 1, 2, 4 complete, dim 1: cyclic 1, 2, 4 complete} (VariableName row_outbuf) (VariableId 49)
                            Partition {dim 0: cyclic 1, 2, 4 complete, dim 1: cyclic 1, 2, 4 complete} (VariableName col_outbuf) (VariableId 50)
                            Partition {dim 0: cyclic 1, 2, 4 complete, dim 1: cyclic 1, 2, 4 complete} (VariableName col_inbuf) (VariableId 51)
                            Partition {dim 0: cyclic 1, 2, 4 complete, dim 1: cyclic 1, 2, 4 complete} (VariableName dct_coeff_table) (VariableId 78)
                            +- pipeline, unroll with factors 1, 2, 4, 8, unroll/pipeline with factors 2, 4 (Label RD_Loop_Row) (LoopId 16)
                               +- pipeline, unroll with factors 1, 2, 4, 8, unroll/pipeline with factors 2, 4 (Label RD_Loop_Col) (LoopId 17)
                            +- pipeline, unroll with factors 1, 2, 4, 8, unroll/pipeline with factors 2, 4 (Label Row_DCT_Loop) (LoopId 23)
                               +- pipeline, unroll with factors 1, 2, 4, 8, unroll/pipeline with factors 2, 4 (Label DCT_Outer_Loop) (LoopId 26)
                                  +- pipeline, unroll with factors 1, 2, 4, 8, unroll/pipeline with factors 2, 4 (Label DCT_Inner_Loop) (LoopId 27)
                            +- pipeline, unroll with factors 1, 2, 4, 8, unroll/pipeline with factors 2, 4 (Label Xpose_Row_Outer_Loop) (LoopId 21)
                               +- pipeline, unroll with factors 1, 2, 4, 8, unroll/pipeline with factors 2, 4 (Label Xpose_Row_Inner_Loop) (LoopId 22)
                            +- pipeline, unroll with factors 1, 2, 4, 8, unroll/pipeline with factors 2, 4 (Label Col_DCT_Loop) (LoopId 20)
                               +- pipeline, unroll with factors 1, 2, 4, 8, unroll/pipeline with factors 2, 4 (Label DCT_Outer_Loop) (LoopId 26)
                                  +- pipeline, unroll with factors 1, 2, 4, 8, unroll/pipeline with factors 2, 4 (Label DCT_Inner_Loop) (LoopId 27)
                            +- pipeline, unroll with factors 1, 2, 4, 8, unroll/pipeline with factors 2, 4 (Label Xpose_Col_Outer_Loop) (LoopId 18)
                               +- pipeline, unroll with factors 1, 2, 4, 8, unroll/pipeline with factors 2, 4 (Label Xpose_Col_Inner_Loop) (LoopId 19)
                            +- pipeline, unroll with factors 1, 2, 4, 8, unroll/pipeline with factors 2, 4 (Label WR_Loop_Row) (LoopId 24)
                               +- pipeline, unroll with factors 1, 2, 4, 8, unroll/pipeline with factors 2, 4 (Label WR_Loop_Col) (LoopId 25)
                            
parallelismSelector::VERBO: Removing unroll factor 2 from loop 16 because we only want to keep the pipeline/unroll setting as unroll possibility
parallelismSelector::VERBO: Removing unroll factor 4 from loop 16 because we only want to keep the pipeline/unroll setting as unroll possibility
parallelismSelector::VERBO: Removing unroll factor 2 from loop 17 because we only want to keep the pipeline/unroll setting as unroll possibility
parallelismSelector::VERBO: Removing unroll factor 4 from loop 17 because we only want to keep the pipeline/unroll setting as unroll possibility
parallelismSelector::VERBO: Removing unroll factor 2 from loop 23 because we only want to keep the pipeline/unroll setting as unroll possibility
parallelismSelector::VERBO: Removing unroll factor 4 from loop 23 because we only want to keep the pipeline/unroll setting as unroll possibility
parallelismSelector::VERBO: Removing unroll factor 2 from loop 26 because we only want to keep the pipeline/unroll setting as unroll possibility
parallelismSelector::VERBO: Removing unroll factor 4 from loop 26 because we only want to keep the pipeline/unroll setting as unroll possibility
parallelismSelector::VERBO: Removing unroll factor 2 from loop 27 because we only want to keep the pipeline/unroll setting as unroll possibility
parallelismSelector::VERBO: Removing unroll factor 4 from loop 27 because we only want to keep the pipeline/unroll setting as unroll possibility
parallelismSelector::VERBO: Removing unroll factor 2 from loop 21 because we only want to keep the pipeline/unroll setting as unroll possibility
parallelismSelector::VERBO: Removing unroll factor 4 from loop 21 because we only want to keep the pipeline/unroll setting as unroll possibility
parallelismSelector::VERBO: Removing unroll factor 2 from loop 22 because we only want to keep the pipeline/unroll setting as unroll possibility
parallelismSelector::VERBO: Removing unroll factor 4 from loop 22 because we only want to keep the pipeline/unroll setting as unroll possibility
parallelismSelector::VERBO: Removing unroll factor 2 from loop 20 because we only want to keep the pipeline/unroll setting as unroll possibility
parallelismSelector::VERBO: Removing unroll factor 4 from loop 20 because we only want to keep the pipeline/unroll setting as unroll possibility
parallelismSelector::VERBO: Removing unroll factor 2 from loop 18 because we only want to keep the pipeline/unroll setting as unroll possibility
parallelismSelector::VERBO: Removing unroll factor 4 from loop 18 because we only want to keep the pipeline/unroll setting as unroll possibility
parallelismSelector::VERBO: Removing unroll factor 2 from loop 19 because we only want to keep the pipeline/unroll setting as unroll possibility
parallelismSelector::VERBO: Removing unroll factor 4 from loop 19 because we only want to keep the pipeline/unroll setting as unroll possibility
parallelismSelector::VERBO: Removing unroll factor 2 from loop 24 because we only want to keep the pipeline/unroll setting as unroll possibility
parallelismSelector::VERBO: Removing unroll factor 4 from loop 24 because we only want to keep the pipeline/unroll setting as unroll possibility
parallelismSelector::VERBO: Removing unroll factor 2 from loop 25 because we only want to keep the pipeline/unroll setting as unroll possibility
parallelismSelector::VERBO: Removing unroll factor 4 from loop 25 because we only want to keep the pipeline/unroll setting as unroll possibility
parallelismSelector::VERBO: Removing reshape options from the design space because optimizing reshape is disabled
                            
parallelismSelector::VERBO: Initial branch after applying heuristic constraints:
                            FunctionPipelineTopLevel: No
                            Reshape {dim 0: cyclic 1} (VariableName input) (VariableId 39)
                            Reshape {dim 0: cyclic 1} (VariableName output) (VariableId 40)
                            Partition {dim 0: cyclic 1, 2, 4 complete, dim 1: cyclic 1, 2, 4 complete} (VariableName buf_2d_in) (VariableId 41)
                            Partition {dim 0: cyclic 1, 2, 4 complete, dim 1: cyclic 1, 2, 4 complete} (VariableName buf_2d_out) (VariableId 42)
                            Partition {dim 0: cyclic 1, 2, 4 complete, dim 1: cyclic 1, 2, 4 complete} (VariableName row_outbuf) (VariableId 49)
                            Partition {dim 0: cyclic 1, 2, 4 complete, dim 1: cyclic 1, 2, 4 complete} (VariableName col_outbuf) (VariableId 50)
                            Partition {dim 0: cyclic 1, 2, 4 complete, dim 1: cyclic 1, 2, 4 complete} (VariableName col_inbuf) (VariableId 51)
                            Partition {dim 0: cyclic 1, 2, 4 complete, dim 1: cyclic 1, 2, 4 complete} (VariableName dct_coeff_table) (VariableId 78)
                            +- pipeline, unroll with factors 1, 8, unroll/pipeline with factors 2, 4 (Label RD_Loop_Row) (LoopId 16)
                               +- pipeline, unroll with factors 1, 8, unroll/pipeline with factors 2, 4 (Label RD_Loop_Col) (LoopId 17)
                            +- pipeline, unroll with factors 1, 8, unroll/pipeline with factors 2, 4 (Label Row_DCT_Loop) (LoopId 23)
                               +- pipeline, unroll with factors 1, 8, unroll/pipeline with factors 2, 4 (Label DCT_Outer_Loop) (LoopId 26)
                                  +- pipeline, unroll with factors 1, 8, unroll/pipeline with factors 2, 4 (Label DCT_Inner_Loop) (LoopId 27)
                            +- pipeline, unroll with factors 1, 8, unroll/pipeline with factors 2, 4 (Label Xpose_Row_Outer_Loop) (LoopId 21)
                               +- pipeline, unroll with factors 1, 8, unroll/pipeline with factors 2, 4 (Label Xpose_Row_Inner_Loop) (LoopId 22)
                            +- pipeline, unroll with factors 1, 8, unroll/pipeline with factors 2, 4 (Label Col_DCT_Loop) (LoopId 20)
                               +- pipeline, unroll with factors 1, 8, unroll/pipeline with factors 2, 4 (Label DCT_Outer_Loop) (LoopId 26)
                                  +- pipeline, unroll with factors 1, 8, unroll/pipeline with factors 2, 4 (Label DCT_Inner_Loop) (LoopId 27)
                            +- pipeline, unroll with factors 1, 8, unroll/pipeline with factors 2, 4 (Label Xpose_Col_Outer_Loop) (LoopId 18)
                               +- pipeline, unroll with factors 1, 8, unroll/pipeline with factors 2, 4 (Label Xpose_Col_Inner_Loop) (LoopId 19)
                            +- pipeline, unroll with factors 1, 8, unroll/pipeline with factors 2, 4 (Label WR_Loop_Row) (LoopId 24)
                               +- pipeline, unroll with factors 1, 8, unroll/pipeline with factors 2, 4 (Label WR_Loop_Col) (LoopId 25)
                            
parallelismSelector::VERBO: Initial branch after applying second round of Xilinx constraints:
                            FunctionPipelineTopLevel: No
                            Reshape {dim 0: cyclic 1} (VariableName input) (VariableId 39)
                            Reshape {dim 0: cyclic 1} (VariableName output) (VariableId 40)
                            Partition {dim 0: cyclic 1, 2, 4 complete, dim 1: cyclic 1, 2, 4 complete} (VariableName buf_2d_in) (VariableId 41)
                            Partition {dim 0: cyclic 1, 2, 4 complete, dim 1: cyclic 1, 2, 4 complete} (VariableName buf_2d_out) (VariableId 42)
                            Partition {dim 0: cyclic 1, 2, 4 complete, dim 1: cyclic 1, 2, 4 complete} (VariableName row_outbuf) (VariableId 49)
                            Partition {dim 0: cyclic 1, 2, 4 complete, dim 1: cyclic 1, 2, 4 complete} (VariableName col_outbuf) (VariableId 50)
                            Partition {dim 0: cyclic 1, 2, 4 complete, dim 1: cyclic 1, 2, 4 complete} (VariableName col_inbuf) (VariableId 51)
                            Partition {dim 0: cyclic 1, 2, 4 complete, dim 1: cyclic 1, 2, 4 complete} (VariableName dct_coeff_table) (VariableId 78)
                            +- pipeline, unroll with factors 1, 8, unroll/pipeline with factors 2, 4 (Label RD_Loop_Row) (LoopId 16)
                               +- pipeline, unroll with factors 1, 8, unroll/pipeline with factors 2, 4 (Label RD_Loop_Col) (LoopId 17)
                            +- pipeline, unroll with factors 1, 8, unroll/pipeline with factors 2, 4 (Label Row_DCT_Loop) (LoopId 23)
                               +- pipeline, unroll with factors 1, 8, unroll/pipeline with factors 2, 4 (Label DCT_Outer_Loop) (LoopId 26)
                                  +- pipeline, unroll with factors 1, 8, unroll/pipeline with factors 2, 4 (Label DCT_Inner_Loop) (LoopId 27)
                            +- pipeline, unroll with factors 1, 8, unroll/pipeline with factors 2, 4 (Label Xpose_Row_Outer_Loop) (LoopId 21)
                               +- pipeline, unroll with factors 1, 8, unroll/pipeline with factors 2, 4 (Label Xpose_Row_Inner_Loop) (LoopId 22)
                            +- pipeline, unroll with factors 1, 8, unroll/pipeline with factors 2, 4 (Label Col_DCT_Loop) (LoopId 20)
                               +- pipeline, unroll with factors 1, 8, unroll/pipeline with factors 2, 4 (Label DCT_Outer_Loop) (LoopId 26)
                                  +- pipeline, unroll with factors 1, 8, unroll/pipeline with factors 2, 4 (Label DCT_Inner_Loop) (LoopId 27)
                            +- pipeline, unroll with factors 1, 8, unroll/pipeline with factors 2, 4 (Label Xpose_Col_Outer_Loop) (LoopId 18)
                               +- pipeline, unroll with factors 1, 8, unroll/pipeline with factors 2, 4 (Label Xpose_Col_Inner_Loop) (LoopId 19)
                            +- pipeline, unroll with factors 1, 8, unroll/pipeline with factors 2, 4 (Label WR_Loop_Row) (LoopId 24)
                               +- pipeline, unroll with factors 1, 8, unroll/pipeline with factors 2, 4 (Label WR_Loop_Col) (LoopId 25)
                            
parallelismSelector::VERBO: Initial branch after PerfEst evaluation constraints:
                            FunctionPipelineTopLevel: No
                            Reshape {dim 0: cyclic 1} (VariableName input) (VariableId 39)
                            Reshape {dim 0: cyclic 1} (VariableName output) (VariableId 40)
                            Partition {dim 0: cyclic 1, dim 1: cyclic 1} (VariableName buf_2d_in) (VariableId 41)
                            Partition {dim 0: cyclic 1, dim 1: cyclic 1} (VariableName buf_2d_out) (VariableId 42)
                            Partition {dim 0: cyclic 1, dim 1: cyclic 1} (VariableName row_outbuf) (VariableId 49)
                            Partition {dim 0: cyclic 1, dim 1: cyclic 1} (VariableName col_outbuf) (VariableId 50)
                            Partition {dim 0: cyclic 1, dim 1: cyclic 1} (VariableName col_inbuf) (VariableId 51)
                            Partition {dim 0: cyclic 1, dim 1: cyclic 1} (VariableName dct_coeff_table) (VariableId 78)
                            +- unroll with factors 1 (Label RD_Loop_Row) (LoopId 16)
                               +- unroll with factors 1 (Label RD_Loop_Col) (LoopId 17)
                            +- unroll with factors 1 (Label Row_DCT_Loop) (LoopId 23)
                               +- unroll with factors 1 (Label DCT_Outer_Loop) (LoopId 26)
                                  +- unroll with factors 1 (Label DCT_Inner_Loop) (LoopId 27)
                            +- unroll with factors 1 (Label Xpose_Row_Outer_Loop) (LoopId 21)
                               +- unroll with factors 1 (Label Xpose_Row_Inner_Loop) (LoopId 22)
                            +- unroll with factors 1 (Label Col_DCT_Loop) (LoopId 20)
                               +- unroll with factors 1 (Label DCT_Outer_Loop) (LoopId 26)
                                  +- unroll with factors 1 (Label DCT_Inner_Loop) (LoopId 27)
                            +- unroll with factors 1 (Label Xpose_Col_Outer_Loop) (LoopId 18)
                               +- unroll with factors 1 (Label Xpose_Col_Inner_Loop) (LoopId 19)
                            +- unroll with factors 1 (Label WR_Loop_Row) (LoopId 24)
                               +- unroll with factors 1 (Label WR_Loop_Col) (LoopId 25)
                            
parallelismSelector::VERBO: Initial constrained branch:
                            FunctionPipelineTopLevel: No
                            Reshape {dim 0: cyclic 1} (VariableName input) (VariableId 39)
                            Reshape {dim 0: cyclic 1} (VariableName output) (VariableId 40)
                            Partition {dim 0: cyclic 1, dim 1: cyclic 1} (VariableName buf_2d_in) (VariableId 41)
                            Partition {dim 0: cyclic 1, dim 1: cyclic 1} (VariableName buf_2d_out) (VariableId 42)
                            Partition {dim 0: cyclic 1, dim 1: cyclic 1} (VariableName row_outbuf) (VariableId 49)
                            Partition {dim 0: cyclic 1, dim 1: cyclic 1} (VariableName col_outbuf) (VariableId 50)
                            Partition {dim 0: cyclic 1, dim 1: cyclic 1} (VariableName col_inbuf) (VariableId 51)
                            Partition {dim 0: cyclic 1, dim 1: cyclic 1} (VariableName dct_coeff_table) (VariableId 78)
                            +- unroll with factors 1 (Label RD_Loop_Row) (LoopId 16)
                               +- unroll with factors 1 (Label RD_Loop_Col) (LoopId 17)
                            +- unroll with factors 1 (Label Row_DCT_Loop) (LoopId 23)
                               +- unroll with factors 1 (Label DCT_Outer_Loop) (LoopId 26)
                                  +- unroll with factors 1 (Label DCT_Inner_Loop) (LoopId 27)
                            +- unroll with factors 1 (Label Xpose_Row_Outer_Loop) (LoopId 21)
                               +- unroll with factors 1 (Label Xpose_Row_Inner_Loop) (LoopId 22)
                            +- unroll with factors 1 (Label Col_DCT_Loop) (LoopId 20)
                               +- unroll with factors 1 (Label DCT_Outer_Loop) (LoopId 26)
                                  +- unroll with factors 1 (Label DCT_Inner_Loop) (LoopId 27)
                            +- unroll with factors 1 (Label Xpose_Col_Outer_Loop) (LoopId 18)
                               +- unroll with factors 1 (Label Xpose_Col_Inner_Loop) (LoopId 19)
                            +- unroll with factors 1 (Label WR_Loop_Row) (LoopId 24)
                               +- unroll with factors 1 (Label WR_Loop_Col) (LoopId 25)
                            
parallelismSelector::VERBO: HPE - Calculating latency and area for design space...
                            Setting Space: FunctionPipelineTopLevel: No
                            Reshape {dim 0: cyclic 1} (VariableId 39)
                            Reshape {dim 0: cyclic 1} (VariableId 40)
                            Partition {dim 0: cyclic 1, dim 1: cyclic 1} (VariableId 41)
                            Partition {dim 0: cyclic 1, dim 1: cyclic 1} (VariableId 42)
                            Partition {dim 0: cyclic 1, dim 1: cyclic 1} (VariableId 49)
                            Partition {dim 0: cyclic 1, dim 1: cyclic 1} (VariableId 50)
                            Partition {dim 0: cyclic 1, dim 1: cyclic 1} (VariableId 51)
                            Partition {dim 0: cyclic 1, dim 1: cyclic 1} (VariableId 78)
                            +- unroll with factors 1 (Label RD_Loop_Row) (LoopId 16)
                               +- unroll with factors 1 (Label RD_Loop_Col) (LoopId 17)
                            +- unroll with factors 1 (Label Row_DCT_Loop) (LoopId 23)
                               +- unroll with factors 1 (Label DCT_Outer_Loop) (LoopId 26)
                                  +- unroll with factors 1 (Label DCT_Inner_Loop) (LoopId 27)
                            +- unroll with factors 1 (Label Xpose_Row_Outer_Loop) (LoopId 21)
                               +- unroll with factors 1 (Label Xpose_Row_Inner_Loop) (LoopId 22)
                            +- unroll with factors 1 (Label Col_DCT_Loop) (LoopId 20)
                               +- unroll with factors 1 (Label DCT_Outer_Loop) (LoopId 26)
                                  +- unroll with factors 1 (Label DCT_Inner_Loop) (LoopId 27)
                            +- unroll with factors 1 (Label Xpose_Col_Outer_Loop) (LoopId 18)
                               +- unroll with factors 1 (Label Xpose_Col_Inner_Loop) (LoopId 19)
                            +- unroll with factors 1 (Label WR_Loop_Row) (LoopId 24)
                               +- unroll with factors 1 (Label WR_Loop_Col) (LoopId 25)
                            
parallelismSelector::VERBO: Calculating latency for top level hw function: dct
parallelismSelector::VERBO: [LatencyEstimationVisitor] CallSite: CS(0 F=217) (64->41)(65->39)
parallelismSelector::VERBO: [LatencyEstimationVisitor] Equivalence table
                             Object with value: 64 is mapped to the object with value: 41
                             Object with value: 65 is mapped to the object with value: 39
                            
parallelismSelector::VERBO: [LatencyEstimationVisitor] CallSite: CS(5 F=213) (43->65)(44->64)
parallelismSelector::VERBO: [LatencyEstimationVisitor] Equivalence table
                             Object with value: 43 is mapped to the object with value: 39
                             Object with value: 44 is mapped to the object with value: 41
                             Object with value: 64 is mapped to the object with value: 41
                             Object with value: 65 is mapped to the object with value: 39
                            
parallelismSelector::VERBO: Analyzing Loop "RD_Loop_Col" (LoopId 17):
parallelismSelector::VERBO:     MARegionScheduler::finalize():
parallelismSelector::VERBO:        - LoopId: 17 Label: RD_Loop_Col
parallelismSelector::VERBO:          - EndCycles: for.body3 -> {1: 2}
parallelismSelector::VERBO:        - MaxEndCycle: {1: 2}
parallelismSelector::VERBO:        - Critical path: for.body3
parallelismSelector::VERBO:     hasRAW: 0
parallelismSelector::VERBO:        - IIMem: {1: 0.5}, OwnedIIMem: {1: 0.5}, NestedIIMem: {1: 0}
parallelismSelector::VERBO:     Collected Var penalties
parallelismSelector::VERBO:       L:17 V:39{1: 0}
parallelismSelector::VERBO:       L:17 V:41{1: 0}
parallelismSelector::VERBO:     Collected latencies
parallelismSelector::VERBO:       L:17{1: 2}
parallelismSelector::VERBO:     Collected Interval ranges
parallelismSelector::VERBO:       L:170
parallelismSelector::VERBO: 
parallelismSelector::VERBO: Analyzing Loop "RD_Loop_Row" (LoopId 16):
parallelismSelector::VERBO:         LoopId: 17, Label: RD_Loop_Col, TC: 8, IL: {1: 2}, IIMem: {1: 0.5}, IIDep 0
parallelismSelector::VERBO:         	unroll 1 Cycles: 16
parallelismSelector::VERBO:         Overall latency for nested loop (LoopId 17): 16
parallelismSelector::VERBO:     MARegionScheduler::finalize():
parallelismSelector::VERBO:        - LoopId: 16 Label: RD_Loop_Row
parallelismSelector::VERBO:          - EndCycles: for.body3 -> {1: 16}
parallelismSelector::VERBO:          - EndCycles: for.body -> {1: 1}
parallelismSelector::VERBO:          - EndCycles: for.end -> {1: 16}
parallelismSelector::VERBO:        - MaxEndCycle: {1: 16}
parallelismSelector::VERBO:        - Critical path: for.body3, for.body, for.end
parallelismSelector::VERBO:     hasRAW: 0
parallelismSelector::VERBO:        - IIMem: {1: 0}, OwnedIIMem: {1: 0}, NestedIIMem: {1: 0}
parallelismSelector::VERBO:     Collected Var penalties
parallelismSelector::VERBO:       L:16 V:39{1: 0}
parallelismSelector::VERBO:       L:16 V:41{1: 0}
parallelismSelector::VERBO:       L:17 V:39{1: 0}
parallelismSelector::VERBO:       L:17 V:41{1: 0}
parallelismSelector::VERBO:     Collected latencies
parallelismSelector::VERBO:       L:16{1: 16}
parallelismSelector::VERBO:       L:17{1: 2}
parallelismSelector::VERBO:     Collected Interval ranges
parallelismSelector::VERBO:       L:160
parallelismSelector::VERBO:       L:170
parallelismSelector::VERBO: 
parallelismSelector::VERBO: Analyzing Function "read_data" (FunctionId 213):
parallelismSelector::VERBO:         LoopId: 16, Label: RD_Loop_Row, TC: 8, IL: {1: 16}, IIMem: {1: 0}, IIDep 0
parallelismSelector::VERBO:         	unroll 1 Cycles: 128
parallelismSelector::VERBO:         Overall latency for nested loop (LoopId 16): 128
parallelismSelector::VERBO:     MARegionScheduler::finalize():
parallelismSelector::VERBO:        - Function: read_data
parallelismSelector::VERBO:          - EndCycles: entry -> {1: 1}
parallelismSelector::VERBO:          - EndCycles: for.end10 -> {1: 129}
parallelismSelector::VERBO:          - EndCycles: for.end -> {1: 129}
parallelismSelector::VERBO:        - MaxEndCycle: {1: 129}
parallelismSelector::VERBO:        - Critical path: entry, for.end10, for.body, for.end
parallelismSelector::VERBO:     Collected Var penalties
parallelismSelector::VERBO:       L:16 V:39{1: 0}
parallelismSelector::VERBO:       L:16 V:41{1: 0}
parallelismSelector::VERBO:       L:17 V:39{1: 0}
parallelismSelector::VERBO:       L:17 V:41{1: 0}
parallelismSelector::VERBO:     Collected latencies
parallelismSelector::VERBO:       L:16{1: 16}
parallelismSelector::VERBO:       L:17{1: 2}
parallelismSelector::VERBO:     Collected Interval ranges
parallelismSelector::VERBO:       L:160
parallelismSelector::VERBO:       L:170
parallelismSelector::VERBO: 
parallelismSelector::VERBO: Analyzing Function "Outline_T3_F212_R2_Call" (FunctionId 217):
parallelismSelector::VERBO:     MARegionScheduler::finalize():
parallelismSelector::VERBO:        - Function: Outline_T3_F212_R2_Call
parallelismSelector::VERBO:          - EndCycles: newFuncRoot -> {1: 1}
parallelismSelector::VERBO:          - EndCycles: newFuncRoot_iso0 -> {1: 130}
parallelismSelector::VERBO:        - MaxEndCycle: {1: 130}
parallelismSelector::VERBO:        - Critical path: newFuncRoot, newFuncRoot_iso0
parallelismSelector::VERBO:     Collected Var penalties
parallelismSelector::VERBO:       L:16 V:39{1: 0}
parallelismSelector::VERBO:       L:16 V:41{1: 0}
parallelismSelector::VERBO:       L:17 V:39{1: 0}
parallelismSelector::VERBO:       L:17 V:41{1: 0}
parallelismSelector::VERBO:     Collected latencies
parallelismSelector::VERBO:       L:16{1: 16}
parallelismSelector::VERBO:       L:17{1: 2}
parallelismSelector::VERBO:     Collected Interval ranges
parallelismSelector::VERBO:       L:160
parallelismSelector::VERBO:       L:170
parallelismSelector::VERBO: 
parallelismSelector::VERBO: [LatencyEstimationVisitor] CallSite: CS(1 F=218) (66->41)(67->42)
parallelismSelector::VERBO: [LatencyEstimationVisitor] Equivalence table
                             Object with value: 66 is mapped to the object with value: 41
                             Object with value: 67 is mapped to the object with value: 42
                            
parallelismSelector::VERBO: [LatencyEstimationVisitor] CallSite: CS(6 F=214) (47->66)(48->67)
parallelismSelector::VERBO: [LatencyEstimationVisitor] Equivalence table
                             Object with value: 47 is mapped to the object with value: 41
                             Object with value: 48 is mapped to the object with value: 42
                             Object with value: 66 is mapped to the object with value: 41
                             Object with value: 67 is mapped to the object with value: 42
                            
parallelismSelector::VERBO: Analyzing Loop "Xpose_Col_Inner_Loop" (LoopId 19):
parallelismSelector::VERBO:     MARegionScheduler::finalize():
parallelismSelector::VERBO:        - LoopId: 19 Label: Xpose_Col_Inner_Loop
parallelismSelector::VERBO:          - EndCycles: for.body41 -> {1: 2}
parallelismSelector::VERBO:        - MaxEndCycle: {1: 2}
parallelismSelector::VERBO:        - Critical path: for.body41
parallelismSelector::VERBO:     hasRAW: 0
parallelismSelector::VERBO:        - IIMem: {1: 0.5}, OwnedIIMem: {1: 0.5}, NestedIIMem: {1: 0}
parallelismSelector::VERBO:     Collected Var penalties
parallelismSelector::VERBO:       L:16 V:39{1: 0}
parallelismSelector::VERBO:       L:16 V:41{1: 0}
parallelismSelector::VERBO:       L:17 V:39{1: 0}
parallelismSelector::VERBO:       L:17 V:41{1: 0}
parallelismSelector::VERBO:       L:19 V:42{1: 0}
parallelismSelector::VERBO:       L:19 V:50{1: 0}
parallelismSelector::VERBO:     Collected latencies
parallelismSelector::VERBO:       L:16{1: 16}
parallelismSelector::VERBO:       L:17{1: 2}
parallelismSelector::VERBO:       L:19{1: 2}
parallelismSelector::VERBO:     Collected Interval ranges
parallelismSelector::VERBO:       L:160
parallelismSelector::VERBO:       L:170
parallelismSelector::VERBO:       L:190
parallelismSelector::VERBO: 
parallelismSelector::VERBO: Analyzing Loop "Xpose_Col_Outer_Loop" (LoopId 18):
parallelismSelector::VERBO:         LoopId: 19, Label: Xpose_Col_Inner_Loop, TC: 8, IL: {1: 2}, IIMem: {1: 0.5}, IIDep 0
parallelismSelector::VERBO:         	unroll 1 Cycles: 16
parallelismSelector::VERBO:         Overall latency for nested loop (LoopId 19): 16
parallelismSelector::VERBO:     MARegionScheduler::finalize():
parallelismSelector::VERBO:        - LoopId: 18 Label: Xpose_Col_Outer_Loop
parallelismSelector::VERBO:          - EndCycles: for.body41 -> {1: 16}
parallelismSelector::VERBO:          - EndCycles: for.body38 -> {1: 1}
parallelismSelector::VERBO:          - EndCycles: for.end52 -> {1: 16}
parallelismSelector::VERBO:        - MaxEndCycle: {1: 16}
parallelismSelector::VERBO:        - Critical path: for.body41, for.body38, for.end52
parallelismSelector::VERBO:     hasRAW: 0
parallelismSelector::VERBO:        - IIMem: {1: 0}, OwnedIIMem: {1: 0}, NestedIIMem: {1: 0}
parallelismSelector::VERBO:     Collected Var penalties
parallelismSelector::VERBO:       L:16 V:39{1: 0}
parallelismSelector::VERBO:       L:16 V:41{1: 0}
parallelismSelector::VERBO:       L:17 V:39{1: 0}
parallelismSelector::VERBO:       L:17 V:41{1: 0}
parallelismSelector::VERBO:       L:18 V:42{1: 0}
parallelismSelector::VERBO:       L:18 V:50{1: 0}
parallelismSelector::VERBO:       L:19 V:42{1: 0}
parallelismSelector::VERBO:       L:19 V:50{1: 0}
parallelismSelector::VERBO:     Collected latencies
parallelismSelector::VERBO:       L:16{1: 16}
parallelismSelector::VERBO:       L:17{1: 2}
parallelismSelector::VERBO:       L:18{1: 16}
parallelismSelector::VERBO:       L:19{1: 2}
parallelismSelector::VERBO:     Collected Interval ranges
parallelismSelector::VERBO:       L:160
parallelismSelector::VERBO:       L:170
parallelismSelector::VERBO:       L:180
parallelismSelector::VERBO:       L:190
parallelismSelector::VERBO: 
parallelismSelector::VERBO: [LatencyEstimationVisitor] CallSite: CS(4 F=216) (58->51)(59->50)
parallelismSelector::VERBO: [LatencyEstimationVisitor] Equivalence table
                             Object with value: 47 is mapped to the object with value: 41
                             Object with value: 48 is mapped to the object with value: 42
                             Object with value: 58 is mapped to the object with value: 51
                             Object with value: 59 is mapped to the object with value: 50
                             Object with value: 66 is mapped to the object with value: 41
                             Object with value: 67 is mapped to the object with value: 42
                            
parallelismSelector::VERBO: Analyzing Loop "DCT_Inner_Loop" (LoopId 27):
parallelismSelector::VERBO:     MARegionScheduler::finalize():
parallelismSelector::VERBO:        - LoopId: 27 Label: DCT_Inner_Loop
parallelismSelector::VERBO:          - EndCycles: for.body3 -> {1: 2}
parallelismSelector::VERBO:        - MaxEndCycle: {1: 2}
parallelismSelector::VERBO:        - Critical path: for.body3
parallelismSelector::VERBO:     hasRAW: 0
parallelismSelector::VERBO:     Recurrence: Circuit=2:0 -> 2:21 -> 2:0
parallelismSelector::VERBO:       distance=1
parallelismSelector::VERBO:        - IIMem: {1: 0.5}, OwnedIIMem: {1: 0.5}, NestedIIMem: {1: 0}
parallelismSelector::VERBO:     Collected Var penalties
parallelismSelector::VERBO:       L:16 V:39{1: 0}
parallelismSelector::VERBO:       L:16 V:41{1: 0}
parallelismSelector::VERBO:       L:17 V:39{1: 0}
parallelismSelector::VERBO:       L:17 V:41{1: 0}
parallelismSelector::VERBO:       L:18 V:42{1: 0}
parallelismSelector::VERBO:       L:18 V:50{1: 0}
parallelismSelector::VERBO:       L:19 V:42{1: 0}
parallelismSelector::VERBO:       L:19 V:50{1: 0}
parallelismSelector::VERBO:       L:27 V:51{1: 0}
parallelismSelector::VERBO:       L:27 V:78{1: 0}
parallelismSelector::VERBO:     Collected latencies
parallelismSelector::VERBO:       L:16{1: 16}
parallelismSelector::VERBO:       L:17{1: 2}
parallelismSelector::VERBO:       L:18{1: 16}
parallelismSelector::VERBO:       L:19{1: 2}
parallelismSelector::VERBO:       L:27{1: 2}
parallelismSelector::VERBO:     Collected Interval ranges
parallelismSelector::VERBO:       L:160
parallelismSelector::VERBO:       L:170
parallelismSelector::VERBO:       L:180
parallelismSelector::VERBO:       L:190
parallelismSelector::VERBO:       L:271
parallelismSelector::VERBO: 
parallelismSelector::VERBO: Analyzing Loop "DCT_Outer_Loop" (LoopId 26):
parallelismSelector::VERBO:         LoopId: 27, Label: DCT_Inner_Loop, TC: 8, IL: {1: 2}, IIMem: {1: 0.5}, IIDep 1
parallelismSelector::VERBO:         	unroll 1 Cycles: 16
parallelismSelector::VERBO:         Overall latency for nested loop (LoopId 27): 16
parallelismSelector::VERBO:     MARegionScheduler::finalize():
parallelismSelector::VERBO:        - LoopId: 26 Label: DCT_Outer_Loop
parallelismSelector::VERBO:          - EndCycles: for.body3 -> {1: 16}
parallelismSelector::VERBO:          - EndCycles: for.end -> {1: 16}
parallelismSelector::VERBO:          - EndCycles: for.body -> {1: 1}
parallelismSelector::VERBO:        - MaxEndCycle: {1: 16}
parallelismSelector::VERBO:        - Critical path: for.body3, for.end, for.body
parallelismSelector::VERBO:     hasRAW: 0
parallelismSelector::VERBO:        - IIMem: {1: 0.5}, OwnedIIMem: {1: 0.5}, NestedIIMem: {1: 0}
parallelismSelector::VERBO:     Collected Var penalties
parallelismSelector::VERBO:       L:16 V:39{1: 0}
parallelismSelector::VERBO:       L:16 V:41{1: 0}
parallelismSelector::VERBO:       L:17 V:39{1: 0}
parallelismSelector::VERBO:       L:17 V:41{1: 0}
parallelismSelector::VERBO:       L:18 V:42{1: 0}
parallelismSelector::VERBO:       L:18 V:50{1: 0}
parallelismSelector::VERBO:       L:19 V:42{1: 0}
parallelismSelector::VERBO:       L:19 V:50{1: 0}
parallelismSelector::VERBO:       L:26 V:50{1: 0}
parallelismSelector::VERBO:       L:26 V:51{1: 0}
parallelismSelector::VERBO:       L:26 V:78{1: 0}
parallelismSelector::VERBO:       L:27 V:51{1: 0}
parallelismSelector::VERBO:       L:27 V:78{1: 0}
parallelismSelector::VERBO:     Collected latencies
parallelismSelector::VERBO:       L:16{1: 16}
parallelismSelector::VERBO:       L:17{1: 2}
parallelismSelector::VERBO:       L:18{1: 16}
parallelismSelector::VERBO:       L:19{1: 2}
parallelismSelector::VERBO:       L:26{1: 16}
parallelismSelector::VERBO:       L:27{1: 2}
parallelismSelector::VERBO:     Collected Interval ranges
parallelismSelector::VERBO:       L:160
parallelismSelector::VERBO:       L:170
parallelismSelector::VERBO:       L:180
parallelismSelector::VERBO:       L:190
parallelismSelector::VERBO:       L:260
parallelismSelector::VERBO:       L:271
parallelismSelector::VERBO: 
parallelismSelector::VERBO: Analyzing Function "dct_1d" (FunctionId 216):
parallelismSelector::VERBO:         LoopId: 26, Label: DCT_Outer_Loop, TC: 8, IL: {1: 16}, IIMem: {1: 0.5}, IIDep 0
parallelismSelector::VERBO:         	unroll 1 Cycles: 128
parallelismSelector::VERBO:         Overall latency for nested loop (LoopId 26): 128
parallelismSelector::VERBO:     MARegionScheduler::finalize():
parallelismSelector::VERBO:        - Function: dct_1d
parallelismSelector::VERBO:          - EndCycles: for.end -> {1: 129}
parallelismSelector::VERBO:          - EndCycles: entry -> {1: 1}
parallelismSelector::VERBO:          - EndCycles: for.end15 -> {1: 129}
parallelismSelector::VERBO:        - MaxEndCycle: {1: 129}
parallelismSelector::VERBO:        - Critical path: for.end, entry, for.end15, for.body
parallelismSelector::VERBO:     Collected Var penalties
parallelismSelector::VERBO:       L:16 V:39{1: 0}
parallelismSelector::VERBO:       L:16 V:41{1: 0}
parallelismSelector::VERBO:       L:17 V:39{1: 0}
parallelismSelector::VERBO:       L:17 V:41{1: 0}
parallelismSelector::VERBO:       L:18 V:42{1: 0}
parallelismSelector::VERBO:       L:18 V:50{1: 0}
parallelismSelector::VERBO:       L:19 V:42{1: 0}
parallelismSelector::VERBO:       L:19 V:50{1: 0}
parallelismSelector::VERBO:       L:26 V:50{1: 0}
parallelismSelector::VERBO:       L:26 V:51{1: 0}
parallelismSelector::VERBO:       L:26 V:78{1: 0}
parallelismSelector::VERBO:       L:27 V:51{1: 0}
parallelismSelector::VERBO:       L:27 V:78{1: 0}
parallelismSelector::VERBO:     Collected latencies
parallelismSelector::VERBO:       L:16{1: 16}
parallelismSelector::VERBO:       L:17{1: 2}
parallelismSelector::VERBO:       L:18{1: 16}
parallelismSelector::VERBO:       L:19{1: 2}
parallelismSelector::VERBO:       L:26{1: 16}
parallelismSelector::VERBO:       L:27{1: 2}
parallelismSelector::VERBO:     Collected Interval ranges
parallelismSelector::VERBO:       L:160
parallelismSelector::VERBO:       L:170
parallelismSelector::VERBO:       L:180
parallelismSelector::VERBO:       L:190
parallelismSelector::VERBO:       L:260
parallelismSelector::VERBO:       L:271
parallelismSelector::VERBO: 
parallelismSelector::VERBO: Analyzing Loop "Col_DCT_Loop" (LoopId 20):
parallelismSelector::VERBO:     MARegionScheduler::finalize():
parallelismSelector::VERBO:        - LoopId: 20 Label: Col_DCT_Loop
parallelismSelector::VERBO:          - EndCycles: for.body26 -> {1: 1}
parallelismSelector::VERBO:          - EndCycles: for.body26_iso2 -> {1: 130}
parallelismSelector::VERBO:          - EndCycles: for.body26_iso3 -> {1: 130}
parallelismSelector::VERBO:        - MaxEndCycle: {1: 130}
parallelismSelector::VERBO:        - Critical path: for.body26, for.body26_iso2, for.body26_iso3
parallelismSelector::VERBO:     hasRAW: 0
parallelismSelector::VERBO:        - IIMem: {1: 0}, OwnedIIMem: {1: 0}, NestedIIMem: {1: 0}
parallelismSelector::VERBO:     Collected Var penalties
parallelismSelector::VERBO:       L:16 V:39{1: 0}
parallelismSelector::VERBO:       L:16 V:41{1: 0}
parallelismSelector::VERBO:       L:17 V:39{1: 0}
parallelismSelector::VERBO:       L:17 V:41{1: 0}
parallelismSelector::VERBO:       L:18 V:42{1: 0}
parallelismSelector::VERBO:       L:18 V:50{1: 0}
parallelismSelector::VERBO:       L:19 V:42{1: 0}
parallelismSelector::VERBO:       L:19 V:50{1: 0}
parallelismSelector::VERBO:       L:26 V:50{1: 0}
parallelismSelector::VERBO:       L:26 V:51{1: 0}
parallelismSelector::VERBO:       L:26 V:78{1: 0}
parallelismSelector::VERBO:       L:27 V:51{1: 0}
parallelismSelector::VERBO:       L:27 V:78{1: 0}
parallelismSelector::VERBO:     Collected latencies
parallelismSelector::VERBO:       L:16{1: 16}
parallelismSelector::VERBO:       L:17{1: 2}
parallelismSelector::VERBO:       L:18{1: 16}
parallelismSelector::VERBO:       L:19{1: 2}
parallelismSelector::VERBO:       L:20{1: 130}
parallelismSelector::VERBO:       L:26{1: 16}
parallelismSelector::VERBO:       L:27{1: 2}
parallelismSelector::VERBO:     Collected Interval ranges
parallelismSelector::VERBO:       L:160
parallelismSelector::VERBO:       L:170
parallelismSelector::VERBO:       L:180
parallelismSelector::VERBO:       L:190
parallelismSelector::VERBO:       L:200
parallelismSelector::VERBO:       L:260
parallelismSelector::VERBO:       L:271
parallelismSelector::VERBO: 
parallelismSelector::VERBO: Analyzing Loop "Xpose_Row_Inner_Loop" (LoopId 22):
parallelismSelector::VERBO:     MARegionScheduler::finalize():
parallelismSelector::VERBO:        - LoopId: 22 Label: Xpose_Row_Inner_Loop
parallelismSelector::VERBO:          - EndCycles: for.body9 -> {1: 2}
parallelismSelector::VERBO:        - MaxEndCycle: {1: 2}
parallelismSelector::VERBO:        - Critical path: for.body9
parallelismSelector::VERBO:     hasRAW: 0
parallelismSelector::VERBO:        - IIMem: {1: 0.5}, OwnedIIMem: {1: 0.5}, NestedIIMem: {1: 0}
parallelismSelector::VERBO:     Collected Var penalties
parallelismSelector::VERBO:       L:16 V:39{1: 0}
parallelismSelector::VERBO:       L:16 V:41{1: 0}
parallelismSelector::VERBO:       L:17 V:39{1: 0}
parallelismSelector::VERBO:       L:17 V:41{1: 0}
parallelismSelector::VERBO:       L:18 V:42{1: 0}
parallelismSelector::VERBO:       L:18 V:50{1: 0}
parallelismSelector::VERBO:       L:19 V:42{1: 0}
parallelismSelector::VERBO:       L:19 V:50{1: 0}
parallelismSelector::VERBO:       L:22 V:49{1: 0}
parallelismSelector::VERBO:       L:22 V:51{1: 0}
parallelismSelector::VERBO:       L:26 V:50{1: 0}
parallelismSelector::VERBO:       L:26 V:51{1: 0}
parallelismSelector::VERBO:       L:26 V:78{1: 0}
parallelismSelector::VERBO:       L:27 V:51{1: 0}
parallelismSelector::VERBO:       L:27 V:78{1: 0}
parallelismSelector::VERBO:     Collected latencies
parallelismSelector::VERBO:       L:16{1: 16}
parallelismSelector::VERBO:       L:17{1: 2}
parallelismSelector::VERBO:       L:18{1: 16}
parallelismSelector::VERBO:       L:19{1: 2}
parallelismSelector::VERBO:       L:20{1: 130}
parallelismSelector::VERBO:       L:22{1: 2}
parallelismSelector::VERBO:       L:26{1: 16}
parallelismSelector::VERBO:       L:27{1: 2}
parallelismSelector::VERBO:     Collected Interval ranges
parallelismSelector::VERBO:       L:160
parallelismSelector::VERBO:       L:170
parallelismSelector::VERBO:       L:180
parallelismSelector::VERBO:       L:190
parallelismSelector::VERBO:       L:200
parallelismSelector::VERBO:       L:220
parallelismSelector::VERBO:       L:260
parallelismSelector::VERBO:       L:271
parallelismSelector::VERBO: 
parallelismSelector::VERBO: Analyzing Loop "Xpose_Row_Outer_Loop" (LoopId 21):
parallelismSelector::VERBO:         LoopId: 22, Label: Xpose_Row_Inner_Loop, TC: 8, IL: {1: 2}, IIMem: {1: 0.5}, IIDep 0
parallelismSelector::VERBO:         	unroll 1 Cycles: 16
parallelismSelector::VERBO:         Overall latency for nested loop (LoopId 22): 16
parallelismSelector::VERBO:     MARegionScheduler::finalize():
parallelismSelector::VERBO:        - LoopId: 21 Label: Xpose_Row_Outer_Loop
parallelismSelector::VERBO:          - EndCycles: for.body6 -> {1: 1}
parallelismSelector::VERBO:          - EndCycles: for.end20 -> {1: 16}
parallelismSelector::VERBO:          - EndCycles: for.body9 -> {1: 16}
parallelismSelector::VERBO:        - MaxEndCycle: {1: 16}
parallelismSelector::VERBO:        - Critical path: for.body6, for.end20, for.body9
parallelismSelector::VERBO:     hasRAW: 0
parallelismSelector::VERBO:        - IIMem: {1: 0}, OwnedIIMem: {1: 0}, NestedIIMem: {1: 0}
parallelismSelector::VERBO:     Collected Var penalties
parallelismSelector::VERBO:       L:16 V:39{1: 0}
parallelismSelector::VERBO:       L:16 V:41{1: 0}
parallelismSelector::VERBO:       L:17 V:39{1: 0}
parallelismSelector::VERBO:       L:17 V:41{1: 0}
parallelismSelector::VERBO:       L:18 V:42{1: 0}
parallelismSelector::VERBO:       L:18 V:50{1: 0}
parallelismSelector::VERBO:       L:19 V:42{1: 0}
parallelismSelector::VERBO:       L:19 V:50{1: 0}
parallelismSelector::VERBO:       L:21 V:49{1: 0}
parallelismSelector::VERBO:       L:21 V:51{1: 0}
parallelismSelector::VERBO:       L:22 V:49{1: 0}
parallelismSelector::VERBO:       L:22 V:51{1: 0}
parallelismSelector::VERBO:       L:26 V:50{1: 0}
parallelismSelector::VERBO:       L:26 V:51{1: 0}
parallelismSelector::VERBO:       L:26 V:78{1: 0}
parallelismSelector::VERBO:       L:27 V:51{1: 0}
parallelismSelector::VERBO:       L:27 V:78{1: 0}
parallelismSelector::VERBO:     Collected latencies
parallelismSelector::VERBO:       L:16{1: 16}
parallelismSelector::VERBO:       L:17{1: 2}
parallelismSelector::VERBO:       L:18{1: 16}
parallelismSelector::VERBO:       L:19{1: 2}
parallelismSelector::VERBO:       L:20{1: 130}
parallelismSelector::VERBO:       L:21{1: 16}
parallelismSelector::VERBO:       L:22{1: 2}
parallelismSelector::VERBO:       L:26{1: 16}
parallelismSelector::VERBO:       L:27{1: 2}
parallelismSelector::VERBO:     Collected Interval ranges
parallelismSelector::VERBO:       L:160
parallelismSelector::VERBO:       L:170
parallelismSelector::VERBO:       L:180
parallelismSelector::VERBO:       L:190
parallelismSelector::VERBO:       L:200
parallelismSelector::VERBO:       L:210
parallelismSelector::VERBO:       L:220
parallelismSelector::VERBO:       L:260
parallelismSelector::VERBO:       L:271
parallelismSelector::VERBO: 
parallelismSelector::VERBO: [LatencyEstimationVisitor] CallSite: CS(3 F=216) (58->47)(59->49)
parallelismSelector::VERBO: [LatencyEstimationVisitor] Equivalence table
                             Object with value: 47 is mapped to the object with value: 41
                             Object with value: 48 is mapped to the object with value: 42
                             Object with value: 58 is mapped to the object with value: 41
                             Object with value: 59 is mapped to the object with value: 49
                             Object with value: 66 is mapped to the object with value: 41
                             Object with value: 67 is mapped to the object with value: 42
                            
parallelismSelector::VERBO: Analyzing Loop "DCT_Inner_Loop" (LoopId 27):
parallelismSelector::VERBO:     MARegionScheduler::finalize():
parallelismSelector::VERBO:        - LoopId: 27 Label: DCT_Inner_Loop
parallelismSelector::VERBO:          - EndCycles: for.body3 -> {1: 2}
parallelismSelector::VERBO:        - MaxEndCycle: {1: 2}
parallelismSelector::VERBO:        - Critical path: for.body3
parallelismSelector::VERBO:     hasRAW: 0
parallelismSelector::VERBO:     Recurrence: Circuit=2:0 -> 2:21 -> 2:0
parallelismSelector::VERBO:       distance=1
parallelismSelector::VERBO:        - IIMem: {1: 0.5}, OwnedIIMem: {1: 0.5}, NestedIIMem: {1: 0}
parallelismSelector::VERBO:     Collected Var penalties
parallelismSelector::VERBO:       L:16 V:39{1: 0}
parallelismSelector::VERBO:       L:16 V:41{1: 0}
parallelismSelector::VERBO:       L:17 V:39{1: 0}
parallelismSelector::VERBO:       L:17 V:41{1: 0}
parallelismSelector::VERBO:       L:18 V:42{1: 0}
parallelismSelector::VERBO:       L:18 V:50{1: 0}
parallelismSelector::VERBO:       L:19 V:42{1: 0}
parallelismSelector::VERBO:       L:19 V:50{1: 0}
parallelismSelector::VERBO:       L:21 V:49{1: 0}
parallelismSelector::VERBO:       L:21 V:51{1: 0}
parallelismSelector::VERBO:       L:22 V:49{1: 0}
parallelismSelector::VERBO:       L:22 V:51{1: 0}
parallelismSelector::VERBO:       L:26 V:50{1: 0}
parallelismSelector::VERBO:       L:26 V:51{1: 0}
parallelismSelector::VERBO:       L:26 V:78{1: 0}
parallelismSelector::VERBO:       L:27 V:41{1: 0}
parallelismSelector::VERBO:       L:27 V:51{1: 0}
parallelismSelector::VERBO:       L:27 V:78{1: 0}
parallelismSelector::VERBO:     Collected latencies
parallelismSelector::VERBO:       L:16{1: 16}
parallelismSelector::VERBO:       L:17{1: 2}
parallelismSelector::VERBO:       L:18{1: 16}
parallelismSelector::VERBO:       L:19{1: 2}
parallelismSelector::VERBO:       L:20{1: 130}
parallelismSelector::VERBO:       L:21{1: 16}
parallelismSelector::VERBO:       L:22{1: 2}
parallelismSelector::VERBO:       L:26{1: 16}
parallelismSelector::VERBO:       L:27{1: 2}
parallelismSelector::VERBO:     Collected Interval ranges
parallelismSelector::VERBO:       L:160
parallelismSelector::VERBO:       L:170
parallelismSelector::VERBO:       L:180
parallelismSelector::VERBO:       L:190
parallelismSelector::VERBO:       L:200
parallelismSelector::VERBO:       L:210
parallelismSelector::VERBO:       L:220
parallelismSelector::VERBO:       L:260
parallelismSelector::VERBO:       L:271
parallelismSelector::VERBO: 
parallelismSelector::VERBO: Analyzing Loop "DCT_Outer_Loop" (LoopId 26):
parallelismSelector::VERBO:         LoopId: 27, Label: DCT_Inner_Loop, TC: 8, IL: {1: 2}, IIMem: {1: 0.5}, IIDep 1
parallelismSelector::VERBO:         	unroll 1 Cycles: 16
parallelismSelector::VERBO:         Overall latency for nested loop (LoopId 27): 16
parallelismSelector::VERBO:     MARegionScheduler::finalize():
parallelismSelector::VERBO:        - LoopId: 26 Label: DCT_Outer_Loop
parallelismSelector::VERBO:          - EndCycles: for.body3 -> {1: 16}
parallelismSelector::VERBO:          - EndCycles: for.end -> {1: 16}
parallelismSelector::VERBO:          - EndCycles: for.body -> {1: 1}
parallelismSelector::VERBO:        - MaxEndCycle: {1: 16}
parallelismSelector::VERBO:        - Critical path: for.body3, for.end, for.body
parallelismSelector::VERBO:     hasRAW: 0
parallelismSelector::VERBO:        - IIMem: {1: 0.5}, OwnedIIMem: {1: 0.5}, NestedIIMem: {1: 0}
parallelismSelector::VERBO:     Collected Var penalties
parallelismSelector::VERBO:       L:16 V:39{1: 0}
parallelismSelector::VERBO:       L:16 V:41{1: 0}
parallelismSelector::VERBO:       L:17 V:39{1: 0}
parallelismSelector::VERBO:       L:17 V:41{1: 0}
parallelismSelector::VERBO:       L:18 V:42{1: 0}
parallelismSelector::VERBO:       L:18 V:50{1: 0}
parallelismSelector::VERBO:       L:19 V:42{1: 0}
parallelismSelector::VERBO:       L:19 V:50{1: 0}
parallelismSelector::VERBO:       L:21 V:49{1: 0}
parallelismSelector::VERBO:       L:21 V:51{1: 0}
parallelismSelector::VERBO:       L:22 V:49{1: 0}
parallelismSelector::VERBO:       L:22 V:51{1: 0}
parallelismSelector::VERBO:       L:26 V:41{1: 0}
parallelismSelector::VERBO:       L:26 V:49{1: 0}
parallelismSelector::VERBO:       L:26 V:50{1: 0}
parallelismSelector::VERBO:       L:26 V:51{1: 0}
parallelismSelector::VERBO:       L:26 V:78{1: 0}
parallelismSelector::VERBO:       L:27 V:41{1: 0}
parallelismSelector::VERBO:       L:27 V:51{1: 0}
parallelismSelector::VERBO:       L:27 V:78{1: 0}
parallelismSelector::VERBO:     Collected latencies
parallelismSelector::VERBO:       L:16{1: 16}
parallelismSelector::VERBO:       L:17{1: 2}
parallelismSelector::VERBO:       L:18{1: 16}
parallelismSelector::VERBO:       L:19{1: 2}
parallelismSelector::VERBO:       L:20{1: 130}
parallelismSelector::VERBO:       L:21{1: 16}
parallelismSelector::VERBO:       L:22{1: 2}
parallelismSelector::VERBO:       L:26{1: 16}
parallelismSelector::VERBO:       L:27{1: 2}
parallelismSelector::VERBO:     Collected Interval ranges
parallelismSelector::VERBO:       L:160
parallelismSelector::VERBO:       L:170
parallelismSelector::VERBO:       L:180
parallelismSelector::VERBO:       L:190
parallelismSelector::VERBO:       L:200
parallelismSelector::VERBO:       L:210
parallelismSelector::VERBO:       L:220
parallelismSelector::VERBO:       L:260
parallelismSelector::VERBO:       L:271
parallelismSelector::VERBO: 
parallelismSelector::VERBO: Analyzing Function "dct_1d" (FunctionId 216):
parallelismSelector::VERBO:         LoopId: 26, Label: DCT_Outer_Loop, TC: 8, IL: {1: 16}, IIMem: {1: 0.5}, IIDep 0
parallelismSelector::VERBO:         	unroll 1 Cycles: 128
parallelismSelector::VERBO:         Overall latency for nested loop (LoopId 26): 128
parallelismSelector::VERBO:     MARegionScheduler::finalize():
parallelismSelector::VERBO:        - Function: dct_1d
parallelismSelector::VERBO:          - EndCycles: for.end -> {1: 129}
parallelismSelector::VERBO:          - EndCycles: entry -> {1: 1}
parallelismSelector::VERBO:          - EndCycles: for.end15 -> {1: 129}
parallelismSelector::VERBO:        - MaxEndCycle: {1: 129}
parallelismSelector::VERBO:        - Critical path: for.end, entry, for.end15, for.body
parallelismSelector::VERBO:     Collected Var penalties
parallelismSelector::VERBO:       L:16 V:39{1: 0}
parallelismSelector::VERBO:       L:16 V:41{1: 0}
parallelismSelector::VERBO:       L:17 V:39{1: 0}
parallelismSelector::VERBO:       L:17 V:41{1: 0}
parallelismSelector::VERBO:       L:18 V:42{1: 0}
parallelismSelector::VERBO:       L:18 V:50{1: 0}
parallelismSelector::VERBO:       L:19 V:42{1: 0}
parallelismSelector::VERBO:       L:19 V:50{1: 0}
parallelismSelector::VERBO:       L:21 V:49{1: 0}
parallelismSelector::VERBO:       L:21 V:51{1: 0}
parallelismSelector::VERBO:       L:22 V:49{1: 0}
parallelismSelector::VERBO:       L:22 V:51{1: 0}
parallelismSelector::VERBO:       L:26 V:41{1: 0}
parallelismSelector::VERBO:       L:26 V:49{1: 0}
parallelismSelector::VERBO:       L:26 V:50{1: 0}
parallelismSelector::VERBO:       L:26 V:51{1: 0}
parallelismSelector::VERBO:       L:26 V:78{1: 0}
parallelismSelector::VERBO:       L:27 V:41{1: 0}
parallelismSelector::VERBO:       L:27 V:51{1: 0}
parallelismSelector::VERBO:       L:27 V:78{1: 0}
parallelismSelector::VERBO:     Collected latencies
parallelismSelector::VERBO:       L:16{1: 16}
parallelismSelector::VERBO:       L:17{1: 2}
parallelismSelector::VERBO:       L:18{1: 16}
parallelismSelector::VERBO:       L:19{1: 2}
parallelismSelector::VERBO:       L:20{1: 130}
parallelismSelector::VERBO:       L:21{1: 16}
parallelismSelector::VERBO:       L:22{1: 2}
parallelismSelector::VERBO:       L:26{1: 16}
parallelismSelector::VERBO:       L:27{1: 2}
parallelismSelector::VERBO:     Collected Interval ranges
parallelismSelector::VERBO:       L:160
parallelismSelector::VERBO:       L:170
parallelismSelector::VERBO:       L:180
parallelismSelector::VERBO:       L:190
parallelismSelector::VERBO:       L:200
parallelismSelector::VERBO:       L:210
parallelismSelector::VERBO:       L:220
parallelismSelector::VERBO:       L:260
parallelismSelector::VERBO:       L:271
parallelismSelector::VERBO: 
parallelismSelector::VERBO: Analyzing Loop "Row_DCT_Loop" (LoopId 23):
parallelismSelector::VERBO:     MARegionScheduler::finalize():
parallelismSelector::VERBO:        - LoopId: 23 Label: Row_DCT_Loop
parallelismSelector::VERBO:          - EndCycles: for.body_iso0 -> {1: 130}
parallelismSelector::VERBO:          - EndCycles: for.body_iso1 -> {1: 130}
parallelismSelector::VERBO:          - EndCycles: for.body -> {1: 1}
parallelismSelector::VERBO:        - MaxEndCycle: {1: 130}
parallelismSelector::VERBO:        - Critical path: for.body_iso0, for.body_iso1, for.body
parallelismSelector::VERBO:     hasRAW: 0
parallelismSelector::VERBO:        - IIMem: {1: 0}, OwnedIIMem: {1: 0}, NestedIIMem: {1: 0}
parallelismSelector::VERBO:     Collected Var penalties
parallelismSelector::VERBO:       L:16 V:39{1: 0}
parallelismSelector::VERBO:       L:16 V:41{1: 0}
parallelismSelector::VERBO:       L:17 V:39{1: 0}
parallelismSelector::VERBO:       L:17 V:41{1: 0}
parallelismSelector::VERBO:       L:18 V:42{1: 0}
parallelismSelector::VERBO:       L:18 V:50{1: 0}
parallelismSelector::VERBO:       L:19 V:42{1: 0}
parallelismSelector::VERBO:       L:19 V:50{1: 0}
parallelismSelector::VERBO:       L:21 V:49{1: 0}
parallelismSelector::VERBO:       L:21 V:51{1: 0}
parallelismSelector::VERBO:       L:22 V:49{1: 0}
parallelismSelector::VERBO:       L:22 V:51{1: 0}
parallelismSelector::VERBO:       L:26 V:41{1: 0}
parallelismSelector::VERBO:       L:26 V:49{1: 0}
parallelismSelector::VERBO:       L:26 V:50{1: 0}
parallelismSelector::VERBO:       L:26 V:51{1: 0}
parallelismSelector::VERBO:       L:26 V:78{1: 0}
parallelismSelector::VERBO:       L:27 V:41{1: 0}
parallelismSelector::VERBO:       L:27 V:51{1: 0}
parallelismSelector::VERBO:       L:27 V:78{1: 0}
parallelismSelector::VERBO:     Collected latencies
parallelismSelector::VERBO:       L:16{1: 16}
parallelismSelector::VERBO:       L:17{1: 2}
parallelismSelector::VERBO:       L:18{1: 16}
parallelismSelector::VERBO:       L:19{1: 2}
parallelismSelector::VERBO:       L:20{1: 130}
parallelismSelector::VERBO:       L:21{1: 16}
parallelismSelector::VERBO:       L:22{1: 2}
parallelismSelector::VERBO:       L:23{1: 130}
parallelismSelector::VERBO:       L:26{1: 16}
parallelismSelector::VERBO:       L:27{1: 2}
parallelismSelector::VERBO:     Collected Interval ranges
parallelismSelector::VERBO:       L:160
parallelismSelector::VERBO:       L:170
parallelismSelector::VERBO:       L:180
parallelismSelector::VERBO:       L:190
parallelismSelector::VERBO:       L:200
parallelismSelector::VERBO:       L:210
parallelismSelector::VERBO:       L:220
parallelismSelector::VERBO:       L:230
parallelismSelector::VERBO:       L:260
parallelismSelector::VERBO:       L:271
parallelismSelector::VERBO: 
parallelismSelector::VERBO: Analyzing Function "dct_2d" (FunctionId 214):
parallelismSelector::VERBO:         LoopId: 23, Label: Row_DCT_Loop, TC: 8, IL: {1: 130}, IIMem: {1: 0}, IIDep 0
parallelismSelector::VERBO:         	unroll 1 Cycles: 1040
parallelismSelector::VERBO:         Overall latency for nested loop (LoopId 23): 1040
parallelismSelector::VERBO:         LoopId: 21, Label: Xpose_Row_Outer_Loop, TC: 8, IL: {1: 16}, IIMem: {1: 0}, IIDep 0
parallelismSelector::VERBO:         	unroll 1 Cycles: 128
parallelismSelector::VERBO:         Overall latency for nested loop (LoopId 21): 128
parallelismSelector::VERBO:         LoopId: 20, Label: Col_DCT_Loop, TC: 8, IL: {1: 130}, IIMem: {1: 0}, IIDep 0
parallelismSelector::VERBO:         	unroll 1 Cycles: 1040
parallelismSelector::VERBO:         Overall latency for nested loop (LoopId 20): 1040
parallelismSelector::VERBO:         LoopId: 18, Label: Xpose_Col_Outer_Loop, TC: 8, IL: {1: 16}, IIMem: {1: 0}, IIDep 0
parallelismSelector::VERBO:         	unroll 1 Cycles: 128
parallelismSelector::VERBO:         Overall latency for nested loop (LoopId 18): 128
parallelismSelector::VERBO:     MARegionScheduler::finalize():
parallelismSelector::VERBO:        - Function: dct_2d
parallelismSelector::VERBO:          - EndCycles: for.body_iso1 -> {1: 1041}
parallelismSelector::VERBO:          - EndCycles: for.end20 -> {1: 1170}
parallelismSelector::VERBO:          - EndCycles: for.end23 -> {1: 1171}
parallelismSelector::VERBO:          - EndCycles: entry -> {1: 1}
parallelismSelector::VERBO:          - EndCycles: for.end -> {1: 1042}
parallelismSelector::VERBO:          - EndCycles: for.end55 -> {1: 2340}
parallelismSelector::VERBO:          - EndCycles: for.end35 -> {1: 2212}
parallelismSelector::VERBO:          - EndCycles: for.body26_iso3 -> {1: 2211}
parallelismSelector::VERBO:          - EndCycles: for.end52 -> {1: 2340}
parallelismSelector::VERBO:        - MaxEndCycle: {1: 2340}
parallelismSelector::VERBO:        - Critical path: for.body_iso1, for.body6, for.end20, for.end23, for.body26, entry, for.body, for.end, for.end55, for.end35, for.body26_iso3, for.body38, for.end52
parallelismSelector::VERBO:     Collected Var penalties
parallelismSelector::VERBO:       L:16 V:39{1: 0}
parallelismSelector::VERBO:       L:16 V:41{1: 0}
parallelismSelector::VERBO:       L:17 V:39{1: 0}
parallelismSelector::VERBO:       L:17 V:41{1: 0}
parallelismSelector::VERBO:       L:18 V:42{1: 0}
parallelismSelector::VERBO:       L:18 V:50{1: 0}
parallelismSelector::VERBO:       L:19 V:42{1: 0}
parallelismSelector::VERBO:       L:19 V:50{1: 0}
parallelismSelector::VERBO:       L:21 V:49{1: 0}
parallelismSelector::VERBO:       L:21 V:51{1: 0}
parallelismSelector::VERBO:       L:22 V:49{1: 0}
parallelismSelector::VERBO:       L:22 V:51{1: 0}
parallelismSelector::VERBO:       L:26 V:41{1: 0}
parallelismSelector::VERBO:       L:26 V:49{1: 0}
parallelismSelector::VERBO:       L:26 V:50{1: 0}
parallelismSelector::VERBO:       L:26 V:51{1: 0}
parallelismSelector::VERBO:       L:26 V:78{1: 0}
parallelismSelector::VERBO:       L:27 V:41{1: 0}
parallelismSelector::VERBO:       L:27 V:51{1: 0}
parallelismSelector::VERBO:       L:27 V:78{1: 0}
parallelismSelector::VERBO:     Collected latencies
parallelismSelector::VERBO:       L:16{1: 16}
parallelismSelector::VERBO:       L:17{1: 2}
parallelismSelector::VERBO:       L:18{1: 16}
parallelismSelector::VERBO:       L:19{1: 2}
parallelismSelector::VERBO:       L:20{1: 130}
parallelismSelector::VERBO:       L:21{1: 16}
parallelismSelector::VERBO:       L:22{1: 2}
parallelismSelector::VERBO:       L:23{1: 130}
parallelismSelector::VERBO:       L:26{1: 16}
parallelismSelector::VERBO:       L:27{1: 2}
parallelismSelector::VERBO:     Collected Interval ranges
parallelismSelector::VERBO:       L:160
parallelismSelector::VERBO:       L:170
parallelismSelector::VERBO:       L:180
parallelismSelector::VERBO:       L:190
parallelismSelector::VERBO:       L:200
parallelismSelector::VERBO:       L:210
parallelismSelector::VERBO:       L:220
parallelismSelector::VERBO:       L:230
parallelismSelector::VERBO:       L:260
parallelismSelector::VERBO:       L:271
parallelismSelector::VERBO: 
parallelismSelector::VERBO: Analyzing Function "Outline_T4_F212_R3_Call" (FunctionId 218):
parallelismSelector::VERBO:     MARegionScheduler::finalize():
parallelismSelector::VERBO:        - Function: Outline_T4_F212_R3_Call
parallelismSelector::VERBO:          - EndCycles: newFuncRoot_iso0 -> {1: 2341}
parallelismSelector::VERBO:          - EndCycles: newFuncRoot -> {1: 1}
parallelismSelector::VERBO:        - MaxEndCycle: {1: 2341}
parallelismSelector::VERBO:        - Critical path: newFuncRoot_iso0, newFuncRoot
parallelismSelector::VERBO:     Collected Var penalties
parallelismSelector::VERBO:       L:16 V:39{1: 0}
parallelismSelector::VERBO:       L:16 V:41{1: 0}
parallelismSelector::VERBO:       L:17 V:39{1: 0}
parallelismSelector::VERBO:       L:17 V:41{1: 0}
parallelismSelector::VERBO:       L:18 V:42{1: 0}
parallelismSelector::VERBO:       L:18 V:50{1: 0}
parallelismSelector::VERBO:       L:19 V:42{1: 0}
parallelismSelector::VERBO:       L:19 V:50{1: 0}
parallelismSelector::VERBO:       L:21 V:49{1: 0}
parallelismSelector::VERBO:       L:21 V:51{1: 0}
parallelismSelector::VERBO:       L:22 V:49{1: 0}
parallelismSelector::VERBO:       L:22 V:51{1: 0}
parallelismSelector::VERBO:       L:26 V:41{1: 0}
parallelismSelector::VERBO:       L:26 V:49{1: 0}
parallelismSelector::VERBO:       L:26 V:50{1: 0}
parallelismSelector::VERBO:       L:26 V:51{1: 0}
parallelismSelector::VERBO:       L:26 V:78{1: 0}
parallelismSelector::VERBO:       L:27 V:41{1: 0}
parallelismSelector::VERBO:       L:27 V:51{1: 0}
parallelismSelector::VERBO:       L:27 V:78{1: 0}
parallelismSelector::VERBO:     Collected latencies
parallelismSelector::VERBO:       L:16{1: 16}
parallelismSelector::VERBO:       L:17{1: 2}
parallelismSelector::VERBO:       L:18{1: 16}
parallelismSelector::VERBO:       L:19{1: 2}
parallelismSelector::VERBO:       L:20{1: 130}
parallelismSelector::VERBO:       L:21{1: 16}
parallelismSelector::VERBO:       L:22{1: 2}
parallelismSelector::VERBO:       L:23{1: 130}
parallelismSelector::VERBO:       L:26{1: 16}
parallelismSelector::VERBO:       L:27{1: 2}
parallelismSelector::VERBO:     Collected Interval ranges
parallelismSelector::VERBO:       L:160
parallelismSelector::VERBO:       L:170
parallelismSelector::VERBO:       L:180
parallelismSelector::VERBO:       L:190
parallelismSelector::VERBO:       L:200
parallelismSelector::VERBO:       L:210
parallelismSelector::VERBO:       L:220
parallelismSelector::VERBO:       L:230
parallelismSelector::VERBO:       L:260
parallelismSelector::VERBO:       L:271
parallelismSelector::VERBO: 
parallelismSelector::VERBO: [LatencyEstimationVisitor] CallSite: CS(2 F=219) (68->42)(69->40)
parallelismSelector::VERBO: [LatencyEstimationVisitor] Equivalence table
                             Object with value: 68 is mapped to the object with value: 42
                             Object with value: 69 is mapped to the object with value: 40
                            
parallelismSelector::VERBO: [LatencyEstimationVisitor] CallSite: CS(7 F=215) (54->68)(55->69)
parallelismSelector::VERBO: [LatencyEstimationVisitor] Equivalence table
                             Object with value: 54 is mapped to the object with value: 42
                             Object with value: 55 is mapped to the object with value: 40
                             Object with value: 68 is mapped to the object with value: 42
                             Object with value: 69 is mapped to the object with value: 40
                            
parallelismSelector::VERBO: Analyzing Loop "WR_Loop_Col" (LoopId 25):
parallelismSelector::VERBO:     MARegionScheduler::finalize():
parallelismSelector::VERBO:        - LoopId: 25 Label: WR_Loop_Col
parallelismSelector::VERBO:          - EndCycles: for.body3 -> {1: 2}
parallelismSelector::VERBO:        - MaxEndCycle: {1: 2}
parallelismSelector::VERBO:        - Critical path: for.body3
parallelismSelector::VERBO:     hasRAW: 0
parallelismSelector::VERBO:        - IIMem: {1: 0.5}, OwnedIIMem: {1: 0.5}, NestedIIMem: {1: 0}
parallelismSelector::VERBO:     Collected Var penalties
parallelismSelector::VERBO:       L:16 V:39{1: 0}
parallelismSelector::VERBO:       L:16 V:41{1: 0}
parallelismSelector::VERBO:       L:17 V:39{1: 0}
parallelismSelector::VERBO:       L:17 V:41{1: 0}
parallelismSelector::VERBO:       L:18 V:42{1: 0}
parallelismSelector::VERBO:       L:18 V:50{1: 0}
parallelismSelector::VERBO:       L:19 V:42{1: 0}
parallelismSelector::VERBO:       L:19 V:50{1: 0}
parallelismSelector::VERBO:       L:21 V:49{1: 0}
parallelismSelector::VERBO:       L:21 V:51{1: 0}
parallelismSelector::VERBO:       L:22 V:49{1: 0}
parallelismSelector::VERBO:       L:22 V:51{1: 0}
parallelismSelector::VERBO:       L:25 V:40{1: 0}
parallelismSelector::VERBO:       L:25 V:42{1: 0}
parallelismSelector::VERBO:       L:26 V:41{1: 0}
parallelismSelector::VERBO:       L:26 V:49{1: 0}
parallelismSelector::VERBO:       L:26 V:50{1: 0}
parallelismSelector::VERBO:       L:26 V:51{1: 0}
parallelismSelector::VERBO:       L:26 V:78{1: 0}
parallelismSelector::VERBO:       L:27 V:41{1: 0}
parallelismSelector::VERBO:       L:27 V:51{1: 0}
parallelismSelector::VERBO:       L:27 V:78{1: 0}
parallelismSelector::VERBO:     Collected latencies
parallelismSelector::VERBO:       L:16{1: 16}
parallelismSelector::VERBO:       L:17{1: 2}
parallelismSelector::VERBO:       L:18{1: 16}
parallelismSelector::VERBO:       L:19{1: 2}
parallelismSelector::VERBO:       L:20{1: 130}
parallelismSelector::VERBO:       L:21{1: 16}
parallelismSelector::VERBO:       L:22{1: 2}
parallelismSelector::VERBO:       L:23{1: 130}
parallelismSelector::VERBO:       L:25{1: 2}
parallelismSelector::VERBO:       L:26{1: 16}
parallelismSelector::VERBO:       L:27{1: 2}
parallelismSelector::VERBO:     Collected Interval ranges
parallelismSelector::VERBO:       L:160
parallelismSelector::VERBO:       L:170
parallelismSelector::VERBO:       L:180
parallelismSelector::VERBO:       L:190
parallelismSelector::VERBO:       L:200
parallelismSelector::VERBO:       L:210
parallelismSelector::VERBO:       L:220
parallelismSelector::VERBO:       L:230
parallelismSelector::VERBO:       L:250
parallelismSelector::VERBO:       L:260
parallelismSelector::VERBO:       L:271
parallelismSelector::VERBO: 
parallelismSelector::VERBO: Analyzing Loop "WR_Loop_Row" (LoopId 24):
parallelismSelector::VERBO:         LoopId: 25, Label: WR_Loop_Col, TC: 8, IL: {1: 2}, IIMem: {1: 0.5}, IIDep 0
parallelismSelector::VERBO:         	unroll 1 Cycles: 16
parallelismSelector::VERBO:         Overall latency for nested loop (LoopId 25): 16
parallelismSelector::VERBO:     MARegionScheduler::finalize():
parallelismSelector::VERBO:        - LoopId: 24 Label: WR_Loop_Row
parallelismSelector::VERBO:          - EndCycles: for.end -> {1: 16}
parallelismSelector::VERBO:          - EndCycles: for.body3 -> {1: 16}
parallelismSelector::VERBO:          - EndCycles: for.body -> {1: 1}
parallelismSelector::VERBO:        - MaxEndCycle: {1: 16}
parallelismSelector::VERBO:        - Critical path: for.end, for.body3, for.body
parallelismSelector::VERBO:     hasRAW: 0
parallelismSelector::VERBO:        - IIMem: {1: 0}, OwnedIIMem: {1: 0}, NestedIIMem: {1: 0}
parallelismSelector::VERBO:     Collected Var penalties
parallelismSelector::VERBO:       L:16 V:39{1: 0}
parallelismSelector::VERBO:       L:16 V:41{1: 0}
parallelismSelector::VERBO:       L:17 V:39{1: 0}
parallelismSelector::VERBO:       L:17 V:41{1: 0}
parallelismSelector::VERBO:       L:18 V:42{1: 0}
parallelismSelector::VERBO:       L:18 V:50{1: 0}
parallelismSelector::VERBO:       L:19 V:42{1: 0}
parallelismSelector::VERBO:       L:19 V:50{1: 0}
parallelismSelector::VERBO:       L:21 V:49{1: 0}
parallelismSelector::VERBO:       L:21 V:51{1: 0}
parallelismSelector::VERBO:       L:22 V:49{1: 0}
parallelismSelector::VERBO:       L:22 V:51{1: 0}
parallelismSelector::VERBO:       L:24 V:40{1: 0}
parallelismSelector::VERBO:       L:24 V:42{1: 0}
parallelismSelector::VERBO:       L:25 V:40{1: 0}
parallelismSelector::VERBO:       L:25 V:42{1: 0}
parallelismSelector::VERBO:       L:26 V:41{1: 0}
parallelismSelector::VERBO:       L:26 V:49{1: 0}
parallelismSelector::VERBO:       L:26 V:50{1: 0}
parallelismSelector::VERBO:       L:26 V:51{1: 0}
parallelismSelector::VERBO:       L:26 V:78{1: 0}
parallelismSelector::VERBO:       L:27 V:41{1: 0}
parallelismSelector::VERBO:       L:27 V:51{1: 0}
parallelismSelector::VERBO:       L:27 V:78{1: 0}
parallelismSelector::VERBO:     Collected latencies
parallelismSelector::VERBO:       L:16{1: 16}
parallelismSelector::VERBO:       L:17{1: 2}
parallelismSelector::VERBO:       L:18{1: 16}
parallelismSelector::VERBO:       L:19{1: 2}
parallelismSelector::VERBO:       L:20{1: 130}
parallelismSelector::VERBO:       L:21{1: 16}
parallelismSelector::VERBO:       L:22{1: 2}
parallelismSelector::VERBO:       L:23{1: 130}
parallelismSelector::VERBO:       L:24{1: 16}
parallelismSelector::VERBO:       L:25{1: 2}
parallelismSelector::VERBO:       L:26{1: 16}
parallelismSelector::VERBO:       L:27{1: 2}
parallelismSelector::VERBO:     Collected Interval ranges
parallelismSelector::VERBO:       L:160
parallelismSelector::VERBO:       L:170
parallelismSelector::VERBO:       L:180
parallelismSelector::VERBO:       L:190
parallelismSelector::VERBO:       L:200
parallelismSelector::VERBO:       L:210
parallelismSelector::VERBO:       L:220
parallelismSelector::VERBO:       L:230
parallelismSelector::VERBO:       L:240
parallelismSelector::VERBO:       L:250
parallelismSelector::VERBO:       L:260
parallelismSelector::VERBO:       L:271
parallelismSelector::VERBO: 
parallelismSelector::VERBO: Analyzing Function "write_data" (FunctionId 215):
parallelismSelector::VERBO:         LoopId: 24, Label: WR_Loop_Row, TC: 8, IL: {1: 16}, IIMem: {1: 0}, IIDep 0
parallelismSelector::VERBO:         	unroll 1 Cycles: 128
parallelismSelector::VERBO:         Overall latency for nested loop (LoopId 24): 128
parallelismSelector::VERBO:     MARegionScheduler::finalize():
parallelismSelector::VERBO:        - Function: write_data
parallelismSelector::VERBO:          - EndCycles: for.end -> {1: 129}
parallelismSelector::VERBO:          - EndCycles: for.end10 -> {1: 129}
parallelismSelector::VERBO:          - EndCycles: entry -> {1: 1}
parallelismSelector::VERBO:        - MaxEndCycle: {1: 129}
parallelismSelector::VERBO:        - Critical path: for.end, for.end10, for.body, entry
parallelismSelector::VERBO:     Collected Var penalties
parallelismSelector::VERBO:       L:16 V:39{1: 0}
parallelismSelector::VERBO:       L:16 V:41{1: 0}
parallelismSelector::VERBO:       L:17 V:39{1: 0}
parallelismSelector::VERBO:       L:17 V:41{1: 0}
parallelismSelector::VERBO:       L:18 V:42{1: 0}
parallelismSelector::VERBO:       L:18 V:50{1: 0}
parallelismSelector::VERBO:       L:19 V:42{1: 0}
parallelismSelector::VERBO:       L:19 V:50{1: 0}
parallelismSelector::VERBO:       L:21 V:49{1: 0}
parallelismSelector::VERBO:       L:21 V:51{1: 0}
parallelismSelector::VERBO:       L:22 V:49{1: 0}
parallelismSelector::VERBO:       L:22 V:51{1: 0}
parallelismSelector::VERBO:       L:24 V:40{1: 0}
parallelismSelector::VERBO:       L:24 V:42{1: 0}
parallelismSelector::VERBO:       L:25 V:40{1: 0}
parallelismSelector::VERBO:       L:25 V:42{1: 0}
parallelismSelector::VERBO:       L:26 V:41{1: 0}
parallelismSelector::VERBO:       L:26 V:49{1: 0}
parallelismSelector::VERBO:       L:26 V:50{1: 0}
parallelismSelector::VERBO:       L:26 V:51{1: 0}
parallelismSelector::VERBO:       L:26 V:78{1: 0}
parallelismSelector::VERBO:       L:27 V:41{1: 0}
parallelismSelector::VERBO:       L:27 V:51{1: 0}
parallelismSelector::VERBO:       L:27 V:78{1: 0}
parallelismSelector::VERBO:     Collected latencies
parallelismSelector::VERBO:       L:16{1: 16}
parallelismSelector::VERBO:       L:17{1: 2}
parallelismSelector::VERBO:       L:18{1: 16}
parallelismSelector::VERBO:       L:19{1: 2}
parallelismSelector::VERBO:       L:20{1: 130}
parallelismSelector::VERBO:       L:21{1: 16}
parallelismSelector::VERBO:       L:22{1: 2}
parallelismSelector::VERBO:       L:23{1: 130}
parallelismSelector::VERBO:       L:24{1: 16}
parallelismSelector::VERBO:       L:25{1: 2}
parallelismSelector::VERBO:       L:26{1: 16}
parallelismSelector::VERBO:       L:27{1: 2}
parallelismSelector::VERBO:     Collected Interval ranges
parallelismSelector::VERBO:       L:160
parallelismSelector::VERBO:       L:170
parallelismSelector::VERBO:       L:180
parallelismSelector::VERBO:       L:190
parallelismSelector::VERBO:       L:200
parallelismSelector::VERBO:       L:210
parallelismSelector::VERBO:       L:220
parallelismSelector::VERBO:       L:230
parallelismSelector::VERBO:       L:240
parallelismSelector::VERBO:       L:250
parallelismSelector::VERBO:       L:260
parallelismSelector::VERBO:       L:271
parallelismSelector::VERBO: 
parallelismSelector::VERBO: Analyzing Function "Outline_T5_F212_R4_Call" (FunctionId 219):
parallelismSelector::VERBO:     MARegionScheduler::finalize():
parallelismSelector::VERBO:        - Function: Outline_T5_F212_R4_Call
parallelismSelector::VERBO:          - EndCycles: newFuncRoot -> {1: 1}
parallelismSelector::VERBO:          - EndCycles: newFuncRoot_iso0 -> {1: 130}
parallelismSelector::VERBO:        - MaxEndCycle: {1: 130}
parallelismSelector::VERBO:        - Critical path: newFuncRoot, newFuncRoot_iso0
parallelismSelector::VERBO:     Collected Var penalties
parallelismSelector::VERBO:       L:16 V:39{1: 0}
parallelismSelector::VERBO:       L:16 V:41{1: 0}
parallelismSelector::VERBO:       L:17 V:39{1: 0}
parallelismSelector::VERBO:       L:17 V:41{1: 0}
parallelismSelector::VERBO:       L:18 V:42{1: 0}
parallelismSelector::VERBO:       L:18 V:50{1: 0}
parallelismSelector::VERBO:       L:19 V:42{1: 0}
parallelismSelector::VERBO:       L:19 V:50{1: 0}
parallelismSelector::VERBO:       L:21 V:49{1: 0}
parallelismSelector::VERBO:       L:21 V:51{1: 0}
parallelismSelector::VERBO:       L:22 V:49{1: 0}
parallelismSelector::VERBO:       L:22 V:51{1: 0}
parallelismSelector::VERBO:       L:24 V:40{1: 0}
parallelismSelector::VERBO:       L:24 V:42{1: 0}
parallelismSelector::VERBO:       L:25 V:40{1: 0}
parallelismSelector::VERBO:       L:25 V:42{1: 0}
parallelismSelector::VERBO:       L:26 V:41{1: 0}
parallelismSelector::VERBO:       L:26 V:49{1: 0}
parallelismSelector::VERBO:       L:26 V:50{1: 0}
parallelismSelector::VERBO:       L:26 V:51{1: 0}
parallelismSelector::VERBO:       L:26 V:78{1: 0}
parallelismSelector::VERBO:       L:27 V:41{1: 0}
parallelismSelector::VERBO:       L:27 V:51{1: 0}
parallelismSelector::VERBO:       L:27 V:78{1: 0}
parallelismSelector::VERBO:     Collected latencies
parallelismSelector::VERBO:       L:16{1: 16}
parallelismSelector::VERBO:       L:17{1: 2}
parallelismSelector::VERBO:       L:18{1: 16}
parallelismSelector::VERBO:       L:19{1: 2}
parallelismSelector::VERBO:       L:20{1: 130}
parallelismSelector::VERBO:       L:21{1: 16}
parallelismSelector::VERBO:       L:22{1: 2}
parallelismSelector::VERBO:       L:23{1: 130}
parallelismSelector::VERBO:       L:24{1: 16}
parallelismSelector::VERBO:       L:25{1: 2}
parallelismSelector::VERBO:       L:26{1: 16}
parallelismSelector::VERBO:       L:27{1: 2}
parallelismSelector::VERBO:     Collected Interval ranges
parallelismSelector::VERBO:       L:160
parallelismSelector::VERBO:       L:170
parallelismSelector::VERBO:       L:180
parallelismSelector::VERBO:       L:190
parallelismSelector::VERBO:       L:200
parallelismSelector::VERBO:       L:210
parallelismSelector::VERBO:       L:220
parallelismSelector::VERBO:       L:230
parallelismSelector::VERBO:       L:240
parallelismSelector::VERBO:       L:250
parallelismSelector::VERBO:       L:260
parallelismSelector::VERBO:       L:271
parallelismSelector::VERBO: 
parallelismSelector::VERBO: Analyzing Function "dct" (FunctionId 212):
parallelismSelector::VERBO:     MARegionScheduler::finalize():
parallelismSelector::VERBO:        - Function: dct
parallelismSelector::VERBO:          - EndCycles: entry -> {1: 1}
parallelismSelector::VERBO:          - EndCycles: codeRepl1 -> {1: 2474}
parallelismSelector::VERBO:          - EndCycles: codeRepl2 -> {1: 2605}
parallelismSelector::VERBO:          - EndCycles: entry_iso3 -> {1: 2605}
parallelismSelector::VERBO:          - EndCycles: codeRepl -> {1: 132}
parallelismSelector::VERBO:        - MaxEndCycle: {1: 2605}
parallelismSelector::VERBO:        - Critical path: entry, codeRepl1, codeRepl2, entry_iso3, codeRepl
parallelismSelector::VERBO:     Collected Var penalties
parallelismSelector::VERBO:       L:16 V:39{1: 0}
parallelismSelector::VERBO:       L:16 V:41{1: 0}
parallelismSelector::VERBO:       L:17 V:39{1: 0}
parallelismSelector::VERBO:       L:17 V:41{1: 0}
parallelismSelector::VERBO:       L:18 V:42{1: 0}
parallelismSelector::VERBO:       L:18 V:50{1: 0}
parallelismSelector::VERBO:       L:19 V:42{1: 0}
parallelismSelector::VERBO:       L:19 V:50{1: 0}
parallelismSelector::VERBO:       L:21 V:49{1: 0}
parallelismSelector::VERBO:       L:21 V:51{1: 0}
parallelismSelector::VERBO:       L:22 V:49{1: 0}
parallelismSelector::VERBO:       L:22 V:51{1: 0}
parallelismSelector::VERBO:       L:24 V:40{1: 0}
parallelismSelector::VERBO:       L:24 V:42{1: 0}
parallelismSelector::VERBO:       L:25 V:40{1: 0}
parallelismSelector::VERBO:       L:25 V:42{1: 0}
parallelismSelector::VERBO:       L:26 V:41{1: 0}
parallelismSelector::VERBO:       L:26 V:49{1: 0}
parallelismSelector::VERBO:       L:26 V:50{1: 0}
parallelismSelector::VERBO:       L:26 V:51{1: 0}
parallelismSelector::VERBO:       L:26 V:78{1: 0}
parallelismSelector::VERBO:       L:27 V:41{1: 0}
parallelismSelector::VERBO:       L:27 V:51{1: 0}
parallelismSelector::VERBO:       L:27 V:78{1: 0}
parallelismSelector::VERBO:     Collected latencies
parallelismSelector::VERBO:       L:16{1: 16}
parallelismSelector::VERBO:       L:17{1: 2}
parallelismSelector::VERBO:       L:18{1: 16}
parallelismSelector::VERBO:       L:19{1: 2}
parallelismSelector::VERBO:       L:20{1: 130}
parallelismSelector::VERBO:       L:21{1: 16}
parallelismSelector::VERBO:       L:22{1: 2}
parallelismSelector::VERBO:       L:23{1: 130}
parallelismSelector::VERBO:       L:24{1: 16}
parallelismSelector::VERBO:       L:25{1: 2}
parallelismSelector::VERBO:       L:26{1: 16}
parallelismSelector::VERBO:       L:27{1: 2}
parallelismSelector::VERBO:     Collected Interval ranges
parallelismSelector::VERBO:       L:160
parallelismSelector::VERBO:       L:170
parallelismSelector::VERBO:       L:180
parallelismSelector::VERBO:       L:190
parallelismSelector::VERBO:       L:200
parallelismSelector::VERBO:       L:210
parallelismSelector::VERBO:       L:220
parallelismSelector::VERBO:       L:230
parallelismSelector::VERBO:       L:240
parallelismSelector::VERBO:       L:250
parallelismSelector::VERBO:       L:260
parallelismSelector::VERBO:       L:271
parallelismSelector::VERBO: 
parallelismSelector::VERBO: Filling in latencies and intervals per loop...
parallelismSelector::VERBO:     Interval:
parallelismSelector::VERBO:     LoopId: 17, Label: RD_Loop_Col, TC: 8, IL: {1: 2}, IIMem: {1: 0.5}, IIDep 0
parallelismSelector::VERBO:     	unroll 1 Cycles: 2
parallelismSelector::VERBO:     Latency:
parallelismSelector::VERBO:     LoopId: 17, Label: RD_Loop_Col, TC: 8, IL: {1: 2}, IIMem: {1: 0.5}, IIDep 0
parallelismSelector::VERBO:     	unroll 1 Cycles: 16
parallelismSelector::VERBO:     Mem Interval:
parallelismSelector::VERBO:     Interval:
parallelismSelector::VERBO:     LoopId: 16, Label: RD_Loop_Row, TC: 8, IL: {1: 16}, IIMem: {1: 0}, IIDep 0
parallelismSelector::VERBO:     	unroll 1 Cycles: 16
parallelismSelector::VERBO:     Latency:
parallelismSelector::VERBO:     LoopId: 16, Label: RD_Loop_Row, TC: 8, IL: {1: 16}, IIMem: {1: 0}, IIDep 0
parallelismSelector::VERBO:     	unroll 1 Cycles: 128
parallelismSelector::VERBO:     Mem Interval:
parallelismSelector::VERBO:     Interval:
parallelismSelector::VERBO:     LoopId: 19, Label: Xpose_Col_Inner_Loop, TC: 8, IL: {1: 2}, IIMem: {1: 0.5}, IIDep 0
parallelismSelector::VERBO:     	unroll 1 Cycles: 2
parallelismSelector::VERBO:     Latency:
parallelismSelector::VERBO:     LoopId: 19, Label: Xpose_Col_Inner_Loop, TC: 8, IL: {1: 2}, IIMem: {1: 0.5}, IIDep 0
parallelismSelector::VERBO:     	unroll 1 Cycles: 16
parallelismSelector::VERBO:     Mem Interval:
parallelismSelector::VERBO:     Interval:
parallelismSelector::VERBO:     LoopId: 18, Label: Xpose_Col_Outer_Loop, TC: 8, IL: {1: 16}, IIMem: {1: 0}, IIDep 0
parallelismSelector::VERBO:     	unroll 1 Cycles: 16
parallelismSelector::VERBO:     Latency:
parallelismSelector::VERBO:     LoopId: 18, Label: Xpose_Col_Outer_Loop, TC: 8, IL: {1: 16}, IIMem: {1: 0}, IIDep 0
parallelismSelector::VERBO:     	unroll 1 Cycles: 128
parallelismSelector::VERBO:     Mem Interval:
parallelismSelector::VERBO:     Interval:
parallelismSelector::VERBO:     LoopId: 27, Label: DCT_Inner_Loop, TC: 8, IL: {1: 2}, IIMem: {1: 0.5}, IIDep 1
parallelismSelector::VERBO:     	unroll 1 Cycles: 2
parallelismSelector::VERBO:     Latency:
parallelismSelector::VERBO:     LoopId: 27, Label: DCT_Inner_Loop, TC: 8, IL: {1: 2}, IIMem: {1: 0.5}, IIDep 1
parallelismSelector::VERBO:     	unroll 1 Cycles: 16
parallelismSelector::VERBO:     Mem Interval:
parallelismSelector::VERBO:     Interval:
parallelismSelector::VERBO:     LoopId: 26, Label: DCT_Outer_Loop, TC: 8, IL: {1: 16}, IIMem: {1: 0.5}, IIDep 0
parallelismSelector::VERBO:     	unroll 1 Cycles: 16
parallelismSelector::VERBO:     Latency:
parallelismSelector::VERBO:     LoopId: 26, Label: DCT_Outer_Loop, TC: 8, IL: {1: 16}, IIMem: {1: 0.5}, IIDep 0
parallelismSelector::VERBO:     	unroll 1 Cycles: 128
parallelismSelector::VERBO:     Mem Interval:
parallelismSelector::VERBO:     Interval:
parallelismSelector::VERBO:     LoopId: 20, Label: Col_DCT_Loop, TC: 8, IL: {1: 130}, IIMem: {1: 0}, IIDep 0
parallelismSelector::VERBO:     	unroll 1 Cycles: 130
parallelismSelector::VERBO:     Latency:
parallelismSelector::VERBO:     LoopId: 20, Label: Col_DCT_Loop, TC: 8, IL: {1: 130}, IIMem: {1: 0}, IIDep 0
parallelismSelector::VERBO:     	unroll 1 Cycles: 1040
parallelismSelector::VERBO:     Mem Interval:
parallelismSelector::VERBO:     Interval:
parallelismSelector::VERBO:     LoopId: 22, Label: Xpose_Row_Inner_Loop, TC: 8, IL: {1: 2}, IIMem: {1: 0.5}, IIDep 0
parallelismSelector::VERBO:     	unroll 1 Cycles: 2
parallelismSelector::VERBO:     Latency:
parallelismSelector::VERBO:     LoopId: 22, Label: Xpose_Row_Inner_Loop, TC: 8, IL: {1: 2}, IIMem: {1: 0.5}, IIDep 0
parallelismSelector::VERBO:     	unroll 1 Cycles: 16
parallelismSelector::VERBO:     Mem Interval:
parallelismSelector::VERBO:     Interval:
parallelismSelector::VERBO:     LoopId: 21, Label: Xpose_Row_Outer_Loop, TC: 8, IL: {1: 16}, IIMem: {1: 0}, IIDep 0
parallelismSelector::VERBO:     	unroll 1 Cycles: 16
parallelismSelector::VERBO:     Latency:
parallelismSelector::VERBO:     LoopId: 21, Label: Xpose_Row_Outer_Loop, TC: 8, IL: {1: 16}, IIMem: {1: 0}, IIDep 0
parallelismSelector::VERBO:     	unroll 1 Cycles: 128
parallelismSelector::VERBO:     Mem Interval:
parallelismSelector::VERBO:     Interval:
parallelismSelector::VERBO:     LoopId: 23, Label: Row_DCT_Loop, TC: 8, IL: {1: 130}, IIMem: {1: 0}, IIDep 0
parallelismSelector::VERBO:     	unroll 1 Cycles: 130
parallelismSelector::VERBO:     Latency:
parallelismSelector::VERBO:     LoopId: 23, Label: Row_DCT_Loop, TC: 8, IL: {1: 130}, IIMem: {1: 0}, IIDep 0
parallelismSelector::VERBO:     	unroll 1 Cycles: 1040
parallelismSelector::VERBO:     Mem Interval:
parallelismSelector::VERBO:     Interval:
parallelismSelector::VERBO:     LoopId: 25, Label: WR_Loop_Col, TC: 8, IL: {1: 2}, IIMem: {1: 0.5}, IIDep 0
parallelismSelector::VERBO:     	unroll 1 Cycles: 2
parallelismSelector::VERBO:     Latency:
parallelismSelector::VERBO:     LoopId: 25, Label: WR_Loop_Col, TC: 8, IL: {1: 2}, IIMem: {1: 0.5}, IIDep 0
parallelismSelector::VERBO:     	unroll 1 Cycles: 16
parallelismSelector::VERBO:     Mem Interval:
parallelismSelector::VERBO:     Interval:
parallelismSelector::VERBO:     LoopId: 24, Label: WR_Loop_Row, TC: 8, IL: {1: 16}, IIMem: {1: 0}, IIDep 0
parallelismSelector::VERBO:     	unroll 1 Cycles: 16
parallelismSelector::VERBO:     Latency:
parallelismSelector::VERBO:     LoopId: 24, Label: WR_Loop_Row, TC: 8, IL: {1: 16}, IIMem: {1: 0}, IIDep 0
parallelismSelector::VERBO:     	unroll 1 Cycles: 128
parallelismSelector::VERBO:     Mem Interval:
parallelismSelector::VERBO: [AreaEstimationVisitor] Func: dct : 212
parallelismSelector::VERBO: [AreaEstimationVisitor] CallSite: CS(0 F=217) (64->41)(65->39)
parallelismSelector::VERBO:   New Equivalence table
                             Object with value: 64 is mapped to the object with value: 41
                             Object with value: 65 is mapped to the object with value: 39
                            
parallelismSelector::VERBO: [AreaEstimationVisitor] Func: Outline_T3_F212_R2_Call : 217
parallelismSelector::VERBO: [AreaEstimationVisitor] CallSite: CS(5 F=213) (43->65)(44->64)
parallelismSelector::VERBO:   New Equivalence table
                             Object with value: 43 is mapped to the object with value: 39
                             Object with value: 44 is mapped to the object with value: 41
                             Object with value: 64 is mapped to the object with value: 41
                             Object with value: 65 is mapped to the object with value: 39
                            
parallelismSelector::VERBO: [AreaEstimationVisitor] Func: read_data : 213
parallelismSelector::VERBO: [AreaEstimationVisitor] Loop: 16
parallelismSelector::VERBO: [AreaEstimationVisitor] Loop: 17
parallelismSelector::VERBO: [Finalize] Self shareable area: LUTs: 0 FFs: 0 DSPs: 0 BRAMs: 0
parallelismSelector::VERBO: [Finalize] ParallelOperationNumPerLoop: {17: 1}
parallelismSelector::VERBO: [Finalize] Contribution of this loop to shareable area: LUTs: 0 FFs: 0 DSPs: 0 BRAMs: 0
parallelismSelector::VERBO: [AreaEstimationVisitor] Total shareable area: LUTs: 0 FFs: 0 DSPs: 0 BRAMs: 0 Total unshareable area: LUTs: 100 FFs: 0 DSPs: 0 BRAMs: 0
parallelismSelector::VERBO: [AreaEstimationVisitor] Self shareable area: LUTs: 0 FFs: 0 DSPs: 0 BRAMs: 0 Self unshareable area: LUTs: 44 FFs: 0 DSPs: 0 BRAMs: 0
parallelismSelector::VERBO: [visitNestedHeader] Adding nested shareable area from loop(id) 17 LUTs: 0 FFs: 0 DSPs: 0 BRAMs: 0
parallelismSelector::VERBO: [Finalize] Self shareable area: LUTs: 0 FFs: 0 DSPs: 0 BRAMs: 0
parallelismSelector::VERBO: [Finalize] ParallelOperationNumPerLoop: {}
parallelismSelector::VERBO: [Finalize] Contribution of this loop to shareable area: LUTs: 0 FFs: 0 DSPs: 0 BRAMs: 0
parallelismSelector::VERBO: [AreaEstimationVisitor] Total shareable area: LUTs: 0 FFs: 0 DSPs: 0 BRAMs: 0 Total unshareable area: LUTs: 112 FFs: 0 DSPs: 0 BRAMs: 0
parallelismSelector::VERBO: [AreaEstimationVisitor] Self shareable area: LUTs: 0 FFs: 0 DSPs: 0 BRAMs: 0 Self unshareable area: LUTs: 12 FFs: 0 DSPs: 0 BRAMs: 0
parallelismSelector::VERBO: [Finalize] Self shareable area: LUTs: 0 FFs: 0 DSPs: 0 BRAMs: 0
parallelismSelector::VERBO: [AreaEstimationVisitor] Total shareable area: LUTs: 0 FFs: 0 DSPs: 0 BRAMs: 0 Total unshareable area: LUTs: 112 FFs: 0 DSPs: 0 BRAMs: 0
parallelismSelector::VERBO: [AreaEstimationVisitor] Self shareable area: LUTs: 0 FFs: 0 DSPs: 0 BRAMs: 0 Self unshareable area: LUTs: 0 FFs: 0 DSPs: 0 BRAMs: 0
parallelismSelector::VERBO: [Finalize] Self shareable area: LUTs: 0 FFs: 0 DSPs: 0 BRAMs: 0
parallelismSelector::VERBO: [AreaEstimationVisitor] Total shareable area: LUTs: 0 FFs: 0 DSPs: 0 BRAMs: 0 Total unshareable area: LUTs: 112 FFs: 0 DSPs: 0 BRAMs: 0
parallelismSelector::VERBO: [AreaEstimationVisitor] Self shareable area: LUTs: 0 FFs: 0 DSPs: 0 BRAMs: 0 Self unshareable area: LUTs: 112 FFs: 0 DSPs: 0 BRAMs: 0
parallelismSelector::VERBO: [AreaEstimationVisitor] CallSite: CS(1 F=218) (66->41)(67->42)
parallelismSelector::VERBO:   New Equivalence table
                             Object with value: 66 is mapped to the object with value: 41
                             Object with value: 67 is mapped to the object with value: 42
                            
parallelismSelector::VERBO: [AreaEstimationVisitor] Func: Outline_T4_F212_R3_Call : 218
parallelismSelector::VERBO: [AreaEstimationVisitor] CallSite: CS(6 F=214) (47->66)(48->67)
parallelismSelector::VERBO:   New Equivalence table
                             Object with value: 47 is mapped to the object with value: 41
                             Object with value: 48 is mapped to the object with value: 42
                             Object with value: 66 is mapped to the object with value: 41
                             Object with value: 67 is mapped to the object with value: 42
                            
parallelismSelector::VERBO: [AreaEstimationVisitor] Func: dct_2d : 214
parallelismSelector::VERBO: [AreaEstimationVisitor] Loop: 18
parallelismSelector::VERBO: [AreaEstimationVisitor] Loop: 19
parallelismSelector::VERBO: [Finalize] Self shareable area: LUTs: 0 FFs: 0 DSPs: 0 BRAMs: 0
parallelismSelector::VERBO: [Finalize] ParallelOperationNumPerLoop: {19: 1}
parallelismSelector::VERBO: [Finalize] Contribution of this loop to shareable area: LUTs: 0 FFs: 0 DSPs: 0 BRAMs: 0
parallelismSelector::VERBO: [AreaEstimationVisitor] Total shareable area: LUTs: 0 FFs: 0 DSPs: 0 BRAMs: 0 Total unshareable area: LUTs: 68 FFs: 0 DSPs: 0 BRAMs: 0
parallelismSelector::VERBO: [AreaEstimationVisitor] Self shareable area: LUTs: 0 FFs: 0 DSPs: 0 BRAMs: 0 Self unshareable area: LUTs: 12 FFs: 0 DSPs: 0 BRAMs: 0
parallelismSelector::VERBO: [visitNestedHeader] Adding nested shareable area from loop(id) 19 LUTs: 0 FFs: 0 DSPs: 0 BRAMs: 0
parallelismSelector::VERBO: [Finalize] Self shareable area: LUTs: 0 FFs: 0 DSPs: 0 BRAMs: 0
parallelismSelector::VERBO: [Finalize] ParallelOperationNumPerLoop: {}
parallelismSelector::VERBO: [Finalize] Contribution of this loop to shareable area: LUTs: 0 FFs: 0 DSPs: 0 BRAMs: 0
parallelismSelector::VERBO: [AreaEstimationVisitor] Total shareable area: LUTs: 0 FFs: 0 DSPs: 0 BRAMs: 0 Total unshareable area: LUTs: 80 FFs: 0 DSPs: 0 BRAMs: 0
parallelismSelector::VERBO: [AreaEstimationVisitor] Self shareable area: LUTs: 0 FFs: 0 DSPs: 0 BRAMs: 0 Self unshareable area: LUTs: 12 FFs: 0 DSPs: 0 BRAMs: 0
parallelismSelector::VERBO: [AreaEstimationVisitor] Loop: 20
parallelismSelector::VERBO: [AreaEstimationVisitor] CallSite: CS(4 F=216) (58->51)(59->50)
parallelismSelector::VERBO:   New Equivalence table
                             Object with value: 47 is mapped to the object with value: 41
                             Object with value: 48 is mapped to the object with value: 42
                             Object with value: 58 is mapped to the object with value: 51
                             Object with value: 59 is mapped to the object with value: 50
                             Object with value: 66 is mapped to the object with value: 41
                             Object with value: 67 is mapped to the object with value: 42
                            
parallelismSelector::VERBO: [AreaEstimationVisitor] Func: dct_1d : 216
parallelismSelector::VERBO: [AreaEstimationVisitor] Loop: 26
parallelismSelector::VERBO: [AreaEstimationVisitor] Loop: 27
parallelismSelector::VERBO: [Finalize] Self shareable area: LUTs: 0 FFs: 0 DSPs: 0 BRAMs: 0
parallelismSelector::VERBO: [Finalize] ParallelOperationNumPerLoop: {27: 1}
parallelismSelector::VERBO: [Finalize] Contribution of this loop to shareable area: LUTs: 0 FFs: 0 DSPs: 0 BRAMs: 0
parallelismSelector::VERBO: [AreaEstimationVisitor] Total shareable area: LUTs: 0 FFs: 0 DSPs: 0 BRAMs: 0 Total unshareable area: LUTs: 100 FFs: 0 DSPs: 1 BRAMs: 0
parallelismSelector::VERBO: [AreaEstimationVisitor] Self shareable area: LUTs: 0 FFs: 0 DSPs: 0 BRAMs: 0 Self unshareable area: LUTs: 44 FFs: 0 DSPs: 1 BRAMs: 0
parallelismSelector::VERBO: [visitNestedHeader] Adding nested shareable area from loop(id) 27 LUTs: 0 FFs: 0 DSPs: 0 BRAMs: 0
parallelismSelector::VERBO: [Finalize] Self shareable area: LUTs: 0 FFs: 0 DSPs: 0 BRAMs: 0
parallelismSelector::VERBO: [Finalize] ParallelOperationNumPerLoop: {26: 1}
parallelismSelector::VERBO: [Finalize] Contribution of this loop to shareable area: LUTs: 0 FFs: 0 DSPs: 0 BRAMs: 0
parallelismSelector::VERBO: [AreaEstimationVisitor] Total shareable area: LUTs: 0 FFs: 0 DSPs: 0 BRAMs: 0 Total unshareable area: LUTs: 172 FFs: 0 DSPs: 1 BRAMs: 0
parallelismSelector::VERBO: [AreaEstimationVisitor] Self shareable area: LUTs: 0 FFs: 0 DSPs: 0 BRAMs: 0 Self unshareable area: LUTs: 44 FFs: 0 DSPs: 0 BRAMs: 0
parallelismSelector::VERBO: [Finalize] Self shareable area: LUTs: 0 FFs: 0 DSPs: 0 BRAMs: 0
parallelismSelector::VERBO: [AreaEstimationVisitor] Total shareable area: LUTs: 0 FFs: 0 DSPs: 0 BRAMs: 0 Total unshareable area: LUTs: 172 FFs: 0 DSPs: 1 BRAMs: 0
parallelismSelector::VERBO: [AreaEstimationVisitor] Self shareable area: LUTs: 0 FFs: 0 DSPs: 0 BRAMs: 0 Self unshareable area: LUTs: 0 FFs: 0 DSPs: 0 BRAMs: 0
parallelismSelector::VERBO: [Finalize] Self shareable area: LUTs: 0 FFs: 0 DSPs: 0 BRAMs: 0
parallelismSelector::VERBO: [Finalize] ParallelOperationNumPerLoop: {}
parallelismSelector::VERBO: [Finalize] Contribution of this loop to shareable area: LUTs: 0 FFs: 0 DSPs: 0 BRAMs: 0
parallelismSelector::VERBO: [AreaEstimationVisitor] Total shareable area: LUTs: 0 FFs: 0 DSPs: 0 BRAMs: 0 Total unshareable area: LUTs: 12 FFs: 0 DSPs: 0 BRAMs: 0
parallelismSelector::VERBO: [AreaEstimationVisitor] Self shareable area: LUTs: 0 FFs: 0 DSPs: 0 BRAMs: 0 Self unshareable area: LUTs: 12 FFs: 0 DSPs: 0 BRAMs: 0
parallelismSelector::VERBO: [AreaEstimationVisitor] Loop: 21
parallelismSelector::VERBO: [AreaEstimationVisitor] Loop: 22
parallelismSelector::VERBO: [Finalize] Self shareable area: LUTs: 0 FFs: 0 DSPs: 0 BRAMs: 0
parallelismSelector::VERBO: [Finalize] ParallelOperationNumPerLoop: {22: 1}
parallelismSelector::VERBO: [Finalize] Contribution of this loop to shareable area: LUTs: 0 FFs: 0 DSPs: 0 BRAMs: 0
parallelismSelector::VERBO: [AreaEstimationVisitor] Total shareable area: LUTs: 0 FFs: 0 DSPs: 0 BRAMs: 0 Total unshareable area: LUTs: 68 FFs: 0 DSPs: 0 BRAMs: 0
parallelismSelector::VERBO: [AreaEstimationVisitor] Self shareable area: LUTs: 0 FFs: 0 DSPs: 0 BRAMs: 0 Self unshareable area: LUTs: 12 FFs: 0 DSPs: 0 BRAMs: 0
parallelismSelector::VERBO: [visitNestedHeader] Adding nested shareable area from loop(id) 22 LUTs: 0 FFs: 0 DSPs: 0 BRAMs: 0
parallelismSelector::VERBO: [Finalize] Self shareable area: LUTs: 0 FFs: 0 DSPs: 0 BRAMs: 0
parallelismSelector::VERBO: [Finalize] ParallelOperationNumPerLoop: {}
parallelismSelector::VERBO: [Finalize] Contribution of this loop to shareable area: LUTs: 0 FFs: 0 DSPs: 0 BRAMs: 0
parallelismSelector::VERBO: [AreaEstimationVisitor] Total shareable area: LUTs: 0 FFs: 0 DSPs: 0 BRAMs: 0 Total unshareable area: LUTs: 80 FFs: 0 DSPs: 0 BRAMs: 0
parallelismSelector::VERBO: [AreaEstimationVisitor] Self shareable area: LUTs: 0 FFs: 0 DSPs: 0 BRAMs: 0 Self unshareable area: LUTs: 12 FFs: 0 DSPs: 0 BRAMs: 0
parallelismSelector::VERBO: [AreaEstimationVisitor] Loop: 23
parallelismSelector::VERBO: [AreaEstimationVisitor] CallSite: CS(3 F=216) (58->47)(59->49)
parallelismSelector::VERBO: [Finalize] Self shareable area: LUTs: 0 FFs: 0 DSPs: 0 BRAMs: 0
parallelismSelector::VERBO: [Finalize] ParallelOperationNumPerLoop: {}
parallelismSelector::VERBO: [Finalize] Contribution of this loop to shareable area: LUTs: 0 FFs: 0 DSPs: 0 BRAMs: 0
parallelismSelector::VERBO: [AreaEstimationVisitor] Total shareable area: LUTs: 0 FFs: 0 DSPs: 0 BRAMs: 0 Total unshareable area: LUTs: 12 FFs: 0 DSPs: 0 BRAMs: 0
parallelismSelector::VERBO: [AreaEstimationVisitor] Self shareable area: LUTs: 0 FFs: 0 DSPs: 0 BRAMs: 0 Self unshareable area: LUTs: 12 FFs: 0 DSPs: 0 BRAMs: 0
parallelismSelector::VERBO: [Finalize] Self shareable area: LUTs: 0 FFs: 0 DSPs: 0 BRAMs: 0
parallelismSelector::VERBO: [AreaEstimationVisitor] Total shareable area: LUTs: 0 FFs: 0 DSPs: 0 BRAMs: 0 Total unshareable area: LUTs: 184 FFs: 0 DSPs: 0 BRAMs: 0
parallelismSelector::VERBO: [AreaEstimationVisitor] Self shareable area: LUTs: 0 FFs: 0 DSPs: 0 BRAMs: 0 Self unshareable area: LUTs: 0 FFs: 0 DSPs: 0 BRAMs: 0
parallelismSelector::VERBO: [Finalize] Self shareable area: LUTs: 0 FFs: 0 DSPs: 0 BRAMs: 0
parallelismSelector::VERBO: [AreaEstimationVisitor] Total shareable area: LUTs: 0 FFs: 0 DSPs: 0 BRAMs: 0 Total unshareable area: LUTs: 184 FFs: 0 DSPs: 0 BRAMs: 0
parallelismSelector::VERBO: [AreaEstimationVisitor] Self shareable area: LUTs: 0 FFs: 0 DSPs: 0 BRAMs: 0 Self unshareable area: LUTs: 184 FFs: 0 DSPs: 0 BRAMs: 0
parallelismSelector::VERBO: [AreaEstimationVisitor] CallSite: CS(2 F=219) (68->42)(69->40)
parallelismSelector::VERBO:   New Equivalence table
                             Object with value: 68 is mapped to the object with value: 42
                             Object with value: 69 is mapped to the object with value: 40
                            
parallelismSelector::VERBO: [AreaEstimationVisitor] Func: Outline_T5_F212_R4_Call : 219
parallelismSelector::VERBO: [AreaEstimationVisitor] CallSite: CS(7 F=215) (54->68)(55->69)
parallelismSelector::VERBO:   New Equivalence table
                             Object with value: 54 is mapped to the object with value: 42
                             Object with value: 55 is mapped to the object with value: 40
                             Object with value: 68 is mapped to the object with value: 42
                             Object with value: 69 is mapped to the object with value: 40
                            
parallelismSelector::VERBO: [AreaEstimationVisitor] Func: write_data : 215
parallelismSelector::VERBO: [AreaEstimationVisitor] Loop: 24
parallelismSelector::VERBO: [AreaEstimationVisitor] Loop: 25
parallelismSelector::VERBO: [Finalize] Self shareable area: LUTs: 0 FFs: 0 DSPs: 0 BRAMs: 0
parallelismSelector::VERBO: [Finalize] ParallelOperationNumPerLoop: {25: 1}
parallelismSelector::VERBO: [Finalize] Contribution of this loop to shareable area: LUTs: 0 FFs: 0 DSPs: 0 BRAMs: 0
parallelismSelector::VERBO: [AreaEstimationVisitor] Total shareable area: LUTs: 0 FFs: 0 DSPs: 0 BRAMs: 0 Total unshareable area: LUTs: 100 FFs: 0 DSPs: 0 BRAMs: 0
parallelismSelector::VERBO: [AreaEstimationVisitor] Self shareable area: LUTs: 0 FFs: 0 DSPs: 0 BRAMs: 0 Self unshareable area: LUTs: 44 FFs: 0 DSPs: 0 BRAMs: 0
parallelismSelector::VERBO: [visitNestedHeader] Adding nested shareable area from loop(id) 25 LUTs: 0 FFs: 0 DSPs: 0 BRAMs: 0
parallelismSelector::VERBO: [Finalize] Self shareable area: LUTs: 0 FFs: 0 DSPs: 0 BRAMs: 0
parallelismSelector::VERBO: [Finalize] ParallelOperationNumPerLoop: {}
parallelismSelector::VERBO: [Finalize] Contribution of this loop to shareable area: LUTs: 0 FFs: 0 DSPs: 0 BRAMs: 0
parallelismSelector::VERBO: [AreaEstimationVisitor] Total shareable area: LUTs: 0 FFs: 0 DSPs: 0 BRAMs: 0 Total unshareable area: LUTs: 112 FFs: 0 DSPs: 0 BRAMs: 0
parallelismSelector::VERBO: [AreaEstimationVisitor] Self shareable area: LUTs: 0 FFs: 0 DSPs: 0 BRAMs: 0 Self unshareable area: LUTs: 12 FFs: 0 DSPs: 0 BRAMs: 0
parallelismSelector::VERBO: [Finalize] Self shareable area: LUTs: 0 FFs: 0 DSPs: 0 BRAMs: 0
parallelismSelector::VERBO: [AreaEstimationVisitor] Total shareable area: LUTs: 0 FFs: 0 DSPs: 0 BRAMs: 0 Total unshareable area: LUTs: 112 FFs: 0 DSPs: 0 BRAMs: 0
parallelismSelector::VERBO: [AreaEstimationVisitor] Self shareable area: LUTs: 0 FFs: 0 DSPs: 0 BRAMs: 0 Self unshareable area: LUTs: 0 FFs: 0 DSPs: 0 BRAMs: 0
parallelismSelector::VERBO: [Finalize] Self shareable area: LUTs: 0 FFs: 0 DSPs: 0 BRAMs: 0
parallelismSelector::VERBO: [AreaEstimationVisitor] Total shareable area: LUTs: 0 FFs: 0 DSPs: 0 BRAMs: 0 Total unshareable area: LUTs: 112 FFs: 0 DSPs: 0 BRAMs: 0
parallelismSelector::VERBO: [AreaEstimationVisitor] Self shareable area: LUTs: 0 FFs: 0 DSPs: 0 BRAMs: 0 Self unshareable area: LUTs: 112 FFs: 0 DSPs: 0 BRAMs: 0
parallelismSelector::VERBO: [Finalize] Self shareable area: LUTs: 0 FFs: 0 DSPs: 0 BRAMs: 0
parallelismSelector::VERBO: [AreaEstimationVisitor] Total shareable area: LUTs: 0 FFs: 0 DSPs: 0 BRAMs: 0 Total unshareable area: LUTs: 0 FFs: 0 DSPs: 0 BRAMs: 0
parallelismSelector::VERBO: [AreaEstimationVisitor] Self shareable area: LUTs: 0 FFs: 0 DSPs: 0 BRAMs: 0 Self unshareable area: LUTs: 0 FFs: 0 DSPs: 0 BRAMs: 0
parallelismSelector::VERBO: Calculate statically allocated area for variable ID 41
parallelismSelector::VERBO:     Array bits: 1024. Elements: 64. Element bits: 16
parallelismSelector::VERBO:     Estimate statically allocated area assuming the BRAM resource type
parallelismSelector::VERBO:         Would allocate 1 BRAMs according to the partition factor
parallelismSelector::VERBO: Calculate statically allocated area for variable ID 42
parallelismSelector::VERBO:     Array bits: 1024. Elements: 64. Element bits: 16
parallelismSelector::VERBO:     Estimate statically allocated area assuming the BRAM resource type
parallelismSelector::VERBO:         Would allocate 1 BRAMs according to the partition factor
parallelismSelector::VERBO: Calculate statically allocated area for variable ID 49
parallelismSelector::VERBO:     Array bits: 1024. Elements: 64. Element bits: 16
parallelismSelector::VERBO:     Estimate statically allocated area assuming the BRAM resource type
parallelismSelector::VERBO:         Would allocate 1 BRAMs according to the partition factor
parallelismSelector::VERBO: Calculate statically allocated area for variable ID 50
parallelismSelector::VERBO:     Array bits: 1024. Elements: 64. Element bits: 16
parallelismSelector::VERBO:     Estimate statically allocated area assuming the BRAM resource type
parallelismSelector::VERBO:         Would allocate 1 BRAMs according to the partition factor
parallelismSelector::VERBO: Calculate statically allocated area for variable ID 51
parallelismSelector::VERBO:     Array bits: 1024. Elements: 64. Element bits: 16
parallelismSelector::VERBO:     Estimate statically allocated area assuming the BRAM resource type
parallelismSelector::VERBO:         Would allocate 1 BRAMs according to the partition factor
parallelismSelector::VERBO: Calculate statically allocated area for variable ID 78
parallelismSelector::VERBO:     Array bits: 1024. Elements: 64. Element bits: 16
parallelismSelector::VERBO:     Estimate statically allocated area assuming the BRAM resource type
parallelismSelector::VERBO:         Would allocate 1 BRAMs according to the partition factor
parallelismSelector::VERBO: Initial constrained branch with estimates:
                            FunctionPipelineTopLevel: No
                            Reshape {dim 0: cyclic 1} (VariableId 39)
                               +- Penalty on LoopId 16: {1: lat/intv 0} (unroll: latency/interval)
                               +- Penalty on LoopId 17: {1: lat/intv 0} (unroll: latency/interval)
                            Reshape {dim 0: cyclic 1} (VariableId 40)
                               +- Penalty on LoopId 24: {1: lat/intv 0} (unroll: latency/interval)
                               +- Penalty on LoopId 25: {1: lat/intv 0} (unroll: latency/interval)
                            Partition {dim 0: cyclic 1, dim 1: cyclic 1} (VariableId 41)
                               +- Penalty on LoopId 16: {1: lat/intv 0} (unroll: latency/interval)
                               +- Penalty on LoopId 17: {1: lat/intv 0} (unroll: latency/interval)
                               +- Penalty on LoopId 26: {1: lat/intv 0} (unroll: latency/interval)
                               +- Penalty on LoopId 27: {1: lat/intv 0} (unroll: latency/interval)
                            Partition {dim 0: cyclic 1, dim 1: cyclic 1} (VariableId 42)
                               +- Penalty on LoopId 18: {1: lat/intv 0} (unroll: latency/interval)
                               +- Penalty on LoopId 19: {1: lat/intv 0} (unroll: latency/interval)
                               +- Penalty on LoopId 24: {1: lat/intv 0} (unroll: latency/interval)
                               +- Penalty on LoopId 25: {1: lat/intv 0} (unroll: latency/interval)
                            Partition {dim 0: cyclic 1, dim 1: cyclic 1} (VariableId 49)
                               +- Penalty on LoopId 21: {1: lat/intv 0} (unroll: latency/interval)
                               +- Penalty on LoopId 22: {1: lat/intv 0} (unroll: latency/interval)
                               +- Penalty on LoopId 26: {1: lat/intv 0} (unroll: latency/interval)
                            Partition {dim 0: cyclic 1, dim 1: cyclic 1} (VariableId 50)
                               +- Penalty on LoopId 18: {1: lat/intv 0} (unroll: latency/interval)
                               +- Penalty on LoopId 19: {1: lat/intv 0} (unroll: latency/interval)
                               +- Penalty on LoopId 26: {1: lat/intv 0} (unroll: latency/interval)
                            Partition {dim 0: cyclic 1, dim 1: cyclic 1} (VariableId 51)
                               +- Penalty on LoopId 21: {1: lat/intv 0} (unroll: latency/interval)
                               +- Penalty on LoopId 22: {1: lat/intv 0} (unroll: latency/interval)
                               +- Penalty on LoopId 26: {1: lat/intv 0} (unroll: latency/interval)
                               +- Penalty on LoopId 27: {1: lat/intv 0} (unroll: latency/interval)
                            Partition {dim 0: cyclic 1, dim 1: cyclic 1} (VariableId 78)
                               +- Penalty on LoopId 26: {1: lat/intv 0} (unroll: latency/interval)
                               +- Penalty on LoopId 27: {1: lat/intv 0} (unroll: latency/interval)
                            +- unroll with factors 1 (LoopId 16 [RD_Loop_Row]), min-max latency/interval: {unroll 1: lat/intv 128}
                               +- Access to VariableId 39: {1: lat/intv 0} (unroll: latency/interval)
                               +- Access to VariableId 41: {1: lat/intv 0} (unroll: latency/interval)
                               +- unroll with factors 1 (LoopId 17 [RD_Loop_Col]), min-max latency/interval: {unroll 1: lat/intv 16}
                                  +- Access to VariableId 39: {1: lat/intv 0} (unroll: latency/interval)
                                  +- Access to VariableId 41: {1: lat/intv 0} (unroll: latency/interval)
                            +- unroll with factors 1 (LoopId 23 [Row_DCT_Loop]), min-max latency/interval: {unroll 1: lat/intv 1040}
                               +- unroll with factors 1 (LoopId 26 [DCT_Outer_Loop]), min-max latency/interval: {unroll 1: lat/intv 128}
                                  +- Access to VariableId 41: {1: lat/intv 0} (unroll: latency/interval)
                                  +- Access to VariableId 49: {1: lat/intv 0} (unroll: latency/interval)
                                  +- Access to VariableId 50: {1: lat/intv 0} (unroll: latency/interval)
                                  +- Access to VariableId 51: {1: lat/intv 0} (unroll: latency/interval)
                                  +- Access to VariableId 78: {1: lat/intv 0} (unroll: latency/interval)
                                  +- unroll with factors 1 (LoopId 27 [DCT_Inner_Loop]), min-max latency/interval: {unroll 1: lat/intv 16}
                                     +- Access to VariableId 41: {1: lat/intv 0} (unroll: latency/interval)
                                     +- Access to VariableId 51: {1: lat/intv 0} (unroll: latency/interval)
                                     +- Access to VariableId 78: {1: lat/intv 0} (unroll: latency/interval)
                            +- unroll with factors 1 (LoopId 21 [Xpose_Row_Outer_Loop]), min-max latency/interval: {unroll 1: lat/intv 128}
                               +- Access to VariableId 49: {1: lat/intv 0} (unroll: latency/interval)
                               +- Access to VariableId 51: {1: lat/intv 0} (unroll: latency/interval)
                               +- unroll with factors 1 (LoopId 22 [Xpose_Row_Inner_Loop]), min-max latency/interval: {unroll 1: lat/intv 16}
                                  +- Access to VariableId 49: {1: lat/intv 0} (unroll: latency/interval)
                                  +- Access to VariableId 51: {1: lat/intv 0} (unroll: latency/interval)
                            +- unroll with factors 1 (LoopId 20 [Col_DCT_Loop]), min-max latency/interval: {unroll 1: lat/intv 1040}
                               +- unroll with factors 1 (LoopId 26 [DCT_Outer_Loop]), min-max latency/interval: {unroll 1: lat/intv 128}
                                  +- Access to VariableId 41: {1: lat/intv 0} (unroll: latency/interval)
                                  +- Access to VariableId 49: {1: lat/intv 0} (unroll: latency/interval)
                                  +- Access to VariableId 50: {1: lat/intv 0} (unroll: latency/interval)
                                  +- Access to VariableId 51: {1: lat/intv 0} (unroll: latency/interval)
                                  +- Access to VariableId 78: {1: lat/intv 0} (unroll: latency/interval)
                                  +- unroll with factors 1 (LoopId 27 [DCT_Inner_Loop]), min-max latency/interval: {unroll 1: lat/intv 16}
                                     +- Access to VariableId 41: {1: lat/intv 0} (unroll: latency/interval)
                                     +- Access to VariableId 51: {1: lat/intv 0} (unroll: latency/interval)
                                     +- Access to VariableId 78: {1: lat/intv 0} (unroll: latency/interval)
                            +- unroll with factors 1 (LoopId 18 [Xpose_Col_Outer_Loop]), min-max latency/interval: {unroll 1: lat/intv 128}
                               +- Access to VariableId 42: {1: lat/intv 0} (unroll: latency/interval)
                               +- Access to VariableId 50: {1: lat/intv 0} (unroll: latency/interval)
                               +- unroll with factors 1 (LoopId 19 [Xpose_Col_Inner_Loop]), min-max latency/interval: {unroll 1: lat/intv 16}
                                  +- Access to VariableId 42: {1: lat/intv 0} (unroll: latency/interval)
                                  +- Access to VariableId 50: {1: lat/intv 0} (unroll: latency/interval)
                            +- unroll with factors 1 (LoopId 24 [WR_Loop_Row]), min-max latency/interval: {unroll 1: lat/intv 128}
                               +- Access to VariableId 40: {1: lat/intv 0} (unroll: latency/interval)
                               +- Access to VariableId 42: {1: lat/intv 0} (unroll: latency/interval)
                               +- unroll with factors 1 (LoopId 25 [WR_Loop_Col]), min-max latency/interval: {unroll 1: lat/intv 16}
                                  +- Access to VariableId 40: {1: lat/intv 0} (unroll: latency/interval)
                                  +- Access to VariableId 42: {1: lat/intv 0} (unroll: latency/interval)
                            Id:  0 contains valid solution: maybe, min-max latency/interval: lat 2605 intv 2606, min-max area: LUTs: 580 FFs: 0 DSPs: 1 BRAMs: 6
parallelismSelector::VERBO: Initial FPGA area occupied (min): Area -- (LUTs: 580, FFs: 0, DSPs: 1, BRAMs: 6, URAMs: 0)
parallelismSelector::VERBO: Initial FPGA area occupied (max): Area -- (LUTs: 580, FFs: 0, DSPs: 1, BRAMs: 6, URAMs: 0)
parallelismSelector::VERBO: HPE - Calculating latency and area for design space...
                            Setting Space: FunctionPipelineTopLevel: No
                            Reshape {dim 0: cyclic 1} (VariableId 39)
                            Reshape {dim 0: cyclic 1} (VariableId 40)
                            Partition {dim 0: cyclic 1, dim 1: cyclic 1} (VariableId 41)
                            Partition {dim 0: cyclic 1, dim 1: cyclic 1} (VariableId 42)
                            Partition {dim 0: cyclic 1, dim 1: cyclic 1} (VariableId 49)
                            Partition {dim 0: cyclic 1, dim 1: cyclic 1} (VariableId 50)
                            Partition {dim 0: cyclic 1, dim 1: cyclic 1} (VariableId 51)
                            Partition {dim 0: cyclic 1, dim 1: cyclic 1} (VariableId 78)
                            +- unroll with factors 1 (Label RD_Loop_Row) (LoopId 16)
                               +- unroll with factors 1 (Label RD_Loop_Col) (LoopId 17)
                            +- unroll with factors 1 (Label Row_DCT_Loop) (LoopId 23)
                               +- unroll with factors 1 (Label DCT_Outer_Loop) (LoopId 26)
                                  +- unroll with factors 1 (Label DCT_Inner_Loop) (LoopId 27)
                            +- unroll with factors 1 (Label Xpose_Row_Outer_Loop) (LoopId 21)
                               +- unroll with factors 1 (Label Xpose_Row_Inner_Loop) (LoopId 22)
                            +- unroll with factors 1 (Label Col_DCT_Loop) (LoopId 20)
                               +- unroll with factors 1 (Label DCT_Outer_Loop) (LoopId 26)
                                  +- unroll with factors 1 (Label DCT_Inner_Loop) (LoopId 27)
                            +- unroll with factors 1 (Label Xpose_Col_Outer_Loop) (LoopId 18)
                               +- unroll with factors 1 (Label Xpose_Col_Inner_Loop) (LoopId 19)
                            +- unroll with factors 1 (Label WR_Loop_Row) (LoopId 24)
                               +- unroll with factors 1 (Label WR_Loop_Col) (LoopId 25)
                            
parallelismSelector::VERBO: Calculating latency for top level hw function: dct
parallelismSelector::VERBO: [LatencyEstimationVisitor] CallSite: CS(0 F=217) (64->41)(65->39)
parallelismSelector::VERBO: [LatencyEstimationVisitor] Equivalence table
                             Object with value: 64 is mapped to the object with value: 41
                             Object with value: 65 is mapped to the object with value: 39
                            
parallelismSelector::VERBO: [LatencyEstimationVisitor] CallSite: CS(5 F=213) (43->65)(44->64)
parallelismSelector::VERBO: [LatencyEstimationVisitor] Equivalence table
                             Object with value: 43 is mapped to the object with value: 39
                             Object with value: 44 is mapped to the object with value: 41
                             Object with value: 64 is mapped to the object with value: 41
                             Object with value: 65 is mapped to the object with value: 39
                            
parallelismSelector::VERBO: Analyzing Loop "RD_Loop_Col" (LoopId 17):
parallelismSelector::VERBO:     MARegionScheduler::finalize():
parallelismSelector::VERBO:        - LoopId: 17 Label: RD_Loop_Col
parallelismSelector::VERBO:          - EndCycles: for.body3 -> {1: 2}
parallelismSelector::VERBO:        - MaxEndCycle: {1: 2}
parallelismSelector::VERBO:        - Critical path: for.body3
parallelismSelector::VERBO:     hasRAW: 0
parallelismSelector::VERBO:     Collect memory port metrics for LoopId: 17
                                
parallelismSelector::VERBO:     VarId: 43, number of direct accesses: 1, number of indirect accesses: 0, RequiredPorts: 1, Available ports: 2
                                
parallelismSelector::VERBO:     VarId: 44, number of direct accesses: 1, number of indirect accesses: 0, RequiredPorts: 1, Available ports: 2
                                
parallelismSelector::VERBO:        - IIMem: {1: 0.5}, OwnedIIMem: {1: 0.5}, NestedIIMem: {1: 0}
parallelismSelector::VERBO:     Collected Var penalties
parallelismSelector::VERBO:       L:17 V:39{1: 0}
parallelismSelector::VERBO:       L:17 V:41{1: 0}
parallelismSelector::VERBO:     Collected latencies
parallelismSelector::VERBO:       L:17{1: 2}
parallelismSelector::VERBO:     Collected Interval ranges
parallelismSelector::VERBO:       L:170
parallelismSelector::VERBO: 
parallelismSelector::VERBO: Analyzing Loop "RD_Loop_Row" (LoopId 16):
parallelismSelector::VERBO:         LoopId: 17, Label: RD_Loop_Col, TC: 8, IL: {1: 2}, IIMem: {1: 0.5}, IIDep 0
parallelismSelector::VERBO:         	unroll 1 Cycles: 16
parallelismSelector::VERBO:         Overall latency for nested loop (LoopId 17): 16
parallelismSelector::VERBO:     MARegionScheduler::finalize():
parallelismSelector::VERBO:        - LoopId: 16 Label: RD_Loop_Row
parallelismSelector::VERBO:          - EndCycles: for.body3 -> {1: 16}
parallelismSelector::VERBO:          - EndCycles: for.body -> {1: 1}
parallelismSelector::VERBO:          - EndCycles: for.end -> {1: 16}
parallelismSelector::VERBO:        - MaxEndCycle: {1: 16}
parallelismSelector::VERBO:        - Critical path: for.body3, for.body, for.end
parallelismSelector::VERBO:     hasRAW: 0
parallelismSelector::VERBO:     Collect memory port metrics for LoopId: 16
                                
parallelismSelector::VERBO:     VarId: 43, number of direct accesses: 0, number of indirect accesses: 1, RequiredPorts: 1, Available ports: 2
                                
parallelismSelector::VERBO:     VarId: 44, number of direct accesses: 0, number of indirect accesses: 1, RequiredPorts: 1, Available ports: 2
                                
parallelismSelector::VERBO:        - IIMem: {1: 0}, OwnedIIMem: {1: 0}, NestedIIMem: {1: 0}
parallelismSelector::VERBO:     Collected Var penalties
parallelismSelector::VERBO:       L:16 V:39{1: 0}
parallelismSelector::VERBO:       L:16 V:41{1: 0}
parallelismSelector::VERBO:       L:17 V:39{1: 0}
parallelismSelector::VERBO:       L:17 V:41{1: 0}
parallelismSelector::VERBO:     Collected latencies
parallelismSelector::VERBO:       L:16{1: 16}
parallelismSelector::VERBO:       L:17{1: 2}
parallelismSelector::VERBO:     Collected Interval ranges
parallelismSelector::VERBO:       L:160
parallelismSelector::VERBO:       L:170
parallelismSelector::VERBO: 
parallelismSelector::VERBO: Analyzing Function "read_data" (FunctionId 213):
parallelismSelector::VERBO:         LoopId: 16, Label: RD_Loop_Row, TC: 8, IL: {1: 16}, IIMem: {1: 0}, IIDep 0
parallelismSelector::VERBO:         	unroll 1 Cycles: 128
parallelismSelector::VERBO:         Overall latency for nested loop (LoopId 16): 128
parallelismSelector::VERBO:     MARegionScheduler::finalize():
parallelismSelector::VERBO:        - Function: read_data
parallelismSelector::VERBO:          - EndCycles: entry -> {1: 1}
parallelismSelector::VERBO:          - EndCycles: for.end10 -> {1: 129}
parallelismSelector::VERBO:          - EndCycles: for.end -> {1: 129}
parallelismSelector::VERBO:        - MaxEndCycle: {1: 129}
parallelismSelector::VERBO:        - Critical path: entry, for.end10, for.body, for.end
parallelismSelector::VERBO:     Collected Var penalties
parallelismSelector::VERBO:       L:16 V:39{1: 0}
parallelismSelector::VERBO:       L:16 V:41{1: 0}
parallelismSelector::VERBO:       L:17 V:39{1: 0}
parallelismSelector::VERBO:       L:17 V:41{1: 0}
parallelismSelector::VERBO:     Collected latencies
parallelismSelector::VERBO:       L:16{1: 16}
parallelismSelector::VERBO:       L:17{1: 2}
parallelismSelector::VERBO:     Collected Interval ranges
parallelismSelector::VERBO:       L:160
parallelismSelector::VERBO:       L:170
parallelismSelector::VERBO: 
parallelismSelector::VERBO: Analyzing Function "Outline_T3_F212_R2_Call" (FunctionId 217):
parallelismSelector::VERBO:     MARegionScheduler::finalize():
parallelismSelector::VERBO:        - Function: Outline_T3_F212_R2_Call
parallelismSelector::VERBO:          - EndCycles: newFuncRoot -> {1: 1}
parallelismSelector::VERBO:          - EndCycles: newFuncRoot_iso0 -> {1: 130}
parallelismSelector::VERBO:        - MaxEndCycle: {1: 130}
parallelismSelector::VERBO:        - Critical path: newFuncRoot, newFuncRoot_iso0
parallelismSelector::VERBO:     Collected Var penalties
parallelismSelector::VERBO:       L:16 V:39{1: 0}
parallelismSelector::VERBO:       L:16 V:41{1: 0}
parallelismSelector::VERBO:       L:17 V:39{1: 0}
parallelismSelector::VERBO:       L:17 V:41{1: 0}
parallelismSelector::VERBO:     Collected latencies
parallelismSelector::VERBO:       L:16{1: 16}
parallelismSelector::VERBO:       L:17{1: 2}
parallelismSelector::VERBO:     Collected Interval ranges
parallelismSelector::VERBO:       L:160
parallelismSelector::VERBO:       L:170
parallelismSelector::VERBO: 
parallelismSelector::VERBO: [LatencyEstimationVisitor] CallSite: CS(1 F=218) (66->41)(67->42)
parallelismSelector::VERBO: [LatencyEstimationVisitor] Equivalence table
                             Object with value: 66 is mapped to the object with value: 41
                             Object with value: 67 is mapped to the object with value: 42
                            
parallelismSelector::VERBO: [LatencyEstimationVisitor] CallSite: CS(6 F=214) (47->66)(48->67)
parallelismSelector::VERBO: [LatencyEstimationVisitor] Equivalence table
                             Object with value: 47 is mapped to the object with value: 41
                             Object with value: 48 is mapped to the object with value: 42
                             Object with value: 66 is mapped to the object with value: 41
                             Object with value: 67 is mapped to the object with value: 42
                            
parallelismSelector::VERBO: Analyzing Loop "Xpose_Col_Inner_Loop" (LoopId 19):
parallelismSelector::VERBO:     MARegionScheduler::finalize():
parallelismSelector::VERBO:        - LoopId: 19 Label: Xpose_Col_Inner_Loop
parallelismSelector::VERBO:          - EndCycles: for.body41 -> {1: 2}
parallelismSelector::VERBO:        - MaxEndCycle: {1: 2}
parallelismSelector::VERBO:        - Critical path: for.body41
parallelismSelector::VERBO:     hasRAW: 0
parallelismSelector::VERBO:     Collect memory port metrics for LoopId: 19
                                
parallelismSelector::VERBO:     VarId: 48, number of direct accesses: 1, number of indirect accesses: 0, RequiredPorts: 1, Available ports: 2
                                
parallelismSelector::VERBO:     VarId: 50, number of direct accesses: 1, number of indirect accesses: 0, RequiredPorts: 1, Available ports: 2
                                
parallelismSelector::VERBO:        - IIMem: {1: 0.5}, OwnedIIMem: {1: 0.5}, NestedIIMem: {1: 0}
parallelismSelector::VERBO:     Collected Var penalties
parallelismSelector::VERBO:       L:16 V:39{1: 0}
parallelismSelector::VERBO:       L:16 V:41{1: 0}
parallelismSelector::VERBO:       L:17 V:39{1: 0}
parallelismSelector::VERBO:       L:17 V:41{1: 0}
parallelismSelector::VERBO:       L:19 V:42{1: 0}
parallelismSelector::VERBO:       L:19 V:50{1: 0}
parallelismSelector::VERBO:     Collected latencies
parallelismSelector::VERBO:       L:16{1: 16}
parallelismSelector::VERBO:       L:17{1: 2}
parallelismSelector::VERBO:       L:19{1: 2}
parallelismSelector::VERBO:     Collected Interval ranges
parallelismSelector::VERBO:       L:160
parallelismSelector::VERBO:       L:170
parallelismSelector::VERBO:       L:190
parallelismSelector::VERBO: 
parallelismSelector::VERBO: Analyzing Loop "Xpose_Col_Outer_Loop" (LoopId 18):
parallelismSelector::VERBO:         LoopId: 19, Label: Xpose_Col_Inner_Loop, TC: 8, IL: {1: 2}, IIMem: {1: 0.5}, IIDep 0
parallelismSelector::VERBO:         	unroll 1 Cycles: 16
parallelismSelector::VERBO:         Overall latency for nested loop (LoopId 19): 16
parallelismSelector::VERBO:     MARegionScheduler::finalize():
parallelismSelector::VERBO:        - LoopId: 18 Label: Xpose_Col_Outer_Loop
parallelismSelector::VERBO:          - EndCycles: for.body41 -> {1: 16}
parallelismSelector::VERBO:          - EndCycles: for.body38 -> {1: 1}
parallelismSelector::VERBO:          - EndCycles: for.end52 -> {1: 16}
parallelismSelector::VERBO:        - MaxEndCycle: {1: 16}
parallelismSelector::VERBO:        - Critical path: for.body41, for.body38, for.end52
parallelismSelector::VERBO:     hasRAW: 0
parallelismSelector::VERBO:     Collect memory port metrics for LoopId: 18
                                
parallelismSelector::VERBO:     VarId: 48, number of direct accesses: 0, number of indirect accesses: 1, RequiredPorts: 1, Available ports: 2
                                
parallelismSelector::VERBO:     VarId: 50, number of direct accesses: 0, number of indirect accesses: 1, RequiredPorts: 1, Available ports: 2
                                
parallelismSelector::VERBO:        - IIMem: {1: 0}, OwnedIIMem: {1: 0}, NestedIIMem: {1: 0}
parallelismSelector::VERBO:     Collected Var penalties
parallelismSelector::VERBO:       L:16 V:39{1: 0}
parallelismSelector::VERBO:       L:16 V:41{1: 0}
parallelismSelector::VERBO:       L:17 V:39{1: 0}
parallelismSelector::VERBO:       L:17 V:41{1: 0}
parallelismSelector::VERBO:       L:18 V:42{1: 0}
parallelismSelector::VERBO:       L:18 V:50{1: 0}
parallelismSelector::VERBO:       L:19 V:42{1: 0}
parallelismSelector::VERBO:       L:19 V:50{1: 0}
parallelismSelector::VERBO:     Collected latencies
parallelismSelector::VERBO:       L:16{1: 16}
parallelismSelector::VERBO:       L:17{1: 2}
parallelismSelector::VERBO:       L:18{1: 16}
parallelismSelector::VERBO:       L:19{1: 2}
parallelismSelector::VERBO:     Collected Interval ranges
parallelismSelector::VERBO:       L:160
parallelismSelector::VERBO:       L:170
parallelismSelector::VERBO:       L:180
parallelismSelector::VERBO:       L:190
parallelismSelector::VERBO: 
parallelismSelector::VERBO: [LatencyEstimationVisitor] CallSite: CS(4 F=216) (58->51)(59->50)
parallelismSelector::VERBO: [LatencyEstimationVisitor] Equivalence table
                             Object with value: 47 is mapped to the object with value: 41
                             Object with value: 48 is mapped to the object with value: 42
                             Object with value: 58 is mapped to the object with value: 51
                             Object with value: 59 is mapped to the object with value: 50
                             Object with value: 66 is mapped to the object with value: 41
                             Object with value: 67 is mapped to the object with value: 42
                            
parallelismSelector::VERBO: Analyzing Loop "DCT_Inner_Loop" (LoopId 27):
parallelismSelector::VERBO:     MARegionScheduler::finalize():
parallelismSelector::VERBO:        - LoopId: 27 Label: DCT_Inner_Loop
parallelismSelector::VERBO:          - EndCycles: for.body3 -> {1: 2}
parallelismSelector::VERBO:        - MaxEndCycle: {1: 2}
parallelismSelector::VERBO:        - Critical path: for.body3
parallelismSelector::VERBO:     hasRAW: 0
parallelismSelector::VERBO:     Recurrence: Circuit=2:0 -> 2:21 -> 2:0
parallelismSelector::VERBO:       distance=1
parallelismSelector::VERBO:     Collect memory port metrics for LoopId: 27
                                
parallelismSelector::VERBO:     VarId: 58, number of direct accesses: 1, number of indirect accesses: 0, RequiredPorts: 1, Available ports: 2
                                
parallelismSelector::VERBO:     VarId: 78, number of direct accesses: 1, number of indirect accesses: 0, RequiredPorts: 1, Available ports: 2
                                
parallelismSelector::VERBO:        - IIMem: {1: 0.5}, OwnedIIMem: {1: 0.5}, NestedIIMem: {1: 0}
parallelismSelector::VERBO:     Collected Var penalties
parallelismSelector::VERBO:       L:16 V:39{1: 0}
parallelismSelector::VERBO:       L:16 V:41{1: 0}
parallelismSelector::VERBO:       L:17 V:39{1: 0}
parallelismSelector::VERBO:       L:17 V:41{1: 0}
parallelismSelector::VERBO:       L:18 V:42{1: 0}
parallelismSelector::VERBO:       L:18 V:50{1: 0}
parallelismSelector::VERBO:       L:19 V:42{1: 0}
parallelismSelector::VERBO:       L:19 V:50{1: 0}
parallelismSelector::VERBO:       L:27 V:51{1: 0}
parallelismSelector::VERBO:       L:27 V:78{1: 0}
parallelismSelector::VERBO:     Collected latencies
parallelismSelector::VERBO:       L:16{1: 16}
parallelismSelector::VERBO:       L:17{1: 2}
parallelismSelector::VERBO:       L:18{1: 16}
parallelismSelector::VERBO:       L:19{1: 2}
parallelismSelector::VERBO:       L:27{1: 2}
parallelismSelector::VERBO:     Collected Interval ranges
parallelismSelector::VERBO:       L:160
parallelismSelector::VERBO:       L:170
parallelismSelector::VERBO:       L:180
parallelismSelector::VERBO:       L:190
parallelismSelector::VERBO:       L:271
parallelismSelector::VERBO: 
parallelismSelector::VERBO: Analyzing Loop "DCT_Outer_Loop" (LoopId 26):
parallelismSelector::VERBO:         LoopId: 27, Label: DCT_Inner_Loop, TC: 8, IL: {1: 2}, IIMem: {1: 0.5}, IIDep 1
parallelismSelector::VERBO:         	unroll 1 Cycles: 16
parallelismSelector::VERBO:         Overall latency for nested loop (LoopId 27): 16
parallelismSelector::VERBO:     MARegionScheduler::finalize():
parallelismSelector::VERBO:        - LoopId: 26 Label: DCT_Outer_Loop
parallelismSelector::VERBO:          - EndCycles: for.body3 -> {1: 16}
parallelismSelector::VERBO:          - EndCycles: for.end -> {1: 16}
parallelismSelector::VERBO:          - EndCycles: for.body -> {1: 1}
parallelismSelector::VERBO:        - MaxEndCycle: {1: 16}
parallelismSelector::VERBO:        - Critical path: for.body3, for.end, for.body
parallelismSelector::VERBO:     hasRAW: 0
parallelismSelector::VERBO:     Collect memory port metrics for LoopId: 26
                                
parallelismSelector::VERBO:     VarId: 58, number of direct accesses: 0, number of indirect accesses: 1, RequiredPorts: 1, Available ports: 2
                                
parallelismSelector::VERBO:     VarId: 59, number of direct accesses: 1, number of indirect accesses: 0, RequiredPorts: 1, Available ports: 2
                                
parallelismSelector::VERBO:     VarId: 78, number of direct accesses: 0, number of indirect accesses: 1, RequiredPorts: 1, Available ports: 2
                                
parallelismSelector::VERBO:        - IIMem: {1: 0.5}, OwnedIIMem: {1: 0.5}, NestedIIMem: {1: 0}
parallelismSelector::VERBO:     Collected Var penalties
parallelismSelector::VERBO:       L:16 V:39{1: 0}
parallelismSelector::VERBO:       L:16 V:41{1: 0}
parallelismSelector::VERBO:       L:17 V:39{1: 0}
parallelismSelector::VERBO:       L:17 V:41{1: 0}
parallelismSelector::VERBO:       L:18 V:42{1: 0}
parallelismSelector::VERBO:       L:18 V:50{1: 0}
parallelismSelector::VERBO:       L:19 V:42{1: 0}
parallelismSelector::VERBO:       L:19 V:50{1: 0}
parallelismSelector::VERBO:       L:26 V:50{1: 0}
parallelismSelector::VERBO:       L:26 V:51{1: 0}
parallelismSelector::VERBO:       L:26 V:78{1: 0}
parallelismSelector::VERBO:       L:27 V:51{1: 0}
parallelismSelector::VERBO:       L:27 V:78{1: 0}
parallelismSelector::VERBO:     Collected latencies
parallelismSelector::VERBO:       L:16{1: 16}
parallelismSelector::VERBO:       L:17{1: 2}
parallelismSelector::VERBO:       L:18{1: 16}
parallelismSelector::VERBO:       L:19{1: 2}
parallelismSelector::VERBO:       L:26{1: 16}
parallelismSelector::VERBO:       L:27{1: 2}
parallelismSelector::VERBO:     Collected Interval ranges
parallelismSelector::VERBO:       L:160
parallelismSelector::VERBO:       L:170
parallelismSelector::VERBO:       L:180
parallelismSelector::VERBO:       L:190
parallelismSelector::VERBO:       L:260
parallelismSelector::VERBO:       L:271
parallelismSelector::VERBO: 
parallelismSelector::VERBO: Analyzing Function "dct_1d" (FunctionId 216):
parallelismSelector::VERBO:         LoopId: 26, Label: DCT_Outer_Loop, TC: 8, IL: {1: 16}, IIMem: {1: 0.5}, IIDep 0
parallelismSelector::VERBO:         	unroll 1 Cycles: 128
parallelismSelector::VERBO:         Overall latency for nested loop (LoopId 26): 128
parallelismSelector::VERBO:     MARegionScheduler::finalize():
parallelismSelector::VERBO:        - Function: dct_1d
parallelismSelector::VERBO:          - EndCycles: for.end -> {1: 129}
parallelismSelector::VERBO:          - EndCycles: entry -> {1: 1}
parallelismSelector::VERBO:          - EndCycles: for.end15 -> {1: 129}
parallelismSelector::VERBO:        - MaxEndCycle: {1: 129}
parallelismSelector::VERBO:        - Critical path: for.end, entry, for.end15, for.body
parallelismSelector::VERBO:     Collected Var penalties
parallelismSelector::VERBO:       L:16 V:39{1: 0}
parallelismSelector::VERBO:       L:16 V:41{1: 0}
parallelismSelector::VERBO:       L:17 V:39{1: 0}
parallelismSelector::VERBO:       L:17 V:41{1: 0}
parallelismSelector::VERBO:       L:18 V:42{1: 0}
parallelismSelector::VERBO:       L:18 V:50{1: 0}
parallelismSelector::VERBO:       L:19 V:42{1: 0}
parallelismSelector::VERBO:       L:19 V:50{1: 0}
parallelismSelector::VERBO:       L:26 V:50{1: 0}
parallelismSelector::VERBO:       L:26 V:51{1: 0}
parallelismSelector::VERBO:       L:26 V:78{1: 0}
parallelismSelector::VERBO:       L:27 V:51{1: 0}
parallelismSelector::VERBO:       L:27 V:78{1: 0}
parallelismSelector::VERBO:     Collected latencies
parallelismSelector::VERBO:       L:16{1: 16}
parallelismSelector::VERBO:       L:17{1: 2}
parallelismSelector::VERBO:       L:18{1: 16}
parallelismSelector::VERBO:       L:19{1: 2}
parallelismSelector::VERBO:       L:26{1: 16}
parallelismSelector::VERBO:       L:27{1: 2}
parallelismSelector::VERBO:     Collected Interval ranges
parallelismSelector::VERBO:       L:160
parallelismSelector::VERBO:       L:170
parallelismSelector::VERBO:       L:180
parallelismSelector::VERBO:       L:190
parallelismSelector::VERBO:       L:260
parallelismSelector::VERBO:       L:271
parallelismSelector::VERBO: 
parallelismSelector::VERBO: Analyzing Loop "Col_DCT_Loop" (LoopId 20):
parallelismSelector::VERBO:     MARegionScheduler::finalize():
parallelismSelector::VERBO:        - LoopId: 20 Label: Col_DCT_Loop
parallelismSelector::VERBO:          - EndCycles: for.body26 -> {1: 1}
parallelismSelector::VERBO:          - EndCycles: for.body26_iso2 -> {1: 130}
parallelismSelector::VERBO:          - EndCycles: for.body26_iso3 -> {1: 130}
parallelismSelector::VERBO:        - MaxEndCycle: {1: 130}
parallelismSelector::VERBO:        - Critical path: for.body26, for.body26_iso2, for.body26_iso3
parallelismSelector::VERBO:     hasRAW: 0
parallelismSelector::VERBO:     Collect memory port metrics for LoopId: 20
                                
parallelismSelector::VERBO:        - IIMem: {1: 0}, OwnedIIMem: {1: 0}, NestedIIMem: {1: 0}
parallelismSelector::VERBO:     Collected Var penalties
parallelismSelector::VERBO:       L:16 V:39{1: 0}
parallelismSelector::VERBO:       L:16 V:41{1: 0}
parallelismSelector::VERBO:       L:17 V:39{1: 0}
parallelismSelector::VERBO:       L:17 V:41{1: 0}
parallelismSelector::VERBO:       L:18 V:42{1: 0}
parallelismSelector::VERBO:       L:18 V:50{1: 0}
parallelismSelector::VERBO:       L:19 V:42{1: 0}
parallelismSelector::VERBO:       L:19 V:50{1: 0}
parallelismSelector::VERBO:       L:26 V:50{1: 0}
parallelismSelector::VERBO:       L:26 V:51{1: 0}
parallelismSelector::VERBO:       L:26 V:78{1: 0}
parallelismSelector::VERBO:       L:27 V:51{1: 0}
parallelismSelector::VERBO:       L:27 V:78{1: 0}
parallelismSelector::VERBO:     Collected latencies
parallelismSelector::VERBO:       L:16{1: 16}
parallelismSelector::VERBO:       L:17{1: 2}
parallelismSelector::VERBO:       L:18{1: 16}
parallelismSelector::VERBO:       L:19{1: 2}
parallelismSelector::VERBO:       L:20{1: 130}
parallelismSelector::VERBO:       L:26{1: 16}
parallelismSelector::VERBO:       L:27{1: 2}
parallelismSelector::VERBO:     Collected Interval ranges
parallelismSelector::VERBO:       L:160
parallelismSelector::VERBO:       L:170
parallelismSelector::VERBO:       L:180
parallelismSelector::VERBO:       L:190
parallelismSelector::VERBO:       L:200
parallelismSelector::VERBO:       L:260
parallelismSelector::VERBO:       L:271
parallelismSelector::VERBO: 
parallelismSelector::VERBO: Analyzing Loop "Xpose_Row_Inner_Loop" (LoopId 22):
parallelismSelector::VERBO:     MARegionScheduler::finalize():
parallelismSelector::VERBO:        - LoopId: 22 Label: Xpose_Row_Inner_Loop
parallelismSelector::VERBO:          - EndCycles: for.body9 -> {1: 2}
parallelismSelector::VERBO:        - MaxEndCycle: {1: 2}
parallelismSelector::VERBO:        - Critical path: for.body9
parallelismSelector::VERBO:     hasRAW: 0
parallelismSelector::VERBO:     Collect memory port metrics for LoopId: 22
                                
parallelismSelector::VERBO:     VarId: 49, number of direct accesses: 1, number of indirect accesses: 0, RequiredPorts: 1, Available ports: 2
                                
parallelismSelector::VERBO:     VarId: 51, number of direct accesses: 1, number of indirect accesses: 0, RequiredPorts: 1, Available ports: 2
                                
parallelismSelector::VERBO:        - IIMem: {1: 0.5}, OwnedIIMem: {1: 0.5}, NestedIIMem: {1: 0}
parallelismSelector::VERBO:     Collected Var penalties
parallelismSelector::VERBO:       L:16 V:39{1: 0}
parallelismSelector::VERBO:       L:16 V:41{1: 0}
parallelismSelector::VERBO:       L:17 V:39{1: 0}
parallelismSelector::VERBO:       L:17 V:41{1: 0}
parallelismSelector::VERBO:       L:18 V:42{1: 0}
parallelismSelector::VERBO:       L:18 V:50{1: 0}
parallelismSelector::VERBO:       L:19 V:42{1: 0}
parallelismSelector::VERBO:       L:19 V:50{1: 0}
parallelismSelector::VERBO:       L:22 V:49{1: 0}
parallelismSelector::VERBO:       L:22 V:51{1: 0}
parallelismSelector::VERBO:       L:26 V:50{1: 0}
parallelismSelector::VERBO:       L:26 V:51{1: 0}
parallelismSelector::VERBO:       L:26 V:78{1: 0}
parallelismSelector::VERBO:       L:27 V:51{1: 0}
parallelismSelector::VERBO:       L:27 V:78{1: 0}
parallelismSelector::VERBO:     Collected latencies
parallelismSelector::VERBO:       L:16{1: 16}
parallelismSelector::VERBO:       L:17{1: 2}
parallelismSelector::VERBO:       L:18{1: 16}
parallelismSelector::VERBO:       L:19{1: 2}
parallelismSelector::VERBO:       L:20{1: 130}
parallelismSelector::VERBO:       L:22{1: 2}
parallelismSelector::VERBO:       L:26{1: 16}
parallelismSelector::VERBO:       L:27{1: 2}
parallelismSelector::VERBO:     Collected Interval ranges
parallelismSelector::VERBO:       L:160
parallelismSelector::VERBO:       L:170
parallelismSelector::VERBO:       L:180
parallelismSelector::VERBO:       L:190
parallelismSelector::VERBO:       L:200
parallelismSelector::VERBO:       L:220
parallelismSelector::VERBO:       L:260
parallelismSelector::VERBO:       L:271
parallelismSelector::VERBO: 
parallelismSelector::VERBO: Analyzing Loop "Xpose_Row_Outer_Loop" (LoopId 21):
parallelismSelector::VERBO:         LoopId: 22, Label: Xpose_Row_Inner_Loop, TC: 8, IL: {1: 2}, IIMem: {1: 0.5}, IIDep 0
parallelismSelector::VERBO:         	unroll 1 Cycles: 16
parallelismSelector::VERBO:         Overall latency for nested loop (LoopId 22): 16
parallelismSelector::VERBO:     MARegionScheduler::finalize():
parallelismSelector::VERBO:        - LoopId: 21 Label: Xpose_Row_Outer_Loop
parallelismSelector::VERBO:          - EndCycles: for.body6 -> {1: 1}
parallelismSelector::VERBO:          - EndCycles: for.end20 -> {1: 16}
parallelismSelector::VERBO:          - EndCycles: for.body9 -> {1: 16}
parallelismSelector::VERBO:        - MaxEndCycle: {1: 16}
parallelismSelector::VERBO:        - Critical path: for.body6, for.end20, for.body9
parallelismSelector::VERBO:     hasRAW: 0
parallelismSelector::VERBO:     Collect memory port metrics for LoopId: 21
                                
parallelismSelector::VERBO:     VarId: 49, number of direct accesses: 0, number of indirect accesses: 1, RequiredPorts: 1, Available ports: 2
                                
parallelismSelector::VERBO:     VarId: 51, number of direct accesses: 0, number of indirect accesses: 1, RequiredPorts: 1, Available ports: 2
                                
parallelismSelector::VERBO:        - IIMem: {1: 0}, OwnedIIMem: {1: 0}, NestedIIMem: {1: 0}
parallelismSelector::VERBO:     Collected Var penalties
parallelismSelector::VERBO:       L:16 V:39{1: 0}
parallelismSelector::VERBO:       L:16 V:41{1: 0}
parallelismSelector::VERBO:       L:17 V:39{1: 0}
parallelismSelector::VERBO:       L:17 V:41{1: 0}
parallelismSelector::VERBO:       L:18 V:42{1: 0}
parallelismSelector::VERBO:       L:18 V:50{1: 0}
parallelismSelector::VERBO:       L:19 V:42{1: 0}
parallelismSelector::VERBO:       L:19 V:50{1: 0}
parallelismSelector::VERBO:       L:21 V:49{1: 0}
parallelismSelector::VERBO:       L:21 V:51{1: 0}
parallelismSelector::VERBO:       L:22 V:49{1: 0}
parallelismSelector::VERBO:       L:22 V:51{1: 0}
parallelismSelector::VERBO:       L:26 V:50{1: 0}
parallelismSelector::VERBO:       L:26 V:51{1: 0}
parallelismSelector::VERBO:       L:26 V:78{1: 0}
parallelismSelector::VERBO:       L:27 V:51{1: 0}
parallelismSelector::VERBO:       L:27 V:78{1: 0}
parallelismSelector::VERBO:     Collected latencies
parallelismSelector::VERBO:       L:16{1: 16}
parallelismSelector::VERBO:       L:17{1: 2}
parallelismSelector::VERBO:       L:18{1: 16}
parallelismSelector::VERBO:       L:19{1: 2}
parallelismSelector::VERBO:       L:20{1: 130}
parallelismSelector::VERBO:       L:21{1: 16}
parallelismSelector::VERBO:       L:22{1: 2}
parallelismSelector::VERBO:       L:26{1: 16}
parallelismSelector::VERBO:       L:27{1: 2}
parallelismSelector::VERBO:     Collected Interval ranges
parallelismSelector::VERBO:       L:160
parallelismSelector::VERBO:       L:170
parallelismSelector::VERBO:       L:180
parallelismSelector::VERBO:       L:190
parallelismSelector::VERBO:       L:200
parallelismSelector::VERBO:       L:210
parallelismSelector::VERBO:       L:220
parallelismSelector::VERBO:       L:260
parallelismSelector::VERBO:       L:271
parallelismSelector::VERBO: 
parallelismSelector::VERBO: [LatencyEstimationVisitor] CallSite: CS(3 F=216) (58->47)(59->49)
parallelismSelector::VERBO: [LatencyEstimationVisitor] Equivalence table
                             Object with value: 47 is mapped to the object with value: 41
                             Object with value: 48 is mapped to the object with value: 42
                             Object with value: 58 is mapped to the object with value: 41
                             Object with value: 59 is mapped to the object with value: 49
                             Object with value: 66 is mapped to the object with value: 41
                             Object with value: 67 is mapped to the object with value: 42
                            
parallelismSelector::VERBO: Analyzing Loop "DCT_Inner_Loop" (LoopId 27):
parallelismSelector::VERBO:     MARegionScheduler::finalize():
parallelismSelector::VERBO:        - LoopId: 27 Label: DCT_Inner_Loop
parallelismSelector::VERBO:          - EndCycles: for.body3 -> {1: 2}
parallelismSelector::VERBO:        - MaxEndCycle: {1: 2}
parallelismSelector::VERBO:        - Critical path: for.body3
parallelismSelector::VERBO:     hasRAW: 0
parallelismSelector::VERBO:     Recurrence: Circuit=2:0 -> 2:21 -> 2:0
parallelismSelector::VERBO:       distance=1
parallelismSelector::VERBO:     Collect memory port metrics for LoopId: 27
                                
parallelismSelector::VERBO:     VarId: 58, number of direct accesses: 1, number of indirect accesses: 0, RequiredPorts: 1, Available ports: 2
                                
parallelismSelector::VERBO:     VarId: 78, number of direct accesses: 1, number of indirect accesses: 0, RequiredPorts: 1, Available ports: 2
                                
parallelismSelector::VERBO:        - IIMem: {1: 0.5}, OwnedIIMem: {1: 0.5}, NestedIIMem: {1: 0}
parallelismSelector::VERBO:     Collected Var penalties
parallelismSelector::VERBO:       L:16 V:39{1: 0}
parallelismSelector::VERBO:       L:16 V:41{1: 0}
parallelismSelector::VERBO:       L:17 V:39{1: 0}
parallelismSelector::VERBO:       L:17 V:41{1: 0}
parallelismSelector::VERBO:       L:18 V:42{1: 0}
parallelismSelector::VERBO:       L:18 V:50{1: 0}
parallelismSelector::VERBO:       L:19 V:42{1: 0}
parallelismSelector::VERBO:       L:19 V:50{1: 0}
parallelismSelector::VERBO:       L:21 V:49{1: 0}
parallelismSelector::VERBO:       L:21 V:51{1: 0}
parallelismSelector::VERBO:       L:22 V:49{1: 0}
parallelismSelector::VERBO:       L:22 V:51{1: 0}
parallelismSelector::VERBO:       L:26 V:50{1: 0}
parallelismSelector::VERBO:       L:26 V:51{1: 0}
parallelismSelector::VERBO:       L:26 V:78{1: 0}
parallelismSelector::VERBO:       L:27 V:41{1: 0}
parallelismSelector::VERBO:       L:27 V:51{1: 0}
parallelismSelector::VERBO:       L:27 V:78{1: 0}
parallelismSelector::VERBO:     Collected latencies
parallelismSelector::VERBO:       L:16{1: 16}
parallelismSelector::VERBO:       L:17{1: 2}
parallelismSelector::VERBO:       L:18{1: 16}
parallelismSelector::VERBO:       L:19{1: 2}
parallelismSelector::VERBO:       L:20{1: 130}
parallelismSelector::VERBO:       L:21{1: 16}
parallelismSelector::VERBO:       L:22{1: 2}
parallelismSelector::VERBO:       L:26{1: 16}
parallelismSelector::VERBO:       L:27{1: 2}
parallelismSelector::VERBO:     Collected Interval ranges
parallelismSelector::VERBO:       L:160
parallelismSelector::VERBO:       L:170
parallelismSelector::VERBO:       L:180
parallelismSelector::VERBO:       L:190
parallelismSelector::VERBO:       L:200
parallelismSelector::VERBO:       L:210
parallelismSelector::VERBO:       L:220
parallelismSelector::VERBO:       L:260
parallelismSelector::VERBO:       L:271
parallelismSelector::VERBO: 
parallelismSelector::VERBO: Analyzing Loop "DCT_Outer_Loop" (LoopId 26):
parallelismSelector::VERBO:         LoopId: 27, Label: DCT_Inner_Loop, TC: 8, IL: {1: 2}, IIMem: {1: 0.5}, IIDep 1
parallelismSelector::VERBO:         	unroll 1 Cycles: 16
parallelismSelector::VERBO:         Overall latency for nested loop (LoopId 27): 16
parallelismSelector::VERBO:     MARegionScheduler::finalize():
parallelismSelector::VERBO:        - LoopId: 26 Label: DCT_Outer_Loop
parallelismSelector::VERBO:          - EndCycles: for.body3 -> {1: 16}
parallelismSelector::VERBO:          - EndCycles: for.end -> {1: 16}
parallelismSelector::VERBO:          - EndCycles: for.body -> {1: 1}
parallelismSelector::VERBO:        - MaxEndCycle: {1: 16}
parallelismSelector::VERBO:        - Critical path: for.body3, for.end, for.body
parallelismSelector::VERBO:     hasRAW: 0
parallelismSelector::VERBO:     Collect memory port metrics for LoopId: 26
                                
parallelismSelector::VERBO:     VarId: 58, number of direct accesses: 0, number of indirect accesses: 1, RequiredPorts: 1, Available ports: 2
                                
parallelismSelector::VERBO:     VarId: 59, number of direct accesses: 1, number of indirect accesses: 0, RequiredPorts: 1, Available ports: 2
                                
parallelismSelector::VERBO:     VarId: 78, number of direct accesses: 0, number of indirect accesses: 1, RequiredPorts: 1, Available ports: 2
                                
parallelismSelector::VERBO:        - IIMem: {1: 0.5}, OwnedIIMem: {1: 0.5}, NestedIIMem: {1: 0}
parallelismSelector::VERBO:     Collected Var penalties
parallelismSelector::VERBO:       L:16 V:39{1: 0}
parallelismSelector::VERBO:       L:16 V:41{1: 0}
parallelismSelector::VERBO:       L:17 V:39{1: 0}
parallelismSelector::VERBO:       L:17 V:41{1: 0}
parallelismSelector::VERBO:       L:18 V:42{1: 0}
parallelismSelector::VERBO:       L:18 V:50{1: 0}
parallelismSelector::VERBO:       L:19 V:42{1: 0}
parallelismSelector::VERBO:       L:19 V:50{1: 0}
parallelismSelector::VERBO:       L:21 V:49{1: 0}
parallelismSelector::VERBO:       L:21 V:51{1: 0}
parallelismSelector::VERBO:       L:22 V:49{1: 0}
parallelismSelector::VERBO:       L:22 V:51{1: 0}
parallelismSelector::VERBO:       L:26 V:41{1: 0}
parallelismSelector::VERBO:       L:26 V:49{1: 0}
parallelismSelector::VERBO:       L:26 V:50{1: 0}
parallelismSelector::VERBO:       L:26 V:51{1: 0}
parallelismSelector::VERBO:       L:26 V:78{1: 0}
parallelismSelector::VERBO:       L:27 V:41{1: 0}
parallelismSelector::VERBO:       L:27 V:51{1: 0}
parallelismSelector::VERBO:       L:27 V:78{1: 0}
parallelismSelector::VERBO:     Collected latencies
parallelismSelector::VERBO:       L:16{1: 16}
parallelismSelector::VERBO:       L:17{1: 2}
parallelismSelector::VERBO:       L:18{1: 16}
parallelismSelector::VERBO:       L:19{1: 2}
parallelismSelector::VERBO:       L:20{1: 130}
parallelismSelector::VERBO:       L:21{1: 16}
parallelismSelector::VERBO:       L:22{1: 2}
parallelismSelector::VERBO:       L:26{1: 16}
parallelismSelector::VERBO:       L:27{1: 2}
parallelismSelector::VERBO:     Collected Interval ranges
parallelismSelector::VERBO:       L:160
parallelismSelector::VERBO:       L:170
parallelismSelector::VERBO:       L:180
parallelismSelector::VERBO:       L:190
parallelismSelector::VERBO:       L:200
parallelismSelector::VERBO:       L:210
parallelismSelector::VERBO:       L:220
parallelismSelector::VERBO:       L:260
parallelismSelector::VERBO:       L:271
parallelismSelector::VERBO: 
parallelismSelector::VERBO: Analyzing Function "dct_1d" (FunctionId 216):
parallelismSelector::VERBO:         LoopId: 26, Label: DCT_Outer_Loop, TC: 8, IL: {1: 16}, IIMem: {1: 0.5}, IIDep 0
parallelismSelector::VERBO:         	unroll 1 Cycles: 128
parallelismSelector::VERBO:         Overall latency for nested loop (LoopId 26): 128
parallelismSelector::VERBO:     MARegionScheduler::finalize():
parallelismSelector::VERBO:        - Function: dct_1d
parallelismSelector::VERBO:          - EndCycles: for.end -> {1: 129}
parallelismSelector::VERBO:          - EndCycles: entry -> {1: 1}
parallelismSelector::VERBO:          - EndCycles: for.end15 -> {1: 129}
parallelismSelector::VERBO:        - MaxEndCycle: {1: 129}
parallelismSelector::VERBO:        - Critical path: for.end, entry, for.end15, for.body
parallelismSelector::VERBO:     Collected Var penalties
parallelismSelector::VERBO:       L:16 V:39{1: 0}
parallelismSelector::VERBO:       L:16 V:41{1: 0}
parallelismSelector::VERBO:       L:17 V:39{1: 0}
parallelismSelector::VERBO:       L:17 V:41{1: 0}
parallelismSelector::VERBO:       L:18 V:42{1: 0}
parallelismSelector::VERBO:       L:18 V:50{1: 0}
parallelismSelector::VERBO:       L:19 V:42{1: 0}
parallelismSelector::VERBO:       L:19 V:50{1: 0}
parallelismSelector::VERBO:       L:21 V:49{1: 0}
parallelismSelector::VERBO:       L:21 V:51{1: 0}
parallelismSelector::VERBO:       L:22 V:49{1: 0}
parallelismSelector::VERBO:       L:22 V:51{1: 0}
parallelismSelector::VERBO:       L:26 V:41{1: 0}
parallelismSelector::VERBO:       L:26 V:49{1: 0}
parallelismSelector::VERBO:       L:26 V:50{1: 0}
parallelismSelector::VERBO:       L:26 V:51{1: 0}
parallelismSelector::VERBO:       L:26 V:78{1: 0}
parallelismSelector::VERBO:       L:27 V:41{1: 0}
parallelismSelector::VERBO:       L:27 V:51{1: 0}
parallelismSelector::VERBO:       L:27 V:78{1: 0}
parallelismSelector::VERBO:     Collected latencies
parallelismSelector::VERBO:       L:16{1: 16}
parallelismSelector::VERBO:       L:17{1: 2}
parallelismSelector::VERBO:       L:18{1: 16}
parallelismSelector::VERBO:       L:19{1: 2}
parallelismSelector::VERBO:       L:20{1: 130}
parallelismSelector::VERBO:       L:21{1: 16}
parallelismSelector::VERBO:       L:22{1: 2}
parallelismSelector::VERBO:       L:26{1: 16}
parallelismSelector::VERBO:       L:27{1: 2}
parallelismSelector::VERBO:     Collected Interval ranges
parallelismSelector::VERBO:       L:160
parallelismSelector::VERBO:       L:170
parallelismSelector::VERBO:       L:180
parallelismSelector::VERBO:       L:190
parallelismSelector::VERBO:       L:200
parallelismSelector::VERBO:       L:210
parallelismSelector::VERBO:       L:220
parallelismSelector::VERBO:       L:260
parallelismSelector::VERBO:       L:271
parallelismSelector::VERBO: 
parallelismSelector::VERBO: Analyzing Loop "Row_DCT_Loop" (LoopId 23):
parallelismSelector::VERBO:     MARegionScheduler::finalize():
parallelismSelector::VERBO:        - LoopId: 23 Label: Row_DCT_Loop
parallelismSelector::VERBO:          - EndCycles: for.body_iso0 -> {1: 130}
parallelismSelector::VERBO:          - EndCycles: for.body_iso1 -> {1: 130}
parallelismSelector::VERBO:          - EndCycles: for.body -> {1: 1}
parallelismSelector::VERBO:        - MaxEndCycle: {1: 130}
parallelismSelector::VERBO:        - Critical path: for.body_iso0, for.body_iso1, for.body
parallelismSelector::VERBO:     hasRAW: 0
parallelismSelector::VERBO:     Collect memory port metrics for LoopId: 23
                                
parallelismSelector::VERBO:        - IIMem: {1: 0}, OwnedIIMem: {1: 0}, NestedIIMem: {1: 0}
parallelismSelector::VERBO:     Collected Var penalties
parallelismSelector::VERBO:       L:16 V:39{1: 0}
parallelismSelector::VERBO:       L:16 V:41{1: 0}
parallelismSelector::VERBO:       L:17 V:39{1: 0}
parallelismSelector::VERBO:       L:17 V:41{1: 0}
parallelismSelector::VERBO:       L:18 V:42{1: 0}
parallelismSelector::VERBO:       L:18 V:50{1: 0}
parallelismSelector::VERBO:       L:19 V:42{1: 0}
parallelismSelector::VERBO:       L:19 V:50{1: 0}
parallelismSelector::VERBO:       L:21 V:49{1: 0}
parallelismSelector::VERBO:       L:21 V:51{1: 0}
parallelismSelector::VERBO:       L:22 V:49{1: 0}
parallelismSelector::VERBO:       L:22 V:51{1: 0}
parallelismSelector::VERBO:       L:26 V:41{1: 0}
parallelismSelector::VERBO:       L:26 V:49{1: 0}
parallelismSelector::VERBO:       L:26 V:50{1: 0}
parallelismSelector::VERBO:       L:26 V:51{1: 0}
parallelismSelector::VERBO:       L:26 V:78{1: 0}
parallelismSelector::VERBO:       L:27 V:41{1: 0}
parallelismSelector::VERBO:       L:27 V:51{1: 0}
parallelismSelector::VERBO:       L:27 V:78{1: 0}
parallelismSelector::VERBO:     Collected latencies
parallelismSelector::VERBO:       L:16{1: 16}
parallelismSelector::VERBO:       L:17{1: 2}
parallelismSelector::VERBO:       L:18{1: 16}
parallelismSelector::VERBO:       L:19{1: 2}
parallelismSelector::VERBO:       L:20{1: 130}
parallelismSelector::VERBO:       L:21{1: 16}
parallelismSelector::VERBO:       L:22{1: 2}
parallelismSelector::VERBO:       L:23{1: 130}
parallelismSelector::VERBO:       L:26{1: 16}
parallelismSelector::VERBO:       L:27{1: 2}
parallelismSelector::VERBO:     Collected Interval ranges
parallelismSelector::VERBO:       L:160
parallelismSelector::VERBO:       L:170
parallelismSelector::VERBO:       L:180
parallelismSelector::VERBO:       L:190
parallelismSelector::VERBO:       L:200
parallelismSelector::VERBO:       L:210
parallelismSelector::VERBO:       L:220
parallelismSelector::VERBO:       L:230
parallelismSelector::VERBO:       L:260
parallelismSelector::VERBO:       L:271
parallelismSelector::VERBO: 
parallelismSelector::VERBO: Analyzing Function "dct_2d" (FunctionId 214):
parallelismSelector::VERBO:         LoopId: 23, Label: Row_DCT_Loop, TC: 8, IL: {1: 130}, IIMem: {1: 0}, IIDep 0
parallelismSelector::VERBO:         	unroll 1 Cycles: 1040
parallelismSelector::VERBO:         Overall latency for nested loop (LoopId 23): 1040
parallelismSelector::VERBO:         LoopId: 21, Label: Xpose_Row_Outer_Loop, TC: 8, IL: {1: 16}, IIMem: {1: 0}, IIDep 0
parallelismSelector::VERBO:         	unroll 1 Cycles: 128
parallelismSelector::VERBO:         Overall latency for nested loop (LoopId 21): 128
parallelismSelector::VERBO:         LoopId: 20, Label: Col_DCT_Loop, TC: 8, IL: {1: 130}, IIMem: {1: 0}, IIDep 0
parallelismSelector::VERBO:         	unroll 1 Cycles: 1040
parallelismSelector::VERBO:         Overall latency for nested loop (LoopId 20): 1040
parallelismSelector::VERBO:         LoopId: 18, Label: Xpose_Col_Outer_Loop, TC: 8, IL: {1: 16}, IIMem: {1: 0}, IIDep 0
parallelismSelector::VERBO:         	unroll 1 Cycles: 128
parallelismSelector::VERBO:         Overall latency for nested loop (LoopId 18): 128
parallelismSelector::VERBO:     MARegionScheduler::finalize():
parallelismSelector::VERBO:        - Function: dct_2d
parallelismSelector::VERBO:          - EndCycles: for.body_iso1 -> {1: 1041}
parallelismSelector::VERBO:          - EndCycles: for.end20 -> {1: 1170}
parallelismSelector::VERBO:          - EndCycles: for.end23 -> {1: 1171}
parallelismSelector::VERBO:          - EndCycles: entry -> {1: 1}
parallelismSelector::VERBO:          - EndCycles: for.end -> {1: 1042}
parallelismSelector::VERBO:          - EndCycles: for.end55 -> {1: 2340}
parallelismSelector::VERBO:          - EndCycles: for.end35 -> {1: 2212}
parallelismSelector::VERBO:          - EndCycles: for.body26_iso3 -> {1: 2211}
parallelismSelector::VERBO:          - EndCycles: for.end52 -> {1: 2340}
parallelismSelector::VERBO:        - MaxEndCycle: {1: 2340}
parallelismSelector::VERBO:        - Critical path: for.body_iso1, for.body6, for.end20, for.end23, for.body26, entry, for.body, for.end, for.end55, for.end35, for.body26_iso3, for.body38, for.end52
parallelismSelector::VERBO:     Collected Var penalties
parallelismSelector::VERBO:       L:16 V:39{1: 0}
parallelismSelector::VERBO:       L:16 V:41{1: 0}
parallelismSelector::VERBO:       L:17 V:39{1: 0}
parallelismSelector::VERBO:       L:17 V:41{1: 0}
parallelismSelector::VERBO:       L:18 V:42{1: 0}
parallelismSelector::VERBO:       L:18 V:50{1: 0}
parallelismSelector::VERBO:       L:19 V:42{1: 0}
parallelismSelector::VERBO:       L:19 V:50{1: 0}
parallelismSelector::VERBO:       L:21 V:49{1: 0}
parallelismSelector::VERBO:       L:21 V:51{1: 0}
parallelismSelector::VERBO:       L:22 V:49{1: 0}
parallelismSelector::VERBO:       L:22 V:51{1: 0}
parallelismSelector::VERBO:       L:26 V:41{1: 0}
parallelismSelector::VERBO:       L:26 V:49{1: 0}
parallelismSelector::VERBO:       L:26 V:50{1: 0}
parallelismSelector::VERBO:       L:26 V:51{1: 0}
parallelismSelector::VERBO:       L:26 V:78{1: 0}
parallelismSelector::VERBO:       L:27 V:41{1: 0}
parallelismSelector::VERBO:       L:27 V:51{1: 0}
parallelismSelector::VERBO:       L:27 V:78{1: 0}
parallelismSelector::VERBO:     Collected latencies
parallelismSelector::VERBO:       L:16{1: 16}
parallelismSelector::VERBO:       L:17{1: 2}
parallelismSelector::VERBO:       L:18{1: 16}
parallelismSelector::VERBO:       L:19{1: 2}
parallelismSelector::VERBO:       L:20{1: 130}
parallelismSelector::VERBO:       L:21{1: 16}
parallelismSelector::VERBO:       L:22{1: 2}
parallelismSelector::VERBO:       L:23{1: 130}
parallelismSelector::VERBO:       L:26{1: 16}
parallelismSelector::VERBO:       L:27{1: 2}
parallelismSelector::VERBO:     Collected Interval ranges
parallelismSelector::VERBO:       L:160
parallelismSelector::VERBO:       L:170
parallelismSelector::VERBO:       L:180
parallelismSelector::VERBO:       L:190
parallelismSelector::VERBO:       L:200
parallelismSelector::VERBO:       L:210
parallelismSelector::VERBO:       L:220
parallelismSelector::VERBO:       L:230
parallelismSelector::VERBO:       L:260
parallelismSelector::VERBO:       L:271
parallelismSelector::VERBO: 
parallelismSelector::VERBO: Analyzing Function "Outline_T4_F212_R3_Call" (FunctionId 218):
parallelismSelector::VERBO:     MARegionScheduler::finalize():
parallelismSelector::VERBO:        - Function: Outline_T4_F212_R3_Call
parallelismSelector::VERBO:          - EndCycles: newFuncRoot_iso0 -> {1: 2341}
parallelismSelector::VERBO:          - EndCycles: newFuncRoot -> {1: 1}
parallelismSelector::VERBO:        - MaxEndCycle: {1: 2341}
parallelismSelector::VERBO:        - Critical path: newFuncRoot_iso0, newFuncRoot
parallelismSelector::VERBO:     Collected Var penalties
parallelismSelector::VERBO:       L:16 V:39{1: 0}
parallelismSelector::VERBO:       L:16 V:41{1: 0}
parallelismSelector::VERBO:       L:17 V:39{1: 0}
parallelismSelector::VERBO:       L:17 V:41{1: 0}
parallelismSelector::VERBO:       L:18 V:42{1: 0}
parallelismSelector::VERBO:       L:18 V:50{1: 0}
parallelismSelector::VERBO:       L:19 V:42{1: 0}
parallelismSelector::VERBO:       L:19 V:50{1: 0}
parallelismSelector::VERBO:       L:21 V:49{1: 0}
parallelismSelector::VERBO:       L:21 V:51{1: 0}
parallelismSelector::VERBO:       L:22 V:49{1: 0}
parallelismSelector::VERBO:       L:22 V:51{1: 0}
parallelismSelector::VERBO:       L:26 V:41{1: 0}
parallelismSelector::VERBO:       L:26 V:49{1: 0}
parallelismSelector::VERBO:       L:26 V:50{1: 0}
parallelismSelector::VERBO:       L:26 V:51{1: 0}
parallelismSelector::VERBO:       L:26 V:78{1: 0}
parallelismSelector::VERBO:       L:27 V:41{1: 0}
parallelismSelector::VERBO:       L:27 V:51{1: 0}
parallelismSelector::VERBO:       L:27 V:78{1: 0}
parallelismSelector::VERBO:     Collected latencies
parallelismSelector::VERBO:       L:16{1: 16}
parallelismSelector::VERBO:       L:17{1: 2}
parallelismSelector::VERBO:       L:18{1: 16}
parallelismSelector::VERBO:       L:19{1: 2}
parallelismSelector::VERBO:       L:20{1: 130}
parallelismSelector::VERBO:       L:21{1: 16}
parallelismSelector::VERBO:       L:22{1: 2}
parallelismSelector::VERBO:       L:23{1: 130}
parallelismSelector::VERBO:       L:26{1: 16}
parallelismSelector::VERBO:       L:27{1: 2}
parallelismSelector::VERBO:     Collected Interval ranges
parallelismSelector::VERBO:       L:160
parallelismSelector::VERBO:       L:170
parallelismSelector::VERBO:       L:180
parallelismSelector::VERBO:       L:190
parallelismSelector::VERBO:       L:200
parallelismSelector::VERBO:       L:210
parallelismSelector::VERBO:       L:220
parallelismSelector::VERBO:       L:230
parallelismSelector::VERBO:       L:260
parallelismSelector::VERBO:       L:271
parallelismSelector::VERBO: 
parallelismSelector::VERBO: [LatencyEstimationVisitor] CallSite: CS(2 F=219) (68->42)(69->40)
parallelismSelector::VERBO: [LatencyEstimationVisitor] Equivalence table
                             Object with value: 68 is mapped to the object with value: 42
                             Object with value: 69 is mapped to the object with value: 40
                            
parallelismSelector::VERBO: [LatencyEstimationVisitor] CallSite: CS(7 F=215) (54->68)(55->69)
parallelismSelector::VERBO: [LatencyEstimationVisitor] Equivalence table
                             Object with value: 54 is mapped to the object with value: 42
                             Object with value: 55 is mapped to the object with value: 40
                             Object with value: 68 is mapped to the object with value: 42
                             Object with value: 69 is mapped to the object with value: 40
                            
parallelismSelector::VERBO: Analyzing Loop "WR_Loop_Col" (LoopId 25):
parallelismSelector::VERBO:     MARegionScheduler::finalize():
parallelismSelector::VERBO:        - LoopId: 25 Label: WR_Loop_Col
parallelismSelector::VERBO:          - EndCycles: for.body3 -> {1: 2}
parallelismSelector::VERBO:        - MaxEndCycle: {1: 2}
parallelismSelector::VERBO:        - Critical path: for.body3
parallelismSelector::VERBO:     hasRAW: 0
parallelismSelector::VERBO:     Collect memory port metrics for LoopId: 25
                                
parallelismSelector::VERBO:     VarId: 54, number of direct accesses: 1, number of indirect accesses: 0, RequiredPorts: 1, Available ports: 2
                                
parallelismSelector::VERBO:     VarId: 55, number of direct accesses: 1, number of indirect accesses: 0, RequiredPorts: 1, Available ports: 2
                                
parallelismSelector::VERBO:        - IIMem: {1: 0.5}, OwnedIIMem: {1: 0.5}, NestedIIMem: {1: 0}
parallelismSelector::VERBO:     Collected Var penalties
parallelismSelector::VERBO:       L:16 V:39{1: 0}
parallelismSelector::VERBO:       L:16 V:41{1: 0}
parallelismSelector::VERBO:       L:17 V:39{1: 0}
parallelismSelector::VERBO:       L:17 V:41{1: 0}
parallelismSelector::VERBO:       L:18 V:42{1: 0}
parallelismSelector::VERBO:       L:18 V:50{1: 0}
parallelismSelector::VERBO:       L:19 V:42{1: 0}
parallelismSelector::VERBO:       L:19 V:50{1: 0}
parallelismSelector::VERBO:       L:21 V:49{1: 0}
parallelismSelector::VERBO:       L:21 V:51{1: 0}
parallelismSelector::VERBO:       L:22 V:49{1: 0}
parallelismSelector::VERBO:       L:22 V:51{1: 0}
parallelismSelector::VERBO:       L:25 V:40{1: 0}
parallelismSelector::VERBO:       L:25 V:42{1: 0}
parallelismSelector::VERBO:       L:26 V:41{1: 0}
parallelismSelector::VERBO:       L:26 V:49{1: 0}
parallelismSelector::VERBO:       L:26 V:50{1: 0}
parallelismSelector::VERBO:       L:26 V:51{1: 0}
parallelismSelector::VERBO:       L:26 V:78{1: 0}
parallelismSelector::VERBO:       L:27 V:41{1: 0}
parallelismSelector::VERBO:       L:27 V:51{1: 0}
parallelismSelector::VERBO:       L:27 V:78{1: 0}
parallelismSelector::VERBO:     Collected latencies
parallelismSelector::VERBO:       L:16{1: 16}
parallelismSelector::VERBO:       L:17{1: 2}
parallelismSelector::VERBO:       L:18{1: 16}
parallelismSelector::VERBO:       L:19{1: 2}
parallelismSelector::VERBO:       L:20{1: 130}
parallelismSelector::VERBO:       L:21{1: 16}
parallelismSelector::VERBO:       L:22{1: 2}
parallelismSelector::VERBO:       L:23{1: 130}
parallelismSelector::VERBO:       L:25{1: 2}
parallelismSelector::VERBO:       L:26{1: 16}
parallelismSelector::VERBO:       L:27{1: 2}
parallelismSelector::VERBO:     Collected Interval ranges
parallelismSelector::VERBO:       L:160
parallelismSelector::VERBO:       L:170
parallelismSelector::VERBO:       L:180
parallelismSelector::VERBO:       L:190
parallelismSelector::VERBO:       L:200
parallelismSelector::VERBO:       L:210
parallelismSelector::VERBO:       L:220
parallelismSelector::VERBO:       L:230
parallelismSelector::VERBO:       L:250
parallelismSelector::VERBO:       L:260
parallelismSelector::VERBO:       L:271
parallelismSelector::VERBO: 
parallelismSelector::VERBO: Analyzing Loop "WR_Loop_Row" (LoopId 24):
parallelismSelector::VERBO:         LoopId: 25, Label: WR_Loop_Col, TC: 8, IL: {1: 2}, IIMem: {1: 0.5}, IIDep 0
parallelismSelector::VERBO:         	unroll 1 Cycles: 16
parallelismSelector::VERBO:         Overall latency for nested loop (LoopId 25): 16
parallelismSelector::VERBO:     MARegionScheduler::finalize():
parallelismSelector::VERBO:        - LoopId: 24 Label: WR_Loop_Row
parallelismSelector::VERBO:          - EndCycles: for.end -> {1: 16}
parallelismSelector::VERBO:          - EndCycles: for.body3 -> {1: 16}
parallelismSelector::VERBO:          - EndCycles: for.body -> {1: 1}
parallelismSelector::VERBO:        - MaxEndCycle: {1: 16}
parallelismSelector::VERBO:        - Critical path: for.end, for.body3, for.body
parallelismSelector::VERBO:     hasRAW: 0
parallelismSelector::VERBO:     Collect memory port metrics for LoopId: 24
                                
parallelismSelector::VERBO:     VarId: 54, number of direct accesses: 0, number of indirect accesses: 1, RequiredPorts: 1, Available ports: 2
                                
parallelismSelector::VERBO:     VarId: 55, number of direct accesses: 0, number of indirect accesses: 1, RequiredPorts: 1, Available ports: 2
                                
parallelismSelector::VERBO:        - IIMem: {1: 0}, OwnedIIMem: {1: 0}, NestedIIMem: {1: 0}
parallelismSelector::VERBO:     Collected Var penalties
parallelismSelector::VERBO:       L:16 V:39{1: 0}
parallelismSelector::VERBO:       L:16 V:41{1: 0}
parallelismSelector::VERBO:       L:17 V:39{1: 0}
parallelismSelector::VERBO:       L:17 V:41{1: 0}
parallelismSelector::VERBO:       L:18 V:42{1: 0}
parallelismSelector::VERBO:       L:18 V:50{1: 0}
parallelismSelector::VERBO:       L:19 V:42{1: 0}
parallelismSelector::VERBO:       L:19 V:50{1: 0}
parallelismSelector::VERBO:       L:21 V:49{1: 0}
parallelismSelector::VERBO:       L:21 V:51{1: 0}
parallelismSelector::VERBO:       L:22 V:49{1: 0}
parallelismSelector::VERBO:       L:22 V:51{1: 0}
parallelismSelector::VERBO:       L:24 V:40{1: 0}
parallelismSelector::VERBO:       L:24 V:42{1: 0}
parallelismSelector::VERBO:       L:25 V:40{1: 0}
parallelismSelector::VERBO:       L:25 V:42{1: 0}
parallelismSelector::VERBO:       L:26 V:41{1: 0}
parallelismSelector::VERBO:       L:26 V:49{1: 0}
parallelismSelector::VERBO:       L:26 V:50{1: 0}
parallelismSelector::VERBO:       L:26 V:51{1: 0}
parallelismSelector::VERBO:       L:26 V:78{1: 0}
parallelismSelector::VERBO:       L:27 V:41{1: 0}
parallelismSelector::VERBO:       L:27 V:51{1: 0}
parallelismSelector::VERBO:       L:27 V:78{1: 0}
parallelismSelector::VERBO:     Collected latencies
parallelismSelector::VERBO:       L:16{1: 16}
parallelismSelector::VERBO:       L:17{1: 2}
parallelismSelector::VERBO:       L:18{1: 16}
parallelismSelector::VERBO:       L:19{1: 2}
parallelismSelector::VERBO:       L:20{1: 130}
parallelismSelector::VERBO:       L:21{1: 16}
parallelismSelector::VERBO:       L:22{1: 2}
parallelismSelector::VERBO:       L:23{1: 130}
parallelismSelector::VERBO:       L:24{1: 16}
parallelismSelector::VERBO:       L:25{1: 2}
parallelismSelector::VERBO:       L:26{1: 16}
parallelismSelector::VERBO:       L:27{1: 2}
parallelismSelector::VERBO:     Collected Interval ranges
parallelismSelector::VERBO:       L:160
parallelismSelector::VERBO:       L:170
parallelismSelector::VERBO:       L:180
parallelismSelector::VERBO:       L:190
parallelismSelector::VERBO:       L:200
parallelismSelector::VERBO:       L:210
parallelismSelector::VERBO:       L:220
parallelismSelector::VERBO:       L:230
parallelismSelector::VERBO:       L:240
parallelismSelector::VERBO:       L:250
parallelismSelector::VERBO:       L:260
parallelismSelector::VERBO:       L:271
parallelismSelector::VERBO: 
parallelismSelector::VERBO: Analyzing Function "write_data" (FunctionId 215):
parallelismSelector::VERBO:         LoopId: 24, Label: WR_Loop_Row, TC: 8, IL: {1: 16}, IIMem: {1: 0}, IIDep 0
parallelismSelector::VERBO:         	unroll 1 Cycles: 128
parallelismSelector::VERBO:         Overall latency for nested loop (LoopId 24): 128
parallelismSelector::VERBO:     MARegionScheduler::finalize():
parallelismSelector::VERBO:        - Function: write_data
parallelismSelector::VERBO:          - EndCycles: for.end -> {1: 129}
parallelismSelector::VERBO:          - EndCycles: for.end10 -> {1: 129}
parallelismSelector::VERBO:          - EndCycles: entry -> {1: 1}
parallelismSelector::VERBO:        - MaxEndCycle: {1: 129}
parallelismSelector::VERBO:        - Critical path: for.end, for.end10, for.body, entry
parallelismSelector::VERBO:     Collected Var penalties
parallelismSelector::VERBO:       L:16 V:39{1: 0}
parallelismSelector::VERBO:       L:16 V:41{1: 0}
parallelismSelector::VERBO:       L:17 V:39{1: 0}
parallelismSelector::VERBO:       L:17 V:41{1: 0}
parallelismSelector::VERBO:       L:18 V:42{1: 0}
parallelismSelector::VERBO:       L:18 V:50{1: 0}
parallelismSelector::VERBO:       L:19 V:42{1: 0}
parallelismSelector::VERBO:       L:19 V:50{1: 0}
parallelismSelector::VERBO:       L:21 V:49{1: 0}
parallelismSelector::VERBO:       L:21 V:51{1: 0}
parallelismSelector::VERBO:       L:22 V:49{1: 0}
parallelismSelector::VERBO:       L:22 V:51{1: 0}
parallelismSelector::VERBO:       L:24 V:40{1: 0}
parallelismSelector::VERBO:       L:24 V:42{1: 0}
parallelismSelector::VERBO:       L:25 V:40{1: 0}
parallelismSelector::VERBO:       L:25 V:42{1: 0}
parallelismSelector::VERBO:       L:26 V:41{1: 0}
parallelismSelector::VERBO:       L:26 V:49{1: 0}
parallelismSelector::VERBO:       L:26 V:50{1: 0}
parallelismSelector::VERBO:       L:26 V:51{1: 0}
parallelismSelector::VERBO:       L:26 V:78{1: 0}
parallelismSelector::VERBO:       L:27 V:41{1: 0}
parallelismSelector::VERBO:       L:27 V:51{1: 0}
parallelismSelector::VERBO:       L:27 V:78{1: 0}
parallelismSelector::VERBO:     Collected latencies
parallelismSelector::VERBO:       L:16{1: 16}
parallelismSelector::VERBO:       L:17{1: 2}
parallelismSelector::VERBO:       L:18{1: 16}
parallelismSelector::VERBO:       L:19{1: 2}
parallelismSelector::VERBO:       L:20{1: 130}
parallelismSelector::VERBO:       L:21{1: 16}
parallelismSelector::VERBO:       L:22{1: 2}
parallelismSelector::VERBO:       L:23{1: 130}
parallelismSelector::VERBO:       L:24{1: 16}
parallelismSelector::VERBO:       L:25{1: 2}
parallelismSelector::VERBO:       L:26{1: 16}
parallelismSelector::VERBO:       L:27{1: 2}
parallelismSelector::VERBO:     Collected Interval ranges
parallelismSelector::VERBO:       L:160
parallelismSelector::VERBO:       L:170
parallelismSelector::VERBO:       L:180
parallelismSelector::VERBO:       L:190
parallelismSelector::VERBO:       L:200
parallelismSelector::VERBO:       L:210
parallelismSelector::VERBO:       L:220
parallelismSelector::VERBO:       L:230
parallelismSelector::VERBO:       L:240
parallelismSelector::VERBO:       L:250
parallelismSelector::VERBO:       L:260
parallelismSelector::VERBO:       L:271
parallelismSelector::VERBO: 
parallelismSelector::VERBO: Analyzing Function "Outline_T5_F212_R4_Call" (FunctionId 219):
parallelismSelector::VERBO:     MARegionScheduler::finalize():
parallelismSelector::VERBO:        - Function: Outline_T5_F212_R4_Call
parallelismSelector::VERBO:          - EndCycles: newFuncRoot -> {1: 1}
parallelismSelector::VERBO:          - EndCycles: newFuncRoot_iso0 -> {1: 130}
parallelismSelector::VERBO:        - MaxEndCycle: {1: 130}
parallelismSelector::VERBO:        - Critical path: newFuncRoot, newFuncRoot_iso0
parallelismSelector::VERBO:     Collected Var penalties
parallelismSelector::VERBO:       L:16 V:39{1: 0}
parallelismSelector::VERBO:       L:16 V:41{1: 0}
parallelismSelector::VERBO:       L:17 V:39{1: 0}
parallelismSelector::VERBO:       L:17 V:41{1: 0}
parallelismSelector::VERBO:       L:18 V:42{1: 0}
parallelismSelector::VERBO:       L:18 V:50{1: 0}
parallelismSelector::VERBO:       L:19 V:42{1: 0}
parallelismSelector::VERBO:       L:19 V:50{1: 0}
parallelismSelector::VERBO:       L:21 V:49{1: 0}
parallelismSelector::VERBO:       L:21 V:51{1: 0}
parallelismSelector::VERBO:       L:22 V:49{1: 0}
parallelismSelector::VERBO:       L:22 V:51{1: 0}
parallelismSelector::VERBO:       L:24 V:40{1: 0}
parallelismSelector::VERBO:       L:24 V:42{1: 0}
parallelismSelector::VERBO:       L:25 V:40{1: 0}
parallelismSelector::VERBO:       L:25 V:42{1: 0}
parallelismSelector::VERBO:       L:26 V:41{1: 0}
parallelismSelector::VERBO:       L:26 V:49{1: 0}
parallelismSelector::VERBO:       L:26 V:50{1: 0}
parallelismSelector::VERBO:       L:26 V:51{1: 0}
parallelismSelector::VERBO:       L:26 V:78{1: 0}
parallelismSelector::VERBO:       L:27 V:41{1: 0}
parallelismSelector::VERBO:       L:27 V:51{1: 0}
parallelismSelector::VERBO:       L:27 V:78{1: 0}
parallelismSelector::VERBO:     Collected latencies
parallelismSelector::VERBO:       L:16{1: 16}
parallelismSelector::VERBO:       L:17{1: 2}
parallelismSelector::VERBO:       L:18{1: 16}
parallelismSelector::VERBO:       L:19{1: 2}
parallelismSelector::VERBO:       L:20{1: 130}
parallelismSelector::VERBO:       L:21{1: 16}
parallelismSelector::VERBO:       L:22{1: 2}
parallelismSelector::VERBO:       L:23{1: 130}
parallelismSelector::VERBO:       L:24{1: 16}
parallelismSelector::VERBO:       L:25{1: 2}
parallelismSelector::VERBO:       L:26{1: 16}
parallelismSelector::VERBO:       L:27{1: 2}
parallelismSelector::VERBO:     Collected Interval ranges
parallelismSelector::VERBO:       L:160
parallelismSelector::VERBO:       L:170
parallelismSelector::VERBO:       L:180
parallelismSelector::VERBO:       L:190
parallelismSelector::VERBO:       L:200
parallelismSelector::VERBO:       L:210
parallelismSelector::VERBO:       L:220
parallelismSelector::VERBO:       L:230
parallelismSelector::VERBO:       L:240
parallelismSelector::VERBO:       L:250
parallelismSelector::VERBO:       L:260
parallelismSelector::VERBO:       L:271
parallelismSelector::VERBO: 
parallelismSelector::VERBO: Analyzing Function "dct" (FunctionId 212):
parallelismSelector::VERBO:     MARegionScheduler::finalize():
parallelismSelector::VERBO:        - Function: dct
parallelismSelector::VERBO:          - EndCycles: entry -> {1: 1}
parallelismSelector::VERBO:          - EndCycles: codeRepl1 -> {1: 2474}
parallelismSelector::VERBO:          - EndCycles: codeRepl2 -> {1: 2605}
parallelismSelector::VERBO:          - EndCycles: entry_iso3 -> {1: 2605}
parallelismSelector::VERBO:          - EndCycles: codeRepl -> {1: 132}
parallelismSelector::VERBO:        - MaxEndCycle: {1: 2605}
parallelismSelector::VERBO:        - Critical path: entry, codeRepl1, codeRepl2, entry_iso3, codeRepl
parallelismSelector::VERBO:     Collected Var penalties
parallelismSelector::VERBO:       L:16 V:39{1: 0}
parallelismSelector::VERBO:       L:16 V:41{1: 0}
parallelismSelector::VERBO:       L:17 V:39{1: 0}
parallelismSelector::VERBO:       L:17 V:41{1: 0}
parallelismSelector::VERBO:       L:18 V:42{1: 0}
parallelismSelector::VERBO:       L:18 V:50{1: 0}
parallelismSelector::VERBO:       L:19 V:42{1: 0}
parallelismSelector::VERBO:       L:19 V:50{1: 0}
parallelismSelector::VERBO:       L:21 V:49{1: 0}
parallelismSelector::VERBO:       L:21 V:51{1: 0}
parallelismSelector::VERBO:       L:22 V:49{1: 0}
parallelismSelector::VERBO:       L:22 V:51{1: 0}
parallelismSelector::VERBO:       L:24 V:40{1: 0}
parallelismSelector::VERBO:       L:24 V:42{1: 0}
parallelismSelector::VERBO:       L:25 V:40{1: 0}
parallelismSelector::VERBO:       L:25 V:42{1: 0}
parallelismSelector::VERBO:       L:26 V:41{1: 0}
parallelismSelector::VERBO:       L:26 V:49{1: 0}
parallelismSelector::VERBO:       L:26 V:50{1: 0}
parallelismSelector::VERBO:       L:26 V:51{1: 0}
parallelismSelector::VERBO:       L:26 V:78{1: 0}
parallelismSelector::VERBO:       L:27 V:41{1: 0}
parallelismSelector::VERBO:       L:27 V:51{1: 0}
parallelismSelector::VERBO:       L:27 V:78{1: 0}
parallelismSelector::VERBO:     Collected latencies
parallelismSelector::VERBO:       L:16{1: 16}
parallelismSelector::VERBO:       L:17{1: 2}
parallelismSelector::VERBO:       L:18{1: 16}
parallelismSelector::VERBO:       L:19{1: 2}
parallelismSelector::VERBO:       L:20{1: 130}
parallelismSelector::VERBO:       L:21{1: 16}
parallelismSelector::VERBO:       L:22{1: 2}
parallelismSelector::VERBO:       L:23{1: 130}
parallelismSelector::VERBO:       L:24{1: 16}
parallelismSelector::VERBO:       L:25{1: 2}
parallelismSelector::VERBO:       L:26{1: 16}
parallelismSelector::VERBO:       L:27{1: 2}
parallelismSelector::VERBO:     Collected Interval ranges
parallelismSelector::VERBO:       L:160
parallelismSelector::VERBO:       L:170
parallelismSelector::VERBO:       L:180
parallelismSelector::VERBO:       L:190
parallelismSelector::VERBO:       L:200
parallelismSelector::VERBO:       L:210
parallelismSelector::VERBO:       L:220
parallelismSelector::VERBO:       L:230
parallelismSelector::VERBO:       L:240
parallelismSelector::VERBO:       L:250
parallelismSelector::VERBO:       L:260
parallelismSelector::VERBO:       L:271
parallelismSelector::VERBO: 
parallelismSelector::VERBO: Filling in latencies and intervals per loop...
parallelismSelector::VERBO:     Interval:
parallelismSelector::VERBO:     LoopId: 17, Label: RD_Loop_Col, TC: 8, IL: {1: 2}, IIMem: {1: 0.5}, IIDep 0
parallelismSelector::VERBO:     	unroll 1 Cycles: 2
parallelismSelector::VERBO:     Latency:
parallelismSelector::VERBO:     LoopId: 17, Label: RD_Loop_Col, TC: 8, IL: {1: 2}, IIMem: {1: 0.5}, IIDep 0
parallelismSelector::VERBO:     	unroll 1 Cycles: 16
parallelismSelector::VERBO:     Mem Interval:
parallelismSelector::VERBO:     Interval:
parallelismSelector::VERBO:     LoopId: 16, Label: RD_Loop_Row, TC: 8, IL: {1: 16}, IIMem: {1: 0}, IIDep 0
parallelismSelector::VERBO:     	unroll 1 Cycles: 16
parallelismSelector::VERBO:     Latency:
parallelismSelector::VERBO:     LoopId: 16, Label: RD_Loop_Row, TC: 8, IL: {1: 16}, IIMem: {1: 0}, IIDep 0
parallelismSelector::VERBO:     	unroll 1 Cycles: 128
parallelismSelector::VERBO:     Mem Interval:
parallelismSelector::VERBO:     Interval:
parallelismSelector::VERBO:     LoopId: 19, Label: Xpose_Col_Inner_Loop, TC: 8, IL: {1: 2}, IIMem: {1: 0.5}, IIDep 0
parallelismSelector::VERBO:     	unroll 1 Cycles: 2
parallelismSelector::VERBO:     Latency:
parallelismSelector::VERBO:     LoopId: 19, Label: Xpose_Col_Inner_Loop, TC: 8, IL: {1: 2}, IIMem: {1: 0.5}, IIDep 0
parallelismSelector::VERBO:     	unroll 1 Cycles: 16
parallelismSelector::VERBO:     Mem Interval:
parallelismSelector::VERBO:     Interval:
parallelismSelector::VERBO:     LoopId: 18, Label: Xpose_Col_Outer_Loop, TC: 8, IL: {1: 16}, IIMem: {1: 0}, IIDep 0
parallelismSelector::VERBO:     	unroll 1 Cycles: 16
parallelismSelector::VERBO:     Latency:
parallelismSelector::VERBO:     LoopId: 18, Label: Xpose_Col_Outer_Loop, TC: 8, IL: {1: 16}, IIMem: {1: 0}, IIDep 0
parallelismSelector::VERBO:     	unroll 1 Cycles: 128
parallelismSelector::VERBO:     Mem Interval:
parallelismSelector::VERBO:     Interval:
parallelismSelector::VERBO:     LoopId: 27, Label: DCT_Inner_Loop, TC: 8, IL: {1: 2}, IIMem: {1: 0.5}, IIDep 1
parallelismSelector::VERBO:     	unroll 1 Cycles: 2
parallelismSelector::VERBO:     Latency:
parallelismSelector::VERBO:     LoopId: 27, Label: DCT_Inner_Loop, TC: 8, IL: {1: 2}, IIMem: {1: 0.5}, IIDep 1
parallelismSelector::VERBO:     	unroll 1 Cycles: 16
parallelismSelector::VERBO:     Mem Interval:
parallelismSelector::VERBO:     Interval:
parallelismSelector::VERBO:     LoopId: 26, Label: DCT_Outer_Loop, TC: 8, IL: {1: 16}, IIMem: {1: 0.5}, IIDep 0
parallelismSelector::VERBO:     	unroll 1 Cycles: 16
parallelismSelector::VERBO:     Latency:
parallelismSelector::VERBO:     LoopId: 26, Label: DCT_Outer_Loop, TC: 8, IL: {1: 16}, IIMem: {1: 0.5}, IIDep 0
parallelismSelector::VERBO:     	unroll 1 Cycles: 128
parallelismSelector::VERBO:     Mem Interval:
parallelismSelector::VERBO:     Interval:
parallelismSelector::VERBO:     LoopId: 20, Label: Col_DCT_Loop, TC: 8, IL: {1: 130}, IIMem: {1: 0}, IIDep 0
parallelismSelector::VERBO:     	unroll 1 Cycles: 130
parallelismSelector::VERBO:     Latency:
parallelismSelector::VERBO:     LoopId: 20, Label: Col_DCT_Loop, TC: 8, IL: {1: 130}, IIMem: {1: 0}, IIDep 0
parallelismSelector::VERBO:     	unroll 1 Cycles: 1040
parallelismSelector::VERBO:     Mem Interval:
parallelismSelector::VERBO:     Interval:
parallelismSelector::VERBO:     LoopId: 22, Label: Xpose_Row_Inner_Loop, TC: 8, IL: {1: 2}, IIMem: {1: 0.5}, IIDep 0
parallelismSelector::VERBO:     	unroll 1 Cycles: 2
parallelismSelector::VERBO:     Latency:
parallelismSelector::VERBO:     LoopId: 22, Label: Xpose_Row_Inner_Loop, TC: 8, IL: {1: 2}, IIMem: {1: 0.5}, IIDep 0
parallelismSelector::VERBO:     	unroll 1 Cycles: 16
parallelismSelector::VERBO:     Mem Interval:
parallelismSelector::VERBO:     Interval:
parallelismSelector::VERBO:     LoopId: 21, Label: Xpose_Row_Outer_Loop, TC: 8, IL: {1: 16}, IIMem: {1: 0}, IIDep 0
parallelismSelector::VERBO:     	unroll 1 Cycles: 16
parallelismSelector::VERBO:     Latency:
parallelismSelector::VERBO:     LoopId: 21, Label: Xpose_Row_Outer_Loop, TC: 8, IL: {1: 16}, IIMem: {1: 0}, IIDep 0
parallelismSelector::VERBO:     	unroll 1 Cycles: 128
parallelismSelector::VERBO:     Mem Interval:
parallelismSelector::VERBO:     Interval:
parallelismSelector::VERBO:     LoopId: 23, Label: Row_DCT_Loop, TC: 8, IL: {1: 130}, IIMem: {1: 0}, IIDep 0
parallelismSelector::VERBO:     	unroll 1 Cycles: 130
parallelismSelector::VERBO:     Latency:
parallelismSelector::VERBO:     LoopId: 23, Label: Row_DCT_Loop, TC: 8, IL: {1: 130}, IIMem: {1: 0}, IIDep 0
parallelismSelector::VERBO:     	unroll 1 Cycles: 1040
parallelismSelector::VERBO:     Mem Interval:
parallelismSelector::VERBO:     Interval:
parallelismSelector::VERBO:     LoopId: 25, Label: WR_Loop_Col, TC: 8, IL: {1: 2}, IIMem: {1: 0.5}, IIDep 0
parallelismSelector::VERBO:     	unroll 1 Cycles: 2
parallelismSelector::VERBO:     Latency:
parallelismSelector::VERBO:     LoopId: 25, Label: WR_Loop_Col, TC: 8, IL: {1: 2}, IIMem: {1: 0.5}, IIDep 0
parallelismSelector::VERBO:     	unroll 1 Cycles: 16
parallelismSelector::VERBO:     Mem Interval:
parallelismSelector::VERBO:     Interval:
parallelismSelector::VERBO:     LoopId: 24, Label: WR_Loop_Row, TC: 8, IL: {1: 16}, IIMem: {1: 0}, IIDep 0
parallelismSelector::VERBO:     	unroll 1 Cycles: 16
parallelismSelector::VERBO:     Latency:
parallelismSelector::VERBO:     LoopId: 24, Label: WR_Loop_Row, TC: 8, IL: {1: 16}, IIMem: {1: 0}, IIDep 0
parallelismSelector::VERBO:     	unroll 1 Cycles: 128
parallelismSelector::VERBO:     Mem Interval:
parallelismSelector::VERBO: [AreaEstimationVisitor] Func: dct : 212
parallelismSelector::VERBO: [AreaEstimationVisitor] CallSite: CS(0 F=217) (64->41)(65->39)
parallelismSelector::VERBO:   New Equivalence table
                             Object with value: 64 is mapped to the object with value: 41
                             Object with value: 65 is mapped to the object with value: 39
                            
parallelismSelector::VERBO: [AreaEstimationVisitor] Func: Outline_T3_F212_R2_Call : 217
parallelismSelector::VERBO: [AreaEstimationVisitor] CallSite: CS(5 F=213) (43->65)(44->64)
parallelismSelector::VERBO:   New Equivalence table
                             Object with value: 43 is mapped to the object with value: 39
                             Object with value: 44 is mapped to the object with value: 41
                             Object with value: 64 is mapped to the object with value: 41
                             Object with value: 65 is mapped to the object with value: 39
                            
parallelismSelector::VERBO: [AreaEstimationVisitor] Func: read_data : 213
parallelismSelector::VERBO: [AreaEstimationVisitor] Loop: 16
parallelismSelector::VERBO: [AreaEstimationVisitor] Loop: 17
parallelismSelector::VERBO: [Finalize] Self shareable area: LUTs: 0 FFs: 0 DSPs: 0 BRAMs: 0
parallelismSelector::VERBO: [Finalize] ParallelOperationNumPerLoop: {17: 1}
parallelismSelector::VERBO: [Finalize] Contribution of this loop to shareable area: LUTs: 0 FFs: 0 DSPs: 0 BRAMs: 0
parallelismSelector::VERBO: [AreaEstimationVisitor] Total shareable area: LUTs: 0 FFs: 0 DSPs: 0 BRAMs: 0 Total unshareable area: LUTs: 100 FFs: 0 DSPs: 0 BRAMs: 0
parallelismSelector::VERBO: [AreaEstimationVisitor] Self shareable area: LUTs: 0 FFs: 0 DSPs: 0 BRAMs: 0 Self unshareable area: LUTs: 44 FFs: 0 DSPs: 0 BRAMs: 0
parallelismSelector::VERBO: [visitNestedHeader] Adding nested shareable area from loop(id) 17 LUTs: 0 FFs: 0 DSPs: 0 BRAMs: 0
parallelismSelector::VERBO: [Finalize] Self shareable area: LUTs: 0 FFs: 0 DSPs: 0 BRAMs: 0
parallelismSelector::VERBO: [Finalize] ParallelOperationNumPerLoop: {}
parallelismSelector::VERBO: [Finalize] Contribution of this loop to shareable area: LUTs: 0 FFs: 0 DSPs: 0 BRAMs: 0
parallelismSelector::VERBO: [AreaEstimationVisitor] Total shareable area: LUTs: 0 FFs: 0 DSPs: 0 BRAMs: 0 Total unshareable area: LUTs: 112 FFs: 0 DSPs: 0 BRAMs: 0
parallelismSelector::VERBO: [AreaEstimationVisitor] Self shareable area: LUTs: 0 FFs: 0 DSPs: 0 BRAMs: 0 Self unshareable area: LUTs: 12 FFs: 0 DSPs: 0 BRAMs: 0
parallelismSelector::VERBO: [Finalize] Self shareable area: LUTs: 0 FFs: 0 DSPs: 0 BRAMs: 0
parallelismSelector::VERBO: [AreaEstimationVisitor] Total shareable area: LUTs: 0 FFs: 0 DSPs: 0 BRAMs: 0 Total unshareable area: LUTs: 112 FFs: 0 DSPs: 0 BRAMs: 0
parallelismSelector::VERBO: [AreaEstimationVisitor] Self shareable area: LUTs: 0 FFs: 0 DSPs: 0 BRAMs: 0 Self unshareable area: LUTs: 0 FFs: 0 DSPs: 0 BRAMs: 0
parallelismSelector::VERBO: [Finalize] Self shareable area: LUTs: 0 FFs: 0 DSPs: 0 BRAMs: 0
parallelismSelector::VERBO: [AreaEstimationVisitor] Total shareable area: LUTs: 0 FFs: 0 DSPs: 0 BRAMs: 0 Total unshareable area: LUTs: 112 FFs: 0 DSPs: 0 BRAMs: 0
parallelismSelector::VERBO: [AreaEstimationVisitor] Self shareable area: LUTs: 0 FFs: 0 DSPs: 0 BRAMs: 0 Self unshareable area: LUTs: 112 FFs: 0 DSPs: 0 BRAMs: 0
parallelismSelector::VERBO: [AreaEstimationVisitor] CallSite: CS(1 F=218) (66->41)(67->42)
parallelismSelector::VERBO:   New Equivalence table
                             Object with value: 66 is mapped to the object with value: 41
                             Object with value: 67 is mapped to the object with value: 42
                            
parallelismSelector::VERBO: [AreaEstimationVisitor] Func: Outline_T4_F212_R3_Call : 218
parallelismSelector::VERBO: [AreaEstimationVisitor] CallSite: CS(6 F=214) (47->66)(48->67)
parallelismSelector::VERBO:   New Equivalence table
                             Object with value: 47 is mapped to the object with value: 41
                             Object with value: 48 is mapped to the object with value: 42
                             Object with value: 66 is mapped to the object with value: 41
                             Object with value: 67 is mapped to the object with value: 42
                            
parallelismSelector::VERBO: [AreaEstimationVisitor] Func: dct_2d : 214
parallelismSelector::VERBO: [AreaEstimationVisitor] Loop: 18
parallelismSelector::VERBO: [AreaEstimationVisitor] Loop: 19
parallelismSelector::VERBO: [Finalize] Self shareable area: LUTs: 0 FFs: 0 DSPs: 0 BRAMs: 0
parallelismSelector::VERBO: [Finalize] ParallelOperationNumPerLoop: {19: 1}
parallelismSelector::VERBO: [Finalize] Contribution of this loop to shareable area: LUTs: 0 FFs: 0 DSPs: 0 BRAMs: 0
parallelismSelector::VERBO: [AreaEstimationVisitor] Total shareable area: LUTs: 0 FFs: 0 DSPs: 0 BRAMs: 0 Total unshareable area: LUTs: 68 FFs: 0 DSPs: 0 BRAMs: 0
parallelismSelector::VERBO: [AreaEstimationVisitor] Self shareable area: LUTs: 0 FFs: 0 DSPs: 0 BRAMs: 0 Self unshareable area: LUTs: 12 FFs: 0 DSPs: 0 BRAMs: 0
parallelismSelector::VERBO: [visitNestedHeader] Adding nested shareable area from loop(id) 19 LUTs: 0 FFs: 0 DSPs: 0 BRAMs: 0
parallelismSelector::VERBO: [Finalize] Self shareable area: LUTs: 0 FFs: 0 DSPs: 0 BRAMs: 0
parallelismSelector::VERBO: [Finalize] ParallelOperationNumPerLoop: {}
parallelismSelector::VERBO: [Finalize] Contribution of this loop to shareable area: LUTs: 0 FFs: 0 DSPs: 0 BRAMs: 0
parallelismSelector::VERBO: [AreaEstimationVisitor] Total shareable area: LUTs: 0 FFs: 0 DSPs: 0 BRAMs: 0 Total unshareable area: LUTs: 80 FFs: 0 DSPs: 0 BRAMs: 0
parallelismSelector::VERBO: [AreaEstimationVisitor] Self shareable area: LUTs: 0 FFs: 0 DSPs: 0 BRAMs: 0 Self unshareable area: LUTs: 12 FFs: 0 DSPs: 0 BRAMs: 0
parallelismSelector::VERBO: [AreaEstimationVisitor] Loop: 20
parallelismSelector::VERBO: [AreaEstimationVisitor] CallSite: CS(4 F=216) (58->51)(59->50)
parallelismSelector::VERBO:   New Equivalence table
                             Object with value: 47 is mapped to the object with value: 41
                             Object with value: 48 is mapped to the object with value: 42
                             Object with value: 58 is mapped to the object with value: 51
                             Object with value: 59 is mapped to the object with value: 50
                             Object with value: 66 is mapped to the object with value: 41
                             Object with value: 67 is mapped to the object with value: 42
                            
parallelismSelector::VERBO: [AreaEstimationVisitor] Func: dct_1d : 216
parallelismSelector::VERBO: [AreaEstimationVisitor] Loop: 26
parallelismSelector::VERBO: [AreaEstimationVisitor] Loop: 27
parallelismSelector::VERBO: [Finalize] Self shareable area: LUTs: 0 FFs: 0 DSPs: 0 BRAMs: 0
parallelismSelector::VERBO: [Finalize] ParallelOperationNumPerLoop: {27: 1}
parallelismSelector::VERBO: [Finalize] Contribution of this loop to shareable area: LUTs: 0 FFs: 0 DSPs: 0 BRAMs: 0
parallelismSelector::VERBO: [AreaEstimationVisitor] Total shareable area: LUTs: 0 FFs: 0 DSPs: 0 BRAMs: 0 Total unshareable area: LUTs: 100 FFs: 0 DSPs: 1 BRAMs: 0
parallelismSelector::VERBO: [AreaEstimationVisitor] Self shareable area: LUTs: 0 FFs: 0 DSPs: 0 BRAMs: 0 Self unshareable area: LUTs: 44 FFs: 0 DSPs: 1 BRAMs: 0
parallelismSelector::VERBO: [visitNestedHeader] Adding nested shareable area from loop(id) 27 LUTs: 0 FFs: 0 DSPs: 0 BRAMs: 0
parallelismSelector::VERBO: [Finalize] Self shareable area: LUTs: 0 FFs: 0 DSPs: 0 BRAMs: 0
parallelismSelector::VERBO: [Finalize] ParallelOperationNumPerLoop: {26: 1}
parallelismSelector::VERBO: [Finalize] Contribution of this loop to shareable area: LUTs: 0 FFs: 0 DSPs: 0 BRAMs: 0
parallelismSelector::VERBO: [AreaEstimationVisitor] Total shareable area: LUTs: 0 FFs: 0 DSPs: 0 BRAMs: 0 Total unshareable area: LUTs: 172 FFs: 0 DSPs: 1 BRAMs: 0
parallelismSelector::VERBO: [AreaEstimationVisitor] Self shareable area: LUTs: 0 FFs: 0 DSPs: 0 BRAMs: 0 Self unshareable area: LUTs: 44 FFs: 0 DSPs: 0 BRAMs: 0
parallelismSelector::VERBO: [Finalize] Self shareable area: LUTs: 0 FFs: 0 DSPs: 0 BRAMs: 0
parallelismSelector::VERBO: [AreaEstimationVisitor] Total shareable area: LUTs: 0 FFs: 0 DSPs: 0 BRAMs: 0 Total unshareable area: LUTs: 172 FFs: 0 DSPs: 1 BRAMs: 0
parallelismSelector::VERBO: [AreaEstimationVisitor] Self shareable area: LUTs: 0 FFs: 0 DSPs: 0 BRAMs: 0 Self unshareable area: LUTs: 0 FFs: 0 DSPs: 0 BRAMs: 0
parallelismSelector::VERBO: [Finalize] Self shareable area: LUTs: 0 FFs: 0 DSPs: 0 BRAMs: 0
parallelismSelector::VERBO: [Finalize] ParallelOperationNumPerLoop: {}
parallelismSelector::VERBO: [Finalize] Contribution of this loop to shareable area: LUTs: 0 FFs: 0 DSPs: 0 BRAMs: 0
parallelismSelector::VERBO: [AreaEstimationVisitor] Total shareable area: LUTs: 0 FFs: 0 DSPs: 0 BRAMs: 0 Total unshareable area: LUTs: 12 FFs: 0 DSPs: 0 BRAMs: 0
parallelismSelector::VERBO: [AreaEstimationVisitor] Self shareable area: LUTs: 0 FFs: 0 DSPs: 0 BRAMs: 0 Self unshareable area: LUTs: 12 FFs: 0 DSPs: 0 BRAMs: 0
parallelismSelector::VERBO: [AreaEstimationVisitor] Loop: 21
parallelismSelector::VERBO: [AreaEstimationVisitor] Loop: 22
parallelismSelector::VERBO: [Finalize] Self shareable area: LUTs: 0 FFs: 0 DSPs: 0 BRAMs: 0
parallelismSelector::VERBO: [Finalize] ParallelOperationNumPerLoop: {22: 1}
parallelismSelector::VERBO: [Finalize] Contribution of this loop to shareable area: LUTs: 0 FFs: 0 DSPs: 0 BRAMs: 0
parallelismSelector::VERBO: [AreaEstimationVisitor] Total shareable area: LUTs: 0 FFs: 0 DSPs: 0 BRAMs: 0 Total unshareable area: LUTs: 68 FFs: 0 DSPs: 0 BRAMs: 0
parallelismSelector::VERBO: [AreaEstimationVisitor] Self shareable area: LUTs: 0 FFs: 0 DSPs: 0 BRAMs: 0 Self unshareable area: LUTs: 12 FFs: 0 DSPs: 0 BRAMs: 0
parallelismSelector::VERBO: [visitNestedHeader] Adding nested shareable area from loop(id) 22 LUTs: 0 FFs: 0 DSPs: 0 BRAMs: 0
parallelismSelector::VERBO: [Finalize] Self shareable area: LUTs: 0 FFs: 0 DSPs: 0 BRAMs: 0
parallelismSelector::VERBO: [Finalize] ParallelOperationNumPerLoop: {}
parallelismSelector::VERBO: [Finalize] Contribution of this loop to shareable area: LUTs: 0 FFs: 0 DSPs: 0 BRAMs: 0
parallelismSelector::VERBO: [AreaEstimationVisitor] Total shareable area: LUTs: 0 FFs: 0 DSPs: 0 BRAMs: 0 Total unshareable area: LUTs: 80 FFs: 0 DSPs: 0 BRAMs: 0
parallelismSelector::VERBO: [AreaEstimationVisitor] Self shareable area: LUTs: 0 FFs: 0 DSPs: 0 BRAMs: 0 Self unshareable area: LUTs: 12 FFs: 0 DSPs: 0 BRAMs: 0
parallelismSelector::VERBO: [AreaEstimationVisitor] Loop: 23
parallelismSelector::VERBO: [AreaEstimationVisitor] CallSite: CS(3 F=216) (58->47)(59->49)
parallelismSelector::VERBO: [Finalize] Self shareable area: LUTs: 0 FFs: 0 DSPs: 0 BRAMs: 0
parallelismSelector::VERBO: [Finalize] ParallelOperationNumPerLoop: {}
parallelismSelector::VERBO: [Finalize] Contribution of this loop to shareable area: LUTs: 0 FFs: 0 DSPs: 0 BRAMs: 0
parallelismSelector::VERBO: [AreaEstimationVisitor] Total shareable area: LUTs: 0 FFs: 0 DSPs: 0 BRAMs: 0 Total unshareable area: LUTs: 12 FFs: 0 DSPs: 0 BRAMs: 0
parallelismSelector::VERBO: [AreaEstimationVisitor] Self shareable area: LUTs: 0 FFs: 0 DSPs: 0 BRAMs: 0 Self unshareable area: LUTs: 12 FFs: 0 DSPs: 0 BRAMs: 0
parallelismSelector::VERBO: [Finalize] Self shareable area: LUTs: 0 FFs: 0 DSPs: 0 BRAMs: 0
parallelismSelector::VERBO: [AreaEstimationVisitor] Total shareable area: LUTs: 0 FFs: 0 DSPs: 0 BRAMs: 0 Total unshareable area: LUTs: 184 FFs: 0 DSPs: 0 BRAMs: 0
parallelismSelector::VERBO: [AreaEstimationVisitor] Self shareable area: LUTs: 0 FFs: 0 DSPs: 0 BRAMs: 0 Self unshareable area: LUTs: 0 FFs: 0 DSPs: 0 BRAMs: 0
parallelismSelector::VERBO: [Finalize] Self shareable area: LUTs: 0 FFs: 0 DSPs: 0 BRAMs: 0
parallelismSelector::VERBO: [AreaEstimationVisitor] Total shareable area: LUTs: 0 FFs: 0 DSPs: 0 BRAMs: 0 Total unshareable area: LUTs: 184 FFs: 0 DSPs: 0 BRAMs: 0
parallelismSelector::VERBO: [AreaEstimationVisitor] Self shareable area: LUTs: 0 FFs: 0 DSPs: 0 BRAMs: 0 Self unshareable area: LUTs: 184 FFs: 0 DSPs: 0 BRAMs: 0
parallelismSelector::VERBO: [AreaEstimationVisitor] CallSite: CS(2 F=219) (68->42)(69->40)
parallelismSelector::VERBO:   New Equivalence table
                             Object with value: 68 is mapped to the object with value: 42
                             Object with value: 69 is mapped to the object with value: 40
                            
parallelismSelector::VERBO: [AreaEstimationVisitor] Func: Outline_T5_F212_R4_Call : 219
parallelismSelector::VERBO: [AreaEstimationVisitor] CallSite: CS(7 F=215) (54->68)(55->69)
parallelismSelector::VERBO:   New Equivalence table
                             Object with value: 54 is mapped to the object with value: 42
                             Object with value: 55 is mapped to the object with value: 40
                             Object with value: 68 is mapped to the object with value: 42
                             Object with value: 69 is mapped to the object with value: 40
                            
parallelismSelector::VERBO: [AreaEstimationVisitor] Func: write_data : 215
parallelismSelector::VERBO: [AreaEstimationVisitor] Loop: 24
parallelismSelector::VERBO: [AreaEstimationVisitor] Loop: 25
parallelismSelector::VERBO: [Finalize] Self shareable area: LUTs: 0 FFs: 0 DSPs: 0 BRAMs: 0
parallelismSelector::VERBO: [Finalize] ParallelOperationNumPerLoop: {25: 1}
parallelismSelector::VERBO: [Finalize] Contribution of this loop to shareable area: LUTs: 0 FFs: 0 DSPs: 0 BRAMs: 0
parallelismSelector::VERBO: [AreaEstimationVisitor] Total shareable area: LUTs: 0 FFs: 0 DSPs: 0 BRAMs: 0 Total unshareable area: LUTs: 100 FFs: 0 DSPs: 0 BRAMs: 0
parallelismSelector::VERBO: [AreaEstimationVisitor] Self shareable area: LUTs: 0 FFs: 0 DSPs: 0 BRAMs: 0 Self unshareable area: LUTs: 44 FFs: 0 DSPs: 0 BRAMs: 0
parallelismSelector::VERBO: [visitNestedHeader] Adding nested shareable area from loop(id) 25 LUTs: 0 FFs: 0 DSPs: 0 BRAMs: 0
parallelismSelector::VERBO: [Finalize] Self shareable area: LUTs: 0 FFs: 0 DSPs: 0 BRAMs: 0
parallelismSelector::VERBO: [Finalize] ParallelOperationNumPerLoop: {}
parallelismSelector::VERBO: [Finalize] Contribution of this loop to shareable area: LUTs: 0 FFs: 0 DSPs: 0 BRAMs: 0
parallelismSelector::VERBO: [AreaEstimationVisitor] Total shareable area: LUTs: 0 FFs: 0 DSPs: 0 BRAMs: 0 Total unshareable area: LUTs: 112 FFs: 0 DSPs: 0 BRAMs: 0
parallelismSelector::VERBO: [AreaEstimationVisitor] Self shareable area: LUTs: 0 FFs: 0 DSPs: 0 BRAMs: 0 Self unshareable area: LUTs: 12 FFs: 0 DSPs: 0 BRAMs: 0
parallelismSelector::VERBO: [Finalize] Self shareable area: LUTs: 0 FFs: 0 DSPs: 0 BRAMs: 0
parallelismSelector::VERBO: [AreaEstimationVisitor] Total shareable area: LUTs: 0 FFs: 0 DSPs: 0 BRAMs: 0 Total unshareable area: LUTs: 112 FFs: 0 DSPs: 0 BRAMs: 0
parallelismSelector::VERBO: [AreaEstimationVisitor] Self shareable area: LUTs: 0 FFs: 0 DSPs: 0 BRAMs: 0 Self unshareable area: LUTs: 0 FFs: 0 DSPs: 0 BRAMs: 0
parallelismSelector::VERBO: [Finalize] Self shareable area: LUTs: 0 FFs: 0 DSPs: 0 BRAMs: 0
parallelismSelector::VERBO: [AreaEstimationVisitor] Total shareable area: LUTs: 0 FFs: 0 DSPs: 0 BRAMs: 0 Total unshareable area: LUTs: 112 FFs: 0 DSPs: 0 BRAMs: 0
parallelismSelector::VERBO: [AreaEstimationVisitor] Self shareable area: LUTs: 0 FFs: 0 DSPs: 0 BRAMs: 0 Self unshareable area: LUTs: 112 FFs: 0 DSPs: 0 BRAMs: 0
parallelismSelector::VERBO: [Finalize] Self shareable area: LUTs: 0 FFs: 0 DSPs: 0 BRAMs: 0
parallelismSelector::VERBO: [AreaEstimationVisitor] Total shareable area: LUTs: 0 FFs: 0 DSPs: 0 BRAMs: 0 Total unshareable area: LUTs: 0 FFs: 0 DSPs: 0 BRAMs: 0
parallelismSelector::VERBO: [AreaEstimationVisitor] Self shareable area: LUTs: 0 FFs: 0 DSPs: 0 BRAMs: 0 Self unshareable area: LUTs: 0 FFs: 0 DSPs: 0 BRAMs: 0
parallelismSelector::VERBO: Calculate statically allocated area for variable ID 41
parallelismSelector::VERBO:     Array bits: 1024. Elements: 64. Element bits: 16
parallelismSelector::VERBO:     Estimate statically allocated area assuming the BRAM resource type
parallelismSelector::VERBO:         Would allocate 1 BRAMs according to the partition factor
parallelismSelector::VERBO: Calculate statically allocated area for variable ID 42
parallelismSelector::VERBO:     Array bits: 1024. Elements: 64. Element bits: 16
parallelismSelector::VERBO:     Estimate statically allocated area assuming the BRAM resource type
parallelismSelector::VERBO:         Would allocate 1 BRAMs according to the partition factor
parallelismSelector::VERBO: Calculate statically allocated area for variable ID 49
parallelismSelector::VERBO:     Array bits: 1024. Elements: 64. Element bits: 16
parallelismSelector::VERBO:     Estimate statically allocated area assuming the BRAM resource type
parallelismSelector::VERBO:         Would allocate 1 BRAMs according to the partition factor
parallelismSelector::VERBO: Calculate statically allocated area for variable ID 50
parallelismSelector::VERBO:     Array bits: 1024. Elements: 64. Element bits: 16
parallelismSelector::VERBO:     Estimate statically allocated area assuming the BRAM resource type
parallelismSelector::VERBO:         Would allocate 1 BRAMs according to the partition factor
parallelismSelector::VERBO: Calculate statically allocated area for variable ID 51
parallelismSelector::VERBO:     Array bits: 1024. Elements: 64. Element bits: 16
parallelismSelector::VERBO:     Estimate statically allocated area assuming the BRAM resource type
parallelismSelector::VERBO:         Would allocate 1 BRAMs according to the partition factor
parallelismSelector::VERBO: Calculate statically allocated area for variable ID 78
parallelismSelector::VERBO:     Array bits: 1024. Elements: 64. Element bits: 16
parallelismSelector::VERBO:     Estimate statically allocated area assuming the BRAM resource type
parallelismSelector::VERBO:         Would allocate 1 BRAMs according to the partition factor
parallelismSelector::VERBO: Estimated metrics for the application:
parallelismSelector::VERBO: Loop with Id 16:
parallelismSelector::VERBO:     Variable with Id 43 (input):
parallelismSelector::VERBO:         II mem: None
                                    NumAvailMemPorts: 2 - 2
                                    NumRequiredMemPorts: 1 - 1
parallelismSelector::VERBO:     Variable with Id 44 (buf):
parallelismSelector::VERBO:         II mem: None
                                    NumAvailMemPorts: 2 - 2
                                    NumRequiredMemPorts: 1 - 1
parallelismSelector::VERBO:     Trip count: 8 - 8
parallelismSelector::VERBO:     II: 16 - 16
parallelismSelector::VERBO:     
parallelismSelector::VERBO: Loop with Id 17:
parallelismSelector::VERBO:     Variable with Id 43 (input):
parallelismSelector::VERBO:         II mem: 1 - 1
                                    NumAvailMemPorts: 2 - 2
                                    NumRequiredMemPorts: 1 - 1
parallelismSelector::VERBO:     Variable with Id 44 (buf):
parallelismSelector::VERBO:         II mem: 1 - 1
                                    NumAvailMemPorts: 2 - 2
                                    NumRequiredMemPorts: 1 - 1
parallelismSelector::VERBO:     Trip count: 8 - 8
parallelismSelector::VERBO:     II: 2 - 2
parallelismSelector::VERBO:     
parallelismSelector::VERBO: Loop with Id 18:
parallelismSelector::VERBO:     Variable with Id 48 (out_block):
parallelismSelector::VERBO:         II mem: None
                                    NumAvailMemPorts: 2 - 2
                                    NumRequiredMemPorts: 1 - 1
parallelismSelector::VERBO:     Variable with Id 50 (col_outbuf):
parallelismSelector::VERBO:         II mem: None
                                    NumAvailMemPorts: 2 - 2
                                    NumRequiredMemPorts: 1 - 1
parallelismSelector::VERBO:     Trip count: 8 - 8
parallelismSelector::VERBO:     II: 16 - 16
parallelismSelector::VERBO:     
parallelismSelector::VERBO: Loop with Id 19:
parallelismSelector::VERBO:     Variable with Id 48 (out_block):
parallelismSelector::VERBO:         II mem: 1 - 1
                                    NumAvailMemPorts: 2 - 2
                                    NumRequiredMemPorts: 1 - 1
parallelismSelector::VERBO:     Variable with Id 50 (col_outbuf):
parallelismSelector::VERBO:         II mem: 1 - 1
                                    NumAvailMemPorts: 2 - 2
                                    NumRequiredMemPorts: 1 - 1
parallelismSelector::VERBO:     Trip count: 8 - 8
parallelismSelector::VERBO:     II: 2 - 2
parallelismSelector::VERBO:     
parallelismSelector::VERBO: Loop with Id 20:
parallelismSelector::VERBO:     Trip count: 8 - 8
parallelismSelector::VERBO:     II: 130 - 130
parallelismSelector::VERBO:     
parallelismSelector::VERBO: Loop with Id 21:
parallelismSelector::VERBO:     Variable with Id 49 (row_outbuf):
parallelismSelector::VERBO:         II mem: None
                                    NumAvailMemPorts: 2 - 2
                                    NumRequiredMemPorts: 1 - 1
parallelismSelector::VERBO:     Variable with Id 51 (col_inbuf):
parallelismSelector::VERBO:         II mem: None
                                    NumAvailMemPorts: 2 - 2
                                    NumRequiredMemPorts: 1 - 1
parallelismSelector::VERBO:     Trip count: 8 - 8
parallelismSelector::VERBO:     II: 16 - 16
parallelismSelector::VERBO:     
parallelismSelector::VERBO: Loop with Id 22:
parallelismSelector::VERBO:     Variable with Id 49 (row_outbuf):
parallelismSelector::VERBO:         II mem: 1 - 1
                                    NumAvailMemPorts: 2 - 2
                                    NumRequiredMemPorts: 1 - 1
parallelismSelector::VERBO:     Variable with Id 51 (col_inbuf):
parallelismSelector::VERBO:         II mem: 1 - 1
                                    NumAvailMemPorts: 2 - 2
                                    NumRequiredMemPorts: 1 - 1
parallelismSelector::VERBO:     Trip count: 8 - 8
parallelismSelector::VERBO:     II: 2 - 2
parallelismSelector::VERBO:     
parallelismSelector::VERBO: Loop with Id 23:
parallelismSelector::VERBO:     Trip count: 8 - 8
parallelismSelector::VERBO:     II: 130 - 130
parallelismSelector::VERBO:     
parallelismSelector::VERBO: Loop with Id 24:
parallelismSelector::VERBO:     Variable with Id 54 (buf):
parallelismSelector::VERBO:         II mem: None
                                    NumAvailMemPorts: 2 - 2
                                    NumRequiredMemPorts: 1 - 1
parallelismSelector::VERBO:     Variable with Id 55 (output):
parallelismSelector::VERBO:         II mem: None
                                    NumAvailMemPorts: 2 - 2
                                    NumRequiredMemPorts: 1 - 1
parallelismSelector::VERBO:     Trip count: 8 - 8
parallelismSelector::VERBO:     II: 16 - 16
parallelismSelector::VERBO:     
parallelismSelector::VERBO: Loop with Id 25:
parallelismSelector::VERBO:     Variable with Id 54 (buf):
parallelismSelector::VERBO:         II mem: 1 - 1
                                    NumAvailMemPorts: 2 - 2
                                    NumRequiredMemPorts: 1 - 1
parallelismSelector::VERBO:     Variable with Id 55 (output):
parallelismSelector::VERBO:         II mem: 1 - 1
                                    NumAvailMemPorts: 2 - 2
                                    NumRequiredMemPorts: 1 - 1
parallelismSelector::VERBO:     Trip count: 8 - 8
parallelismSelector::VERBO:     II: 2 - 2
parallelismSelector::VERBO:     
parallelismSelector::VERBO: Loop with Id 26:
parallelismSelector::VERBO:     Variable with Id 58 (src):
parallelismSelector::VERBO:         II mem: None
                                    NumAvailMemPorts: 2 - 2
                                    NumRequiredMemPorts: 1 - 1
parallelismSelector::VERBO:     Variable with Id 59 (dst):
parallelismSelector::VERBO:         II mem: 1 - 1
                                    NumAvailMemPorts: 2 - 2
                                    NumRequiredMemPorts: 1 - 1
parallelismSelector::VERBO:     Variable with Id 78 (dct_coeff_table):
parallelismSelector::VERBO:         II mem: None
                                    NumAvailMemPorts: 2 - 2
                                    NumRequiredMemPorts: 1 - 1
parallelismSelector::VERBO:     Trip count: 8 - 8
parallelismSelector::VERBO:     II: 16 - 16
parallelismSelector::VERBO:     
parallelismSelector::VERBO: Loop with Id 27:
parallelismSelector::VERBO:     Circuit: { tmp.02 add }, Cycles: 1
parallelismSelector::VERBO:     Variable with Id 58 (src):
parallelismSelector::VERBO:         II mem: 1 - 1
                                    NumAvailMemPorts: 2 - 2
                                    NumRequiredMemPorts: 1 - 1
parallelismSelector::VERBO:     Variable with Id 78 (dct_coeff_table):
parallelismSelector::VERBO:         II mem: 1 - 1
                                    NumAvailMemPorts: 2 - 2
                                    NumRequiredMemPorts: 1 - 1
parallelismSelector::VERBO:     Trip count: 8 - 8
parallelismSelector::VERBO:     II: 2 - 2
parallelismSelector::VERBO:     
parallelismSelector::VERBO: Function with Id 212:
parallelismSelector::VERBO:     Interval: 2606 - 2606
                                Latency: 2605 - 2605
parallelismSelector::VERBO: Function with Id 213:
parallelismSelector::VERBO:     Interval: 130 - 130
                                Latency: 129 - 129
parallelismSelector::VERBO: Function with Id 214:
parallelismSelector::VERBO:     Interval: 2341 - 2341
                                Latency: 2340 - 2340
parallelismSelector::VERBO: Function with Id 215:
parallelismSelector::VERBO:     Interval: 130 - 130
                                Latency: 129 - 129
parallelismSelector::VERBO: Function with Id 216:
parallelismSelector::VERBO:     Interval: 130 - 130
                                Latency: 129 - 129
parallelismSelector::VERBO: Function with Id 217:
parallelismSelector::VERBO:     Interval: 131 - 131
                                Latency: 130 - 130
parallelismSelector::VERBO: Function with Id 218:
parallelismSelector::VERBO:     Interval: 2342 - 2342
                                Latency: 2341 - 2341
parallelismSelector::VERBO: Function with Id 219:
parallelismSelector::VERBO:     Interval: 131 - 131
                                Latency: 130 - 130
parallelismSelector::VERBO: Adding CallGuidance(SourceRange: E:\robot\project\FPGA\ZedBoard\HLS_lab\High-Level-Synthesis-Flow-on-Zynq-using-Vivado-HLS\source\lab3\dct.c:85-85:4-30, TI: 130) for RegionTask 'Task(T3,F212,R2)'
parallelismSelector::VERBO: Adding CallGuidance(SourceRange: E:\robot\project\FPGA\ZedBoard\HLS_lab\High-Level-Synthesis-Flow-on-Zynq-using-Vivado-HLS\source\lab3\dct.c:87-87:4-32, TI: 2341) for RegionTask 'Task(T4,F212,R3)'
parallelismSelector::VERBO: Adding CallGuidance(SourceRange: E:\robot\project\FPGA\ZedBoard\HLS_lab\High-Level-Synthesis-Flow-on-Zynq-using-Vivado-HLS\source\lab3\dct.c:90-90:4-33, TI: 130) for RegionTask 'Task(T5,F212,R4)'
