Copyright 1986-2022 Xilinx, Inc. All Rights Reserved. Copyright 2022-2024 Advanced Micro Devices, Inc. All Rights Reserved.
---------------------------------------------------------------------------------------------------------------------------------------------------------------------------------------------------------------------------------
| Tool Version : Vivado v.2024.1 (win64) Build 5076996 Wed May 22 18:37:14 MDT 2024
| Date         : Wed Oct 30 16:36:29 2024
| Host         : nightt_insider running 64-bit major release  (build 9200)
| Command      : report_timing_summary -max_paths 10 -report_unconstrained -file bd_0_wrapper_timing_summary_routed.rpt -pb bd_0_wrapper_timing_summary_routed.pb -rpx bd_0_wrapper_timing_summary_routed.rpx -warn_on_violation
| Design       : bd_0_wrapper
| Device       : 7z020-clg484
| Speed File   : -1  PRODUCTION 1.12 2019-11-22
| Design State : Routed
---------------------------------------------------------------------------------------------------------------------------------------------------------------------------------------------------------------------------------

Timing Summary Report

------------------------------------------------------------------------------------------------
| Timer Settings
| --------------
------------------------------------------------------------------------------------------------

  Enable Multi Corner Analysis               :  Yes
  Enable Pessimism Removal                   :  Yes
  Pessimism Removal Resolution               :  Nearest Common Node
  Enable Input Delay Default Clock           :  No
  Enable Preset / Clear Arcs                 :  No
  Disable Flight Delays                      :  No
  Ignore I/O Paths                           :  No
  Timing Early Launch at Borrowing Latches   :  No
  Borrow Time for Max Delay Exceptions       :  Yes
  Merge Timing Exceptions                    :  Yes
  Inter-SLR Compensation                     :  Conservative

  Corner  Analyze    Analyze    
  Name    Max Paths  Min Paths  
  ------  ---------  ---------  
  Slow    Yes        Yes        
  Fast    Yes        Yes        


------------------------------------------------------------------------------------------------
| Report Methodology
| ------------------
------------------------------------------------------------------------------------------------

Rule       Severity  Description                    Violations  
---------  --------  -----------------------------  ----------  
TIMING-18  Warning   Missing input or output delay  52          

Note: This report is based on the most recent report_methodology run and may not be up-to-date. Run report_methodology on the current design for the latest report.



check_timing report

Table of Contents
-----------------
1. checking no_clock (0)
2. checking constant_clock (0)
3. checking pulse_width_clock (0)
4. checking unconstrained_internal_endpoints (0)
5. checking no_input_delay (18)
6. checking no_output_delay (34)
7. checking multiple_clock (0)
8. checking generated_clocks (0)
9. checking loops (0)
10. checking partial_input_delay (0)
11. checking partial_output_delay (0)
12. checking latch_loops (0)

1. checking no_clock (0)
------------------------
 There are 0 register/latch pins with no clock.


2. checking constant_clock (0)
------------------------------
 There are 0 register/latch pins with constant_clock.


3. checking pulse_width_clock (0)
---------------------------------
 There are 0 register/latch pins which need pulse_width check


4. checking unconstrained_internal_endpoints (0)
------------------------------------------------
 There are 0 pins that are not constrained for maximum delay.

 There are 0 pins that are not constrained for maximum delay due to constant clock.


5. checking no_input_delay (18)
-------------------------------
 There are 18 input ports with no input delay specified. (HIGH)

 There are 0 input ports with no input delay but user has a false path constraint.


6. checking no_output_delay (34)
--------------------------------
 There are 34 ports with no output delay specified. (HIGH)

 There are 0 ports with no output delay but user has a false path constraint

 There are 0 ports with no output delay but with a timing clock defined on it or propagating through it


7. checking multiple_clock (0)
------------------------------
 There are 0 register/latch pins with multiple clocks.


8. checking generated_clocks (0)
--------------------------------
 There are 0 generated clocks that are not connected to a clock source.


9. checking loops (0)
---------------------
 There are 0 combinational loops in the design.


10. checking partial_input_delay (0)
------------------------------------
 There are 0 input ports with partial input delay specified.


11. checking partial_output_delay (0)
-------------------------------------
 There are 0 ports with partial output delay specified.


12. checking latch_loops (0)
----------------------------
 There are 0 combinational latch loops in the design through latch input



------------------------------------------------------------------------------------------------
| Design Timing Summary
| ---------------------
------------------------------------------------------------------------------------------------

    WNS(ns)      TNS(ns)  TNS Failing Endpoints  TNS Total Endpoints      WHS(ns)      THS(ns)  THS Failing Endpoints  THS Total Endpoints     WPWS(ns)     TPWS(ns)  TPWS Failing Endpoints  TPWS Total Endpoints  
    -------      -------  ---------------------  -------------------      -------      -------  ---------------------  -------------------     --------     --------  ----------------------  --------------------  
      3.334        0.000                      0                 2969        0.089        0.000                      0                 2969        3.750        0.000                       0                   667  


All user specified timing constraints are met.


------------------------------------------------------------------------------------------------
| Clock Summary
| -------------
------------------------------------------------------------------------------------------------

Clock   Waveform(ns)       Period(ns)      Frequency(MHz)
-----   ------------       ----------      --------------
ap_clk  {0.000 5.000}      10.000          100.000         


------------------------------------------------------------------------------------------------
| Intra Clock Table
| -----------------
------------------------------------------------------------------------------------------------

Clock             WNS(ns)      TNS(ns)  TNS Failing Endpoints  TNS Total Endpoints      WHS(ns)      THS(ns)  THS Failing Endpoints  THS Total Endpoints     WPWS(ns)     TPWS(ns)  TPWS Failing Endpoints  TPWS Total Endpoints  
-----             -------      -------  ---------------------  -------------------      -------      -------  ---------------------  -------------------     --------     --------  ----------------------  --------------------  
ap_clk              3.334        0.000                      0                 2969        0.089        0.000                      0                 2969        3.750        0.000                       0                   667  


------------------------------------------------------------------------------------------------
| Inter Clock Table
| -----------------
------------------------------------------------------------------------------------------------

From Clock    To Clock          WNS(ns)      TNS(ns)  TNS Failing Endpoints  TNS Total Endpoints      WHS(ns)      THS(ns)  THS Failing Endpoints  THS Total Endpoints  
----------    --------          -------      -------  ---------------------  -------------------      -------      -------  ---------------------  -------------------  


------------------------------------------------------------------------------------------------
| Other Path Groups Table
| -----------------------
------------------------------------------------------------------------------------------------

Path Group    From Clock    To Clock          WNS(ns)      TNS(ns)  TNS Failing Endpoints  TNS Total Endpoints      WHS(ns)      THS(ns)  THS Failing Endpoints  THS Total Endpoints  
----------    ----------    --------          -------      -------  ---------------------  -------------------      -------      -------  ---------------------  -------------------  


------------------------------------------------------------------------------------------------
| User Ignored Path Table
| -----------------------
------------------------------------------------------------------------------------------------

Path Group    From Clock    To Clock    
----------    ----------    --------    


------------------------------------------------------------------------------------------------
| Unconstrained Path Table
| ------------------------
------------------------------------------------------------------------------------------------

Path Group    From Clock    To Clock    
----------    ----------    --------    
(none)                                    
(none)        ap_clk                      
(none)                      ap_clk        


------------------------------------------------------------------------------------------------
| Timing Details
| --------------
------------------------------------------------------------------------------------------------


---------------------------------------------------------------------------------------------------
From Clock:  ap_clk
  To Clock:  ap_clk

Setup :            0  Failing Endpoints,  Worst Slack        3.334ns,  Total Violation        0.000ns
Hold  :            0  Failing Endpoints,  Worst Slack        0.089ns,  Total Violation        0.000ns
PW    :            0  Failing Endpoints,  Worst Slack        3.750ns,  Total Violation        0.000ns
---------------------------------------------------------------------------------------------------


Max Delay Paths
--------------------------------------------------------------------------------------
Slack (MET) :             3.334ns  (required time - arrival time)
  Source:                 bd_0_i/hls_inst/inst/ap_CS_fsm_reg[7]/C
                            (rising edge-triggered cell FDRE clocked by ap_clk  {rise@0.000ns fall@5.000ns period=10.000ns})
  Destination:            bd_0_i/hls_inst/inst/grp_dct_Pipeline_Col_DCT_Loop_DCT_Outer_Loop_fu_190/mac_muladd_16s_15s_29s_29_4_1_U55/dct_mac_muladd_16s_15s_29s_29_4_1_DSP48_0_U/m_reg_reg/A[12]
                            (rising edge-triggered cell DSP48E1 clocked by ap_clk  {rise@0.000ns fall@5.000ns period=10.000ns})
  Path Group:             ap_clk
  Path Type:              Setup (Max at Slow Process Corner)
  Requirement:            10.000ns  (ap_clk rise@10.000ns - ap_clk rise@0.000ns)
  Data Path Delay:        6.220ns  (logic 0.690ns (11.093%)  route 5.530ns (88.907%))
  Logic Levels:           2  (LUT3=1 RAMS32=1)
  Clock Path Skew:        -0.049ns (DCD - SCD + CPR)
    Destination Clock Delay (DCD):    0.924ns = ( 10.924 - 10.000 ) 
    Source Clock Delay      (SCD):    0.973ns
    Clock Pessimism Removal (CPR):    0.000ns
  Clock Uncertainty:      0.035ns  ((TSJ^2 + TIJ^2)^1/2 + DJ) / 2 + PE
    Total System Jitter     (TSJ):    0.071ns
    Total Input Jitter      (TIJ):    0.000ns
    Discrete Jitter          (DJ):    0.000ns
    Phase Error              (PE):    0.000ns

    Location             Delay type                Incr(ns)  Path(ns)    Netlist Resource(s)
  -------------------------------------------------------------------    -------------------
                         (clock ap_clk rise edge)     0.000     0.000 r  
                                                      0.000     0.000 r  ap_clk (IN)
                         net (fo=666, unset)          0.973     0.973    bd_0_i/hls_inst/inst/ap_clk
    SLICE_X15Y29         FDRE                                         r  bd_0_i/hls_inst/inst/ap_CS_fsm_reg[7]/C
  -------------------------------------------------------------------    -------------------
    SLICE_X15Y29         FDRE (Prop_fdre_C_Q)         0.456     1.429 r  bd_0_i/hls_inst/inst/ap_CS_fsm_reg[7]/Q
                         net (fo=98, routed)          0.986     2.415    bd_0_i/hls_inst/inst/grp_dct_Pipeline_Col_DCT_Loop_DCT_Outer_Loop_fu_190/m_reg_reg_3[3]
    SLICE_X15Y26         LUT3 (Prop_lut3_I1_O)        0.124     2.539 r  bd_0_i/hls_inst/inst/grp_dct_Pipeline_Col_DCT_Loop_DCT_Outer_Loop_fu_190/ram_reg_0_7_0_0_i_3/O
                         net (fo=64, routed)          3.855     6.394    bd_0_i/hls_inst/inst/col_inbuf_1_U/ram_reg_0_7_12_12/A1
    SLICE_X22Y17         RAMS32 (Prop_rams32_ADR1_O)
                                                      0.110     6.504 r  bd_0_i/hls_inst/inst/col_inbuf_1_U/ram_reg_0_7_12_12/SP/O
                         net (fo=1, routed)           0.689     7.193    bd_0_i/hls_inst/inst/grp_dct_Pipeline_Col_DCT_Loop_DCT_Outer_Loop_fu_190/mac_muladd_16s_15s_29s_29_4_1_U55/dct_mac_muladd_16s_15s_29s_29_4_1_DSP48_0_U/q00[12]
    DSP48_X1Y6           DSP48E1                                      r  bd_0_i/hls_inst/inst/grp_dct_Pipeline_Col_DCT_Loop_DCT_Outer_Loop_fu_190/mac_muladd_16s_15s_29s_29_4_1_U55/dct_mac_muladd_16s_15s_29s_29_4_1_DSP48_0_U/m_reg_reg/A[12]
  -------------------------------------------------------------------    -------------------

                         (clock ap_clk rise edge)    10.000    10.000 r  
                                                      0.000    10.000 r  ap_clk (IN)
                         net (fo=666, unset)          0.924    10.924    bd_0_i/hls_inst/inst/grp_dct_Pipeline_Col_DCT_Loop_DCT_Outer_Loop_fu_190/mac_muladd_16s_15s_29s_29_4_1_U55/dct_mac_muladd_16s_15s_29s_29_4_1_DSP48_0_U/ap_clk
    DSP48_X1Y6           DSP48E1                                      r  bd_0_i/hls_inst/inst/grp_dct_Pipeline_Col_DCT_Loop_DCT_Outer_Loop_fu_190/mac_muladd_16s_15s_29s_29_4_1_U55/dct_mac_muladd_16s_15s_29s_29_4_1_DSP48_0_U/m_reg_reg/CLK
                         clock pessimism              0.000    10.924    
                         clock uncertainty           -0.035    10.889    
    DSP48_X1Y6           DSP48E1 (Setup_dsp48e1_CLK_A[12])
                                                     -0.362    10.527    bd_0_i/hls_inst/inst/grp_dct_Pipeline_Col_DCT_Loop_DCT_Outer_Loop_fu_190/mac_muladd_16s_15s_29s_29_4_1_U55/dct_mac_muladd_16s_15s_29s_29_4_1_DSP48_0_U/m_reg_reg
  -------------------------------------------------------------------
                         required time                         10.527    
                         arrival time                          -7.193    
  -------------------------------------------------------------------
                         slack                                  3.334    

Slack (MET) :             3.455ns  (required time - arrival time)
  Source:                 bd_0_i/hls_inst/inst/ap_CS_fsm_reg[7]/C
                            (rising edge-triggered cell FDRE clocked by ap_clk  {rise@0.000ns fall@5.000ns period=10.000ns})
  Destination:            bd_0_i/hls_inst/inst/grp_dct_Pipeline_Col_DCT_Loop_DCT_Outer_Loop_fu_190/mac_muladd_16s_15s_29s_29_4_1_U55/dct_mac_muladd_16s_15s_29s_29_4_1_DSP48_0_U/m_reg_reg/A[0]
                            (rising edge-triggered cell DSP48E1 clocked by ap_clk  {rise@0.000ns fall@5.000ns period=10.000ns})
  Path Group:             ap_clk
  Path Type:              Setup (Max at Slow Process Corner)
  Requirement:            10.000ns  (ap_clk rise@10.000ns - ap_clk rise@0.000ns)
  Data Path Delay:        6.099ns  (logic 0.704ns (11.542%)  route 5.395ns (88.458%))
  Logic Levels:           2  (LUT3=1 RAMS32=1)
  Clock Path Skew:        -0.049ns (DCD - SCD + CPR)
    Destination Clock Delay (DCD):    0.924ns = ( 10.924 - 10.000 ) 
    Source Clock Delay      (SCD):    0.973ns
    Clock Pessimism Removal (CPR):    0.000ns
  Clock Uncertainty:      0.035ns  ((TSJ^2 + TIJ^2)^1/2 + DJ) / 2 + PE
    Total System Jitter     (TSJ):    0.071ns
    Total Input Jitter      (TIJ):    0.000ns
    Discrete Jitter          (DJ):    0.000ns
    Phase Error              (PE):    0.000ns

    Location             Delay type                Incr(ns)  Path(ns)    Netlist Resource(s)
  -------------------------------------------------------------------    -------------------
                         (clock ap_clk rise edge)     0.000     0.000 r  
                                                      0.000     0.000 r  ap_clk (IN)
                         net (fo=666, unset)          0.973     0.973    bd_0_i/hls_inst/inst/ap_clk
    SLICE_X15Y29         FDRE                                         r  bd_0_i/hls_inst/inst/ap_CS_fsm_reg[7]/C
  -------------------------------------------------------------------    -------------------
    SLICE_X15Y29         FDRE (Prop_fdre_C_Q)         0.456     1.429 r  bd_0_i/hls_inst/inst/ap_CS_fsm_reg[7]/Q
                         net (fo=98, routed)          0.986     2.415    bd_0_i/hls_inst/inst/grp_dct_Pipeline_Col_DCT_Loop_DCT_Outer_Loop_fu_190/m_reg_reg_3[3]
    SLICE_X15Y26         LUT3 (Prop_lut3_I1_O)        0.124     2.539 r  bd_0_i/hls_inst/inst/grp_dct_Pipeline_Col_DCT_Loop_DCT_Outer_Loop_fu_190/ram_reg_0_7_0_0_i_3/O
                         net (fo=64, routed)          3.855     6.394    bd_0_i/hls_inst/inst/col_inbuf_1_U/ram_reg_0_7_0_0/A1
    SLICE_X22Y17         RAMS32 (Prop_rams32_ADR1_O)
                                                      0.124     6.518 r  bd_0_i/hls_inst/inst/col_inbuf_1_U/ram_reg_0_7_0_0/SP/O
                         net (fo=1, routed)           0.554     7.072    bd_0_i/hls_inst/inst/grp_dct_Pipeline_Col_DCT_Loop_DCT_Outer_Loop_fu_190/mac_muladd_16s_15s_29s_29_4_1_U55/dct_mac_muladd_16s_15s_29s_29_4_1_DSP48_0_U/q00[0]
    DSP48_X1Y6           DSP48E1                                      r  bd_0_i/hls_inst/inst/grp_dct_Pipeline_Col_DCT_Loop_DCT_Outer_Loop_fu_190/mac_muladd_16s_15s_29s_29_4_1_U55/dct_mac_muladd_16s_15s_29s_29_4_1_DSP48_0_U/m_reg_reg/A[0]
  -------------------------------------------------------------------    -------------------

                         (clock ap_clk rise edge)    10.000    10.000 r  
                                                      0.000    10.000 r  ap_clk (IN)
                         net (fo=666, unset)          0.924    10.924    bd_0_i/hls_inst/inst/grp_dct_Pipeline_Col_DCT_Loop_DCT_Outer_Loop_fu_190/mac_muladd_16s_15s_29s_29_4_1_U55/dct_mac_muladd_16s_15s_29s_29_4_1_DSP48_0_U/ap_clk
    DSP48_X1Y6           DSP48E1                                      r  bd_0_i/hls_inst/inst/grp_dct_Pipeline_Col_DCT_Loop_DCT_Outer_Loop_fu_190/mac_muladd_16s_15s_29s_29_4_1_U55/dct_mac_muladd_16s_15s_29s_29_4_1_DSP48_0_U/m_reg_reg/CLK
                         clock pessimism              0.000    10.924    
                         clock uncertainty           -0.035    10.889    
    DSP48_X1Y6           DSP48E1 (Setup_dsp48e1_CLK_A[0])
                                                     -0.362    10.527    bd_0_i/hls_inst/inst/grp_dct_Pipeline_Col_DCT_Loop_DCT_Outer_Loop_fu_190/mac_muladd_16s_15s_29s_29_4_1_U55/dct_mac_muladd_16s_15s_29s_29_4_1_DSP48_0_U/m_reg_reg
  -------------------------------------------------------------------
                         required time                         10.527    
                         arrival time                          -7.072    
  -------------------------------------------------------------------
                         slack                                  3.455    

Slack (MET) :             3.474ns  (required time - arrival time)
  Source:                 bd_0_i/hls_inst/inst/ap_CS_fsm_reg[3]/C
                            (rising edge-triggered cell FDRE clocked by ap_clk  {rise@0.000ns fall@5.000ns period=10.000ns})
  Destination:            bd_0_i/hls_inst/inst/grp_dct_Pipeline_Row_DCT_Loop_DCT_Outer_Loop_fu_148/mac_muladd_16s_15s_29s_29_4_1_U17/dct_mac_muladd_16s_15s_29s_29_4_1_DSP48_0_U/m_reg_reg/A[20]
                            (rising edge-triggered cell DSP48E1 clocked by ap_clk  {rise@0.000ns fall@5.000ns period=10.000ns})
  Path Group:             ap_clk
  Path Type:              Setup (Max at Slow Process Corner)
  Requirement:            10.000ns  (ap_clk rise@10.000ns - ap_clk rise@0.000ns)
  Data Path Delay:        6.080ns  (logic 0.720ns (11.842%)  route 5.360ns (88.158%))
  Logic Levels:           2  (LUT3=1 RAMS32=1)
  Clock Path Skew:        -0.049ns (DCD - SCD + CPR)
    Destination Clock Delay (DCD):    0.924ns = ( 10.924 - 10.000 ) 
    Source Clock Delay      (SCD):    0.973ns
    Clock Pessimism Removal (CPR):    0.000ns
  Clock Uncertainty:      0.035ns  ((TSJ^2 + TIJ^2)^1/2 + DJ) / 2 + PE
    Total System Jitter     (TSJ):    0.071ns
    Total Input Jitter      (TIJ):    0.000ns
    Discrete Jitter          (DJ):    0.000ns
    Phase Error              (PE):    0.000ns

    Location             Delay type                Incr(ns)  Path(ns)    Netlist Resource(s)
  -------------------------------------------------------------------    -------------------
                         (clock ap_clk rise edge)     0.000     0.000 r  
                                                      0.000     0.000 r  ap_clk (IN)
                         net (fo=666, unset)          0.973     0.973    bd_0_i/hls_inst/inst/ap_clk
    SLICE_X17Y30         FDRE                                         r  bd_0_i/hls_inst/inst/ap_CS_fsm_reg[3]/C
  -------------------------------------------------------------------    -------------------
    SLICE_X17Y30         FDRE (Prop_fdre_C_Q)         0.456     1.429 r  bd_0_i/hls_inst/inst/ap_CS_fsm_reg[3]/Q
                         net (fo=21, routed)          1.167     2.596    bd_0_i/hls_inst/inst/grp_dct_Pipeline_Row_DCT_Loop_DCT_Outer_Loop_fu_148/p_reg_reg_9[2]
    SLICE_X17Y25         LUT3 (Prop_lut3_I1_O)        0.154     2.750 r  bd_0_i/hls_inst/inst/grp_dct_Pipeline_Row_DCT_Loop_DCT_Outer_Loop_fu_148/ram_reg_0_7_0_0_i_3__2/O
                         net (fo=64, routed)          3.114     5.864    bd_0_i/hls_inst/inst/buf_2d_in_10_U/ram_reg_0_7_15_15/A1
    SLICE_X14Y13         RAMS32 (Prop_rams32_ADR1_O)
                                                      0.110     5.974 r  bd_0_i/hls_inst/inst/buf_2d_in_10_U/ram_reg_0_7_15_15/SP/O
                         net (fo=15, routed)          1.079     7.053    bd_0_i/hls_inst/inst/grp_dct_Pipeline_Row_DCT_Loop_DCT_Outer_Loop_fu_148/mac_muladd_16s_15s_29s_29_4_1_U17/dct_mac_muladd_16s_15s_29s_29_4_1_DSP48_0_U/m_reg_reg_0[15]
    DSP48_X0Y4           DSP48E1                                      r  bd_0_i/hls_inst/inst/grp_dct_Pipeline_Row_DCT_Loop_DCT_Outer_Loop_fu_148/mac_muladd_16s_15s_29s_29_4_1_U17/dct_mac_muladd_16s_15s_29s_29_4_1_DSP48_0_U/m_reg_reg/A[20]
  -------------------------------------------------------------------    -------------------

                         (clock ap_clk rise edge)    10.000    10.000 r  
                                                      0.000    10.000 r  ap_clk (IN)
                         net (fo=666, unset)          0.924    10.924    bd_0_i/hls_inst/inst/grp_dct_Pipeline_Row_DCT_Loop_DCT_Outer_Loop_fu_148/mac_muladd_16s_15s_29s_29_4_1_U17/dct_mac_muladd_16s_15s_29s_29_4_1_DSP48_0_U/ap_clk
    DSP48_X0Y4           DSP48E1                                      r  bd_0_i/hls_inst/inst/grp_dct_Pipeline_Row_DCT_Loop_DCT_Outer_Loop_fu_148/mac_muladd_16s_15s_29s_29_4_1_U17/dct_mac_muladd_16s_15s_29s_29_4_1_DSP48_0_U/m_reg_reg/CLK
                         clock pessimism              0.000    10.924    
                         clock uncertainty           -0.035    10.889    
    DSP48_X0Y4           DSP48E1 (Setup_dsp48e1_CLK_A[20])
                                                     -0.362    10.527    bd_0_i/hls_inst/inst/grp_dct_Pipeline_Row_DCT_Loop_DCT_Outer_Loop_fu_148/mac_muladd_16s_15s_29s_29_4_1_U17/dct_mac_muladd_16s_15s_29s_29_4_1_DSP48_0_U/m_reg_reg
  -------------------------------------------------------------------
                         required time                         10.527    
                         arrival time                          -7.053    
  -------------------------------------------------------------------
                         slack                                  3.474    

Slack (MET) :             3.474ns  (required time - arrival time)
  Source:                 bd_0_i/hls_inst/inst/ap_CS_fsm_reg[3]/C
                            (rising edge-triggered cell FDRE clocked by ap_clk  {rise@0.000ns fall@5.000ns period=10.000ns})
  Destination:            bd_0_i/hls_inst/inst/grp_dct_Pipeline_Row_DCT_Loop_DCT_Outer_Loop_fu_148/mac_muladd_16s_15s_29s_29_4_1_U17/dct_mac_muladd_16s_15s_29s_29_4_1_DSP48_0_U/m_reg_reg/A[21]
                            (rising edge-triggered cell DSP48E1 clocked by ap_clk  {rise@0.000ns fall@5.000ns period=10.000ns})
  Path Group:             ap_clk
  Path Type:              Setup (Max at Slow Process Corner)
  Requirement:            10.000ns  (ap_clk rise@10.000ns - ap_clk rise@0.000ns)
  Data Path Delay:        6.080ns  (logic 0.720ns (11.842%)  route 5.360ns (88.158%))
  Logic Levels:           2  (LUT3=1 RAMS32=1)
  Clock Path Skew:        -0.049ns (DCD - SCD + CPR)
    Destination Clock Delay (DCD):    0.924ns = ( 10.924 - 10.000 ) 
    Source Clock Delay      (SCD):    0.973ns
    Clock Pessimism Removal (CPR):    0.000ns
  Clock Uncertainty:      0.035ns  ((TSJ^2 + TIJ^2)^1/2 + DJ) / 2 + PE
    Total System Jitter     (TSJ):    0.071ns
    Total Input Jitter      (TIJ):    0.000ns
    Discrete Jitter          (DJ):    0.000ns
    Phase Error              (PE):    0.000ns

    Location             Delay type                Incr(ns)  Path(ns)    Netlist Resource(s)
  -------------------------------------------------------------------    -------------------
                         (clock ap_clk rise edge)     0.000     0.000 r  
                                                      0.000     0.000 r  ap_clk (IN)
                         net (fo=666, unset)          0.973     0.973    bd_0_i/hls_inst/inst/ap_clk
    SLICE_X17Y30         FDRE                                         r  bd_0_i/hls_inst/inst/ap_CS_fsm_reg[3]/C
  -------------------------------------------------------------------    -------------------
    SLICE_X17Y30         FDRE (Prop_fdre_C_Q)         0.456     1.429 r  bd_0_i/hls_inst/inst/ap_CS_fsm_reg[3]/Q
                         net (fo=21, routed)          1.167     2.596    bd_0_i/hls_inst/inst/grp_dct_Pipeline_Row_DCT_Loop_DCT_Outer_Loop_fu_148/p_reg_reg_9[2]
    SLICE_X17Y25         LUT3 (Prop_lut3_I1_O)        0.154     2.750 r  bd_0_i/hls_inst/inst/grp_dct_Pipeline_Row_DCT_Loop_DCT_Outer_Loop_fu_148/ram_reg_0_7_0_0_i_3__2/O
                         net (fo=64, routed)          3.114     5.864    bd_0_i/hls_inst/inst/buf_2d_in_10_U/ram_reg_0_7_15_15/A1
    SLICE_X14Y13         RAMS32 (Prop_rams32_ADR1_O)
                                                      0.110     5.974 r  bd_0_i/hls_inst/inst/buf_2d_in_10_U/ram_reg_0_7_15_15/SP/O
                         net (fo=15, routed)          1.079     7.053    bd_0_i/hls_inst/inst/grp_dct_Pipeline_Row_DCT_Loop_DCT_Outer_Loop_fu_148/mac_muladd_16s_15s_29s_29_4_1_U17/dct_mac_muladd_16s_15s_29s_29_4_1_DSP48_0_U/m_reg_reg_0[15]
    DSP48_X0Y4           DSP48E1                                      r  bd_0_i/hls_inst/inst/grp_dct_Pipeline_Row_DCT_Loop_DCT_Outer_Loop_fu_148/mac_muladd_16s_15s_29s_29_4_1_U17/dct_mac_muladd_16s_15s_29s_29_4_1_DSP48_0_U/m_reg_reg/A[21]
  -------------------------------------------------------------------    -------------------

                         (clock ap_clk rise edge)    10.000    10.000 r  
                                                      0.000    10.000 r  ap_clk (IN)
                         net (fo=666, unset)          0.924    10.924    bd_0_i/hls_inst/inst/grp_dct_Pipeline_Row_DCT_Loop_DCT_Outer_Loop_fu_148/mac_muladd_16s_15s_29s_29_4_1_U17/dct_mac_muladd_16s_15s_29s_29_4_1_DSP48_0_U/ap_clk
    DSP48_X0Y4           DSP48E1                                      r  bd_0_i/hls_inst/inst/grp_dct_Pipeline_Row_DCT_Loop_DCT_Outer_Loop_fu_148/mac_muladd_16s_15s_29s_29_4_1_U17/dct_mac_muladd_16s_15s_29s_29_4_1_DSP48_0_U/m_reg_reg/CLK
                         clock pessimism              0.000    10.924    
                         clock uncertainty           -0.035    10.889    
    DSP48_X0Y4           DSP48E1 (Setup_dsp48e1_CLK_A[21])
                                                     -0.362    10.527    bd_0_i/hls_inst/inst/grp_dct_Pipeline_Row_DCT_Loop_DCT_Outer_Loop_fu_148/mac_muladd_16s_15s_29s_29_4_1_U17/dct_mac_muladd_16s_15s_29s_29_4_1_DSP48_0_U/m_reg_reg
  -------------------------------------------------------------------
                         required time                         10.527    
                         arrival time                          -7.053    
  -------------------------------------------------------------------
                         slack                                  3.474    

Slack (MET) :             3.474ns  (required time - arrival time)
  Source:                 bd_0_i/hls_inst/inst/ap_CS_fsm_reg[3]/C
                            (rising edge-triggered cell FDRE clocked by ap_clk  {rise@0.000ns fall@5.000ns period=10.000ns})
  Destination:            bd_0_i/hls_inst/inst/grp_dct_Pipeline_Row_DCT_Loop_DCT_Outer_Loop_fu_148/mac_muladd_16s_15s_29s_29_4_1_U17/dct_mac_muladd_16s_15s_29s_29_4_1_DSP48_0_U/m_reg_reg/A[22]
                            (rising edge-triggered cell DSP48E1 clocked by ap_clk  {rise@0.000ns fall@5.000ns period=10.000ns})
  Path Group:             ap_clk
  Path Type:              Setup (Max at Slow Process Corner)
  Requirement:            10.000ns  (ap_clk rise@10.000ns - ap_clk rise@0.000ns)
  Data Path Delay:        6.080ns  (logic 0.720ns (11.842%)  route 5.360ns (88.158%))
  Logic Levels:           2  (LUT3=1 RAMS32=1)
  Clock Path Skew:        -0.049ns (DCD - SCD + CPR)
    Destination Clock Delay (DCD):    0.924ns = ( 10.924 - 10.000 ) 
    Source Clock Delay      (SCD):    0.973ns
    Clock Pessimism Removal (CPR):    0.000ns
  Clock Uncertainty:      0.035ns  ((TSJ^2 + TIJ^2)^1/2 + DJ) / 2 + PE
    Total System Jitter     (TSJ):    0.071ns
    Total Input Jitter      (TIJ):    0.000ns
    Discrete Jitter          (DJ):    0.000ns
    Phase Error              (PE):    0.000ns

    Location             Delay type                Incr(ns)  Path(ns)    Netlist Resource(s)
  -------------------------------------------------------------------    -------------------
                         (clock ap_clk rise edge)     0.000     0.000 r  
                                                      0.000     0.000 r  ap_clk (IN)
                         net (fo=666, unset)          0.973     0.973    bd_0_i/hls_inst/inst/ap_clk
    SLICE_X17Y30         FDRE                                         r  bd_0_i/hls_inst/inst/ap_CS_fsm_reg[3]/C
  -------------------------------------------------------------------    -------------------
    SLICE_X17Y30         FDRE (Prop_fdre_C_Q)         0.456     1.429 r  bd_0_i/hls_inst/inst/ap_CS_fsm_reg[3]/Q
                         net (fo=21, routed)          1.167     2.596    bd_0_i/hls_inst/inst/grp_dct_Pipeline_Row_DCT_Loop_DCT_Outer_Loop_fu_148/p_reg_reg_9[2]
    SLICE_X17Y25         LUT3 (Prop_lut3_I1_O)        0.154     2.750 r  bd_0_i/hls_inst/inst/grp_dct_Pipeline_Row_DCT_Loop_DCT_Outer_Loop_fu_148/ram_reg_0_7_0_0_i_3__2/O
                         net (fo=64, routed)          3.114     5.864    bd_0_i/hls_inst/inst/buf_2d_in_10_U/ram_reg_0_7_15_15/A1
    SLICE_X14Y13         RAMS32 (Prop_rams32_ADR1_O)
                                                      0.110     5.974 r  bd_0_i/hls_inst/inst/buf_2d_in_10_U/ram_reg_0_7_15_15/SP/O
                         net (fo=15, routed)          1.079     7.053    bd_0_i/hls_inst/inst/grp_dct_Pipeline_Row_DCT_Loop_DCT_Outer_Loop_fu_148/mac_muladd_16s_15s_29s_29_4_1_U17/dct_mac_muladd_16s_15s_29s_29_4_1_DSP48_0_U/m_reg_reg_0[15]
    DSP48_X0Y4           DSP48E1                                      r  bd_0_i/hls_inst/inst/grp_dct_Pipeline_Row_DCT_Loop_DCT_Outer_Loop_fu_148/mac_muladd_16s_15s_29s_29_4_1_U17/dct_mac_muladd_16s_15s_29s_29_4_1_DSP48_0_U/m_reg_reg/A[22]
  -------------------------------------------------------------------    -------------------

                         (clock ap_clk rise edge)    10.000    10.000 r  
                                                      0.000    10.000 r  ap_clk (IN)
                         net (fo=666, unset)          0.924    10.924    bd_0_i/hls_inst/inst/grp_dct_Pipeline_Row_DCT_Loop_DCT_Outer_Loop_fu_148/mac_muladd_16s_15s_29s_29_4_1_U17/dct_mac_muladd_16s_15s_29s_29_4_1_DSP48_0_U/ap_clk
    DSP48_X0Y4           DSP48E1                                      r  bd_0_i/hls_inst/inst/grp_dct_Pipeline_Row_DCT_Loop_DCT_Outer_Loop_fu_148/mac_muladd_16s_15s_29s_29_4_1_U17/dct_mac_muladd_16s_15s_29s_29_4_1_DSP48_0_U/m_reg_reg/CLK
                         clock pessimism              0.000    10.924    
                         clock uncertainty           -0.035    10.889    
    DSP48_X0Y4           DSP48E1 (Setup_dsp48e1_CLK_A[22])
                                                     -0.362    10.527    bd_0_i/hls_inst/inst/grp_dct_Pipeline_Row_DCT_Loop_DCT_Outer_Loop_fu_148/mac_muladd_16s_15s_29s_29_4_1_U17/dct_mac_muladd_16s_15s_29s_29_4_1_DSP48_0_U/m_reg_reg
  -------------------------------------------------------------------
                         required time                         10.527    
                         arrival time                          -7.053    
  -------------------------------------------------------------------
                         slack                                  3.474    

Slack (MET) :             3.474ns  (required time - arrival time)
  Source:                 bd_0_i/hls_inst/inst/ap_CS_fsm_reg[3]/C
                            (rising edge-triggered cell FDRE clocked by ap_clk  {rise@0.000ns fall@5.000ns period=10.000ns})
  Destination:            bd_0_i/hls_inst/inst/grp_dct_Pipeline_Row_DCT_Loop_DCT_Outer_Loop_fu_148/mac_muladd_16s_15s_29s_29_4_1_U17/dct_mac_muladd_16s_15s_29s_29_4_1_DSP48_0_U/m_reg_reg/A[23]
                            (rising edge-triggered cell DSP48E1 clocked by ap_clk  {rise@0.000ns fall@5.000ns period=10.000ns})
  Path Group:             ap_clk
  Path Type:              Setup (Max at Slow Process Corner)
  Requirement:            10.000ns  (ap_clk rise@10.000ns - ap_clk rise@0.000ns)
  Data Path Delay:        6.080ns  (logic 0.720ns (11.842%)  route 5.360ns (88.158%))
  Logic Levels:           2  (LUT3=1 RAMS32=1)
  Clock Path Skew:        -0.049ns (DCD - SCD + CPR)
    Destination Clock Delay (DCD):    0.924ns = ( 10.924 - 10.000 ) 
    Source Clock Delay      (SCD):    0.973ns
    Clock Pessimism Removal (CPR):    0.000ns
  Clock Uncertainty:      0.035ns  ((TSJ^2 + TIJ^2)^1/2 + DJ) / 2 + PE
    Total System Jitter     (TSJ):    0.071ns
    Total Input Jitter      (TIJ):    0.000ns
    Discrete Jitter          (DJ):    0.000ns
    Phase Error              (PE):    0.000ns

    Location             Delay type                Incr(ns)  Path(ns)    Netlist Resource(s)
  -------------------------------------------------------------------    -------------------
                         (clock ap_clk rise edge)     0.000     0.000 r  
                                                      0.000     0.000 r  ap_clk (IN)
                         net (fo=666, unset)          0.973     0.973    bd_0_i/hls_inst/inst/ap_clk
    SLICE_X17Y30         FDRE                                         r  bd_0_i/hls_inst/inst/ap_CS_fsm_reg[3]/C
  -------------------------------------------------------------------    -------------------
    SLICE_X17Y30         FDRE (Prop_fdre_C_Q)         0.456     1.429 r  bd_0_i/hls_inst/inst/ap_CS_fsm_reg[3]/Q
                         net (fo=21, routed)          1.167     2.596    bd_0_i/hls_inst/inst/grp_dct_Pipeline_Row_DCT_Loop_DCT_Outer_Loop_fu_148/p_reg_reg_9[2]
    SLICE_X17Y25         LUT3 (Prop_lut3_I1_O)        0.154     2.750 r  bd_0_i/hls_inst/inst/grp_dct_Pipeline_Row_DCT_Loop_DCT_Outer_Loop_fu_148/ram_reg_0_7_0_0_i_3__2/O
                         net (fo=64, routed)          3.114     5.864    bd_0_i/hls_inst/inst/buf_2d_in_10_U/ram_reg_0_7_15_15/A1
    SLICE_X14Y13         RAMS32 (Prop_rams32_ADR1_O)
                                                      0.110     5.974 r  bd_0_i/hls_inst/inst/buf_2d_in_10_U/ram_reg_0_7_15_15/SP/O
                         net (fo=15, routed)          1.079     7.053    bd_0_i/hls_inst/inst/grp_dct_Pipeline_Row_DCT_Loop_DCT_Outer_Loop_fu_148/mac_muladd_16s_15s_29s_29_4_1_U17/dct_mac_muladd_16s_15s_29s_29_4_1_DSP48_0_U/m_reg_reg_0[15]
    DSP48_X0Y4           DSP48E1                                      r  bd_0_i/hls_inst/inst/grp_dct_Pipeline_Row_DCT_Loop_DCT_Outer_Loop_fu_148/mac_muladd_16s_15s_29s_29_4_1_U17/dct_mac_muladd_16s_15s_29s_29_4_1_DSP48_0_U/m_reg_reg/A[23]
  -------------------------------------------------------------------    -------------------

                         (clock ap_clk rise edge)    10.000    10.000 r  
                                                      0.000    10.000 r  ap_clk (IN)
                         net (fo=666, unset)          0.924    10.924    bd_0_i/hls_inst/inst/grp_dct_Pipeline_Row_DCT_Loop_DCT_Outer_Loop_fu_148/mac_muladd_16s_15s_29s_29_4_1_U17/dct_mac_muladd_16s_15s_29s_29_4_1_DSP48_0_U/ap_clk
    DSP48_X0Y4           DSP48E1                                      r  bd_0_i/hls_inst/inst/grp_dct_Pipeline_Row_DCT_Loop_DCT_Outer_Loop_fu_148/mac_muladd_16s_15s_29s_29_4_1_U17/dct_mac_muladd_16s_15s_29s_29_4_1_DSP48_0_U/m_reg_reg/CLK
                         clock pessimism              0.000    10.924    
                         clock uncertainty           -0.035    10.889    
    DSP48_X0Y4           DSP48E1 (Setup_dsp48e1_CLK_A[23])
                                                     -0.362    10.527    bd_0_i/hls_inst/inst/grp_dct_Pipeline_Row_DCT_Loop_DCT_Outer_Loop_fu_148/mac_muladd_16s_15s_29s_29_4_1_U17/dct_mac_muladd_16s_15s_29s_29_4_1_DSP48_0_U/m_reg_reg
  -------------------------------------------------------------------
                         required time                         10.527    
                         arrival time                          -7.053    
  -------------------------------------------------------------------
                         slack                                  3.474    

Slack (MET) :             3.487ns  (required time - arrival time)
  Source:                 bd_0_i/hls_inst/inst/ap_CS_fsm_reg[7]/C
                            (rising edge-triggered cell FDRE clocked by ap_clk  {rise@0.000ns fall@5.000ns period=10.000ns})
  Destination:            bd_0_i/hls_inst/inst/grp_dct_Pipeline_Col_DCT_Loop_DCT_Outer_Loop_fu_190/mac_muladd_16s_15s_29s_29_4_1_U55/dct_mac_muladd_16s_15s_29s_29_4_1_DSP48_0_U/p_reg_reg/A[12]
                            (rising edge-triggered cell DSP48E1 clocked by ap_clk  {rise@0.000ns fall@5.000ns period=10.000ns})
  Path Group:             ap_clk
  Path Type:              Setup (Max at Slow Process Corner)
  Requirement:            10.000ns  (ap_clk rise@10.000ns - ap_clk rise@0.000ns)
  Data Path Delay:        6.067ns  (logic 3.287ns (54.176%)  route 2.780ns (45.824%))
  Logic Levels:           2  (LUT3=1 RAMS32=1)
  Clock Path Skew:        -0.049ns (DCD - SCD + CPR)
    Destination Clock Delay (DCD):    0.924ns = ( 10.924 - 10.000 ) 
    Source Clock Delay      (SCD):    0.973ns
    Clock Pessimism Removal (CPR):    0.000ns
  Clock Uncertainty:      0.035ns  ((TSJ^2 + TIJ^2)^1/2 + DJ) / 2 + PE
    Total System Jitter     (TSJ):    0.071ns
    Total Input Jitter      (TIJ):    0.000ns
    Discrete Jitter          (DJ):    0.000ns
    Phase Error              (PE):    0.000ns

    Location             Delay type                Incr(ns)  Path(ns)    Netlist Resource(s)
  -------------------------------------------------------------------    -------------------
                         (clock ap_clk rise edge)     0.000     0.000 r  
                                                      0.000     0.000 r  ap_clk (IN)
                         net (fo=666, unset)          0.973     0.973    bd_0_i/hls_inst/inst/ap_clk
    SLICE_X15Y29         FDRE                                         r  bd_0_i/hls_inst/inst/ap_CS_fsm_reg[7]/C
  -------------------------------------------------------------------    -------------------
    SLICE_X15Y29         FDRE (Prop_fdre_C_Q)         0.456     1.429 r  bd_0_i/hls_inst/inst/ap_CS_fsm_reg[7]/Q
                         net (fo=98, routed)          0.986     2.415    bd_0_i/hls_inst/inst/grp_dct_Pipeline_Col_DCT_Loop_DCT_Outer_Loop_fu_190/m_reg_reg_3[3]
    SLICE_X15Y26         LUT3 (Prop_lut3_I1_O)        0.124     2.539 r  bd_0_i/hls_inst/inst/grp_dct_Pipeline_Col_DCT_Loop_DCT_Outer_Loop_fu_190/ram_reg_0_7_0_0_i_3/O
                         net (fo=64, routed)          1.398     3.937    bd_0_i/hls_inst/inst/col_inbuf_U/ram_reg_0_7_12_12/A1
    SLICE_X22Y18         RAMS32 (Prop_rams32_ADR1_O)
                                                      2.707     6.644 r  bd_0_i/hls_inst/inst/col_inbuf_U/ram_reg_0_7_12_12/SP/O
                         net (fo=1, routed)           0.396     7.040    bd_0_i/hls_inst/inst/grp_dct_Pipeline_Col_DCT_Loop_DCT_Outer_Loop_fu_190/mac_muladd_16s_15s_29s_29_4_1_U55/dct_mac_muladd_16s_15s_29s_29_4_1_DSP48_0_U/A[12]
    DSP48_X1Y7           DSP48E1                                      r  bd_0_i/hls_inst/inst/grp_dct_Pipeline_Col_DCT_Loop_DCT_Outer_Loop_fu_190/mac_muladd_16s_15s_29s_29_4_1_U55/dct_mac_muladd_16s_15s_29s_29_4_1_DSP48_0_U/p_reg_reg/A[12]
  -------------------------------------------------------------------    -------------------

                         (clock ap_clk rise edge)    10.000    10.000 r  
                                                      0.000    10.000 r  ap_clk (IN)
                         net (fo=666, unset)          0.924    10.924    bd_0_i/hls_inst/inst/grp_dct_Pipeline_Col_DCT_Loop_DCT_Outer_Loop_fu_190/mac_muladd_16s_15s_29s_29_4_1_U55/dct_mac_muladd_16s_15s_29s_29_4_1_DSP48_0_U/ap_clk
    DSP48_X1Y7           DSP48E1                                      r  bd_0_i/hls_inst/inst/grp_dct_Pipeline_Col_DCT_Loop_DCT_Outer_Loop_fu_190/mac_muladd_16s_15s_29s_29_4_1_U55/dct_mac_muladd_16s_15s_29s_29_4_1_DSP48_0_U/p_reg_reg/CLK
                         clock pessimism              0.000    10.924    
                         clock uncertainty           -0.035    10.889    
    DSP48_X1Y7           DSP48E1 (Setup_dsp48e1_CLK_A[12])
                                                     -0.362    10.527    bd_0_i/hls_inst/inst/grp_dct_Pipeline_Col_DCT_Loop_DCT_Outer_Loop_fu_190/mac_muladd_16s_15s_29s_29_4_1_U55/dct_mac_muladd_16s_15s_29s_29_4_1_DSP48_0_U/p_reg_reg
  -------------------------------------------------------------------
                         required time                         10.527    
                         arrival time                          -7.040    
  -------------------------------------------------------------------
                         slack                                  3.487    

Slack (MET) :             3.580ns  (required time - arrival time)
  Source:                 bd_0_i/hls_inst/inst/ap_CS_fsm_reg[3]/C
                            (rising edge-triggered cell FDRE clocked by ap_clk  {rise@0.000ns fall@5.000ns period=10.000ns})
  Destination:            bd_0_i/hls_inst/inst/grp_dct_Pipeline_Row_DCT_Loop_DCT_Outer_Loop_fu_148/mac_muladd_16s_15s_29s_29_4_1_U17/dct_mac_muladd_16s_15s_29s_29_4_1_DSP48_0_U/m_reg_reg/A[2]
                            (rising edge-triggered cell DSP48E1 clocked by ap_clk  {rise@0.000ns fall@5.000ns period=10.000ns})
  Path Group:             ap_clk
  Path Type:              Setup (Max at Slow Process Corner)
  Requirement:            10.000ns  (ap_clk rise@10.000ns - ap_clk rise@0.000ns)
  Data Path Delay:        5.974ns  (logic 0.956ns (16.002%)  route 5.018ns (83.998%))
  Logic Levels:           2  (LUT3=1 RAMS32=1)
  Clock Path Skew:        -0.049ns (DCD - SCD + CPR)
    Destination Clock Delay (DCD):    0.924ns = ( 10.924 - 10.000 ) 
    Source Clock Delay      (SCD):    0.973ns
    Clock Pessimism Removal (CPR):    0.000ns
  Clock Uncertainty:      0.035ns  ((TSJ^2 + TIJ^2)^1/2 + DJ) / 2 + PE
    Total System Jitter     (TSJ):    0.071ns
    Total Input Jitter      (TIJ):    0.000ns
    Discrete Jitter          (DJ):    0.000ns
    Phase Error              (PE):    0.000ns

    Location             Delay type                Incr(ns)  Path(ns)    Netlist Resource(s)
  -------------------------------------------------------------------    -------------------
                         (clock ap_clk rise edge)     0.000     0.000 r  
                                                      0.000     0.000 r  ap_clk (IN)
                         net (fo=666, unset)          0.973     0.973    bd_0_i/hls_inst/inst/ap_clk
    SLICE_X17Y30         FDRE                                         r  bd_0_i/hls_inst/inst/ap_CS_fsm_reg[3]/C
  -------------------------------------------------------------------    -------------------
    SLICE_X17Y30         FDRE (Prop_fdre_C_Q)         0.456     1.429 r  bd_0_i/hls_inst/inst/ap_CS_fsm_reg[3]/Q
                         net (fo=21, routed)          0.996     2.425    bd_0_i/hls_inst/inst/grp_dct_Pipeline_Row_DCT_Loop_DCT_Outer_Loop_fu_148/p_reg_reg_9[2]
    SLICE_X20Y29         LUT3 (Prop_lut3_I1_O)        0.152     2.577 r  bd_0_i/hls_inst/inst/grp_dct_Pipeline_Row_DCT_Loop_DCT_Outer_Loop_fu_148/ram_reg_0_7_0_0_i_4__2/O
                         net (fo=64, routed)          3.266     5.843    bd_0_i/hls_inst/inst/buf_2d_in_10_U/ram_reg_0_7_2_2/A2
    SLICE_X16Y11         RAMS32 (Prop_rams32_ADR2_O)
                                                      0.348     6.191 r  bd_0_i/hls_inst/inst/buf_2d_in_10_U/ram_reg_0_7_2_2/SP/O
                         net (fo=1, routed)           0.757     6.947    bd_0_i/hls_inst/inst/grp_dct_Pipeline_Row_DCT_Loop_DCT_Outer_Loop_fu_148/mac_muladd_16s_15s_29s_29_4_1_U17/dct_mac_muladd_16s_15s_29s_29_4_1_DSP48_0_U/m_reg_reg_0[2]
    DSP48_X0Y4           DSP48E1                                      r  bd_0_i/hls_inst/inst/grp_dct_Pipeline_Row_DCT_Loop_DCT_Outer_Loop_fu_148/mac_muladd_16s_15s_29s_29_4_1_U17/dct_mac_muladd_16s_15s_29s_29_4_1_DSP48_0_U/m_reg_reg/A[2]
  -------------------------------------------------------------------    -------------------

                         (clock ap_clk rise edge)    10.000    10.000 r  
                                                      0.000    10.000 r  ap_clk (IN)
                         net (fo=666, unset)          0.924    10.924    bd_0_i/hls_inst/inst/grp_dct_Pipeline_Row_DCT_Loop_DCT_Outer_Loop_fu_148/mac_muladd_16s_15s_29s_29_4_1_U17/dct_mac_muladd_16s_15s_29s_29_4_1_DSP48_0_U/ap_clk
    DSP48_X0Y4           DSP48E1                                      r  bd_0_i/hls_inst/inst/grp_dct_Pipeline_Row_DCT_Loop_DCT_Outer_Loop_fu_148/mac_muladd_16s_15s_29s_29_4_1_U17/dct_mac_muladd_16s_15s_29s_29_4_1_DSP48_0_U/m_reg_reg/CLK
                         clock pessimism              0.000    10.924    
                         clock uncertainty           -0.035    10.889    
    DSP48_X0Y4           DSP48E1 (Setup_dsp48e1_CLK_A[2])
                                                     -0.362    10.527    bd_0_i/hls_inst/inst/grp_dct_Pipeline_Row_DCT_Loop_DCT_Outer_Loop_fu_148/mac_muladd_16s_15s_29s_29_4_1_U17/dct_mac_muladd_16s_15s_29s_29_4_1_DSP48_0_U/m_reg_reg
  -------------------------------------------------------------------
                         required time                         10.527    
                         arrival time                          -6.947    
  -------------------------------------------------------------------
                         slack                                  3.580    

Slack (MET) :             3.603ns  (required time - arrival time)
  Source:                 bd_0_i/hls_inst/inst/ap_CS_fsm_reg[3]/C
                            (rising edge-triggered cell FDRE clocked by ap_clk  {rise@0.000ns fall@5.000ns period=10.000ns})
  Destination:            bd_0_i/hls_inst/inst/grp_dct_Pipeline_Row_DCT_Loop_DCT_Outer_Loop_fu_148/mac_muladd_16s_15s_29s_29_4_1_U17/dct_mac_muladd_16s_15s_29s_29_4_1_DSP48_0_U/m_reg_reg/A[10]
                            (rising edge-triggered cell DSP48E1 clocked by ap_clk  {rise@0.000ns fall@5.000ns period=10.000ns})
  Path Group:             ap_clk
  Path Type:              Setup (Max at Slow Process Corner)
  Requirement:            10.000ns  (ap_clk rise@10.000ns - ap_clk rise@0.000ns)
  Data Path Delay:        5.951ns  (logic 0.993ns (16.686%)  route 4.958ns (83.314%))
  Logic Levels:           2  (LUT3=1 RAMS32=1)
  Clock Path Skew:        -0.049ns (DCD - SCD + CPR)
    Destination Clock Delay (DCD):    0.924ns = ( 10.924 - 10.000 ) 
    Source Clock Delay      (SCD):    0.973ns
    Clock Pessimism Removal (CPR):    0.000ns
  Clock Uncertainty:      0.035ns  ((TSJ^2 + TIJ^2)^1/2 + DJ) / 2 + PE
    Total System Jitter     (TSJ):    0.071ns
    Total Input Jitter      (TIJ):    0.000ns
    Discrete Jitter          (DJ):    0.000ns
    Phase Error              (PE):    0.000ns

    Location             Delay type                Incr(ns)  Path(ns)    Netlist Resource(s)
  -------------------------------------------------------------------    -------------------
                         (clock ap_clk rise edge)     0.000     0.000 r  
                                                      0.000     0.000 r  ap_clk (IN)
                         net (fo=666, unset)          0.973     0.973    bd_0_i/hls_inst/inst/ap_clk
    SLICE_X17Y30         FDRE                                         r  bd_0_i/hls_inst/inst/ap_CS_fsm_reg[3]/C
  -------------------------------------------------------------------    -------------------
    SLICE_X17Y30         FDRE (Prop_fdre_C_Q)         0.456     1.429 r  bd_0_i/hls_inst/inst/ap_CS_fsm_reg[3]/Q
                         net (fo=21, routed)          0.996     2.425    bd_0_i/hls_inst/inst/grp_dct_Pipeline_Row_DCT_Loop_DCT_Outer_Loop_fu_148/p_reg_reg_9[2]
    SLICE_X20Y29         LUT3 (Prop_lut3_I1_O)        0.152     2.577 r  bd_0_i/hls_inst/inst/grp_dct_Pipeline_Row_DCT_Loop_DCT_Outer_Loop_fu_148/ram_reg_0_7_0_0_i_4__2/O
                         net (fo=64, routed)          3.256     5.833    bd_0_i/hls_inst/inst/buf_2d_in_10_U/ram_reg_0_7_10_10/A2
    SLICE_X14Y12         RAMS32 (Prop_rams32_ADR2_O)
                                                      0.385     6.218 r  bd_0_i/hls_inst/inst/buf_2d_in_10_U/ram_reg_0_7_10_10/SP/O
                         net (fo=1, routed)           0.707     6.924    bd_0_i/hls_inst/inst/grp_dct_Pipeline_Row_DCT_Loop_DCT_Outer_Loop_fu_148/mac_muladd_16s_15s_29s_29_4_1_U17/dct_mac_muladd_16s_15s_29s_29_4_1_DSP48_0_U/m_reg_reg_0[10]
    DSP48_X0Y4           DSP48E1                                      r  bd_0_i/hls_inst/inst/grp_dct_Pipeline_Row_DCT_Loop_DCT_Outer_Loop_fu_148/mac_muladd_16s_15s_29s_29_4_1_U17/dct_mac_muladd_16s_15s_29s_29_4_1_DSP48_0_U/m_reg_reg/A[10]
  -------------------------------------------------------------------    -------------------

                         (clock ap_clk rise edge)    10.000    10.000 r  
                                                      0.000    10.000 r  ap_clk (IN)
                         net (fo=666, unset)          0.924    10.924    bd_0_i/hls_inst/inst/grp_dct_Pipeline_Row_DCT_Loop_DCT_Outer_Loop_fu_148/mac_muladd_16s_15s_29s_29_4_1_U17/dct_mac_muladd_16s_15s_29s_29_4_1_DSP48_0_U/ap_clk
    DSP48_X0Y4           DSP48E1                                      r  bd_0_i/hls_inst/inst/grp_dct_Pipeline_Row_DCT_Loop_DCT_Outer_Loop_fu_148/mac_muladd_16s_15s_29s_29_4_1_U17/dct_mac_muladd_16s_15s_29s_29_4_1_DSP48_0_U/m_reg_reg/CLK
                         clock pessimism              0.000    10.924    
                         clock uncertainty           -0.035    10.889    
    DSP48_X0Y4           DSP48E1 (Setup_dsp48e1_CLK_A[10])
                                                     -0.362    10.527    bd_0_i/hls_inst/inst/grp_dct_Pipeline_Row_DCT_Loop_DCT_Outer_Loop_fu_148/mac_muladd_16s_15s_29s_29_4_1_U17/dct_mac_muladd_16s_15s_29s_29_4_1_DSP48_0_U/m_reg_reg
  -------------------------------------------------------------------
                         required time                         10.527    
                         arrival time                          -6.924    
  -------------------------------------------------------------------
                         slack                                  3.603    

Slack (MET) :             3.605ns  (required time - arrival time)
  Source:                 bd_0_i/hls_inst/inst/ap_CS_fsm_reg[3]/C
                            (rising edge-triggered cell FDRE clocked by ap_clk  {rise@0.000ns fall@5.000ns period=10.000ns})
  Destination:            bd_0_i/hls_inst/inst/grp_dct_Pipeline_Row_DCT_Loop_DCT_Outer_Loop_fu_148/mac_muladd_16s_15s_29s_29_4_1_U17/dct_mac_muladd_16s_15s_29s_29_4_1_DSP48_0_U/m_reg_reg/A[1]
                            (rising edge-triggered cell DSP48E1 clocked by ap_clk  {rise@0.000ns fall@5.000ns period=10.000ns})
  Path Group:             ap_clk
  Path Type:              Setup (Max at Slow Process Corner)
  Requirement:            10.000ns  (ap_clk rise@10.000ns - ap_clk rise@0.000ns)
  Data Path Delay:        5.949ns  (logic 0.947ns (15.919%)  route 5.002ns (84.081%))
  Logic Levels:           2  (LUT3=1 RAMS32=1)
  Clock Path Skew:        -0.049ns (DCD - SCD + CPR)
    Destination Clock Delay (DCD):    0.924ns = ( 10.924 - 10.000 ) 
    Source Clock Delay      (SCD):    0.973ns
    Clock Pessimism Removal (CPR):    0.000ns
  Clock Uncertainty:      0.035ns  ((TSJ^2 + TIJ^2)^1/2 + DJ) / 2 + PE
    Total System Jitter     (TSJ):    0.071ns
    Total Input Jitter      (TIJ):    0.000ns
    Discrete Jitter          (DJ):    0.000ns
    Phase Error              (PE):    0.000ns

    Location             Delay type                Incr(ns)  Path(ns)    Netlist Resource(s)
  -------------------------------------------------------------------    -------------------
                         (clock ap_clk rise edge)     0.000     0.000 r  
                                                      0.000     0.000 r  ap_clk (IN)
                         net (fo=666, unset)          0.973     0.973    bd_0_i/hls_inst/inst/ap_clk
    SLICE_X17Y30         FDRE                                         r  bd_0_i/hls_inst/inst/ap_CS_fsm_reg[3]/C
  -------------------------------------------------------------------    -------------------
    SLICE_X17Y30         FDRE (Prop_fdre_C_Q)         0.456     1.429 r  bd_0_i/hls_inst/inst/ap_CS_fsm_reg[3]/Q
                         net (fo=21, routed)          0.996     2.425    bd_0_i/hls_inst/inst/grp_dct_Pipeline_Row_DCT_Loop_DCT_Outer_Loop_fu_148/p_reg_reg_9[2]
    SLICE_X20Y29         LUT3 (Prop_lut3_I1_O)        0.152     2.577 r  bd_0_i/hls_inst/inst/grp_dct_Pipeline_Row_DCT_Loop_DCT_Outer_Loop_fu_148/ram_reg_0_7_0_0_i_4__2/O
                         net (fo=64, routed)          3.405     5.982    bd_0_i/hls_inst/inst/buf_2d_in_10_U/ram_reg_0_7_1_1/A2
    SLICE_X14Y13         RAMS32 (Prop_rams32_ADR2_O)
                                                      0.339     6.321 r  bd_0_i/hls_inst/inst/buf_2d_in_10_U/ram_reg_0_7_1_1/SP/O
                         net (fo=1, routed)           0.601     6.922    bd_0_i/hls_inst/inst/grp_dct_Pipeline_Row_DCT_Loop_DCT_Outer_Loop_fu_148/mac_muladd_16s_15s_29s_29_4_1_U17/dct_mac_muladd_16s_15s_29s_29_4_1_DSP48_0_U/m_reg_reg_0[1]
    DSP48_X0Y4           DSP48E1                                      r  bd_0_i/hls_inst/inst/grp_dct_Pipeline_Row_DCT_Loop_DCT_Outer_Loop_fu_148/mac_muladd_16s_15s_29s_29_4_1_U17/dct_mac_muladd_16s_15s_29s_29_4_1_DSP48_0_U/m_reg_reg/A[1]
  -------------------------------------------------------------------    -------------------

                         (clock ap_clk rise edge)    10.000    10.000 r  
                                                      0.000    10.000 r  ap_clk (IN)
                         net (fo=666, unset)          0.924    10.924    bd_0_i/hls_inst/inst/grp_dct_Pipeline_Row_DCT_Loop_DCT_Outer_Loop_fu_148/mac_muladd_16s_15s_29s_29_4_1_U17/dct_mac_muladd_16s_15s_29s_29_4_1_DSP48_0_U/ap_clk
    DSP48_X0Y4           DSP48E1                                      r  bd_0_i/hls_inst/inst/grp_dct_Pipeline_Row_DCT_Loop_DCT_Outer_Loop_fu_148/mac_muladd_16s_15s_29s_29_4_1_U17/dct_mac_muladd_16s_15s_29s_29_4_1_DSP48_0_U/m_reg_reg/CLK
                         clock pessimism              0.000    10.924    
                         clock uncertainty           -0.035    10.889    
    DSP48_X0Y4           DSP48E1 (Setup_dsp48e1_CLK_A[1])
                                                     -0.362    10.527    bd_0_i/hls_inst/inst/grp_dct_Pipeline_Row_DCT_Loop_DCT_Outer_Loop_fu_148/mac_muladd_16s_15s_29s_29_4_1_U17/dct_mac_muladd_16s_15s_29s_29_4_1_DSP48_0_U/m_reg_reg
  -------------------------------------------------------------------
                         required time                         10.527    
                         arrival time                          -6.922    
  -------------------------------------------------------------------
                         slack                                  3.605    





Min Delay Paths
--------------------------------------------------------------------------------------
Slack (MET) :             0.089ns  (arrival time - required time)
  Source:                 bd_0_i/hls_inst/inst/grp_dct_Pipeline_Row_DCT_Loop_DCT_Outer_Loop_fu_148/trunc_ln1_reg_817_reg[15]/C
                            (rising edge-triggered cell FDRE clocked by ap_clk  {rise@0.000ns fall@5.000ns period=10.000ns})
  Destination:            bd_0_i/hls_inst/inst/row_outbuf_U/ram_reg/DIADI[15]
                            (rising edge-triggered cell RAMB18E1 clocked by ap_clk  {rise@0.000ns fall@5.000ns period=10.000ns})
  Path Group:             ap_clk
  Path Type:              Hold (Min at Fast Process Corner)
  Requirement:            0.000ns  (ap_clk rise@0.000ns - ap_clk rise@0.000ns)
  Data Path Delay:        0.266ns  (logic 0.141ns (52.997%)  route 0.125ns (47.003%))
  Logic Levels:           0  
  Clock Path Skew:        0.022ns (DCD - SCD - CPR)
    Destination Clock Delay (DCD):    0.432ns
    Source Clock Delay      (SCD):    0.410ns
    Clock Pessimism Removal (CPR):    -0.000ns

    Location             Delay type                Incr(ns)  Path(ns)    Netlist Resource(s)
  -------------------------------------------------------------------    -------------------
                         (clock ap_clk rise edge)     0.000     0.000 r  
                                                      0.000     0.000 r  ap_clk (IN)
                         net (fo=666, unset)          0.410     0.410    bd_0_i/hls_inst/inst/grp_dct_Pipeline_Row_DCT_Loop_DCT_Outer_Loop_fu_148/ap_clk
    SLICE_X11Y22         FDRE                                         r  bd_0_i/hls_inst/inst/grp_dct_Pipeline_Row_DCT_Loop_DCT_Outer_Loop_fu_148/trunc_ln1_reg_817_reg[15]/C
  -------------------------------------------------------------------    -------------------
    SLICE_X11Y22         FDRE (Prop_fdre_C_Q)         0.141     0.551 r  bd_0_i/hls_inst/inst/grp_dct_Pipeline_Row_DCT_Loop_DCT_Outer_Loop_fu_148/trunc_ln1_reg_817_reg[15]/Q
                         net (fo=1, routed)           0.125     0.676    bd_0_i/hls_inst/inst/row_outbuf_U/ram_reg_0[15]
    RAMB18_X0Y8          RAMB18E1                                     r  bd_0_i/hls_inst/inst/row_outbuf_U/ram_reg/DIADI[15]
  -------------------------------------------------------------------    -------------------

                         (clock ap_clk rise edge)     0.000     0.000 r  
                                                      0.000     0.000 r  ap_clk (IN)
                         net (fo=666, unset)          0.432     0.432    bd_0_i/hls_inst/inst/row_outbuf_U/ap_clk
    RAMB18_X0Y8          RAMB18E1                                     r  bd_0_i/hls_inst/inst/row_outbuf_U/ram_reg/CLKARDCLK
                         clock pessimism              0.000     0.432    
    RAMB18_X0Y8          RAMB18E1 (Hold_ramb18e1_CLKARDCLK_DIADI[15])
                                                      0.155     0.587    bd_0_i/hls_inst/inst/row_outbuf_U/ram_reg
  -------------------------------------------------------------------
                         required time                         -0.587    
                         arrival time                           0.676    
  -------------------------------------------------------------------
                         slack                                  0.089    

Slack (MET) :             0.104ns  (arrival time - required time)
  Source:                 bd_0_i/hls_inst/inst/grp_dct_Pipeline_RD_Loop_Row_RD_Loop_Col_fu_126/add_ln62_reg_367_reg[2]/C
                            (rising edge-triggered cell FDRE clocked by ap_clk  {rise@0.000ns fall@5.000ns period=10.000ns})
  Destination:            bd_0_i/hls_inst/inst/grp_dct_Pipeline_RD_Loop_Row_RD_Loop_Col_fu_126/trunc_ln61_reg_363_pp0_iter2_reg_reg[2]/D
                            (rising edge-triggered cell FDRE clocked by ap_clk  {rise@0.000ns fall@5.000ns period=10.000ns})
  Path Group:             ap_clk
  Path Type:              Hold (Min at Fast Process Corner)
  Requirement:            0.000ns  (ap_clk rise@0.000ns - ap_clk rise@0.000ns)
  Data Path Delay:        0.197ns  (logic 0.141ns (71.611%)  route 0.056ns (28.389%))
  Logic Levels:           0  
  Clock Path Skew:        0.022ns (DCD - SCD - CPR)
    Destination Clock Delay (DCD):    0.432ns
    Source Clock Delay      (SCD):    0.410ns
    Clock Pessimism Removal (CPR):    -0.000ns

    Location             Delay type                Incr(ns)  Path(ns)    Netlist Resource(s)
  -------------------------------------------------------------------    -------------------
                         (clock ap_clk rise edge)     0.000     0.000 r  
                                                      0.000     0.000 r  ap_clk (IN)
                         net (fo=666, unset)          0.410     0.410    bd_0_i/hls_inst/inst/grp_dct_Pipeline_RD_Loop_Row_RD_Loop_Col_fu_126/ap_clk
    SLICE_X17Y27         FDRE                                         r  bd_0_i/hls_inst/inst/grp_dct_Pipeline_RD_Loop_Row_RD_Loop_Col_fu_126/add_ln62_reg_367_reg[2]/C
  -------------------------------------------------------------------    -------------------
    SLICE_X17Y27         FDRE (Prop_fdre_C_Q)         0.141     0.551 r  bd_0_i/hls_inst/inst/grp_dct_Pipeline_RD_Loop_Row_RD_Loop_Col_fu_126/add_ln62_reg_367_reg[2]/Q
                         net (fo=1, routed)           0.056     0.607    bd_0_i/hls_inst/inst/grp_dct_Pipeline_RD_Loop_Row_RD_Loop_Col_fu_126/input_r_address0[2]
    SLICE_X17Y27         FDRE                                         r  bd_0_i/hls_inst/inst/grp_dct_Pipeline_RD_Loop_Row_RD_Loop_Col_fu_126/trunc_ln61_reg_363_pp0_iter2_reg_reg[2]/D
  -------------------------------------------------------------------    -------------------

                         (clock ap_clk rise edge)     0.000     0.000 r  
                                                      0.000     0.000 r  ap_clk (IN)
                         net (fo=666, unset)          0.432     0.432    bd_0_i/hls_inst/inst/grp_dct_Pipeline_RD_Loop_Row_RD_Loop_Col_fu_126/ap_clk
    SLICE_X17Y27         FDRE                                         r  bd_0_i/hls_inst/inst/grp_dct_Pipeline_RD_Loop_Row_RD_Loop_Col_fu_126/trunc_ln61_reg_363_pp0_iter2_reg_reg[2]/C
                         clock pessimism              0.000     0.432    
    SLICE_X17Y27         FDRE (Hold_fdre_C_D)         0.071     0.503    bd_0_i/hls_inst/inst/grp_dct_Pipeline_RD_Loop_Row_RD_Loop_Col_fu_126/trunc_ln61_reg_363_pp0_iter2_reg_reg[2]
  -------------------------------------------------------------------
                         required time                         -0.503    
                         arrival time                           0.607    
  -------------------------------------------------------------------
                         slack                                  0.104    

Slack (MET) :             0.130ns  (arrival time - required time)
  Source:                 bd_0_i/hls_inst/inst/grp_dct_Pipeline_Row_DCT_Loop_DCT_Outer_Loop_fu_148/trunc_ln1_reg_817_reg[7]/C
                            (rising edge-triggered cell FDRE clocked by ap_clk  {rise@0.000ns fall@5.000ns period=10.000ns})
  Destination:            bd_0_i/hls_inst/inst/row_outbuf_U/ram_reg/DIADI[7]
                            (rising edge-triggered cell RAMB18E1 clocked by ap_clk  {rise@0.000ns fall@5.000ns period=10.000ns})
  Path Group:             ap_clk
  Path Type:              Hold (Min at Fast Process Corner)
  Requirement:            0.000ns  (ap_clk rise@0.000ns - ap_clk rise@0.000ns)
  Data Path Delay:        0.306ns  (logic 0.141ns (46.046%)  route 0.165ns (53.954%))
  Logic Levels:           0  
  Clock Path Skew:        0.022ns (DCD - SCD - CPR)
    Destination Clock Delay (DCD):    0.432ns
    Source Clock Delay      (SCD):    0.410ns
    Clock Pessimism Removal (CPR):    -0.000ns

    Location             Delay type                Incr(ns)  Path(ns)    Netlist Resource(s)
  -------------------------------------------------------------------    -------------------
                         (clock ap_clk rise edge)     0.000     0.000 r  
                                                      0.000     0.000 r  ap_clk (IN)
                         net (fo=666, unset)          0.410     0.410    bd_0_i/hls_inst/inst/grp_dct_Pipeline_Row_DCT_Loop_DCT_Outer_Loop_fu_148/ap_clk
    SLICE_X11Y20         FDRE                                         r  bd_0_i/hls_inst/inst/grp_dct_Pipeline_Row_DCT_Loop_DCT_Outer_Loop_fu_148/trunc_ln1_reg_817_reg[7]/C
  -------------------------------------------------------------------    -------------------
    SLICE_X11Y20         FDRE (Prop_fdre_C_Q)         0.141     0.551 r  bd_0_i/hls_inst/inst/grp_dct_Pipeline_Row_DCT_Loop_DCT_Outer_Loop_fu_148/trunc_ln1_reg_817_reg[7]/Q
                         net (fo=1, routed)           0.165     0.716    bd_0_i/hls_inst/inst/row_outbuf_U/ram_reg_0[7]
    RAMB18_X0Y8          RAMB18E1                                     r  bd_0_i/hls_inst/inst/row_outbuf_U/ram_reg/DIADI[7]
  -------------------------------------------------------------------    -------------------

                         (clock ap_clk rise edge)     0.000     0.000 r  
                                                      0.000     0.000 r  ap_clk (IN)
                         net (fo=666, unset)          0.432     0.432    bd_0_i/hls_inst/inst/row_outbuf_U/ap_clk
    RAMB18_X0Y8          RAMB18E1                                     r  bd_0_i/hls_inst/inst/row_outbuf_U/ram_reg/CLKARDCLK
                         clock pessimism              0.000     0.432    
    RAMB18_X0Y8          RAMB18E1 (Hold_ramb18e1_CLKARDCLK_DIADI[7])
                                                      0.155     0.587    bd_0_i/hls_inst/inst/row_outbuf_U/ram_reg
  -------------------------------------------------------------------
                         required time                         -0.587    
                         arrival time                           0.716    
  -------------------------------------------------------------------
                         slack                                  0.130    

Slack (MET) :             0.132ns  (arrival time - required time)
  Source:                 bd_0_i/hls_inst/inst/grp_dct_Pipeline_Row_DCT_Loop_DCT_Outer_Loop_fu_148/trunc_ln1_reg_817_reg[10]/C
                            (rising edge-triggered cell FDRE clocked by ap_clk  {rise@0.000ns fall@5.000ns period=10.000ns})
  Destination:            bd_0_i/hls_inst/inst/row_outbuf_U/ram_reg/DIADI[10]
                            (rising edge-triggered cell RAMB18E1 clocked by ap_clk  {rise@0.000ns fall@5.000ns period=10.000ns})
  Path Group:             ap_clk
  Path Type:              Hold (Min at Fast Process Corner)
  Requirement:            0.000ns  (ap_clk rise@0.000ns - ap_clk rise@0.000ns)
  Data Path Delay:        0.308ns  (logic 0.141ns (45.734%)  route 0.167ns (54.266%))
  Logic Levels:           0  
  Clock Path Skew:        0.022ns (DCD - SCD - CPR)
    Destination Clock Delay (DCD):    0.432ns
    Source Clock Delay      (SCD):    0.410ns
    Clock Pessimism Removal (CPR):    -0.000ns

    Location             Delay type                Incr(ns)  Path(ns)    Netlist Resource(s)
  -------------------------------------------------------------------    -------------------
                         (clock ap_clk rise edge)     0.000     0.000 r  
                                                      0.000     0.000 r  ap_clk (IN)
                         net (fo=666, unset)          0.410     0.410    bd_0_i/hls_inst/inst/grp_dct_Pipeline_Row_DCT_Loop_DCT_Outer_Loop_fu_148/ap_clk
    SLICE_X11Y20         FDRE                                         r  bd_0_i/hls_inst/inst/grp_dct_Pipeline_Row_DCT_Loop_DCT_Outer_Loop_fu_148/trunc_ln1_reg_817_reg[10]/C
  -------------------------------------------------------------------    -------------------
    SLICE_X11Y20         FDRE (Prop_fdre_C_Q)         0.141     0.551 r  bd_0_i/hls_inst/inst/grp_dct_Pipeline_Row_DCT_Loop_DCT_Outer_Loop_fu_148/trunc_ln1_reg_817_reg[10]/Q
                         net (fo=1, routed)           0.167     0.718    bd_0_i/hls_inst/inst/row_outbuf_U/ram_reg_0[10]
    RAMB18_X0Y8          RAMB18E1                                     r  bd_0_i/hls_inst/inst/row_outbuf_U/ram_reg/DIADI[10]
  -------------------------------------------------------------------    -------------------

                         (clock ap_clk rise edge)     0.000     0.000 r  
                                                      0.000     0.000 r  ap_clk (IN)
                         net (fo=666, unset)          0.432     0.432    bd_0_i/hls_inst/inst/row_outbuf_U/ap_clk
    RAMB18_X0Y8          RAMB18E1                                     r  bd_0_i/hls_inst/inst/row_outbuf_U/ram_reg/CLKARDCLK
                         clock pessimism              0.000     0.432    
    RAMB18_X0Y8          RAMB18E1 (Hold_ramb18e1_CLKARDCLK_DIADI[10])
                                                      0.155     0.587    bd_0_i/hls_inst/inst/row_outbuf_U/ram_reg
  -------------------------------------------------------------------
                         required time                         -0.587    
                         arrival time                           0.718    
  -------------------------------------------------------------------
                         slack                                  0.132    

Slack (MET) :             0.132ns  (arrival time - required time)
  Source:                 bd_0_i/hls_inst/inst/grp_dct_Pipeline_Row_DCT_Loop_DCT_Outer_Loop_fu_148/trunc_ln1_reg_817_reg[11]/C
                            (rising edge-triggered cell FDRE clocked by ap_clk  {rise@0.000ns fall@5.000ns period=10.000ns})
  Destination:            bd_0_i/hls_inst/inst/row_outbuf_U/ram_reg/DIADI[11]
                            (rising edge-triggered cell RAMB18E1 clocked by ap_clk  {rise@0.000ns fall@5.000ns period=10.000ns})
  Path Group:             ap_clk
  Path Type:              Hold (Min at Fast Process Corner)
  Requirement:            0.000ns  (ap_clk rise@0.000ns - ap_clk rise@0.000ns)
  Data Path Delay:        0.308ns  (logic 0.141ns (45.734%)  route 0.167ns (54.266%))
  Logic Levels:           0  
  Clock Path Skew:        0.022ns (DCD - SCD - CPR)
    Destination Clock Delay (DCD):    0.432ns
    Source Clock Delay      (SCD):    0.410ns
    Clock Pessimism Removal (CPR):    -0.000ns

    Location             Delay type                Incr(ns)  Path(ns)    Netlist Resource(s)
  -------------------------------------------------------------------    -------------------
                         (clock ap_clk rise edge)     0.000     0.000 r  
                                                      0.000     0.000 r  ap_clk (IN)
                         net (fo=666, unset)          0.410     0.410    bd_0_i/hls_inst/inst/grp_dct_Pipeline_Row_DCT_Loop_DCT_Outer_Loop_fu_148/ap_clk
    SLICE_X11Y21         FDRE                                         r  bd_0_i/hls_inst/inst/grp_dct_Pipeline_Row_DCT_Loop_DCT_Outer_Loop_fu_148/trunc_ln1_reg_817_reg[11]/C
  -------------------------------------------------------------------    -------------------
    SLICE_X11Y21         FDRE (Prop_fdre_C_Q)         0.141     0.551 r  bd_0_i/hls_inst/inst/grp_dct_Pipeline_Row_DCT_Loop_DCT_Outer_Loop_fu_148/trunc_ln1_reg_817_reg[11]/Q
                         net (fo=1, routed)           0.167     0.718    bd_0_i/hls_inst/inst/row_outbuf_U/ram_reg_0[11]
    RAMB18_X0Y8          RAMB18E1                                     r  bd_0_i/hls_inst/inst/row_outbuf_U/ram_reg/DIADI[11]
  -------------------------------------------------------------------    -------------------

                         (clock ap_clk rise edge)     0.000     0.000 r  
                                                      0.000     0.000 r  ap_clk (IN)
                         net (fo=666, unset)          0.432     0.432    bd_0_i/hls_inst/inst/row_outbuf_U/ap_clk
    RAMB18_X0Y8          RAMB18E1                                     r  bd_0_i/hls_inst/inst/row_outbuf_U/ram_reg/CLKARDCLK
                         clock pessimism              0.000     0.432    
    RAMB18_X0Y8          RAMB18E1 (Hold_ramb18e1_CLKARDCLK_DIADI[11])
                                                      0.155     0.587    bd_0_i/hls_inst/inst/row_outbuf_U/ram_reg
  -------------------------------------------------------------------
                         required time                         -0.587    
                         arrival time                           0.718    
  -------------------------------------------------------------------
                         slack                                  0.132    

Slack (MET) :             0.132ns  (arrival time - required time)
  Source:                 bd_0_i/hls_inst/inst/grp_dct_Pipeline_Row_DCT_Loop_DCT_Outer_Loop_fu_148/trunc_ln1_reg_817_reg[8]/C
                            (rising edge-triggered cell FDRE clocked by ap_clk  {rise@0.000ns fall@5.000ns period=10.000ns})
  Destination:            bd_0_i/hls_inst/inst/row_outbuf_U/ram_reg/DIADI[8]
                            (rising edge-triggered cell RAMB18E1 clocked by ap_clk  {rise@0.000ns fall@5.000ns period=10.000ns})
  Path Group:             ap_clk
  Path Type:              Hold (Min at Fast Process Corner)
  Requirement:            0.000ns  (ap_clk rise@0.000ns - ap_clk rise@0.000ns)
  Data Path Delay:        0.308ns  (logic 0.141ns (45.734%)  route 0.167ns (54.266%))
  Logic Levels:           0  
  Clock Path Skew:        0.022ns (DCD - SCD - CPR)
    Destination Clock Delay (DCD):    0.432ns
    Source Clock Delay      (SCD):    0.410ns
    Clock Pessimism Removal (CPR):    -0.000ns

    Location             Delay type                Incr(ns)  Path(ns)    Netlist Resource(s)
  -------------------------------------------------------------------    -------------------
                         (clock ap_clk rise edge)     0.000     0.000 r  
                                                      0.000     0.000 r  ap_clk (IN)
                         net (fo=666, unset)          0.410     0.410    bd_0_i/hls_inst/inst/grp_dct_Pipeline_Row_DCT_Loop_DCT_Outer_Loop_fu_148/ap_clk
    SLICE_X11Y20         FDRE                                         r  bd_0_i/hls_inst/inst/grp_dct_Pipeline_Row_DCT_Loop_DCT_Outer_Loop_fu_148/trunc_ln1_reg_817_reg[8]/C
  -------------------------------------------------------------------    -------------------
    SLICE_X11Y20         FDRE (Prop_fdre_C_Q)         0.141     0.551 r  bd_0_i/hls_inst/inst/grp_dct_Pipeline_Row_DCT_Loop_DCT_Outer_Loop_fu_148/trunc_ln1_reg_817_reg[8]/Q
                         net (fo=1, routed)           0.167     0.718    bd_0_i/hls_inst/inst/row_outbuf_U/ram_reg_0[8]
    RAMB18_X0Y8          RAMB18E1                                     r  bd_0_i/hls_inst/inst/row_outbuf_U/ram_reg/DIADI[8]
  -------------------------------------------------------------------    -------------------

                         (clock ap_clk rise edge)     0.000     0.000 r  
                                                      0.000     0.000 r  ap_clk (IN)
                         net (fo=666, unset)          0.432     0.432    bd_0_i/hls_inst/inst/row_outbuf_U/ap_clk
    RAMB18_X0Y8          RAMB18E1                                     r  bd_0_i/hls_inst/inst/row_outbuf_U/ram_reg/CLKARDCLK
                         clock pessimism              0.000     0.432    
    RAMB18_X0Y8          RAMB18E1 (Hold_ramb18e1_CLKARDCLK_DIADI[8])
                                                      0.155     0.587    bd_0_i/hls_inst/inst/row_outbuf_U/ram_reg
  -------------------------------------------------------------------
                         required time                         -0.587    
                         arrival time                           0.718    
  -------------------------------------------------------------------
                         slack                                  0.132    

Slack (MET) :             0.132ns  (arrival time - required time)
  Source:                 bd_0_i/hls_inst/inst/grp_dct_Pipeline_Row_DCT_Loop_DCT_Outer_Loop_fu_148/trunc_ln1_reg_817_reg[9]/C
                            (rising edge-triggered cell FDRE clocked by ap_clk  {rise@0.000ns fall@5.000ns period=10.000ns})
  Destination:            bd_0_i/hls_inst/inst/row_outbuf_U/ram_reg/DIADI[9]
                            (rising edge-triggered cell RAMB18E1 clocked by ap_clk  {rise@0.000ns fall@5.000ns period=10.000ns})
  Path Group:             ap_clk
  Path Type:              Hold (Min at Fast Process Corner)
  Requirement:            0.000ns  (ap_clk rise@0.000ns - ap_clk rise@0.000ns)
  Data Path Delay:        0.308ns  (logic 0.141ns (45.734%)  route 0.167ns (54.266%))
  Logic Levels:           0  
  Clock Path Skew:        0.022ns (DCD - SCD - CPR)
    Destination Clock Delay (DCD):    0.432ns
    Source Clock Delay      (SCD):    0.410ns
    Clock Pessimism Removal (CPR):    -0.000ns

    Location             Delay type                Incr(ns)  Path(ns)    Netlist Resource(s)
  -------------------------------------------------------------------    -------------------
                         (clock ap_clk rise edge)     0.000     0.000 r  
                                                      0.000     0.000 r  ap_clk (IN)
                         net (fo=666, unset)          0.410     0.410    bd_0_i/hls_inst/inst/grp_dct_Pipeline_Row_DCT_Loop_DCT_Outer_Loop_fu_148/ap_clk
    SLICE_X11Y20         FDRE                                         r  bd_0_i/hls_inst/inst/grp_dct_Pipeline_Row_DCT_Loop_DCT_Outer_Loop_fu_148/trunc_ln1_reg_817_reg[9]/C
  -------------------------------------------------------------------    -------------------
    SLICE_X11Y20         FDRE (Prop_fdre_C_Q)         0.141     0.551 r  bd_0_i/hls_inst/inst/grp_dct_Pipeline_Row_DCT_Loop_DCT_Outer_Loop_fu_148/trunc_ln1_reg_817_reg[9]/Q
                         net (fo=1, routed)           0.167     0.718    bd_0_i/hls_inst/inst/row_outbuf_U/ram_reg_0[9]
    RAMB18_X0Y8          RAMB18E1                                     r  bd_0_i/hls_inst/inst/row_outbuf_U/ram_reg/DIADI[9]
  -------------------------------------------------------------------    -------------------

                         (clock ap_clk rise edge)     0.000     0.000 r  
                                                      0.000     0.000 r  ap_clk (IN)
                         net (fo=666, unset)          0.432     0.432    bd_0_i/hls_inst/inst/row_outbuf_U/ap_clk
    RAMB18_X0Y8          RAMB18E1                                     r  bd_0_i/hls_inst/inst/row_outbuf_U/ram_reg/CLKARDCLK
                         clock pessimism              0.000     0.432    
    RAMB18_X0Y8          RAMB18E1 (Hold_ramb18e1_CLKARDCLK_DIADI[9])
                                                      0.155     0.587    bd_0_i/hls_inst/inst/row_outbuf_U/ram_reg
  -------------------------------------------------------------------
                         required time                         -0.587    
                         arrival time                           0.718    
  -------------------------------------------------------------------
                         slack                                  0.132    

Slack (MET) :             0.132ns  (arrival time - required time)
  Source:                 bd_0_i/hls_inst/inst/grp_dct_Pipeline_Xpose_Col_Outer_Loop_Xpose_Col_Inner_Loop_fu_219/indvar_flatten27_fu_48_reg[2]/C
                            (rising edge-triggered cell FDRE clocked by ap_clk  {rise@0.000ns fall@5.000ns period=10.000ns})
  Destination:            bd_0_i/hls_inst/inst/grp_dct_Pipeline_Xpose_Col_Outer_Loop_Xpose_Col_Inner_Loop_fu_219/indvar_flatten27_fu_48_reg[4]/D
                            (rising edge-triggered cell FDRE clocked by ap_clk  {rise@0.000ns fall@5.000ns period=10.000ns})
  Path Group:             ap_clk
  Path Type:              Hold (Min at Fast Process Corner)
  Requirement:            0.000ns  (ap_clk rise@0.000ns - ap_clk rise@0.000ns)
  Data Path Delay:        0.274ns  (logic 0.186ns (67.773%)  route 0.088ns (32.227%))
  Logic Levels:           1  (LUT6=1)
  Clock Path Skew:        0.022ns (DCD - SCD - CPR)
    Destination Clock Delay (DCD):    0.432ns
    Source Clock Delay      (SCD):    0.410ns
    Clock Pessimism Removal (CPR):    -0.000ns

    Location             Delay type                Incr(ns)  Path(ns)    Netlist Resource(s)
  -------------------------------------------------------------------    -------------------
                         (clock ap_clk rise edge)     0.000     0.000 r  
                                                      0.000     0.000 r  ap_clk (IN)
                         net (fo=666, unset)          0.410     0.410    bd_0_i/hls_inst/inst/grp_dct_Pipeline_Xpose_Col_Outer_Loop_Xpose_Col_Inner_Loop_fu_219/ap_clk
    SLICE_X13Y34         FDRE                                         r  bd_0_i/hls_inst/inst/grp_dct_Pipeline_Xpose_Col_Outer_Loop_Xpose_Col_Inner_Loop_fu_219/indvar_flatten27_fu_48_reg[2]/C
  -------------------------------------------------------------------    -------------------
    SLICE_X13Y34         FDRE (Prop_fdre_C_Q)         0.141     0.551 r  bd_0_i/hls_inst/inst/grp_dct_Pipeline_Xpose_Col_Outer_Loop_Xpose_Col_Inner_Loop_fu_219/indvar_flatten27_fu_48_reg[2]/Q
                         net (fo=6, routed)           0.088     0.640    bd_0_i/hls_inst/inst/grp_dct_Pipeline_Xpose_Col_Outer_Loop_Xpose_Col_Inner_Loop_fu_219/flow_control_loop_pipe_sequential_init_U/ap_loop_exit_ready_pp0_iter1_reg_reg_0
    SLICE_X12Y34         LUT6 (Prop_lut6_I1_O)        0.045     0.685 r  bd_0_i/hls_inst/inst/grp_dct_Pipeline_Xpose_Col_Outer_Loop_Xpose_Col_Inner_Loop_fu_219/flow_control_loop_pipe_sequential_init_U/indvar_flatten27_fu_48[4]_i_1/O
                         net (fo=1, routed)           0.000     0.685    bd_0_i/hls_inst/inst/grp_dct_Pipeline_Xpose_Col_Outer_Loop_Xpose_Col_Inner_Loop_fu_219/add_ln48_1_fu_103_p2[4]
    SLICE_X12Y34         FDRE                                         r  bd_0_i/hls_inst/inst/grp_dct_Pipeline_Xpose_Col_Outer_Loop_Xpose_Col_Inner_Loop_fu_219/indvar_flatten27_fu_48_reg[4]/D
  -------------------------------------------------------------------    -------------------

                         (clock ap_clk rise edge)     0.000     0.000 r  
                                                      0.000     0.000 r  ap_clk (IN)
                         net (fo=666, unset)          0.432     0.432    bd_0_i/hls_inst/inst/grp_dct_Pipeline_Xpose_Col_Outer_Loop_Xpose_Col_Inner_Loop_fu_219/ap_clk
    SLICE_X12Y34         FDRE                                         r  bd_0_i/hls_inst/inst/grp_dct_Pipeline_Xpose_Col_Outer_Loop_Xpose_Col_Inner_Loop_fu_219/indvar_flatten27_fu_48_reg[4]/C
                         clock pessimism              0.000     0.432    
    SLICE_X12Y34         FDRE (Hold_fdre_C_D)         0.121     0.553    bd_0_i/hls_inst/inst/grp_dct_Pipeline_Xpose_Col_Outer_Loop_Xpose_Col_Inner_Loop_fu_219/indvar_flatten27_fu_48_reg[4]
  -------------------------------------------------------------------
                         required time                         -0.553    
                         arrival time                           0.685    
  -------------------------------------------------------------------
                         slack                                  0.132    

Slack (MET) :             0.134ns  (arrival time - required time)
  Source:                 bd_0_i/hls_inst/inst/grp_dct_Pipeline_Row_DCT_Loop_DCT_Outer_Loop_fu_148/trunc_ln1_reg_817_reg[5]/C
                            (rising edge-triggered cell FDRE clocked by ap_clk  {rise@0.000ns fall@5.000ns period=10.000ns})
  Destination:            bd_0_i/hls_inst/inst/row_outbuf_U/ram_reg/DIADI[5]
                            (rising edge-triggered cell RAMB18E1 clocked by ap_clk  {rise@0.000ns fall@5.000ns period=10.000ns})
  Path Group:             ap_clk
  Path Type:              Hold (Min at Fast Process Corner)
  Requirement:            0.000ns  (ap_clk rise@0.000ns - ap_clk rise@0.000ns)
  Data Path Delay:        0.310ns  (logic 0.141ns (45.452%)  route 0.169ns (54.548%))
  Logic Levels:           0  
  Clock Path Skew:        0.022ns (DCD - SCD - CPR)
    Destination Clock Delay (DCD):    0.432ns
    Source Clock Delay      (SCD):    0.410ns
    Clock Pessimism Removal (CPR):    -0.000ns

    Location             Delay type                Incr(ns)  Path(ns)    Netlist Resource(s)
  -------------------------------------------------------------------    -------------------
                         (clock ap_clk rise edge)     0.000     0.000 r  
                                                      0.000     0.000 r  ap_clk (IN)
                         net (fo=666, unset)          0.410     0.410    bd_0_i/hls_inst/inst/grp_dct_Pipeline_Row_DCT_Loop_DCT_Outer_Loop_fu_148/ap_clk
    SLICE_X11Y19         FDRE                                         r  bd_0_i/hls_inst/inst/grp_dct_Pipeline_Row_DCT_Loop_DCT_Outer_Loop_fu_148/trunc_ln1_reg_817_reg[5]/C
  -------------------------------------------------------------------    -------------------
    SLICE_X11Y19         FDRE (Prop_fdre_C_Q)         0.141     0.551 r  bd_0_i/hls_inst/inst/grp_dct_Pipeline_Row_DCT_Loop_DCT_Outer_Loop_fu_148/trunc_ln1_reg_817_reg[5]/Q
                         net (fo=1, routed)           0.169     0.720    bd_0_i/hls_inst/inst/row_outbuf_U/ram_reg_0[5]
    RAMB18_X0Y8          RAMB18E1                                     r  bd_0_i/hls_inst/inst/row_outbuf_U/ram_reg/DIADI[5]
  -------------------------------------------------------------------    -------------------

                         (clock ap_clk rise edge)     0.000     0.000 r  
                                                      0.000     0.000 r  ap_clk (IN)
                         net (fo=666, unset)          0.432     0.432    bd_0_i/hls_inst/inst/row_outbuf_U/ap_clk
    RAMB18_X0Y8          RAMB18E1                                     r  bd_0_i/hls_inst/inst/row_outbuf_U/ram_reg/CLKARDCLK
                         clock pessimism              0.000     0.432    
    RAMB18_X0Y8          RAMB18E1 (Hold_ramb18e1_CLKARDCLK_DIADI[5])
                                                      0.155     0.587    bd_0_i/hls_inst/inst/row_outbuf_U/ram_reg
  -------------------------------------------------------------------
                         required time                         -0.587    
                         arrival time                           0.720    
  -------------------------------------------------------------------
                         slack                                  0.134    

Slack (MET) :             0.134ns  (arrival time - required time)
  Source:                 bd_0_i/hls_inst/inst/grp_dct_Pipeline_Row_DCT_Loop_DCT_Outer_Loop_fu_148/trunc_ln1_reg_817_reg[6]/C
                            (rising edge-triggered cell FDRE clocked by ap_clk  {rise@0.000ns fall@5.000ns period=10.000ns})
  Destination:            bd_0_i/hls_inst/inst/row_outbuf_U/ram_reg/DIADI[6]
                            (rising edge-triggered cell RAMB18E1 clocked by ap_clk  {rise@0.000ns fall@5.000ns period=10.000ns})
  Path Group:             ap_clk
  Path Type:              Hold (Min at Fast Process Corner)
  Requirement:            0.000ns  (ap_clk rise@0.000ns - ap_clk rise@0.000ns)
  Data Path Delay:        0.310ns  (logic 0.141ns (45.452%)  route 0.169ns (54.548%))
  Logic Levels:           0  
  Clock Path Skew:        0.022ns (DCD - SCD - CPR)
    Destination Clock Delay (DCD):    0.432ns
    Source Clock Delay      (SCD):    0.410ns
    Clock Pessimism Removal (CPR):    -0.000ns

    Location             Delay type                Incr(ns)  Path(ns)    Netlist Resource(s)
  -------------------------------------------------------------------    -------------------
                         (clock ap_clk rise edge)     0.000     0.000 r  
                                                      0.000     0.000 r  ap_clk (IN)
                         net (fo=666, unset)          0.410     0.410    bd_0_i/hls_inst/inst/grp_dct_Pipeline_Row_DCT_Loop_DCT_Outer_Loop_fu_148/ap_clk
    SLICE_X11Y19         FDRE                                         r  bd_0_i/hls_inst/inst/grp_dct_Pipeline_Row_DCT_Loop_DCT_Outer_Loop_fu_148/trunc_ln1_reg_817_reg[6]/C
  -------------------------------------------------------------------    -------------------
    SLICE_X11Y19         FDRE (Prop_fdre_C_Q)         0.141     0.551 r  bd_0_i/hls_inst/inst/grp_dct_Pipeline_Row_DCT_Loop_DCT_Outer_Loop_fu_148/trunc_ln1_reg_817_reg[6]/Q
                         net (fo=1, routed)           0.169     0.720    bd_0_i/hls_inst/inst/row_outbuf_U/ram_reg_0[6]
    RAMB18_X0Y8          RAMB18E1                                     r  bd_0_i/hls_inst/inst/row_outbuf_U/ram_reg/DIADI[6]
  -------------------------------------------------------------------    -------------------

                         (clock ap_clk rise edge)     0.000     0.000 r  
                                                      0.000     0.000 r  ap_clk (IN)
                         net (fo=666, unset)          0.432     0.432    bd_0_i/hls_inst/inst/row_outbuf_U/ap_clk
    RAMB18_X0Y8          RAMB18E1                                     r  bd_0_i/hls_inst/inst/row_outbuf_U/ram_reg/CLKARDCLK
                         clock pessimism              0.000     0.432    
    RAMB18_X0Y8          RAMB18E1 (Hold_ramb18e1_CLKARDCLK_DIADI[6])
                                                      0.155     0.587    bd_0_i/hls_inst/inst/row_outbuf_U/ram_reg
  -------------------------------------------------------------------
                         required time                         -0.587    
                         arrival time                           0.720    
  -------------------------------------------------------------------
                         slack                                  0.134    





Pulse Width Checks
--------------------------------------------------------------------------------------
Clock Name:         ap_clk
Waveform(ns):       { 0.000 5.000 }
Period(ns):         10.000
Sources:            { ap_clk }

Check Type        Corner  Lib Pin             Reference Pin  Required(ns)  Actual(ns)  Slack(ns)  Location      Pin
Min Period        n/a     DSP48E1/CLK         n/a            3.884         10.000      6.116      DSP48_X0Y8    bd_0_i/hls_inst/inst/grp_dct_Pipeline_Col_DCT_Loop_DCT_Outer_Loop_fu_190/mac_muladd_16s_15s_29s_29_4_1_U53/dct_mac_muladd_16s_15s_29s_29_4_1_DSP48_0_U/m_reg_reg/CLK
Min Period        n/a     DSP48E1/CLK         n/a            3.884         10.000      6.116      DSP48_X1Y6    bd_0_i/hls_inst/inst/grp_dct_Pipeline_Col_DCT_Loop_DCT_Outer_Loop_fu_190/mac_muladd_16s_15s_29s_29_4_1_U55/dct_mac_muladd_16s_15s_29s_29_4_1_DSP48_0_U/m_reg_reg/CLK
Min Period        n/a     DSP48E1/CLK         n/a            3.884         10.000      6.116      DSP48_X1Y4    bd_0_i/hls_inst/inst/grp_dct_Pipeline_Col_DCT_Loop_DCT_Outer_Loop_fu_190/mac_muladd_16s_15s_29s_29_4_1_U56/dct_mac_muladd_16s_15s_29s_29_4_1_DSP48_0_U/m_reg_reg/CLK
Min Period        n/a     DSP48E1/CLK         n/a            3.884         10.000      6.116      DSP48_X1Y8    bd_0_i/hls_inst/inst/grp_dct_Pipeline_Row_DCT_Loop_DCT_Outer_Loop_fu_148/mac_muladd_16s_15s_29s_29_4_1_U14/dct_mac_muladd_16s_15s_29s_29_4_1_DSP48_0_U/m_reg_reg/CLK
Min Period        n/a     DSP48E1/CLK         n/a            3.884         10.000      6.116      DSP48_X0Y6    bd_0_i/hls_inst/inst/grp_dct_Pipeline_Row_DCT_Loop_DCT_Outer_Loop_fu_148/mac_muladd_16s_15s_29s_29_4_1_U16/dct_mac_muladd_16s_15s_29s_29_4_1_DSP48_0_U/m_reg_reg/CLK
Min Period        n/a     DSP48E1/CLK         n/a            3.884         10.000      6.116      DSP48_X0Y4    bd_0_i/hls_inst/inst/grp_dct_Pipeline_Row_DCT_Loop_DCT_Outer_Loop_fu_148/mac_muladd_16s_15s_29s_29_4_1_U17/dct_mac_muladd_16s_15s_29s_29_4_1_DSP48_0_U/m_reg_reg/CLK
Min Period        n/a     RAMB18E1/CLKARDCLK  n/a            2.576         10.000      7.424      RAMB18_X0Y10  bd_0_i/hls_inst/inst/buf_2d_out_U/ram_reg/CLKARDCLK
Min Period        n/a     RAMB18E1/CLKARDCLK  n/a            2.576         10.000      7.424      RAMB18_X0Y11  bd_0_i/hls_inst/inst/col_outbuf_U/ram_reg/CLKARDCLK
Min Period        n/a     RAMB18E1/CLKARDCLK  n/a            2.576         10.000      7.424      RAMB18_X0Y8   bd_0_i/hls_inst/inst/row_outbuf_U/ram_reg/CLKARDCLK
Min Period        n/a     DSP48E1/CLK         n/a            2.154         10.000      7.846      DSP48_X1Y10   bd_0_i/hls_inst/inst/grp_dct_Pipeline_Col_DCT_Loop_DCT_Outer_Loop_fu_190/mac_muladd_16s_15s_13ns_29_4_1_U52/dct_mac_muladd_16s_15s_13ns_29_4_1_DSP48_0_U/p_reg_reg/CLK
Low Pulse Width   Slow    RAMS32/CLK          n/a            1.250         5.000       3.750      SLICE_X14Y12  bd_0_i/hls_inst/inst/buf_2d_in_10_U/ram_reg_0_7_0_0/SP/CLK
Low Pulse Width   Fast    RAMS32/CLK          n/a            1.250         5.000       3.750      SLICE_X14Y12  bd_0_i/hls_inst/inst/buf_2d_in_10_U/ram_reg_0_7_0_0/SP/CLK
Low Pulse Width   Slow    RAMS32/CLK          n/a            1.250         5.000       3.750      SLICE_X14Y12  bd_0_i/hls_inst/inst/buf_2d_in_10_U/ram_reg_0_7_10_10/SP/CLK
Low Pulse Width   Fast    RAMS32/CLK          n/a            1.250         5.000       3.750      SLICE_X14Y12  bd_0_i/hls_inst/inst/buf_2d_in_10_U/ram_reg_0_7_10_10/SP/CLK
Low Pulse Width   Slow    RAMS32/CLK          n/a            1.250         5.000       3.750      SLICE_X14Y12  bd_0_i/hls_inst/inst/buf_2d_in_10_U/ram_reg_0_7_11_11/SP/CLK
Low Pulse Width   Fast    RAMS32/CLK          n/a            1.250         5.000       3.750      SLICE_X14Y12  bd_0_i/hls_inst/inst/buf_2d_in_10_U/ram_reg_0_7_11_11/SP/CLK
Low Pulse Width   Slow    RAMS32/CLK          n/a            1.250         5.000       3.750      SLICE_X14Y12  bd_0_i/hls_inst/inst/buf_2d_in_10_U/ram_reg_0_7_12_12/SP/CLK
Low Pulse Width   Fast    RAMS32/CLK          n/a            1.250         5.000       3.750      SLICE_X14Y12  bd_0_i/hls_inst/inst/buf_2d_in_10_U/ram_reg_0_7_12_12/SP/CLK
Low Pulse Width   Slow    RAMS32/CLK          n/a            1.250         5.000       3.750      SLICE_X14Y13  bd_0_i/hls_inst/inst/buf_2d_in_10_U/ram_reg_0_7_13_13/SP/CLK
Low Pulse Width   Fast    RAMS32/CLK          n/a            1.250         5.000       3.750      SLICE_X14Y13  bd_0_i/hls_inst/inst/buf_2d_in_10_U/ram_reg_0_7_13_13/SP/CLK
High Pulse Width  Slow    RAMS32/CLK          n/a            1.250         5.000       3.750      SLICE_X14Y12  bd_0_i/hls_inst/inst/buf_2d_in_10_U/ram_reg_0_7_0_0/SP/CLK
High Pulse Width  Fast    RAMS32/CLK          n/a            1.250         5.000       3.750      SLICE_X14Y12  bd_0_i/hls_inst/inst/buf_2d_in_10_U/ram_reg_0_7_0_0/SP/CLK
High Pulse Width  Slow    RAMS32/CLK          n/a            1.250         5.000       3.750      SLICE_X14Y12  bd_0_i/hls_inst/inst/buf_2d_in_10_U/ram_reg_0_7_10_10/SP/CLK
High Pulse Width  Fast    RAMS32/CLK          n/a            1.250         5.000       3.750      SLICE_X14Y12  bd_0_i/hls_inst/inst/buf_2d_in_10_U/ram_reg_0_7_10_10/SP/CLK
High Pulse Width  Slow    RAMS32/CLK          n/a            1.250         5.000       3.750      SLICE_X14Y12  bd_0_i/hls_inst/inst/buf_2d_in_10_U/ram_reg_0_7_11_11/SP/CLK
High Pulse Width  Fast    RAMS32/CLK          n/a            1.250         5.000       3.750      SLICE_X14Y12  bd_0_i/hls_inst/inst/buf_2d_in_10_U/ram_reg_0_7_11_11/SP/CLK
High Pulse Width  Slow    RAMS32/CLK          n/a            1.250         5.000       3.750      SLICE_X14Y12  bd_0_i/hls_inst/inst/buf_2d_in_10_U/ram_reg_0_7_12_12/SP/CLK
High Pulse Width  Fast    RAMS32/CLK          n/a            1.250         5.000       3.750      SLICE_X14Y12  bd_0_i/hls_inst/inst/buf_2d_in_10_U/ram_reg_0_7_12_12/SP/CLK
High Pulse Width  Slow    RAMS32/CLK          n/a            1.250         5.000       3.750      SLICE_X14Y13  bd_0_i/hls_inst/inst/buf_2d_in_10_U/ram_reg_0_7_13_13/SP/CLK
High Pulse Width  Fast    RAMS32/CLK          n/a            1.250         5.000       3.750      SLICE_X14Y13  bd_0_i/hls_inst/inst/buf_2d_in_10_U/ram_reg_0_7_13_13/SP/CLK



--------------------------------------------------------------------------------------
Path Group:  (none)
From Clock:  
  To Clock:  

Max Delay             1 Endpoint
Min Delay             1 Endpoint
--------------------------------------------------------------------------------------


Max Delay Paths
--------------------------------------------------------------------------------------
Slack:                    inf
  Source:                 ap_ctrl_start
                            (input port)
  Destination:            ap_ctrl_idle
                            (output port)
  Path Group:             (none)
  Path Type:              Max at Slow Process Corner
  Data Path Delay:        2.070ns  (logic 0.124ns (5.990%)  route 1.946ns (94.010%))
  Logic Levels:           1  (LUT2=1)

    Location             Delay type                Incr(ns)  Path(ns)    Netlist Resource(s)
  -------------------------------------------------------------------    -------------------
                                                      0.000     0.000 f  ap_ctrl_start (IN)
                         net (fo=3, unset)            0.973     0.973    bd_0_i/hls_inst/inst/ap_start
    SLICE_X13Y33         LUT2 (Prop_lut2_I1_O)        0.124     1.097 r  bd_0_i/hls_inst/inst/ap_idle_INST_0/O
                         net (fo=0)                   0.973     2.070    ap_ctrl_idle
                                                                      r  ap_ctrl_idle (OUT)
  -------------------------------------------------------------------    -------------------





Min Delay Paths
--------------------------------------------------------------------------------------
Slack:                    inf
  Source:                 ap_ctrl_start
                            (input port)
  Destination:            ap_ctrl_idle
                            (output port)
  Path Group:             (none)
  Path Type:              Min at Fast Process Corner
  Data Path Delay:        0.865ns  (logic 0.045ns (5.201%)  route 0.820ns (94.799%))
  Logic Levels:           1  (LUT2=1)

    Location             Delay type                Incr(ns)  Path(ns)    Netlist Resource(s)
  -------------------------------------------------------------------    -------------------
                                                      0.000     0.000 f  ap_ctrl_start (IN)
                         net (fo=3, unset)            0.410     0.410    bd_0_i/hls_inst/inst/ap_start
    SLICE_X13Y33         LUT2 (Prop_lut2_I1_O)        0.045     0.455 r  bd_0_i/hls_inst/inst/ap_idle_INST_0/O
                         net (fo=0)                   0.410     0.865    ap_ctrl_idle
                                                                      r  ap_ctrl_idle (OUT)
  -------------------------------------------------------------------    -------------------





--------------------------------------------------------------------------------------
Path Group:  (none)
From Clock:  ap_clk
  To Clock:  

Max Delay            34 Endpoints
Min Delay            34 Endpoints
--------------------------------------------------------------------------------------


Max Delay Paths
--------------------------------------------------------------------------------------
Slack:                    inf
  Source:                 bd_0_i/hls_inst/inst/buf_2d_out_U/ram_reg/CLKARDCLK
                            (rising edge-triggered cell RAMB18E1 clocked by ap_clk  {rise@0.000ns fall@5.000ns period=10.000ns})
  Destination:            output_r_d0[0]
                            (output port)
  Path Group:             (none)
  Path Type:              Max at Slow Process Corner
  Data Path Delay:        3.427ns  (logic 2.454ns (71.608%)  route 0.973ns (28.392%))
  Logic Levels:           0  
  Clock Uncertainty:      0.025ns  ((TSJ^2 + TIJ^2)^1/2 + DJ) / 2 + PE
    Total System Jitter     (TSJ):    0.050ns
    Total Input Jitter      (TIJ):    0.000ns
    Discrete Jitter          (DJ):    0.000ns
    Phase Error              (PE):    0.000ns

    Location             Delay type                Incr(ns)  Path(ns)    Netlist Resource(s)
  -------------------------------------------------------------------    -------------------
                         (clock ap_clk rise edge)     0.000     0.000 r  
                                                      0.000     0.000 r  ap_clk (IN)
                         net (fo=666, unset)          0.973     0.973    bd_0_i/hls_inst/inst/buf_2d_out_U/ap_clk
    RAMB18_X0Y10         RAMB18E1                                     r  bd_0_i/hls_inst/inst/buf_2d_out_U/ram_reg/CLKARDCLK
  -------------------------------------------------------------------    -------------------
    RAMB18_X0Y10         RAMB18E1 (Prop_ramb18e1_CLKARDCLK_DOADO[0])
                                                      2.454     3.427 r  bd_0_i/hls_inst/inst/buf_2d_out_U/ram_reg/DOADO[0]
                         net (fo=0)                   0.973     4.400    output_r_d0[0]
                                                                      r  output_r_d0[0] (OUT)
  -------------------------------------------------------------------    -------------------

Slack:                    inf
  Source:                 bd_0_i/hls_inst/inst/buf_2d_out_U/ram_reg/CLKARDCLK
                            (rising edge-triggered cell RAMB18E1 clocked by ap_clk  {rise@0.000ns fall@5.000ns period=10.000ns})
  Destination:            output_r_d0[10]
                            (output port)
  Path Group:             (none)
  Path Type:              Max at Slow Process Corner
  Data Path Delay:        3.427ns  (logic 2.454ns (71.608%)  route 0.973ns (28.392%))
  Logic Levels:           0  
  Clock Uncertainty:      0.025ns  ((TSJ^2 + TIJ^2)^1/2 + DJ) / 2 + PE
    Total System Jitter     (TSJ):    0.050ns
    Total Input Jitter      (TIJ):    0.000ns
    Discrete Jitter          (DJ):    0.000ns
    Phase Error              (PE):    0.000ns

    Location             Delay type                Incr(ns)  Path(ns)    Netlist Resource(s)
  -------------------------------------------------------------------    -------------------
                         (clock ap_clk rise edge)     0.000     0.000 r  
                                                      0.000     0.000 r  ap_clk (IN)
                         net (fo=666, unset)          0.973     0.973    bd_0_i/hls_inst/inst/buf_2d_out_U/ap_clk
    RAMB18_X0Y10         RAMB18E1                                     r  bd_0_i/hls_inst/inst/buf_2d_out_U/ram_reg/CLKARDCLK
  -------------------------------------------------------------------    -------------------
    RAMB18_X0Y10         RAMB18E1 (Prop_ramb18e1_CLKARDCLK_DOADO[10])
                                                      2.454     3.427 r  bd_0_i/hls_inst/inst/buf_2d_out_U/ram_reg/DOADO[10]
                         net (fo=0)                   0.973     4.400    output_r_d0[10]
                                                                      r  output_r_d0[10] (OUT)
  -------------------------------------------------------------------    -------------------

Slack:                    inf
  Source:                 bd_0_i/hls_inst/inst/buf_2d_out_U/ram_reg/CLKARDCLK
                            (rising edge-triggered cell RAMB18E1 clocked by ap_clk  {rise@0.000ns fall@5.000ns period=10.000ns})
  Destination:            output_r_d0[11]
                            (output port)
  Path Group:             (none)
  Path Type:              Max at Slow Process Corner
  Data Path Delay:        3.427ns  (logic 2.454ns (71.608%)  route 0.973ns (28.392%))
  Logic Levels:           0  
  Clock Uncertainty:      0.025ns  ((TSJ^2 + TIJ^2)^1/2 + DJ) / 2 + PE
    Total System Jitter     (TSJ):    0.050ns
    Total Input Jitter      (TIJ):    0.000ns
    Discrete Jitter          (DJ):    0.000ns
    Phase Error              (PE):    0.000ns

    Location             Delay type                Incr(ns)  Path(ns)    Netlist Resource(s)
  -------------------------------------------------------------------    -------------------
                         (clock ap_clk rise edge)     0.000     0.000 r  
                                                      0.000     0.000 r  ap_clk (IN)
                         net (fo=666, unset)          0.973     0.973    bd_0_i/hls_inst/inst/buf_2d_out_U/ap_clk
    RAMB18_X0Y10         RAMB18E1                                     r  bd_0_i/hls_inst/inst/buf_2d_out_U/ram_reg/CLKARDCLK
  -------------------------------------------------------------------    -------------------
    RAMB18_X0Y10         RAMB18E1 (Prop_ramb18e1_CLKARDCLK_DOADO[11])
                                                      2.454     3.427 r  bd_0_i/hls_inst/inst/buf_2d_out_U/ram_reg/DOADO[11]
                         net (fo=0)                   0.973     4.400    output_r_d0[11]
                                                                      r  output_r_d0[11] (OUT)
  -------------------------------------------------------------------    -------------------

Slack:                    inf
  Source:                 bd_0_i/hls_inst/inst/buf_2d_out_U/ram_reg/CLKARDCLK
                            (rising edge-triggered cell RAMB18E1 clocked by ap_clk  {rise@0.000ns fall@5.000ns period=10.000ns})
  Destination:            output_r_d0[12]
                            (output port)
  Path Group:             (none)
  Path Type:              Max at Slow Process Corner
  Data Path Delay:        3.427ns  (logic 2.454ns (71.608%)  route 0.973ns (28.392%))
  Logic Levels:           0  
  Clock Uncertainty:      0.025ns  ((TSJ^2 + TIJ^2)^1/2 + DJ) / 2 + PE
    Total System Jitter     (TSJ):    0.050ns
    Total Input Jitter      (TIJ):    0.000ns
    Discrete Jitter          (DJ):    0.000ns
    Phase Error              (PE):    0.000ns

    Location             Delay type                Incr(ns)  Path(ns)    Netlist Resource(s)
  -------------------------------------------------------------------    -------------------
                         (clock ap_clk rise edge)     0.000     0.000 r  
                                                      0.000     0.000 r  ap_clk (IN)
                         net (fo=666, unset)          0.973     0.973    bd_0_i/hls_inst/inst/buf_2d_out_U/ap_clk
    RAMB18_X0Y10         RAMB18E1                                     r  bd_0_i/hls_inst/inst/buf_2d_out_U/ram_reg/CLKARDCLK
  -------------------------------------------------------------------    -------------------
    RAMB18_X0Y10         RAMB18E1 (Prop_ramb18e1_CLKARDCLK_DOADO[12])
                                                      2.454     3.427 r  bd_0_i/hls_inst/inst/buf_2d_out_U/ram_reg/DOADO[12]
                         net (fo=0)                   0.973     4.400    output_r_d0[12]
                                                                      r  output_r_d0[12] (OUT)
  -------------------------------------------------------------------    -------------------

Slack:                    inf
  Source:                 bd_0_i/hls_inst/inst/buf_2d_out_U/ram_reg/CLKARDCLK
                            (rising edge-triggered cell RAMB18E1 clocked by ap_clk  {rise@0.000ns fall@5.000ns period=10.000ns})
  Destination:            output_r_d0[13]
                            (output port)
  Path Group:             (none)
  Path Type:              Max at Slow Process Corner
  Data Path Delay:        3.427ns  (logic 2.454ns (71.608%)  route 0.973ns (28.392%))
  Logic Levels:           0  
  Clock Uncertainty:      0.025ns  ((TSJ^2 + TIJ^2)^1/2 + DJ) / 2 + PE
    Total System Jitter     (TSJ):    0.050ns
    Total Input Jitter      (TIJ):    0.000ns
    Discrete Jitter          (DJ):    0.000ns
    Phase Error              (PE):    0.000ns

    Location             Delay type                Incr(ns)  Path(ns)    Netlist Resource(s)
  -------------------------------------------------------------------    -------------------
                         (clock ap_clk rise edge)     0.000     0.000 r  
                                                      0.000     0.000 r  ap_clk (IN)
                         net (fo=666, unset)          0.973     0.973    bd_0_i/hls_inst/inst/buf_2d_out_U/ap_clk
    RAMB18_X0Y10         RAMB18E1                                     r  bd_0_i/hls_inst/inst/buf_2d_out_U/ram_reg/CLKARDCLK
  -------------------------------------------------------------------    -------------------
    RAMB18_X0Y10         RAMB18E1 (Prop_ramb18e1_CLKARDCLK_DOADO[13])
                                                      2.454     3.427 r  bd_0_i/hls_inst/inst/buf_2d_out_U/ram_reg/DOADO[13]
                         net (fo=0)                   0.973     4.400    output_r_d0[13]
                                                                      r  output_r_d0[13] (OUT)
  -------------------------------------------------------------------    -------------------

Slack:                    inf
  Source:                 bd_0_i/hls_inst/inst/buf_2d_out_U/ram_reg/CLKARDCLK
                            (rising edge-triggered cell RAMB18E1 clocked by ap_clk  {rise@0.000ns fall@5.000ns period=10.000ns})
  Destination:            output_r_d0[14]
                            (output port)
  Path Group:             (none)
  Path Type:              Max at Slow Process Corner
  Data Path Delay:        3.427ns  (logic 2.454ns (71.608%)  route 0.973ns (28.392%))
  Logic Levels:           0  
  Clock Uncertainty:      0.025ns  ((TSJ^2 + TIJ^2)^1/2 + DJ) / 2 + PE
    Total System Jitter     (TSJ):    0.050ns
    Total Input Jitter      (TIJ):    0.000ns
    Discrete Jitter          (DJ):    0.000ns
    Phase Error              (PE):    0.000ns

    Location             Delay type                Incr(ns)  Path(ns)    Netlist Resource(s)
  -------------------------------------------------------------------    -------------------
                         (clock ap_clk rise edge)     0.000     0.000 r  
                                                      0.000     0.000 r  ap_clk (IN)
                         net (fo=666, unset)          0.973     0.973    bd_0_i/hls_inst/inst/buf_2d_out_U/ap_clk
    RAMB18_X0Y10         RAMB18E1                                     r  bd_0_i/hls_inst/inst/buf_2d_out_U/ram_reg/CLKARDCLK
  -------------------------------------------------------------------    -------------------
    RAMB18_X0Y10         RAMB18E1 (Prop_ramb18e1_CLKARDCLK_DOADO[14])
                                                      2.454     3.427 r  bd_0_i/hls_inst/inst/buf_2d_out_U/ram_reg/DOADO[14]
                         net (fo=0)                   0.973     4.400    output_r_d0[14]
                                                                      r  output_r_d0[14] (OUT)
  -------------------------------------------------------------------    -------------------

Slack:                    inf
  Source:                 bd_0_i/hls_inst/inst/buf_2d_out_U/ram_reg/CLKARDCLK
                            (rising edge-triggered cell RAMB18E1 clocked by ap_clk  {rise@0.000ns fall@5.000ns period=10.000ns})
  Destination:            output_r_d0[15]
                            (output port)
  Path Group:             (none)
  Path Type:              Max at Slow Process Corner
  Data Path Delay:        3.427ns  (logic 2.454ns (71.608%)  route 0.973ns (28.392%))
  Logic Levels:           0  
  Clock Uncertainty:      0.025ns  ((TSJ^2 + TIJ^2)^1/2 + DJ) / 2 + PE
    Total System Jitter     (TSJ):    0.050ns
    Total Input Jitter      (TIJ):    0.000ns
    Discrete Jitter          (DJ):    0.000ns
    Phase Error              (PE):    0.000ns

    Location             Delay type                Incr(ns)  Path(ns)    Netlist Resource(s)
  -------------------------------------------------------------------    -------------------
                         (clock ap_clk rise edge)     0.000     0.000 r  
                                                      0.000     0.000 r  ap_clk (IN)
                         net (fo=666, unset)          0.973     0.973    bd_0_i/hls_inst/inst/buf_2d_out_U/ap_clk
    RAMB18_X0Y10         RAMB18E1                                     r  bd_0_i/hls_inst/inst/buf_2d_out_U/ram_reg/CLKARDCLK
  -------------------------------------------------------------------    -------------------
    RAMB18_X0Y10         RAMB18E1 (Prop_ramb18e1_CLKARDCLK_DOADO[15])
                                                      2.454     3.427 r  bd_0_i/hls_inst/inst/buf_2d_out_U/ram_reg/DOADO[15]
                         net (fo=0)                   0.973     4.400    output_r_d0[15]
                                                                      r  output_r_d0[15] (OUT)
  -------------------------------------------------------------------    -------------------

Slack:                    inf
  Source:                 bd_0_i/hls_inst/inst/buf_2d_out_U/ram_reg/CLKARDCLK
                            (rising edge-triggered cell RAMB18E1 clocked by ap_clk  {rise@0.000ns fall@5.000ns period=10.000ns})
  Destination:            output_r_d0[1]
                            (output port)
  Path Group:             (none)
  Path Type:              Max at Slow Process Corner
  Data Path Delay:        3.427ns  (logic 2.454ns (71.608%)  route 0.973ns (28.392%))
  Logic Levels:           0  
  Clock Uncertainty:      0.025ns  ((TSJ^2 + TIJ^2)^1/2 + DJ) / 2 + PE
    Total System Jitter     (TSJ):    0.050ns
    Total Input Jitter      (TIJ):    0.000ns
    Discrete Jitter          (DJ):    0.000ns
    Phase Error              (PE):    0.000ns

    Location             Delay type                Incr(ns)  Path(ns)    Netlist Resource(s)
  -------------------------------------------------------------------    -------------------
                         (clock ap_clk rise edge)     0.000     0.000 r  
                                                      0.000     0.000 r  ap_clk (IN)
                         net (fo=666, unset)          0.973     0.973    bd_0_i/hls_inst/inst/buf_2d_out_U/ap_clk
    RAMB18_X0Y10         RAMB18E1                                     r  bd_0_i/hls_inst/inst/buf_2d_out_U/ram_reg/CLKARDCLK
  -------------------------------------------------------------------    -------------------
    RAMB18_X0Y10         RAMB18E1 (Prop_ramb18e1_CLKARDCLK_DOADO[1])
                                                      2.454     3.427 r  bd_0_i/hls_inst/inst/buf_2d_out_U/ram_reg/DOADO[1]
                         net (fo=0)                   0.973     4.400    output_r_d0[1]
                                                                      r  output_r_d0[1] (OUT)
  -------------------------------------------------------------------    -------------------

Slack:                    inf
  Source:                 bd_0_i/hls_inst/inst/buf_2d_out_U/ram_reg/CLKARDCLK
                            (rising edge-triggered cell RAMB18E1 clocked by ap_clk  {rise@0.000ns fall@5.000ns period=10.000ns})
  Destination:            output_r_d0[2]
                            (output port)
  Path Group:             (none)
  Path Type:              Max at Slow Process Corner
  Data Path Delay:        3.427ns  (logic 2.454ns (71.608%)  route 0.973ns (28.392%))
  Logic Levels:           0  
  Clock Uncertainty:      0.025ns  ((TSJ^2 + TIJ^2)^1/2 + DJ) / 2 + PE
    Total System Jitter     (TSJ):    0.050ns
    Total Input Jitter      (TIJ):    0.000ns
    Discrete Jitter          (DJ):    0.000ns
    Phase Error              (PE):    0.000ns

    Location             Delay type                Incr(ns)  Path(ns)    Netlist Resource(s)
  -------------------------------------------------------------------    -------------------
                         (clock ap_clk rise edge)     0.000     0.000 r  
                                                      0.000     0.000 r  ap_clk (IN)
                         net (fo=666, unset)          0.973     0.973    bd_0_i/hls_inst/inst/buf_2d_out_U/ap_clk
    RAMB18_X0Y10         RAMB18E1                                     r  bd_0_i/hls_inst/inst/buf_2d_out_U/ram_reg/CLKARDCLK
  -------------------------------------------------------------------    -------------------
    RAMB18_X0Y10         RAMB18E1 (Prop_ramb18e1_CLKARDCLK_DOADO[2])
                                                      2.454     3.427 r  bd_0_i/hls_inst/inst/buf_2d_out_U/ram_reg/DOADO[2]
                         net (fo=0)                   0.973     4.400    output_r_d0[2]
                                                                      r  output_r_d0[2] (OUT)
  -------------------------------------------------------------------    -------------------

Slack:                    inf
  Source:                 bd_0_i/hls_inst/inst/buf_2d_out_U/ram_reg/CLKARDCLK
                            (rising edge-triggered cell RAMB18E1 clocked by ap_clk  {rise@0.000ns fall@5.000ns period=10.000ns})
  Destination:            output_r_d0[3]
                            (output port)
  Path Group:             (none)
  Path Type:              Max at Slow Process Corner
  Data Path Delay:        3.427ns  (logic 2.454ns (71.608%)  route 0.973ns (28.392%))
  Logic Levels:           0  
  Clock Uncertainty:      0.025ns  ((TSJ^2 + TIJ^2)^1/2 + DJ) / 2 + PE
    Total System Jitter     (TSJ):    0.050ns
    Total Input Jitter      (TIJ):    0.000ns
    Discrete Jitter          (DJ):    0.000ns
    Phase Error              (PE):    0.000ns

    Location             Delay type                Incr(ns)  Path(ns)    Netlist Resource(s)
  -------------------------------------------------------------------    -------------------
                         (clock ap_clk rise edge)     0.000     0.000 r  
                                                      0.000     0.000 r  ap_clk (IN)
                         net (fo=666, unset)          0.973     0.973    bd_0_i/hls_inst/inst/buf_2d_out_U/ap_clk
    RAMB18_X0Y10         RAMB18E1                                     r  bd_0_i/hls_inst/inst/buf_2d_out_U/ram_reg/CLKARDCLK
  -------------------------------------------------------------------    -------------------
    RAMB18_X0Y10         RAMB18E1 (Prop_ramb18e1_CLKARDCLK_DOADO[3])
                                                      2.454     3.427 r  bd_0_i/hls_inst/inst/buf_2d_out_U/ram_reg/DOADO[3]
                         net (fo=0)                   0.973     4.400    output_r_d0[3]
                                                                      r  output_r_d0[3] (OUT)
  -------------------------------------------------------------------    -------------------





Min Delay Paths
--------------------------------------------------------------------------------------
Slack:                    inf
  Source:                 bd_0_i/hls_inst/inst/grp_dct_Pipeline_WR_Loop_Row_WR_Loop_Col_fu_225/zext_ln74_1_reg_224_reg[2]/C
                            (rising edge-triggered cell FDRE clocked by ap_clk  {rise@0.000ns fall@5.000ns period=10.000ns})
  Destination:            output_r_address0[2]
                            (output port)
  Path Group:             (none)
  Path Type:              Min at Fast Process Corner
  Data Path Delay:        0.538ns  (logic 0.128ns (23.786%)  route 0.410ns (76.214%))
  Logic Levels:           0  
  Clock Uncertainty:      0.025ns  ((TSJ^2 + TIJ^2)^1/2 + DJ) / 2 + PE
    Total System Jitter     (TSJ):    0.050ns
    Total Input Jitter      (TIJ):    0.000ns
    Discrete Jitter          (DJ):    0.000ns
    Phase Error              (PE):    0.000ns

    Location             Delay type                Incr(ns)  Path(ns)    Netlist Resource(s)
  -------------------------------------------------------------------    -------------------
                         (clock ap_clk rise edge)     0.000     0.000 r  
                                                      0.000     0.000 r  ap_clk (IN)
                         net (fo=666, unset)          0.410     0.410    bd_0_i/hls_inst/inst/grp_dct_Pipeline_WR_Loop_Row_WR_Loop_Col_fu_225/ap_clk
    SLICE_X7Y32          FDRE                                         r  bd_0_i/hls_inst/inst/grp_dct_Pipeline_WR_Loop_Row_WR_Loop_Col_fu_225/zext_ln74_1_reg_224_reg[2]/C
  -------------------------------------------------------------------    -------------------
    SLICE_X7Y32          FDRE (Prop_fdre_C_Q)         0.128     0.538 r  bd_0_i/hls_inst/inst/grp_dct_Pipeline_WR_Loop_Row_WR_Loop_Col_fu_225/zext_ln74_1_reg_224_reg[2]/Q
                         net (fo=0)                   0.410     0.948    output_r_address0[2]
                                                                      r  output_r_address0[2] (OUT)
  -------------------------------------------------------------------    -------------------

Slack:                    inf
  Source:                 bd_0_i/hls_inst/inst/grp_dct_Pipeline_RD_Loop_Row_RD_Loop_Col_fu_126/add_ln62_reg_367_reg[0]/C
                            (rising edge-triggered cell FDRE clocked by ap_clk  {rise@0.000ns fall@5.000ns period=10.000ns})
  Destination:            input_r_address0[0]
                            (output port)
  Path Group:             (none)
  Path Type:              Min at Fast Process Corner
  Data Path Delay:        0.551ns  (logic 0.141ns (25.583%)  route 0.410ns (74.417%))
  Logic Levels:           0  
  Clock Uncertainty:      0.025ns  ((TSJ^2 + TIJ^2)^1/2 + DJ) / 2 + PE
    Total System Jitter     (TSJ):    0.050ns
    Total Input Jitter      (TIJ):    0.000ns
    Discrete Jitter          (DJ):    0.000ns
    Phase Error              (PE):    0.000ns

    Location             Delay type                Incr(ns)  Path(ns)    Netlist Resource(s)
  -------------------------------------------------------------------    -------------------
                         (clock ap_clk rise edge)     0.000     0.000 r  
                                                      0.000     0.000 r  ap_clk (IN)
                         net (fo=666, unset)          0.410     0.410    bd_0_i/hls_inst/inst/grp_dct_Pipeline_RD_Loop_Row_RD_Loop_Col_fu_126/ap_clk
    SLICE_X19Y29         FDRE                                         r  bd_0_i/hls_inst/inst/grp_dct_Pipeline_RD_Loop_Row_RD_Loop_Col_fu_126/add_ln62_reg_367_reg[0]/C
  -------------------------------------------------------------------    -------------------
    SLICE_X19Y29         FDRE (Prop_fdre_C_Q)         0.141     0.551 r  bd_0_i/hls_inst/inst/grp_dct_Pipeline_RD_Loop_Row_RD_Loop_Col_fu_126/add_ln62_reg_367_reg[0]/Q
                         net (fo=1, unset)            0.410     0.961    input_r_address0[0]
                                                                      r  input_r_address0[0] (OUT)
  -------------------------------------------------------------------    -------------------

Slack:                    inf
  Source:                 bd_0_i/hls_inst/inst/grp_dct_Pipeline_RD_Loop_Row_RD_Loop_Col_fu_126/add_ln62_reg_367_reg[1]/C
                            (rising edge-triggered cell FDRE clocked by ap_clk  {rise@0.000ns fall@5.000ns period=10.000ns})
  Destination:            input_r_address0[1]
                            (output port)
  Path Group:             (none)
  Path Type:              Min at Fast Process Corner
  Data Path Delay:        0.551ns  (logic 0.141ns (25.583%)  route 0.410ns (74.417%))
  Logic Levels:           0  
  Clock Uncertainty:      0.025ns  ((TSJ^2 + TIJ^2)^1/2 + DJ) / 2 + PE
    Total System Jitter     (TSJ):    0.050ns
    Total Input Jitter      (TIJ):    0.000ns
    Discrete Jitter          (DJ):    0.000ns
    Phase Error              (PE):    0.000ns

    Location             Delay type                Incr(ns)  Path(ns)    Netlist Resource(s)
  -------------------------------------------------------------------    -------------------
                         (clock ap_clk rise edge)     0.000     0.000 r  
                                                      0.000     0.000 r  ap_clk (IN)
                         net (fo=666, unset)          0.410     0.410    bd_0_i/hls_inst/inst/grp_dct_Pipeline_RD_Loop_Row_RD_Loop_Col_fu_126/ap_clk
    SLICE_X19Y29         FDRE                                         r  bd_0_i/hls_inst/inst/grp_dct_Pipeline_RD_Loop_Row_RD_Loop_Col_fu_126/add_ln62_reg_367_reg[1]/C
  -------------------------------------------------------------------    -------------------
    SLICE_X19Y29         FDRE (Prop_fdre_C_Q)         0.141     0.551 r  bd_0_i/hls_inst/inst/grp_dct_Pipeline_RD_Loop_Row_RD_Loop_Col_fu_126/add_ln62_reg_367_reg[1]/Q
                         net (fo=1, unset)            0.410     0.961    input_r_address0[1]
                                                                      r  input_r_address0[1] (OUT)
  -------------------------------------------------------------------    -------------------

Slack:                    inf
  Source:                 bd_0_i/hls_inst/inst/grp_dct_Pipeline_RD_Loop_Row_RD_Loop_Col_fu_126/add_ln62_reg_367_reg[2]/C
                            (rising edge-triggered cell FDRE clocked by ap_clk  {rise@0.000ns fall@5.000ns period=10.000ns})
  Destination:            input_r_address0[2]
                            (output port)
  Path Group:             (none)
  Path Type:              Min at Fast Process Corner
  Data Path Delay:        0.551ns  (logic 0.141ns (25.583%)  route 0.410ns (74.417%))
  Logic Levels:           0  
  Clock Uncertainty:      0.025ns  ((TSJ^2 + TIJ^2)^1/2 + DJ) / 2 + PE
    Total System Jitter     (TSJ):    0.050ns
    Total Input Jitter      (TIJ):    0.000ns
    Discrete Jitter          (DJ):    0.000ns
    Phase Error              (PE):    0.000ns

    Location             Delay type                Incr(ns)  Path(ns)    Netlist Resource(s)
  -------------------------------------------------------------------    -------------------
                         (clock ap_clk rise edge)     0.000     0.000 r  
                                                      0.000     0.000 r  ap_clk (IN)
                         net (fo=666, unset)          0.410     0.410    bd_0_i/hls_inst/inst/grp_dct_Pipeline_RD_Loop_Row_RD_Loop_Col_fu_126/ap_clk
    SLICE_X17Y27         FDRE                                         r  bd_0_i/hls_inst/inst/grp_dct_Pipeline_RD_Loop_Row_RD_Loop_Col_fu_126/add_ln62_reg_367_reg[2]/C
  -------------------------------------------------------------------    -------------------
    SLICE_X17Y27         FDRE (Prop_fdre_C_Q)         0.141     0.551 r  bd_0_i/hls_inst/inst/grp_dct_Pipeline_RD_Loop_Row_RD_Loop_Col_fu_126/add_ln62_reg_367_reg[2]/Q
                         net (fo=1, unset)            0.410     0.961    input_r_address0[2]
                                                                      r  input_r_address0[2] (OUT)
  -------------------------------------------------------------------    -------------------

Slack:                    inf
  Source:                 bd_0_i/hls_inst/inst/grp_dct_Pipeline_WR_Loop_Row_WR_Loop_Col_fu_225/zext_ln74_1_reg_224_reg[3]/C
                            (rising edge-triggered cell FDRE clocked by ap_clk  {rise@0.000ns fall@5.000ns period=10.000ns})
  Destination:            output_r_address0[3]
                            (output port)
  Path Group:             (none)
  Path Type:              Min at Fast Process Corner
  Data Path Delay:        0.551ns  (logic 0.141ns (25.583%)  route 0.410ns (74.417%))
  Logic Levels:           0  
  Clock Uncertainty:      0.025ns  ((TSJ^2 + TIJ^2)^1/2 + DJ) / 2 + PE
    Total System Jitter     (TSJ):    0.050ns
    Total Input Jitter      (TIJ):    0.000ns
    Discrete Jitter          (DJ):    0.000ns
    Phase Error              (PE):    0.000ns

    Location             Delay type                Incr(ns)  Path(ns)    Netlist Resource(s)
  -------------------------------------------------------------------    -------------------
                         (clock ap_clk rise edge)     0.000     0.000 r  
                                                      0.000     0.000 r  ap_clk (IN)
                         net (fo=666, unset)          0.410     0.410    bd_0_i/hls_inst/inst/grp_dct_Pipeline_WR_Loop_Row_WR_Loop_Col_fu_225/ap_clk
    SLICE_X7Y32          FDRE                                         r  bd_0_i/hls_inst/inst/grp_dct_Pipeline_WR_Loop_Row_WR_Loop_Col_fu_225/zext_ln74_1_reg_224_reg[3]/C
  -------------------------------------------------------------------    -------------------
    SLICE_X7Y32          FDRE (Prop_fdre_C_Q)         0.141     0.551 r  bd_0_i/hls_inst/inst/grp_dct_Pipeline_WR_Loop_Row_WR_Loop_Col_fu_225/zext_ln74_1_reg_224_reg[3]/Q
                         net (fo=0)                   0.410     0.961    output_r_address0[3]
                                                                      r  output_r_address0[3] (OUT)
  -------------------------------------------------------------------    -------------------

Slack:                    inf
  Source:                 bd_0_i/hls_inst/inst/grp_dct_Pipeline_WR_Loop_Row_WR_Loop_Col_fu_225/zext_ln74_1_reg_224_reg[5]/C
                            (rising edge-triggered cell FDRE clocked by ap_clk  {rise@0.000ns fall@5.000ns period=10.000ns})
  Destination:            output_r_address0[5]
                            (output port)
  Path Group:             (none)
  Path Type:              Min at Fast Process Corner
  Data Path Delay:        0.551ns  (logic 0.141ns (25.583%)  route 0.410ns (74.417%))
  Logic Levels:           0  
  Clock Uncertainty:      0.025ns  ((TSJ^2 + TIJ^2)^1/2 + DJ) / 2 + PE
    Total System Jitter     (TSJ):    0.050ns
    Total Input Jitter      (TIJ):    0.000ns
    Discrete Jitter          (DJ):    0.000ns
    Phase Error              (PE):    0.000ns

    Location             Delay type                Incr(ns)  Path(ns)    Netlist Resource(s)
  -------------------------------------------------------------------    -------------------
                         (clock ap_clk rise edge)     0.000     0.000 r  
                                                      0.000     0.000 r  ap_clk (IN)
                         net (fo=666, unset)          0.410     0.410    bd_0_i/hls_inst/inst/grp_dct_Pipeline_WR_Loop_Row_WR_Loop_Col_fu_225/ap_clk
    SLICE_X7Y32          FDRE                                         r  bd_0_i/hls_inst/inst/grp_dct_Pipeline_WR_Loop_Row_WR_Loop_Col_fu_225/zext_ln74_1_reg_224_reg[5]/C
  -------------------------------------------------------------------    -------------------
    SLICE_X7Y32          FDRE (Prop_fdre_C_Q)         0.141     0.551 r  bd_0_i/hls_inst/inst/grp_dct_Pipeline_WR_Loop_Row_WR_Loop_Col_fu_225/zext_ln74_1_reg_224_reg[5]/Q
                         net (fo=0)                   0.410     0.961    output_r_address0[5]
                                                                      r  output_r_address0[5] (OUT)
  -------------------------------------------------------------------    -------------------

Slack:                    inf
  Source:                 bd_0_i/hls_inst/inst/grp_dct_Pipeline_RD_Loop_Row_RD_Loop_Col_fu_126/add_ln62_reg_367_reg[4]/C
                            (rising edge-triggered cell FDRE clocked by ap_clk  {rise@0.000ns fall@5.000ns period=10.000ns})
  Destination:            input_r_address0[4]
                            (output port)
  Path Group:             (none)
  Path Type:              Min at Fast Process Corner
  Data Path Delay:        0.558ns  (logic 0.148ns (26.517%)  route 0.410ns (73.483%))
  Logic Levels:           0  
  Clock Uncertainty:      0.025ns  ((TSJ^2 + TIJ^2)^1/2 + DJ) / 2 + PE
    Total System Jitter     (TSJ):    0.050ns
    Total Input Jitter      (TIJ):    0.000ns
    Discrete Jitter          (DJ):    0.000ns
    Phase Error              (PE):    0.000ns

    Location             Delay type                Incr(ns)  Path(ns)    Netlist Resource(s)
  -------------------------------------------------------------------    -------------------
                         (clock ap_clk rise edge)     0.000     0.000 r  
                                                      0.000     0.000 r  ap_clk (IN)
                         net (fo=666, unset)          0.410     0.410    bd_0_i/hls_inst/inst/grp_dct_Pipeline_RD_Loop_Row_RD_Loop_Col_fu_126/ap_clk
    SLICE_X18Y31         FDRE                                         r  bd_0_i/hls_inst/inst/grp_dct_Pipeline_RD_Loop_Row_RD_Loop_Col_fu_126/add_ln62_reg_367_reg[4]/C
  -------------------------------------------------------------------    -------------------
    SLICE_X18Y31         FDRE (Prop_fdre_C_Q)         0.148     0.558 r  bd_0_i/hls_inst/inst/grp_dct_Pipeline_RD_Loop_Row_RD_Loop_Col_fu_126/add_ln62_reg_367_reg[4]/Q
                         net (fo=0)                   0.410     0.968    input_r_address0[4]
                                                                      r  input_r_address0[4] (OUT)
  -------------------------------------------------------------------    -------------------

Slack:                    inf
  Source:                 bd_0_i/hls_inst/inst/grp_dct_Pipeline_RD_Loop_Row_RD_Loop_Col_fu_126/add_ln62_reg_367_reg[3]/C
                            (rising edge-triggered cell FDRE clocked by ap_clk  {rise@0.000ns fall@5.000ns period=10.000ns})
  Destination:            input_r_address0[3]
                            (output port)
  Path Group:             (none)
  Path Type:              Min at Fast Process Corner
  Data Path Delay:        0.574ns  (logic 0.164ns (28.565%)  route 0.410ns (71.435%))
  Logic Levels:           0  
  Clock Uncertainty:      0.025ns  ((TSJ^2 + TIJ^2)^1/2 + DJ) / 2 + PE
    Total System Jitter     (TSJ):    0.050ns
    Total Input Jitter      (TIJ):    0.000ns
    Discrete Jitter          (DJ):    0.000ns
    Phase Error              (PE):    0.000ns

    Location             Delay type                Incr(ns)  Path(ns)    Netlist Resource(s)
  -------------------------------------------------------------------    -------------------
                         (clock ap_clk rise edge)     0.000     0.000 r  
                                                      0.000     0.000 r  ap_clk (IN)
                         net (fo=666, unset)          0.410     0.410    bd_0_i/hls_inst/inst/grp_dct_Pipeline_RD_Loop_Row_RD_Loop_Col_fu_126/ap_clk
    SLICE_X18Y31         FDRE                                         r  bd_0_i/hls_inst/inst/grp_dct_Pipeline_RD_Loop_Row_RD_Loop_Col_fu_126/add_ln62_reg_367_reg[3]/C
  -------------------------------------------------------------------    -------------------
    SLICE_X18Y31         FDRE (Prop_fdre_C_Q)         0.164     0.574 r  bd_0_i/hls_inst/inst/grp_dct_Pipeline_RD_Loop_Row_RD_Loop_Col_fu_126/add_ln62_reg_367_reg[3]/Q
                         net (fo=0)                   0.410     0.984    input_r_address0[3]
                                                                      r  input_r_address0[3] (OUT)
  -------------------------------------------------------------------    -------------------

Slack:                    inf
  Source:                 bd_0_i/hls_inst/inst/grp_dct_Pipeline_RD_Loop_Row_RD_Loop_Col_fu_126/add_ln62_reg_367_reg[5]/C
                            (rising edge-triggered cell FDRE clocked by ap_clk  {rise@0.000ns fall@5.000ns period=10.000ns})
  Destination:            input_r_address0[5]
                            (output port)
  Path Group:             (none)
  Path Type:              Min at Fast Process Corner
  Data Path Delay:        0.574ns  (logic 0.164ns (28.565%)  route 0.410ns (71.435%))
  Logic Levels:           0  
  Clock Uncertainty:      0.025ns  ((TSJ^2 + TIJ^2)^1/2 + DJ) / 2 + PE
    Total System Jitter     (TSJ):    0.050ns
    Total Input Jitter      (TIJ):    0.000ns
    Discrete Jitter          (DJ):    0.000ns
    Phase Error              (PE):    0.000ns

    Location             Delay type                Incr(ns)  Path(ns)    Netlist Resource(s)
  -------------------------------------------------------------------    -------------------
                         (clock ap_clk rise edge)     0.000     0.000 r  
                                                      0.000     0.000 r  ap_clk (IN)
                         net (fo=666, unset)          0.410     0.410    bd_0_i/hls_inst/inst/grp_dct_Pipeline_RD_Loop_Row_RD_Loop_Col_fu_126/ap_clk
    SLICE_X18Y30         FDRE                                         r  bd_0_i/hls_inst/inst/grp_dct_Pipeline_RD_Loop_Row_RD_Loop_Col_fu_126/add_ln62_reg_367_reg[5]/C
  -------------------------------------------------------------------    -------------------
    SLICE_X18Y30         FDRE (Prop_fdre_C_Q)         0.164     0.574 r  bd_0_i/hls_inst/inst/grp_dct_Pipeline_RD_Loop_Row_RD_Loop_Col_fu_126/add_ln62_reg_367_reg[5]/Q
                         net (fo=0)                   0.410     0.984    input_r_address0[5]
                                                                      r  input_r_address0[5] (OUT)
  -------------------------------------------------------------------    -------------------

Slack:                    inf
  Source:                 bd_0_i/hls_inst/inst/grp_dct_Pipeline_RD_Loop_Row_RD_Loop_Col_fu_126/ap_enable_reg_pp0_iter2_reg/C
                            (rising edge-triggered cell FDRE clocked by ap_clk  {rise@0.000ns fall@5.000ns period=10.000ns})
  Destination:            input_r_ce0
                            (output port)
  Path Group:             (none)
  Path Type:              Min at Fast Process Corner
  Data Path Delay:        0.574ns  (logic 0.164ns (28.565%)  route 0.410ns (71.435%))
  Logic Levels:           0  
  Clock Uncertainty:      0.025ns  ((TSJ^2 + TIJ^2)^1/2 + DJ) / 2 + PE
    Total System Jitter     (TSJ):    0.050ns
    Total Input Jitter      (TIJ):    0.000ns
    Discrete Jitter          (DJ):    0.000ns
    Phase Error              (PE):    0.000ns

    Location             Delay type                Incr(ns)  Path(ns)    Netlist Resource(s)
  -------------------------------------------------------------------    -------------------
                         (clock ap_clk rise edge)     0.000     0.000 r  
                                                      0.000     0.000 r  ap_clk (IN)
                         net (fo=666, unset)          0.410     0.410    bd_0_i/hls_inst/inst/grp_dct_Pipeline_RD_Loop_Row_RD_Loop_Col_fu_126/ap_clk
    SLICE_X16Y30         FDRE                                         r  bd_0_i/hls_inst/inst/grp_dct_Pipeline_RD_Loop_Row_RD_Loop_Col_fu_126/ap_enable_reg_pp0_iter2_reg/C
  -------------------------------------------------------------------    -------------------
    SLICE_X16Y30         FDRE (Prop_fdre_C_Q)         0.164     0.574 r  bd_0_i/hls_inst/inst/grp_dct_Pipeline_RD_Loop_Row_RD_Loop_Col_fu_126/ap_enable_reg_pp0_iter2_reg/Q
                         net (fo=1, unset)            0.410     0.984    input_r_ce0
                                                                      r  input_r_ce0 (OUT)
  -------------------------------------------------------------------    -------------------





--------------------------------------------------------------------------------------
Path Group:  (none)
From Clock:  
  To Clock:  ap_clk

Max Delay           185 Endpoints
Min Delay           185 Endpoints
--------------------------------------------------------------------------------------


Max Delay Paths
--------------------------------------------------------------------------------------
Slack:                    inf
  Source:                 ap_rst
                            (input port)
  Destination:            bd_0_i/hls_inst/inst/grp_dct_Pipeline_Col_DCT_Loop_DCT_Outer_Loop_fu_190/flow_control_loop_pipe_sequential_init_U/ap_loop_init_int_reg/D
                            (rising edge-triggered cell FDRE clocked by ap_clk  {rise@0.000ns fall@5.000ns period=10.000ns})
  Path Group:             (none)
  Path Type:              Setup (Max at Slow Process Corner)
  Data Path Delay:        1.601ns  (logic 0.150ns (9.370%)  route 1.451ns (90.630%))
  Logic Levels:           1  (LUT4=1)
  Clock Path Skew:        0.924ns (DCD - SCD + CPR)
    Destination Clock Delay (DCD):    0.924ns
    Source Clock Delay      (SCD):    0.000ns
    Clock Pessimism Removal (CPR):    0.000ns
  Clock Uncertainty:      0.025ns  ((TSJ^2 + TIJ^2)^1/2 + DJ) / 2 + PE
    Total System Jitter     (TSJ):    0.050ns
    Total Input Jitter      (TIJ):    0.000ns
    Discrete Jitter          (DJ):    0.000ns
    Phase Error              (PE):    0.000ns

    Location             Delay type                Incr(ns)  Path(ns)    Netlist Resource(s)
  -------------------------------------------------------------------    -------------------
                                                      0.000     0.000 r  ap_rst (IN)
                         net (fo=53, unset)           0.973     0.973    bd_0_i/hls_inst/inst/grp_dct_Pipeline_Col_DCT_Loop_DCT_Outer_Loop_fu_190/flow_control_loop_pipe_sequential_init_U/ap_rst
    SLICE_X14Y28         LUT4 (Prop_lut4_I3_O)        0.150     1.123 r  bd_0_i/hls_inst/inst/grp_dct_Pipeline_Col_DCT_Loop_DCT_Outer_Loop_fu_190/flow_control_loop_pipe_sequential_init_U/ap_loop_init_int_i_1__2/O
                         net (fo=1, routed)           0.478     1.601    bd_0_i/hls_inst/inst/grp_dct_Pipeline_Col_DCT_Loop_DCT_Outer_Loop_fu_190/flow_control_loop_pipe_sequential_init_U/ap_loop_init_int_i_1__2_n_0
    SLICE_X13Y28         FDRE                                         r  bd_0_i/hls_inst/inst/grp_dct_Pipeline_Col_DCT_Loop_DCT_Outer_Loop_fu_190/flow_control_loop_pipe_sequential_init_U/ap_loop_init_int_reg/D
  -------------------------------------------------------------------    -------------------

                         (clock ap_clk rise edge)     0.000     0.000 r  
                                                      0.000     0.000 r  ap_clk (IN)
                         net (fo=666, unset)          0.924     0.924    bd_0_i/hls_inst/inst/grp_dct_Pipeline_Col_DCT_Loop_DCT_Outer_Loop_fu_190/flow_control_loop_pipe_sequential_init_U/ap_clk
    SLICE_X13Y28         FDRE                                         r  bd_0_i/hls_inst/inst/grp_dct_Pipeline_Col_DCT_Loop_DCT_Outer_Loop_fu_190/flow_control_loop_pipe_sequential_init_U/ap_loop_init_int_reg/C

Slack:                    inf
  Source:                 ap_rst
                            (input port)
  Destination:            bd_0_i/hls_inst/inst/grp_dct_Pipeline_Xpose_Col_Outer_Loop_Xpose_Col_Inner_Loop_fu_219/flow_control_loop_pipe_sequential_init_U/ap_loop_init_int_reg/D
                            (rising edge-triggered cell FDRE clocked by ap_clk  {rise@0.000ns fall@5.000ns period=10.000ns})
  Path Group:             (none)
  Path Type:              Setup (Max at Slow Process Corner)
  Data Path Delay:        1.585ns  (logic 0.124ns (7.824%)  route 1.461ns (92.176%))
  Logic Levels:           1  (LUT4=1)
  Clock Path Skew:        0.924ns (DCD - SCD + CPR)
    Destination Clock Delay (DCD):    0.924ns
    Source Clock Delay      (SCD):    0.000ns
    Clock Pessimism Removal (CPR):    0.000ns
  Clock Uncertainty:      0.025ns  ((TSJ^2 + TIJ^2)^1/2 + DJ) / 2 + PE
    Total System Jitter     (TSJ):    0.050ns
    Total Input Jitter      (TIJ):    0.000ns
    Discrete Jitter          (DJ):    0.000ns
    Phase Error              (PE):    0.000ns

    Location             Delay type                Incr(ns)  Path(ns)    Netlist Resource(s)
  -------------------------------------------------------------------    -------------------
                                                      0.000     0.000 r  ap_rst (IN)
                         net (fo=53, unset)           0.973     0.973    bd_0_i/hls_inst/inst/grp_dct_Pipeline_Xpose_Col_Outer_Loop_Xpose_Col_Inner_Loop_fu_219/flow_control_loop_pipe_sequential_init_U/ap_rst
    SLICE_X13Y34         LUT4 (Prop_lut4_I3_O)        0.124     1.097 r  bd_0_i/hls_inst/inst/grp_dct_Pipeline_Xpose_Col_Outer_Loop_Xpose_Col_Inner_Loop_fu_219/flow_control_loop_pipe_sequential_init_U/ap_loop_init_int_i_1__3/O
                         net (fo=1, routed)           0.488     1.585    bd_0_i/hls_inst/inst/grp_dct_Pipeline_Xpose_Col_Outer_Loop_Xpose_Col_Inner_Loop_fu_219/flow_control_loop_pipe_sequential_init_U/ap_loop_init_int_i_1__3_n_0
    SLICE_X14Y34         FDRE                                         r  bd_0_i/hls_inst/inst/grp_dct_Pipeline_Xpose_Col_Outer_Loop_Xpose_Col_Inner_Loop_fu_219/flow_control_loop_pipe_sequential_init_U/ap_loop_init_int_reg/D
  -------------------------------------------------------------------    -------------------

                         (clock ap_clk rise edge)     0.000     0.000 r  
                                                      0.000     0.000 r  ap_clk (IN)
                         net (fo=666, unset)          0.924     0.924    bd_0_i/hls_inst/inst/grp_dct_Pipeline_Xpose_Col_Outer_Loop_Xpose_Col_Inner_Loop_fu_219/flow_control_loop_pipe_sequential_init_U/ap_clk
    SLICE_X14Y34         FDRE                                         r  bd_0_i/hls_inst/inst/grp_dct_Pipeline_Xpose_Col_Outer_Loop_Xpose_Col_Inner_Loop_fu_219/flow_control_loop_pipe_sequential_init_U/ap_loop_init_int_reg/C

Slack:                    inf
  Source:                 ap_ctrl_start
                            (input port)
  Destination:            bd_0_i/hls_inst/inst/grp_dct_Pipeline_RD_Loop_Row_RD_Loop_Col_fu_126_ap_start_reg_reg/D
                            (rising edge-triggered cell FDRE clocked by ap_clk  {rise@0.000ns fall@5.000ns period=10.000ns})
  Path Group:             (none)
  Path Type:              Setup (Max at Slow Process Corner)
  Data Path Delay:        1.428ns  (logic 0.124ns (8.683%)  route 1.304ns (91.317%))
  Logic Levels:           1  (LUT4=1)
  Clock Path Skew:        0.924ns (DCD - SCD + CPR)
    Destination Clock Delay (DCD):    0.924ns
    Source Clock Delay      (SCD):    0.000ns
    Clock Pessimism Removal (CPR):    0.000ns
  Clock Uncertainty:      0.025ns  ((TSJ^2 + TIJ^2)^1/2 + DJ) / 2 + PE
    Total System Jitter     (TSJ):    0.050ns
    Total Input Jitter      (TIJ):    0.000ns
    Discrete Jitter          (DJ):    0.000ns
    Phase Error              (PE):    0.000ns

    Location             Delay type                Incr(ns)  Path(ns)    Netlist Resource(s)
  -------------------------------------------------------------------    -------------------
                                                      0.000     0.000 r  ap_ctrl_start (IN)
                         net (fo=3, unset)            0.973     0.973    bd_0_i/hls_inst/inst/grp_dct_Pipeline_RD_Loop_Row_RD_Loop_Col_fu_126/flow_control_loop_pipe_sequential_init_U/ap_start
    SLICE_X15Y32         LUT4 (Prop_lut4_I2_O)        0.124     1.097 r  bd_0_i/hls_inst/inst/grp_dct_Pipeline_RD_Loop_Row_RD_Loop_Col_fu_126/flow_control_loop_pipe_sequential_init_U/grp_dct_Pipeline_RD_Loop_Row_RD_Loop_Col_fu_126_ap_start_reg_i_1/O
                         net (fo=1, routed)           0.331     1.428    bd_0_i/hls_inst/inst/grp_dct_Pipeline_RD_Loop_Row_RD_Loop_Col_fu_126_n_20
    SLICE_X15Y33         FDRE                                         r  bd_0_i/hls_inst/inst/grp_dct_Pipeline_RD_Loop_Row_RD_Loop_Col_fu_126_ap_start_reg_reg/D
  -------------------------------------------------------------------    -------------------

                         (clock ap_clk rise edge)     0.000     0.000 r  
                                                      0.000     0.000 r  ap_clk (IN)
                         net (fo=666, unset)          0.924     0.924    bd_0_i/hls_inst/inst/ap_clk
    SLICE_X15Y33         FDRE                                         r  bd_0_i/hls_inst/inst/grp_dct_Pipeline_RD_Loop_Row_RD_Loop_Col_fu_126_ap_start_reg_reg/C

Slack:                    inf
  Source:                 ap_ctrl_start
                            (input port)
  Destination:            bd_0_i/hls_inst/inst/ap_CS_fsm_reg[0]/D
                            (rising edge-triggered cell FDSE clocked by ap_clk  {rise@0.000ns fall@5.000ns period=10.000ns})
  Path Group:             (none)
  Path Type:              Setup (Max at Slow Process Corner)
  Data Path Delay:        1.097ns  (logic 0.124ns (11.304%)  route 0.973ns (88.696%))
  Logic Levels:           1  (LUT6=1)
  Clock Path Skew:        0.924ns (DCD - SCD + CPR)
    Destination Clock Delay (DCD):    0.924ns
    Source Clock Delay      (SCD):    0.000ns
    Clock Pessimism Removal (CPR):    0.000ns
  Clock Uncertainty:      0.025ns  ((TSJ^2 + TIJ^2)^1/2 + DJ) / 2 + PE
    Total System Jitter     (TSJ):    0.050ns
    Total Input Jitter      (TIJ):    0.000ns
    Discrete Jitter          (DJ):    0.000ns
    Phase Error              (PE):    0.000ns

    Location             Delay type                Incr(ns)  Path(ns)    Netlist Resource(s)
  -------------------------------------------------------------------    -------------------
                                                      0.000     0.000 f  ap_ctrl_start (IN)
                         net (fo=3, unset)            0.973     0.973    bd_0_i/hls_inst/inst/grp_dct_Pipeline_WR_Loop_Row_WR_Loop_Col_fu_225/flow_control_loop_pipe_sequential_init_U/ap_start
    SLICE_X9Y33          LUT6 (Prop_lut6_I4_O)        0.124     1.097 r  bd_0_i/hls_inst/inst/grp_dct_Pipeline_WR_Loop_Row_WR_Loop_Col_fu_225/flow_control_loop_pipe_sequential_init_U/ap_CS_fsm[0]_i_1/O
                         net (fo=1, routed)           0.000     1.097    bd_0_i/hls_inst/inst/ap_NS_fsm[0]
    SLICE_X9Y33          FDSE                                         r  bd_0_i/hls_inst/inst/ap_CS_fsm_reg[0]/D
  -------------------------------------------------------------------    -------------------

                         (clock ap_clk rise edge)     0.000     0.000 r  
                                                      0.000     0.000 r  ap_clk (IN)
                         net (fo=666, unset)          0.924     0.924    bd_0_i/hls_inst/inst/ap_clk
    SLICE_X9Y33          FDSE                                         r  bd_0_i/hls_inst/inst/ap_CS_fsm_reg[0]/C

Slack:                    inf
  Source:                 ap_ctrl_start
                            (input port)
  Destination:            bd_0_i/hls_inst/inst/ap_CS_fsm_reg[1]/D
                            (rising edge-triggered cell FDRE clocked by ap_clk  {rise@0.000ns fall@5.000ns period=10.000ns})
  Path Group:             (none)
  Path Type:              Setup (Max at Slow Process Corner)
  Data Path Delay:        1.097ns  (logic 0.124ns (11.304%)  route 0.973ns (88.696%))
  Logic Levels:           1  (LUT6=1)
  Clock Path Skew:        0.924ns (DCD - SCD + CPR)
    Destination Clock Delay (DCD):    0.924ns
    Source Clock Delay      (SCD):    0.000ns
    Clock Pessimism Removal (CPR):    0.000ns
  Clock Uncertainty:      0.025ns  ((TSJ^2 + TIJ^2)^1/2 + DJ) / 2 + PE
    Total System Jitter     (TSJ):    0.050ns
    Total Input Jitter      (TIJ):    0.000ns
    Discrete Jitter          (DJ):    0.000ns
    Phase Error              (PE):    0.000ns

    Location             Delay type                Incr(ns)  Path(ns)    Netlist Resource(s)
  -------------------------------------------------------------------    -------------------
                                                      0.000     0.000 r  ap_ctrl_start (IN)
                         net (fo=3, unset)            0.973     0.973    bd_0_i/hls_inst/inst/grp_dct_Pipeline_RD_Loop_Row_RD_Loop_Col_fu_126/flow_control_loop_pipe_sequential_init_U/ap_start
    SLICE_X15Y29         LUT6 (Prop_lut6_I1_O)        0.124     1.097 r  bd_0_i/hls_inst/inst/grp_dct_Pipeline_RD_Loop_Row_RD_Loop_Col_fu_126/flow_control_loop_pipe_sequential_init_U/ap_CS_fsm[1]_i_1/O
                         net (fo=1, routed)           0.000     1.097    bd_0_i/hls_inst/inst/ap_NS_fsm[1]
    SLICE_X15Y29         FDRE                                         r  bd_0_i/hls_inst/inst/ap_CS_fsm_reg[1]/D
  -------------------------------------------------------------------    -------------------

                         (clock ap_clk rise edge)     0.000     0.000 r  
                                                      0.000     0.000 r  ap_clk (IN)
                         net (fo=666, unset)          0.924     0.924    bd_0_i/hls_inst/inst/ap_clk
    SLICE_X15Y29         FDRE                                         r  bd_0_i/hls_inst/inst/ap_CS_fsm_reg[1]/C

Slack:                    inf
  Source:                 ap_rst
                            (input port)
  Destination:            bd_0_i/hls_inst/inst/grp_dct_Pipeline_RD_Loop_Row_RD_Loop_Col_fu_126/flow_control_loop_pipe_sequential_init_U/ap_loop_init_int_reg/D
                            (rising edge-triggered cell FDRE clocked by ap_clk  {rise@0.000ns fall@5.000ns period=10.000ns})
  Path Group:             (none)
  Path Type:              Setup (Max at Slow Process Corner)
  Data Path Delay:        1.097ns  (logic 0.124ns (11.304%)  route 0.973ns (88.696%))
  Logic Levels:           1  (LUT4=1)
  Clock Path Skew:        0.924ns (DCD - SCD + CPR)
    Destination Clock Delay (DCD):    0.924ns
    Source Clock Delay      (SCD):    0.000ns
    Clock Pessimism Removal (CPR):    0.000ns
  Clock Uncertainty:      0.025ns  ((TSJ^2 + TIJ^2)^1/2 + DJ) / 2 + PE
    Total System Jitter     (TSJ):    0.050ns
    Total Input Jitter      (TIJ):    0.000ns
    Discrete Jitter          (DJ):    0.000ns
    Phase Error              (PE):    0.000ns

    Location             Delay type                Incr(ns)  Path(ns)    Netlist Resource(s)
  -------------------------------------------------------------------    -------------------
                                                      0.000     0.000 r  ap_rst (IN)
                         net (fo=53, unset)           0.973     0.973    bd_0_i/hls_inst/inst/grp_dct_Pipeline_RD_Loop_Row_RD_Loop_Col_fu_126/flow_control_loop_pipe_sequential_init_U/ap_rst
    SLICE_X16Y33         LUT4 (Prop_lut4_I2_O)        0.124     1.097 r  bd_0_i/hls_inst/inst/grp_dct_Pipeline_RD_Loop_Row_RD_Loop_Col_fu_126/flow_control_loop_pipe_sequential_init_U/ap_loop_init_int_i_1/O
                         net (fo=1, routed)           0.000     1.097    bd_0_i/hls_inst/inst/grp_dct_Pipeline_RD_Loop_Row_RD_Loop_Col_fu_126/flow_control_loop_pipe_sequential_init_U/ap_loop_init_int_i_1_n_0
    SLICE_X16Y33         FDRE                                         r  bd_0_i/hls_inst/inst/grp_dct_Pipeline_RD_Loop_Row_RD_Loop_Col_fu_126/flow_control_loop_pipe_sequential_init_U/ap_loop_init_int_reg/D
  -------------------------------------------------------------------    -------------------

                         (clock ap_clk rise edge)     0.000     0.000 r  
                                                      0.000     0.000 r  ap_clk (IN)
                         net (fo=666, unset)          0.924     0.924    bd_0_i/hls_inst/inst/grp_dct_Pipeline_RD_Loop_Row_RD_Loop_Col_fu_126/flow_control_loop_pipe_sequential_init_U/ap_clk
    SLICE_X16Y33         FDRE                                         r  bd_0_i/hls_inst/inst/grp_dct_Pipeline_RD_Loop_Row_RD_Loop_Col_fu_126/flow_control_loop_pipe_sequential_init_U/ap_loop_init_int_reg/C

Slack:                    inf
  Source:                 ap_rst
                            (input port)
  Destination:            bd_0_i/hls_inst/inst/grp_dct_Pipeline_Row_DCT_Loop_DCT_Outer_Loop_fu_148/flow_control_loop_pipe_sequential_init_U/ap_loop_init_int_reg/D
                            (rising edge-triggered cell FDRE clocked by ap_clk  {rise@0.000ns fall@5.000ns period=10.000ns})
  Path Group:             (none)
  Path Type:              Setup (Max at Slow Process Corner)
  Data Path Delay:        1.097ns  (logic 0.124ns (11.304%)  route 0.973ns (88.696%))
  Logic Levels:           1  (LUT4=1)
  Clock Path Skew:        0.924ns (DCD - SCD + CPR)
    Destination Clock Delay (DCD):    0.924ns
    Source Clock Delay      (SCD):    0.000ns
    Clock Pessimism Removal (CPR):    0.000ns
  Clock Uncertainty:      0.025ns  ((TSJ^2 + TIJ^2)^1/2 + DJ) / 2 + PE
    Total System Jitter     (TSJ):    0.050ns
    Total Input Jitter      (TIJ):    0.000ns
    Discrete Jitter          (DJ):    0.000ns
    Phase Error              (PE):    0.000ns

    Location             Delay type                Incr(ns)  Path(ns)    Netlist Resource(s)
  -------------------------------------------------------------------    -------------------
                                                      0.000     0.000 r  ap_rst (IN)
                         net (fo=53, unset)           0.973     0.973    bd_0_i/hls_inst/inst/grp_dct_Pipeline_Row_DCT_Loop_DCT_Outer_Loop_fu_148/flow_control_loop_pipe_sequential_init_U/ap_rst
    SLICE_X15Y30         LUT4 (Prop_lut4_I3_O)        0.124     1.097 r  bd_0_i/hls_inst/inst/grp_dct_Pipeline_Row_DCT_Loop_DCT_Outer_Loop_fu_148/flow_control_loop_pipe_sequential_init_U/ap_loop_init_int_i_1__0/O
                         net (fo=1, routed)           0.000     1.097    bd_0_i/hls_inst/inst/grp_dct_Pipeline_Row_DCT_Loop_DCT_Outer_Loop_fu_148/flow_control_loop_pipe_sequential_init_U/ap_loop_init_int_i_1__0_n_0
    SLICE_X15Y30         FDRE                                         r  bd_0_i/hls_inst/inst/grp_dct_Pipeline_Row_DCT_Loop_DCT_Outer_Loop_fu_148/flow_control_loop_pipe_sequential_init_U/ap_loop_init_int_reg/D
  -------------------------------------------------------------------    -------------------

                         (clock ap_clk rise edge)     0.000     0.000 r  
                                                      0.000     0.000 r  ap_clk (IN)
                         net (fo=666, unset)          0.924     0.924    bd_0_i/hls_inst/inst/grp_dct_Pipeline_Row_DCT_Loop_DCT_Outer_Loop_fu_148/flow_control_loop_pipe_sequential_init_U/ap_clk
    SLICE_X15Y30         FDRE                                         r  bd_0_i/hls_inst/inst/grp_dct_Pipeline_Row_DCT_Loop_DCT_Outer_Loop_fu_148/flow_control_loop_pipe_sequential_init_U/ap_loop_init_int_reg/C

Slack:                    inf
  Source:                 ap_rst
                            (input port)
  Destination:            bd_0_i/hls_inst/inst/grp_dct_Pipeline_WR_Loop_Row_WR_Loop_Col_fu_225/flow_control_loop_pipe_sequential_init_U/ap_loop_init_int_reg/D
                            (rising edge-triggered cell FDRE clocked by ap_clk  {rise@0.000ns fall@5.000ns period=10.000ns})
  Path Group:             (none)
  Path Type:              Setup (Max at Slow Process Corner)
  Data Path Delay:        1.097ns  (logic 0.124ns (11.304%)  route 0.973ns (88.696%))
  Logic Levels:           1  (LUT4=1)
  Clock Path Skew:        0.924ns (DCD - SCD + CPR)
    Destination Clock Delay (DCD):    0.924ns
    Source Clock Delay      (SCD):    0.000ns
    Clock Pessimism Removal (CPR):    0.000ns
  Clock Uncertainty:      0.025ns  ((TSJ^2 + TIJ^2)^1/2 + DJ) / 2 + PE
    Total System Jitter     (TSJ):    0.050ns
    Total Input Jitter      (TIJ):    0.000ns
    Discrete Jitter          (DJ):    0.000ns
    Phase Error              (PE):    0.000ns

    Location             Delay type                Incr(ns)  Path(ns)    Netlist Resource(s)
  -------------------------------------------------------------------    -------------------
                                                      0.000     0.000 r  ap_rst (IN)
                         net (fo=53, unset)           0.973     0.973    bd_0_i/hls_inst/inst/grp_dct_Pipeline_WR_Loop_Row_WR_Loop_Col_fu_225/flow_control_loop_pipe_sequential_init_U/ap_rst
    SLICE_X8Y34          LUT4 (Prop_lut4_I3_O)        0.124     1.097 r  bd_0_i/hls_inst/inst/grp_dct_Pipeline_WR_Loop_Row_WR_Loop_Col_fu_225/flow_control_loop_pipe_sequential_init_U/ap_loop_init_int_i_1__4/O
                         net (fo=1, routed)           0.000     1.097    bd_0_i/hls_inst/inst/grp_dct_Pipeline_WR_Loop_Row_WR_Loop_Col_fu_225/flow_control_loop_pipe_sequential_init_U/ap_loop_init_int_i_1__4_n_0
    SLICE_X8Y34          FDRE                                         r  bd_0_i/hls_inst/inst/grp_dct_Pipeline_WR_Loop_Row_WR_Loop_Col_fu_225/flow_control_loop_pipe_sequential_init_U/ap_loop_init_int_reg/D
  -------------------------------------------------------------------    -------------------

                         (clock ap_clk rise edge)     0.000     0.000 r  
                                                      0.000     0.000 r  ap_clk (IN)
                         net (fo=666, unset)          0.924     0.924    bd_0_i/hls_inst/inst/grp_dct_Pipeline_WR_Loop_Row_WR_Loop_Col_fu_225/flow_control_loop_pipe_sequential_init_U/ap_clk
    SLICE_X8Y34          FDRE                                         r  bd_0_i/hls_inst/inst/grp_dct_Pipeline_WR_Loop_Row_WR_Loop_Col_fu_225/flow_control_loop_pipe_sequential_init_U/ap_loop_init_int_reg/C

Slack:                    inf
  Source:                 ap_rst
                            (input port)
  Destination:            bd_0_i/hls_inst/inst/grp_dct_Pipeline_Xpose_Row_Outer_Loop_Xpose_Row_Inner_Loop_fu_177/flow_control_loop_pipe_sequential_init_U/ap_loop_init_int_reg/D
                            (rising edge-triggered cell FDRE clocked by ap_clk  {rise@0.000ns fall@5.000ns period=10.000ns})
  Path Group:             (none)
  Path Type:              Setup (Max at Slow Process Corner)
  Data Path Delay:        1.097ns  (logic 0.124ns (11.304%)  route 0.973ns (88.696%))
  Logic Levels:           1  (LUT4=1)
  Clock Path Skew:        0.924ns (DCD - SCD + CPR)
    Destination Clock Delay (DCD):    0.924ns
    Source Clock Delay      (SCD):    0.000ns
    Clock Pessimism Removal (CPR):    0.000ns
  Clock Uncertainty:      0.025ns  ((TSJ^2 + TIJ^2)^1/2 + DJ) / 2 + PE
    Total System Jitter     (TSJ):    0.050ns
    Total Input Jitter      (TIJ):    0.000ns
    Discrete Jitter          (DJ):    0.000ns
    Phase Error              (PE):    0.000ns

    Location             Delay type                Incr(ns)  Path(ns)    Netlist Resource(s)
  -------------------------------------------------------------------    -------------------
                                                      0.000     0.000 r  ap_rst (IN)
                         net (fo=53, unset)           0.973     0.973    bd_0_i/hls_inst/inst/grp_dct_Pipeline_Xpose_Row_Outer_Loop_Xpose_Row_Inner_Loop_fu_177/flow_control_loop_pipe_sequential_init_U/ap_rst
    SLICE_X18Y31         LUT4 (Prop_lut4_I3_O)        0.124     1.097 r  bd_0_i/hls_inst/inst/grp_dct_Pipeline_Xpose_Row_Outer_Loop_Xpose_Row_Inner_Loop_fu_177/flow_control_loop_pipe_sequential_init_U/ap_loop_init_int_i_1__1/O
                         net (fo=1, routed)           0.000     1.097    bd_0_i/hls_inst/inst/grp_dct_Pipeline_Xpose_Row_Outer_Loop_Xpose_Row_Inner_Loop_fu_177/flow_control_loop_pipe_sequential_init_U/ap_loop_init_int_i_1__1_n_0
    SLICE_X18Y31         FDRE                                         r  bd_0_i/hls_inst/inst/grp_dct_Pipeline_Xpose_Row_Outer_Loop_Xpose_Row_Inner_Loop_fu_177/flow_control_loop_pipe_sequential_init_U/ap_loop_init_int_reg/D
  -------------------------------------------------------------------    -------------------

                         (clock ap_clk rise edge)     0.000     0.000 r  
                                                      0.000     0.000 r  ap_clk (IN)
                         net (fo=666, unset)          0.924     0.924    bd_0_i/hls_inst/inst/grp_dct_Pipeline_Xpose_Row_Outer_Loop_Xpose_Row_Inner_Loop_fu_177/flow_control_loop_pipe_sequential_init_U/ap_clk
    SLICE_X18Y31         FDRE                                         r  bd_0_i/hls_inst/inst/grp_dct_Pipeline_Xpose_Row_Outer_Loop_Xpose_Row_Inner_Loop_fu_177/flow_control_loop_pipe_sequential_init_U/ap_loop_init_int_reg/C

Slack:                    inf
  Source:                 ap_rst
                            (input port)
  Destination:            bd_0_i/hls_inst/inst/ap_CS_fsm_reg[0]/S
                            (rising edge-triggered cell FDSE clocked by ap_clk  {rise@0.000ns fall@5.000ns period=10.000ns})
  Path Group:             (none)
  Path Type:              Setup (Max at Slow Process Corner)
  Data Path Delay:        0.973ns  (logic 0.000ns (0.000%)  route 0.973ns (100.000%))
  Logic Levels:           0  
  Clock Path Skew:        0.924ns (DCD - SCD + CPR)
    Destination Clock Delay (DCD):    0.924ns
    Source Clock Delay      (SCD):    0.000ns
    Clock Pessimism Removal (CPR):    0.000ns
  Clock Uncertainty:      0.025ns  ((TSJ^2 + TIJ^2)^1/2 + DJ) / 2 + PE
    Total System Jitter     (TSJ):    0.050ns
    Total Input Jitter      (TIJ):    0.000ns
    Discrete Jitter          (DJ):    0.000ns
    Phase Error              (PE):    0.000ns

    Location             Delay type                Incr(ns)  Path(ns)    Netlist Resource(s)
  -------------------------------------------------------------------    -------------------
                                                      0.000     0.000 r  ap_rst (IN)
                         net (fo=53, unset)           0.973     0.973    bd_0_i/hls_inst/inst/ap_rst
    SLICE_X9Y33          FDSE                                         r  bd_0_i/hls_inst/inst/ap_CS_fsm_reg[0]/S
  -------------------------------------------------------------------    -------------------

                         (clock ap_clk rise edge)     0.000     0.000 r  
                                                      0.000     0.000 r  ap_clk (IN)
                         net (fo=666, unset)          0.924     0.924    bd_0_i/hls_inst/inst/ap_clk
    SLICE_X9Y33          FDSE                                         r  bd_0_i/hls_inst/inst/ap_CS_fsm_reg[0]/C





Min Delay Paths
--------------------------------------------------------------------------------------
Slack:                    inf
  Source:                 ap_rst
                            (input port)
  Destination:            bd_0_i/hls_inst/inst/ap_CS_fsm_reg[0]/S
                            (rising edge-triggered cell FDSE clocked by ap_clk  {rise@0.000ns fall@5.000ns period=10.000ns})
  Path Group:             (none)
  Path Type:              Hold (Min at Fast Process Corner)
  Data Path Delay:        0.410ns  (logic 0.000ns (0.000%)  route 0.410ns (100.000%))
  Logic Levels:           0  
  Clock Path Skew:        0.432ns (DCD - SCD - CPR)
    Destination Clock Delay (DCD):    0.432ns
    Source Clock Delay      (SCD):    0.000ns
    Clock Pessimism Removal (CPR):    -0.000ns

    Location             Delay type                Incr(ns)  Path(ns)    Netlist Resource(s)
  -------------------------------------------------------------------    -------------------
                                                      0.000     0.000 r  ap_rst (IN)
                         net (fo=53, unset)           0.410     0.410    bd_0_i/hls_inst/inst/ap_rst
    SLICE_X9Y33          FDSE                                         r  bd_0_i/hls_inst/inst/ap_CS_fsm_reg[0]/S
  -------------------------------------------------------------------    -------------------

                         (clock ap_clk rise edge)     0.000     0.000 r  
                                                      0.000     0.000 r  ap_clk (IN)
                         net (fo=666, unset)          0.432     0.432    bd_0_i/hls_inst/inst/ap_clk
    SLICE_X9Y33          FDSE                                         r  bd_0_i/hls_inst/inst/ap_CS_fsm_reg[0]/C

Slack:                    inf
  Source:                 ap_rst
                            (input port)
  Destination:            bd_0_i/hls_inst/inst/ap_CS_fsm_reg[10]/R
                            (rising edge-triggered cell FDRE clocked by ap_clk  {rise@0.000ns fall@5.000ns period=10.000ns})
  Path Group:             (none)
  Path Type:              Hold (Min at Fast Process Corner)
  Data Path Delay:        0.410ns  (logic 0.000ns (0.000%)  route 0.410ns (100.000%))
  Logic Levels:           0  
  Clock Path Skew:        0.432ns (DCD - SCD - CPR)
    Destination Clock Delay (DCD):    0.432ns
    Source Clock Delay      (SCD):    0.000ns
    Clock Pessimism Removal (CPR):    -0.000ns

    Location             Delay type                Incr(ns)  Path(ns)    Netlist Resource(s)
  -------------------------------------------------------------------    -------------------
                                                      0.000     0.000 r  ap_rst (IN)
                         net (fo=53, unset)           0.410     0.410    bd_0_i/hls_inst/inst/ap_rst
    SLICE_X12Y33         FDRE                                         r  bd_0_i/hls_inst/inst/ap_CS_fsm_reg[10]/R
  -------------------------------------------------------------------    -------------------

                         (clock ap_clk rise edge)     0.000     0.000 r  
                                                      0.000     0.000 r  ap_clk (IN)
                         net (fo=666, unset)          0.432     0.432    bd_0_i/hls_inst/inst/ap_clk
    SLICE_X12Y33         FDRE                                         r  bd_0_i/hls_inst/inst/ap_CS_fsm_reg[10]/C

Slack:                    inf
  Source:                 ap_rst
                            (input port)
  Destination:            bd_0_i/hls_inst/inst/ap_CS_fsm_reg[11]/R
                            (rising edge-triggered cell FDRE clocked by ap_clk  {rise@0.000ns fall@5.000ns period=10.000ns})
  Path Group:             (none)
  Path Type:              Hold (Min at Fast Process Corner)
  Data Path Delay:        0.410ns  (logic 0.000ns (0.000%)  route 0.410ns (100.000%))
  Logic Levels:           0  
  Clock Path Skew:        0.432ns (DCD - SCD - CPR)
    Destination Clock Delay (DCD):    0.432ns
    Source Clock Delay      (SCD):    0.000ns
    Clock Pessimism Removal (CPR):    -0.000ns

    Location             Delay type                Incr(ns)  Path(ns)    Netlist Resource(s)
  -------------------------------------------------------------------    -------------------
                                                      0.000     0.000 r  ap_rst (IN)
                         net (fo=53, unset)           0.410     0.410    bd_0_i/hls_inst/inst/ap_rst
    SLICE_X9Y33          FDRE                                         r  bd_0_i/hls_inst/inst/ap_CS_fsm_reg[11]/R
  -------------------------------------------------------------------    -------------------

                         (clock ap_clk rise edge)     0.000     0.000 r  
                                                      0.000     0.000 r  ap_clk (IN)
                         net (fo=666, unset)          0.432     0.432    bd_0_i/hls_inst/inst/ap_clk
    SLICE_X9Y33          FDRE                                         r  bd_0_i/hls_inst/inst/ap_CS_fsm_reg[11]/C

Slack:                    inf
  Source:                 ap_rst
                            (input port)
  Destination:            bd_0_i/hls_inst/inst/ap_CS_fsm_reg[1]/R
                            (rising edge-triggered cell FDRE clocked by ap_clk  {rise@0.000ns fall@5.000ns period=10.000ns})
  Path Group:             (none)
  Path Type:              Hold (Min at Fast Process Corner)
  Data Path Delay:        0.410ns  (logic 0.000ns (0.000%)  route 0.410ns (100.000%))
  Logic Levels:           0  
  Clock Path Skew:        0.432ns (DCD - SCD - CPR)
    Destination Clock Delay (DCD):    0.432ns
    Source Clock Delay      (SCD):    0.000ns
    Clock Pessimism Removal (CPR):    -0.000ns

    Location             Delay type                Incr(ns)  Path(ns)    Netlist Resource(s)
  -------------------------------------------------------------------    -------------------
                                                      0.000     0.000 r  ap_rst (IN)
                         net (fo=53, unset)           0.410     0.410    bd_0_i/hls_inst/inst/ap_rst
    SLICE_X15Y29         FDRE                                         r  bd_0_i/hls_inst/inst/ap_CS_fsm_reg[1]/R
  -------------------------------------------------------------------    -------------------

                         (clock ap_clk rise edge)     0.000     0.000 r  
                                                      0.000     0.000 r  ap_clk (IN)
                         net (fo=666, unset)          0.432     0.432    bd_0_i/hls_inst/inst/ap_clk
    SLICE_X15Y29         FDRE                                         r  bd_0_i/hls_inst/inst/ap_CS_fsm_reg[1]/C

Slack:                    inf
  Source:                 ap_rst
                            (input port)
  Destination:            bd_0_i/hls_inst/inst/ap_CS_fsm_reg[2]/R
                            (rising edge-triggered cell FDRE clocked by ap_clk  {rise@0.000ns fall@5.000ns period=10.000ns})
  Path Group:             (none)
  Path Type:              Hold (Min at Fast Process Corner)
  Data Path Delay:        0.410ns  (logic 0.000ns (0.000%)  route 0.410ns (100.000%))
  Logic Levels:           0  
  Clock Path Skew:        0.432ns (DCD - SCD - CPR)
    Destination Clock Delay (DCD):    0.432ns
    Source Clock Delay      (SCD):    0.000ns
    Clock Pessimism Removal (CPR):    -0.000ns

    Location             Delay type                Incr(ns)  Path(ns)    Netlist Resource(s)
  -------------------------------------------------------------------    -------------------
                                                      0.000     0.000 r  ap_rst (IN)
                         net (fo=53, unset)           0.410     0.410    bd_0_i/hls_inst/inst/ap_rst
    SLICE_X15Y29         FDRE                                         r  bd_0_i/hls_inst/inst/ap_CS_fsm_reg[2]/R
  -------------------------------------------------------------------    -------------------

                         (clock ap_clk rise edge)     0.000     0.000 r  
                                                      0.000     0.000 r  ap_clk (IN)
                         net (fo=666, unset)          0.432     0.432    bd_0_i/hls_inst/inst/ap_clk
    SLICE_X15Y29         FDRE                                         r  bd_0_i/hls_inst/inst/ap_CS_fsm_reg[2]/C

Slack:                    inf
  Source:                 ap_rst
                            (input port)
  Destination:            bd_0_i/hls_inst/inst/ap_CS_fsm_reg[3]/R
                            (rising edge-triggered cell FDRE clocked by ap_clk  {rise@0.000ns fall@5.000ns period=10.000ns})
  Path Group:             (none)
  Path Type:              Hold (Min at Fast Process Corner)
  Data Path Delay:        0.410ns  (logic 0.000ns (0.000%)  route 0.410ns (100.000%))
  Logic Levels:           0  
  Clock Path Skew:        0.432ns (DCD - SCD - CPR)
    Destination Clock Delay (DCD):    0.432ns
    Source Clock Delay      (SCD):    0.000ns
    Clock Pessimism Removal (CPR):    -0.000ns

    Location             Delay type                Incr(ns)  Path(ns)    Netlist Resource(s)
  -------------------------------------------------------------------    -------------------
                                                      0.000     0.000 r  ap_rst (IN)
                         net (fo=53, unset)           0.410     0.410    bd_0_i/hls_inst/inst/ap_rst
    SLICE_X17Y30         FDRE                                         r  bd_0_i/hls_inst/inst/ap_CS_fsm_reg[3]/R
  -------------------------------------------------------------------    -------------------

                         (clock ap_clk rise edge)     0.000     0.000 r  
                                                      0.000     0.000 r  ap_clk (IN)
                         net (fo=666, unset)          0.432     0.432    bd_0_i/hls_inst/inst/ap_clk
    SLICE_X17Y30         FDRE                                         r  bd_0_i/hls_inst/inst/ap_CS_fsm_reg[3]/C

Slack:                    inf
  Source:                 ap_rst
                            (input port)
  Destination:            bd_0_i/hls_inst/inst/ap_CS_fsm_reg[4]/R
                            (rising edge-triggered cell FDRE clocked by ap_clk  {rise@0.000ns fall@5.000ns period=10.000ns})
  Path Group:             (none)
  Path Type:              Hold (Min at Fast Process Corner)
  Data Path Delay:        0.410ns  (logic 0.000ns (0.000%)  route 0.410ns (100.000%))
  Logic Levels:           0  
  Clock Path Skew:        0.432ns (DCD - SCD - CPR)
    Destination Clock Delay (DCD):    0.432ns
    Source Clock Delay      (SCD):    0.000ns
    Clock Pessimism Removal (CPR):    -0.000ns

    Location             Delay type                Incr(ns)  Path(ns)    Netlist Resource(s)
  -------------------------------------------------------------------    -------------------
                                                      0.000     0.000 r  ap_rst (IN)
                         net (fo=53, unset)           0.410     0.410    bd_0_i/hls_inst/inst/ap_rst
    SLICE_X17Y30         FDRE                                         r  bd_0_i/hls_inst/inst/ap_CS_fsm_reg[4]/R
  -------------------------------------------------------------------    -------------------

                         (clock ap_clk rise edge)     0.000     0.000 r  
                                                      0.000     0.000 r  ap_clk (IN)
                         net (fo=666, unset)          0.432     0.432    bd_0_i/hls_inst/inst/ap_clk
    SLICE_X17Y30         FDRE                                         r  bd_0_i/hls_inst/inst/ap_CS_fsm_reg[4]/C

Slack:                    inf
  Source:                 ap_rst
                            (input port)
  Destination:            bd_0_i/hls_inst/inst/ap_CS_fsm_reg[5]/R
                            (rising edge-triggered cell FDRE clocked by ap_clk  {rise@0.000ns fall@5.000ns period=10.000ns})
  Path Group:             (none)
  Path Type:              Hold (Min at Fast Process Corner)
  Data Path Delay:        0.410ns  (logic 0.000ns (0.000%)  route 0.410ns (100.000%))
  Logic Levels:           0  
  Clock Path Skew:        0.432ns (DCD - SCD - CPR)
    Destination Clock Delay (DCD):    0.432ns
    Source Clock Delay      (SCD):    0.000ns
    Clock Pessimism Removal (CPR):    -0.000ns

    Location             Delay type                Incr(ns)  Path(ns)    Netlist Resource(s)
  -------------------------------------------------------------------    -------------------
                                                      0.000     0.000 r  ap_rst (IN)
                         net (fo=53, unset)           0.410     0.410    bd_0_i/hls_inst/inst/ap_rst
    SLICE_X16Y30         FDRE                                         r  bd_0_i/hls_inst/inst/ap_CS_fsm_reg[5]/R
  -------------------------------------------------------------------    -------------------

                         (clock ap_clk rise edge)     0.000     0.000 r  
                                                      0.000     0.000 r  ap_clk (IN)
                         net (fo=666, unset)          0.432     0.432    bd_0_i/hls_inst/inst/ap_clk
    SLICE_X16Y30         FDRE                                         r  bd_0_i/hls_inst/inst/ap_CS_fsm_reg[5]/C

Slack:                    inf
  Source:                 ap_rst
                            (input port)
  Destination:            bd_0_i/hls_inst/inst/ap_CS_fsm_reg[6]/R
                            (rising edge-triggered cell FDRE clocked by ap_clk  {rise@0.000ns fall@5.000ns period=10.000ns})
  Path Group:             (none)
  Path Type:              Hold (Min at Fast Process Corner)
  Data Path Delay:        0.410ns  (logic 0.000ns (0.000%)  route 0.410ns (100.000%))
  Logic Levels:           0  
  Clock Path Skew:        0.432ns (DCD - SCD - CPR)
    Destination Clock Delay (DCD):    0.432ns
    Source Clock Delay      (SCD):    0.000ns
    Clock Pessimism Removal (CPR):    -0.000ns

    Location             Delay type                Incr(ns)  Path(ns)    Netlist Resource(s)
  -------------------------------------------------------------------    -------------------
                                                      0.000     0.000 r  ap_rst (IN)
                         net (fo=53, unset)           0.410     0.410    bd_0_i/hls_inst/inst/ap_rst
    SLICE_X16Y30         FDRE                                         r  bd_0_i/hls_inst/inst/ap_CS_fsm_reg[6]/R
  -------------------------------------------------------------------    -------------------

                         (clock ap_clk rise edge)     0.000     0.000 r  
                                                      0.000     0.000 r  ap_clk (IN)
                         net (fo=666, unset)          0.432     0.432    bd_0_i/hls_inst/inst/ap_clk
    SLICE_X16Y30         FDRE                                         r  bd_0_i/hls_inst/inst/ap_CS_fsm_reg[6]/C

Slack:                    inf
  Source:                 ap_rst
                            (input port)
  Destination:            bd_0_i/hls_inst/inst/ap_CS_fsm_reg[7]/R
                            (rising edge-triggered cell FDRE clocked by ap_clk  {rise@0.000ns fall@5.000ns period=10.000ns})
  Path Group:             (none)
  Path Type:              Hold (Min at Fast Process Corner)
  Data Path Delay:        0.410ns  (logic 0.000ns (0.000%)  route 0.410ns (100.000%))
  Logic Levels:           0  
  Clock Path Skew:        0.432ns (DCD - SCD - CPR)
    Destination Clock Delay (DCD):    0.432ns
    Source Clock Delay      (SCD):    0.000ns
    Clock Pessimism Removal (CPR):    -0.000ns

    Location             Delay type                Incr(ns)  Path(ns)    Netlist Resource(s)
  -------------------------------------------------------------------    -------------------
                                                      0.000     0.000 r  ap_rst (IN)
                         net (fo=53, unset)           0.410     0.410    bd_0_i/hls_inst/inst/ap_rst
    SLICE_X15Y29         FDRE                                         r  bd_0_i/hls_inst/inst/ap_CS_fsm_reg[7]/R
  -------------------------------------------------------------------    -------------------

                         (clock ap_clk rise edge)     0.000     0.000 r  
                                                      0.000     0.000 r  ap_clk (IN)
                         net (fo=666, unset)          0.432     0.432    bd_0_i/hls_inst/inst/ap_clk
    SLICE_X15Y29         FDRE                                         r  bd_0_i/hls_inst/inst/ap_CS_fsm_reg[7]/C





