

================================================================
== Vitis HLS Report for 'sobel_Pipeline_VITIS_LOOP_100_1_VITIS_LOOP_103_2'
================================================================
* Date:           Tue Dec 31 10:15:03 2024

* Version:        2024.1 (Build 5069499 on May 21 2024)
* Project:        sobel
* Solution:       hls (Vivado IP Flow Target)
* Product family: zynq
* Target device:  xc7z020-clg400-1


================================================================
== Performance Estimates
================================================================
+ Timing: 
    * Summary: 
    +--------+----------+----------+------------+
    |  Clock |  Target  | Estimated| Uncertainty|
    +--------+----------+----------+------------+
    |ap_clk  |  10.00 ns|  7.300 ns|     2.70 ns|
    +--------+----------+----------+------------+

+ Latency: 
    * Summary: 
    +---------+---------+----------+-----------+-----+---------+-----------------------------------------------+
    |  Latency (cycles) |  Latency (absolute)  |    Interval   |                    Pipeline                   |
    |   min   |   max   |    min   |    max    | min |   max   |                      Type                     |
    +---------+---------+----------+-----------+-----+---------+-----------------------------------------------+
    |       32|  8294423|  0.320 us|  82.944 ms|   18|  8294409|  loop auto-rewind stp(delay=0 clock cycles(s))|
    +---------+---------+----------+-----------+-----+---------+-----------------------------------------------+

    + Detail: 
        * Instance: 
        N/A

        * Loop: 
        +-------------------------------------+---------+---------+----------+-----------+-----------+------------+----------+
        |                                     |  Latency (cycles) | Iteration|  Initiation Interval  |    Trip    |          |
        |              Loop Name              |   min   |   max   |  Latency |  achieved |   target  |    Count   | Pipelined|
        +-------------------------------------+---------+---------+----------+-----------+-----------+------------+----------+
        |- VITIS_LOOP_100_1_VITIS_LOOP_103_2  |       30|  8294421|        31|          9|          1|  1 ~ 921600|       yes|
        +-------------------------------------+---------+---------+----------+-----------+-----------+------------+----------+

============================================================
+ Verbose Summary: Synthesis Manager
============================================================
InlineROM: 1
ExposeGlobal: 0
============================================================
+ Verbose Summary: CDFG Model
============================================================
IsTopModel: 0
ResetActiveHigh: 1
IsCombinational: 0
IsDatapathOnly: 0
HasWiredReturn: 1
HasMFsm: 2
HasVarLatency: 1
IsPipeline: 0
IsRtlPipelined: 0
IsInstanceOverlapped: 0
IsDontTouch: 0
HasImplIP: 0
IsGatedGlobalClock: 0

+ Individual pipeline summary: 
  * Pipeline-0: initiation interval (II) = 9, depth = 32


============================================================
+ Verbose Summary: Schedule
============================================================
* Number of FSM states : 32
* Pipeline : 1
  Pipeline-0 : II = 9, D = 32, States = { 1 2 3 4 5 6 7 8 9 10 11 12 13 14 15 16 17 18 19 20 21 22 23 24 25 26 27 28 29 30 31 32 }
* Dataflow Pipeline: 0

* FSM state transitions: 
1 --> 2 
2 --> 3 
3 --> 4 
4 --> 5 
5 --> 6 
6 --> 7 
7 --> 8 
8 --> 9 
9 --> 10 
10 --> 11 
11 --> 12 
12 --> 13 
13 --> 14 
14 --> 15 
15 --> 16 
16 --> 17 
17 --> 18 
18 --> 19 
19 --> 20 
20 --> 21 
21 --> 22 
22 --> 23 
23 --> 24 
24 --> 25 
25 --> 26 
26 --> 27 
27 --> 28 
28 --> 29 
29 --> 30 
30 --> 31 
31 --> 32 
32 --> 

* FSM state operations: 

State 1 <SV = 0> <Delay = 1.58>
ST_1 : Operation 34 [1/1] (0.00ns)   --->   "%col = alloca i32 1" [../source/sobel_base.cpp:97]   --->   Operation 34 'alloca' 'col' <Predicate = true> <Delay = 0.00>
ST_1 : Operation 35 [1/1] (0.00ns)   --->   "%indvar3 = alloca i32 1"   --->   Operation 35 'alloca' 'indvar3' <Predicate = true> <Delay = 0.00>
ST_1 : Operation 36 [1/1] (0.00ns)   --->   "%indvar = alloca i32 1"   --->   Operation 36 'alloca' 'indvar' <Predicate = true> <Delay = 0.00>
ST_1 : Operation 37 [1/1] (0.00ns)   --->   "%indvar_flatten = alloca i32 1"   --->   Operation 37 'alloca' 'indvar_flatten' <Predicate = true> <Delay = 0.00>
ST_1 : Operation 38 [1/1] (0.00ns)   --->   "%dst_read = read i64 @_ssdm_op_Read.ap_auto.i64, i64 %dst"   --->   Operation 38 'read' 'dst_read' <Predicate = true> <Delay = 0.00>
ST_1 : Operation 39 [1/1] (0.00ns)   --->   "%zext_ln100_read = read i31 @_ssdm_op_Read.ap_auto.i31, i31 %zext_ln100"   --->   Operation 39 'read' 'zext_ln100_read' <Predicate = true> <Delay = 0.00>
ST_1 : Operation 40 [1/1] (0.00ns)   --->   "%sub2_read = read i32 @_ssdm_op_Read.ap_auto.i32, i32 %sub2"   --->   Operation 40 'read' 'sub2_read' <Predicate = true> <Delay = 0.00>
ST_1 : Operation 41 [1/1] (0.00ns)   --->   "%sext_ln100_read = read i32 @_ssdm_op_Read.ap_auto.i32, i32 %sext_ln100"   --->   Operation 41 'read' 'sext_ln100_read' <Predicate = true> <Delay = 0.00>
ST_1 : Operation 42 [1/1] (0.00ns)   --->   "%cols_cast_read = read i32 @_ssdm_op_Read.ap_auto.i32, i32 %cols_cast"   --->   Operation 42 'read' 'cols_cast_read' <Predicate = true> <Delay = 0.00>
ST_1 : Operation 43 [1/1] (0.00ns)   --->   "%src_read = read i64 @_ssdm_op_Read.ap_auto.i64, i64 %src"   --->   Operation 43 'read' 'src_read' <Predicate = true> <Delay = 0.00>
ST_1 : Operation 44 [1/1] (0.00ns)   --->   "%cols_cast6_read = read i32 @_ssdm_op_Read.ap_auto.i32, i32 %cols_cast6"   --->   Operation 44 'read' 'cols_cast6_read' <Predicate = true> <Delay = 0.00>
ST_1 : Operation 45 [1/1] (0.00ns)   --->   "%mul_ln62_read = read i64 @_ssdm_op_Read.ap_auto.i64, i64 %mul_ln62"   --->   Operation 45 'read' 'mul_ln62_read' <Predicate = true> <Delay = 0.00>
ST_1 : Operation 46 [1/1] (0.00ns)   --->   "%zext_ln100_cast = zext i31 %zext_ln100_read"   --->   Operation 46 'zext' 'zext_ln100_cast' <Predicate = true> <Delay = 0.00>
ST_1 : Operation 47 [1/1] (0.00ns)   --->   "%sext_ln100_cast = sext i32 %sext_ln100_read"   --->   Operation 47 'sext' 'sext_ln100_cast' <Predicate = true> <Delay = 0.00>
ST_1 : Operation 48 [1/1] (0.00ns)   --->   "%cols_cast_cast = sext i32 %cols_cast_read"   --->   Operation 48 'sext' 'cols_cast_cast' <Predicate = true> <Delay = 0.00>
ST_1 : Operation 49 [1/1] (0.00ns)   --->   "%cols_cast6_cast = sext i32 %cols_cast6_read"   --->   Operation 49 'sext' 'cols_cast6_cast' <Predicate = true> <Delay = 0.00>
ST_1 : Operation 50 [1/1] (0.00ns)   --->   "%specinterface_ln0 = specinterface void @_ssdm_op_SpecInterface, i8 %gmem, void @empty, i32 0, i32 0, void @empty_0, i32 0, i32 921600, void @empty_1, void @empty_2, void @empty_0, i32 16, i32 16, i32 16, i32 16, void @empty_0, void @empty_0, i32 4294967295, i32 0, i32 0"   --->   Operation 50 'specinterface' 'specinterface_ln0' <Predicate = true> <Delay = 0.00>
ST_1 : Operation 51 [1/1] (1.58ns)   --->   "%store_ln0 = store i64 0, i64 %indvar_flatten"   --->   Operation 51 'store' 'store_ln0' <Predicate = true> <Delay = 1.58>
ST_1 : Operation 52 [1/1] (1.58ns)   --->   "%store_ln0 = store i31 0, i31 %indvar"   --->   Operation 52 'store' 'store_ln0' <Predicate = true> <Delay = 1.58>
ST_1 : Operation 53 [1/1] (1.58ns)   --->   "%store_ln0 = store i31 0, i31 %indvar3"   --->   Operation 53 'store' 'store_ln0' <Predicate = true> <Delay = 1.58>
ST_1 : Operation 54 [1/1] (1.58ns)   --->   "%store_ln97 = store i31 1, i31 %col" [../source/sobel_base.cpp:97]   --->   Operation 54 'store' 'store_ln97' <Predicate = true> <Delay = 1.58>
ST_1 : Operation 55 [1/1] (1.58ns)   --->   "%br_ln0 = br void %VITIS_LOOP_109_3"   --->   Operation 55 'br' 'br_ln0' <Predicate = true> <Delay = 1.58>

State 2 <SV = 1> <Delay = 3.53>
ST_2 : Operation 56 [1/1] (0.00ns)   --->   "%first_iter_0 = phi i1 1, void %newFuncRoot, i1 0, void %new.latch.VITIS_LOOP_109_3.split"   --->   Operation 56 'phi' 'first_iter_0' <Predicate = true> <Delay = 0.00>
ST_2 : Operation 57 [1/1] (0.00ns)   --->   "%col_1 = load i31 %col" [../source/sobel_base.cpp:103]   --->   Operation 57 'load' 'col_1' <Predicate = true> <Delay = 0.00>
ST_2 : Operation 58 [1/1] (0.00ns)   --->   "%indvar_flatten_load = load i64 %indvar_flatten" [../source/sobel_base.cpp:100]   --->   Operation 58 'load' 'indvar_flatten_load' <Predicate = true> <Delay = 0.00>
ST_2 : Operation 59 [1/1] (0.00ns)   --->   "%specbitsmap_ln0 = specbitsmap void @_ssdm_op_SpecBitsMap, i8 %gmem"   --->   Operation 59 'specbitsmap' 'specbitsmap_ln0' <Predicate = true> <Delay = 0.00>
ST_2 : Operation 60 [1/1] (3.52ns)   --->   "%icmp_ln100 = icmp_eq  i64 %indvar_flatten_load, i64 %mul_ln62_read" [../source/sobel_base.cpp:100]   --->   Operation 60 'icmp' 'icmp_ln100' <Predicate = true> <Delay = 3.52> <CoreInst = "Cmp">   --->   Core 9 'Cmp' <Latency = 0> <II = 1> <Delay = 3.52> <FuncUnit> <Opcode : 'seteq' 'setne' 'setle' 'setge' 'setlt' 'setgt'> <InPorts = 2> <OutPorts = 1>
ST_2 : Operation 61 [1/1] (0.00ns)   --->   "%br_ln100 = br i1 %icmp_ln100, void %for.inc30.loopexit, void %for.end32.loopexit.exitStub" [../source/sobel_base.cpp:100]   --->   Operation 61 'br' 'br_ln100' <Predicate = true> <Delay = 0.00>
ST_2 : Operation 62 [1/1] (0.00ns)   --->   "%indvar_load = load i31 %indvar" [../source/sobel_base.cpp:100]   --->   Operation 62 'load' 'indvar_load' <Predicate = (!icmp_ln100)> <Delay = 0.00>
ST_2 : Operation 63 [1/1] (0.00ns)   --->   "%zext_ln103_1 = zext i31 %col_1" [../source/sobel_base.cpp:103]   --->   Operation 63 'zext' 'zext_ln103_1' <Predicate = (!icmp_ln100)> <Delay = 0.00>
ST_2 : Operation 64 [1/1] (2.55ns)   --->   "%icmp_ln103 = icmp_slt  i32 %zext_ln103_1, i32 %sub2_read" [../source/sobel_base.cpp:103]   --->   Operation 64 'icmp' 'icmp_ln103' <Predicate = (!icmp_ln100)> <Delay = 2.55> <CoreInst = "Cmp">   --->   Core 9 'Cmp' <Latency = 0> <II = 1> <Delay = 2.55> <FuncUnit> <Opcode : 'seteq' 'setne' 'setle' 'setge' 'setlt' 'setgt'> <InPorts = 2> <OutPorts = 1>
ST_2 : Operation 65 [1/1] (0.00ns) (grouped into LUT with out node or_ln100)   --->   "%xor_ln100 = xor i1 %icmp_ln103, i1 1" [../source/sobel_base.cpp:100]   --->   Operation 65 'xor' 'xor_ln100' <Predicate = (!icmp_ln100)> <Delay = 0.00> <CoreInst = "LogicGate">   --->   Core 74 'LogicGate' <Latency = 0> <II = 1> <Delay = 0.97> <FuncUnit> <Opcode : 'and' 'or' 'xor'> <InPorts = 2> <OutPorts = 1>
ST_2 : Operation 66 [1/1] (0.97ns) (out node of the LUT)   --->   "%or_ln100 = or i1 %first_iter_0, i1 %xor_ln100" [../source/sobel_base.cpp:100]   --->   Operation 66 'or' 'or_ln100' <Predicate = (!icmp_ln100)> <Delay = 0.97> <CoreInst = "LogicGate">   --->   Core 74 'LogicGate' <Latency = 0> <II = 1> <Delay = 0.97> <FuncUnit> <Opcode : 'and' 'or' 'xor'> <InPorts = 2> <OutPorts = 1>
ST_2 : Operation 67 [1/1] (2.52ns)   --->   "%add_ln100_1 = add i31 %indvar_load, i31 1" [../source/sobel_base.cpp:100]   --->   Operation 67 'add' 'add_ln100_1' <Predicate = (!icmp_ln100)> <Delay = 2.52> <CoreInst = "Adder">   --->   Core 1 'Adder' <Latency = 0> <II = 1> <Delay = 2.52> <FuncUnit> <Opcode : 'add' 'sub'> <InPorts = 2> <OutPorts = 1>
ST_2 : Operation 68 [1/1] (0.73ns)   --->   "%select_ln100_1 = select i1 %icmp_ln103, i31 %indvar_load, i31 %add_ln100_1" [../source/sobel_base.cpp:100]   --->   Operation 68 'select' 'select_ln100_1' <Predicate = (!icmp_ln100)> <Delay = 0.73> <CoreInst = "Sel">   --->   Core 73 'Sel' <Latency = 0> <II = 1> <Delay = 0.73> <FuncUnit> <Opcode : 'select'> <InPorts = 3> <OutPorts = 1>
ST_2 : Operation 69 [1/1] (0.00ns)   --->   "%br_ln103 = br i1 %or_ln100, void %VITIS_LOOP_109_3.split, void %for.first.iter.VITIS_LOOP_109_3" [../source/sobel_base.cpp:103]   --->   Operation 69 'br' 'br_ln103' <Predicate = (!icmp_ln100)> <Delay = 0.00>
ST_2 : Operation 70 [1/1] (2.52ns)   --->   "%add_ln103 = add i31 %col_1, i31 1" [../source/sobel_base.cpp:103]   --->   Operation 70 'add' 'add_ln103' <Predicate = (!icmp_ln100)> <Delay = 2.52> <CoreInst = "Adder">   --->   Core 1 'Adder' <Latency = 0> <II = 1> <Delay = 2.52> <FuncUnit> <Opcode : 'add' 'sub'> <InPorts = 2> <OutPorts = 1>

State 3 <SV = 2> <Delay = 6.91>
ST_3 : Operation 71 [1/1] (3.52ns)   --->   "%add_ln100 = add i64 %indvar_flatten_load, i64 1" [../source/sobel_base.cpp:100]   --->   Operation 71 'add' 'add_ln100' <Predicate = (!icmp_ln100)> <Delay = 3.52> <CoreInst = "Adder">   --->   Core 1 'Adder' <Latency = 0> <II = 1> <Delay = 3.52> <FuncUnit> <Opcode : 'add' 'sub'> <InPorts = 2> <OutPorts = 1>
ST_3 : Operation 72 [1/1] (0.00ns)   --->   "%zext_ln100_1 = zext i31 %select_ln100_1" [../source/sobel_base.cpp:100]   --->   Operation 72 'zext' 'zext_ln100_1' <Predicate = (!icmp_ln100)> <Delay = 0.00>
ST_3 : Operation 73 [2/2] (6.91ns)   --->   "%mul_ln100 = mul i63 %zext_ln100_1, i63 %cols_cast_cast" [../source/sobel_base.cpp:100]   --->   Operation 73 'mul' 'mul_ln100' <Predicate = (!icmp_ln100)> <Delay = 6.91> <CoreInst = "Multiplier">   --->   Core 3 'Multiplier' <Latency = 1> <II = 1> <Delay = 6.91> <FuncUnit> <Opcode : 'mul'> <InPorts = 2> <OutPorts = 1>
ST_3 : Operation 74 [1/1] (0.73ns)   --->   "%select_ln103 = select i1 %icmp_ln103, i31 %add_ln103, i31 2" [../source/sobel_base.cpp:103]   --->   Operation 74 'select' 'select_ln103' <Predicate = (!icmp_ln100)> <Delay = 0.73> <CoreInst = "Sel">   --->   Core 73 'Sel' <Latency = 0> <II = 1> <Delay = 0.73> <FuncUnit> <Opcode : 'select'> <InPorts = 3> <OutPorts = 1>
ST_3 : Operation 75 [1/1] (0.00ns)   --->   "%zext_ln103_2 = zext i31 %select_ln103" [../source/sobel_base.cpp:103]   --->   Operation 75 'zext' 'zext_ln103_2' <Predicate = (!icmp_ln100)> <Delay = 0.00>
ST_3 : Operation 76 [1/1] (2.55ns)   --->   "%icmp_ln103_1 = icmp_slt  i32 %zext_ln103_2, i32 %sub2_read" [../source/sobel_base.cpp:103]   --->   Operation 76 'icmp' 'icmp_ln103_1' <Predicate = (!icmp_ln100)> <Delay = 2.55> <CoreInst = "Cmp">   --->   Core 9 'Cmp' <Latency = 0> <II = 1> <Delay = 2.55> <FuncUnit> <Opcode : 'seteq' 'setne' 'setle' 'setge' 'setlt' 'setgt'> <InPorts = 2> <OutPorts = 1>
ST_3 : Operation 77 [1/1] (0.00ns)   --->   "%br_ln103 = br i1 %icmp_ln103_1, void %last.iter.VITIS_LOOP_109_3.split, void %new.latch.VITIS_LOOP_109_3.split" [../source/sobel_base.cpp:103]   --->   Operation 77 'br' 'br_ln103' <Predicate = (!icmp_ln100)> <Delay = 0.00>
ST_3 : Operation 78 [1/1] (1.58ns)   --->   "%store_ln100 = store i64 %add_ln100, i64 %indvar_flatten" [../source/sobel_base.cpp:100]   --->   Operation 78 'store' 'store_ln100' <Predicate = (!icmp_ln100)> <Delay = 1.58>
ST_3 : Operation 79 [1/1] (1.58ns)   --->   "%store_ln100 = store i31 %select_ln100_1, i31 %indvar" [../source/sobel_base.cpp:100]   --->   Operation 79 'store' 'store_ln100' <Predicate = (!icmp_ln100)> <Delay = 1.58>
ST_3 : Operation 80 [1/1] (1.58ns)   --->   "%store_ln97 = store i31 %select_ln103, i31 %col" [../source/sobel_base.cpp:97]   --->   Operation 80 'store' 'store_ln97' <Predicate = (!icmp_ln100)> <Delay = 1.58>
ST_3 : Operation 81 [1/1] (0.00ns)   --->   "%br_ln103 = br void %VITIS_LOOP_109_3" [../source/sobel_base.cpp:103]   --->   Operation 81 'br' 'br_ln103' <Predicate = (!icmp_ln100)> <Delay = 0.00>

State 4 <SV = 3> <Delay = 6.91>
ST_4 : Operation 82 [1/2] (6.91ns)   --->   "%mul_ln100 = mul i63 %zext_ln100_1, i63 %cols_cast_cast" [../source/sobel_base.cpp:100]   --->   Operation 82 'mul' 'mul_ln100' <Predicate = (!icmp_ln100)> <Delay = 6.91> <CoreInst = "Multiplier">   --->   Core 3 'Multiplier' <Latency = 1> <II = 1> <Delay = 6.91> <FuncUnit> <Opcode : 'mul'> <InPorts = 2> <OutPorts = 1>
ST_4 : Operation 83 [1/1] (2.55ns)   --->   "%add_ln109_2 = add i33 %cols_cast6_cast, i33 1" [../source/sobel_base.cpp:109]   --->   Operation 83 'add' 'add_ln109_2' <Predicate = (!icmp_ln100)> <Delay = 2.55> <CoreInst = "Adder">   --->   Core 1 'Adder' <Latency = 0> <II = 1> <Delay = 2.55> <FuncUnit> <Opcode : 'add' 'sub'> <InPorts = 2> <OutPorts = 1>

State 5 <SV = 4> <Delay = 6.01>
ST_5 : Operation 84 [1/1] (0.00ns)   --->   "%indvar3_load = load i31 %indvar3" [../source/sobel_base.cpp:100]   --->   Operation 84 'load' 'indvar3_load' <Predicate = (!icmp_ln100 & icmp_ln103)> <Delay = 0.00>
ST_5 : Operation 85 [1/1] (0.00ns)   --->   "%specloopname_ln0 = specloopname void @_ssdm_op_SpecLoopName, void @VITIS_LOOP_100_1_VITIS_LOOP_103_2_str"   --->   Operation 85 'specloopname' 'specloopname_ln0' <Predicate = (!icmp_ln100)> <Delay = 0.00>
ST_5 : Operation 86 [1/1] (0.00ns)   --->   "%speclooptripcount_ln0 = speclooptripcount void @_ssdm_op_SpecLoopTripCount, i64 1, i64 921600, i64 230400"   --->   Operation 86 'speclooptripcount' 'speclooptripcount_ln0' <Predicate = (!icmp_ln100)> <Delay = 0.00>
ST_5 : Operation 87 [1/1] (0.73ns)   --->   "%select_ln100 = select i1 %icmp_ln103, i31 %indvar3_load, i31 0" [../source/sobel_base.cpp:100]   --->   Operation 87 'select' 'select_ln100' <Predicate = (!icmp_ln100)> <Delay = 0.73> <CoreInst = "Sel">   --->   Core 73 'Sel' <Latency = 0> <II = 1> <Delay = 0.73> <FuncUnit> <Opcode : 'select'> <InPorts = 3> <OutPorts = 1>
ST_5 : Operation 88 [1/1] (0.00ns)   --->   "%sext_ln100_1 = sext i63 %mul_ln100" [../source/sobel_base.cpp:100]   --->   Operation 88 'sext' 'sext_ln100_1' <Predicate = (!icmp_ln100)> <Delay = 0.00>
ST_5 : Operation 89 [1/1] (3.52ns)   --->   "%add_ln100_2 = add i64 %sext_ln100_1, i64 %dst_read" [../source/sobel_base.cpp:100]   --->   Operation 89 'add' 'add_ln100_2' <Predicate = (!icmp_ln100)> <Delay = 3.52> <CoreInst = "Adder">   --->   Core 1 'Adder' <Latency = 0> <II = 1> <Delay = 3.52> <FuncUnit> <Opcode : 'add' 'sub'> <InPorts = 2> <OutPorts = 1>
ST_5 : Operation 90 [1/1] (0.00ns)   --->   "%gmem_addr = getelementptr i8 %gmem, i64 %add_ln100_2" [../source/sobel_base.cpp:103]   --->   Operation 90 'getelementptr' 'gmem_addr' <Predicate = (!icmp_ln100 & or_ln100)> <Delay = 0.00>
ST_5 : Operation 91 [1/1] (0.00ns)   --->   "%zext_ln103 = zext i31 %select_ln100" [../source/sobel_base.cpp:103]   --->   Operation 91 'zext' 'zext_ln103' <Predicate = (!icmp_ln100)> <Delay = 0.00>
ST_5 : Operation 92 [1/1] (0.00ns) (grouped into TernaryAdder)   --->   "%add_ln109_1 = add i63 %mul_ln100, i63 %zext_ln103" [../source/sobel_base.cpp:109]   --->   Operation 92 'add' 'add_ln109_1' <Predicate = (!icmp_ln100)> <Delay = 0.00> <CoreInst = "TAddSub">   --->   Core 10 'TAddSub' <Latency = 0> <II = 1> <Delay = 1.87> <IPBlock> <Opcode : '' 'add' 'sub'> <InPorts = 3> <OutPorts = 1> <Sync> <CReg>
ST_5 : Operation 93 [1/1] (0.00ns)   --->   "%sext_ln109 = sext i33 %add_ln109_2" [../source/sobel_base.cpp:109]   --->   Operation 93 'sext' 'sext_ln109' <Predicate = (!icmp_ln100)> <Delay = 0.00>
ST_5 : Operation 94 [1/1] (5.28ns) (root node of TernaryAdder)   --->   "%add_ln109 = add i63 %sext_ln109, i63 %add_ln109_1" [../source/sobel_base.cpp:109]   --->   Operation 94 'add' 'add_ln109' <Predicate = (!icmp_ln100)> <Delay = 5.28> <CoreInst = "TAddSub">   --->   Core 10 'TAddSub' <Latency = 0> <II = 1> <Delay = 1.87> <IPBlock> <Opcode : '' 'add' 'sub'> <InPorts = 3> <OutPorts = 1> <Sync> <CReg>
ST_5 : Operation 95 [1/1] (0.00ns)   --->   "%gmem_addr_4 = getelementptr i8 %gmem, i64 %add_ln100_2" [../source/sobel_base.cpp:103]   --->   Operation 95 'getelementptr' 'gmem_addr_4' <Predicate = (!icmp_ln100)> <Delay = 0.00>
ST_5 : Operation 96 [1/1] (2.52ns)   --->   "%add_ln103_1 = add i31 %select_ln100, i31 1" [../source/sobel_base.cpp:103]   --->   Operation 96 'add' 'add_ln103_1' <Predicate = (!icmp_ln100)> <Delay = 2.52> <CoreInst = "Adder">   --->   Core 1 'Adder' <Latency = 0> <II = 1> <Delay = 2.52> <FuncUnit> <Opcode : 'add' 'sub'> <InPorts = 2> <OutPorts = 1>
ST_5 : Operation 97 [1/1] (1.58ns)   --->   "%store_ln103 = store i31 %add_ln103_1, i31 %indvar3" [../source/sobel_base.cpp:103]   --->   Operation 97 'store' 'store_ln103' <Predicate = (!icmp_ln100)> <Delay = 1.58>

State 6 <SV = 5> <Delay = 7.30>
ST_6 : Operation 98 [1/1] (7.30ns)   --->   "%empty_28 = writereq i1 @_ssdm_op_WriteReq.m_axi.p1i8, i8 %gmem_addr, i64 %zext_ln100_cast" [../source/sobel_base.cpp:103]   --->   Operation 98 'writereq' 'empty_28' <Predicate = (!icmp_ln100 & or_ln100)> <Delay = 7.30> <CoreInst = "m_axi">   --->   Core 111 'm_axi' <Latency = 0> <II = 1> <Delay = 1.00> <Adapter> <Opcode : 'read' 'write' 'readreq' 'writereq' 'writeresp'>
ST_6 : Operation 99 [1/1] (0.00ns)   --->   "%br_ln103 = br void %VITIS_LOOP_109_3.split" [../source/sobel_base.cpp:103]   --->   Operation 99 'br' 'br_ln103' <Predicate = (!icmp_ln100 & or_ln100)> <Delay = 0.00>
ST_6 : Operation 100 [1/1] (0.00ns)   --->   "%add_ln109_cast = sext i63 %add_ln109" [../source/sobel_base.cpp:109]   --->   Operation 100 'sext' 'add_ln109_cast' <Predicate = (!icmp_ln100)> <Delay = 0.00>
ST_6 : Operation 101 [1/1] (3.52ns)   --->   "%empty_20 = add i64 %add_ln109_cast, i64 %src_read" [../source/sobel_base.cpp:109]   --->   Operation 101 'add' 'empty_20' <Predicate = (!icmp_ln100)> <Delay = 3.52> <CoreInst = "Adder">   --->   Core 1 'Adder' <Latency = 0> <II = 1> <Delay = 3.52> <FuncUnit> <Opcode : 'add' 'sub'> <InPorts = 2> <OutPorts = 1>
ST_6 : Operation 102 [1/1] (0.00ns)   --->   "%gmem_addr_1 = getelementptr i8 %gmem, i64 %empty_20" [../source/sobel_base.cpp:111]   --->   Operation 102 'getelementptr' 'gmem_addr_1' <Predicate = (!icmp_ln100)> <Delay = 0.00>
ST_6 : Operation 103 [1/1] (3.49ns)   --->   "%empty_22 = add i63 %add_ln109, i63 %cols_cast_cast" [../source/sobel_base.cpp:109]   --->   Operation 103 'add' 'empty_22' <Predicate = (!icmp_ln100)> <Delay = 3.49> <CoreInst = "Adder">   --->   Core 1 'Adder' <Latency = 0> <II = 1> <Delay = 3.49> <FuncUnit> <Opcode : 'add' 'sub'> <InPorts = 2> <OutPorts = 1>

State 7 <SV = 6> <Delay = 7.30>
ST_7 : Operation 104 [8/8] (7.30ns)   --->   "%empty_21 = readreq i1 @_ssdm_op_ReadReq.m_axi.p1i8, i8 %gmem_addr_1, i64 3" [../source/sobel_base.cpp:111]   --->   Operation 104 'readreq' 'empty_21' <Predicate = (!icmp_ln100)> <Delay = 7.30> <CoreInst = "m_axi">   --->   Core 111 'm_axi' <Latency = 0> <II = 1> <Delay = 1.00> <Adapter> <Opcode : 'read' 'write' 'readreq' 'writereq' 'writeresp'>
ST_7 : Operation 105 [1/1] (0.00ns)   --->   "%p_cast10 = sext i63 %empty_22" [../source/sobel_base.cpp:109]   --->   Operation 105 'sext' 'p_cast10' <Predicate = (!icmp_ln100)> <Delay = 0.00>
ST_7 : Operation 106 [1/1] (3.52ns)   --->   "%empty_23 = add i64 %p_cast10, i64 %src_read" [../source/sobel_base.cpp:109]   --->   Operation 106 'add' 'empty_23' <Predicate = (!icmp_ln100)> <Delay = 3.52> <CoreInst = "Adder">   --->   Core 1 'Adder' <Latency = 0> <II = 1> <Delay = 3.52> <FuncUnit> <Opcode : 'add' 'sub'> <InPorts = 2> <OutPorts = 1>
ST_7 : Operation 107 [1/1] (0.00ns)   --->   "%gmem_addr_2 = getelementptr i8 %gmem, i64 %empty_23" [../source/sobel_base.cpp:111]   --->   Operation 107 'getelementptr' 'gmem_addr_2' <Predicate = (!icmp_ln100)> <Delay = 0.00>
ST_7 : Operation 108 [1/1] (0.00ns) (grouped into TernaryAdder)   --->   "%tmp3 = add i64 %sext_ln100_cast, i64 %src_read"   --->   Operation 108 'add' 'tmp3' <Predicate = (!icmp_ln100)> <Delay = 0.00> <CoreInst = "TAddSub">   --->   Core 10 'TAddSub' <Latency = 0> <II = 1> <Delay = 1.87> <IPBlock> <Opcode : '' 'add' 'sub'> <InPorts = 3> <OutPorts = 1> <Sync> <CReg>
ST_7 : Operation 109 [1/1] (5.30ns) (root node of TernaryAdder)   --->   "%empty_26 = add i64 %tmp3, i64 %p_cast10" [../source/sobel_base.cpp:109]   --->   Operation 109 'add' 'empty_26' <Predicate = (!icmp_ln100)> <Delay = 5.30> <CoreInst = "TAddSub">   --->   Core 10 'TAddSub' <Latency = 0> <II = 1> <Delay = 1.87> <IPBlock> <Opcode : '' 'add' 'sub'> <InPorts = 3> <OutPorts = 1> <Sync> <CReg>
ST_7 : Operation 110 [1/1] (0.00ns)   --->   "%gmem_addr_3 = getelementptr i8 %gmem, i64 %empty_26" [../source/sobel_base.cpp:111]   --->   Operation 110 'getelementptr' 'gmem_addr_3' <Predicate = (!icmp_ln100)> <Delay = 0.00>

State 8 <SV = 7> <Delay = 7.30>
ST_8 : Operation 111 [7/8] (7.30ns)   --->   "%empty_21 = readreq i1 @_ssdm_op_ReadReq.m_axi.p1i8, i8 %gmem_addr_1, i64 3" [../source/sobel_base.cpp:111]   --->   Operation 111 'readreq' 'empty_21' <Predicate = (!icmp_ln100)> <Delay = 7.30> <CoreInst = "m_axi">   --->   Core 111 'm_axi' <Latency = 0> <II = 1> <Delay = 1.00> <Adapter> <Opcode : 'read' 'write' 'readreq' 'writereq' 'writeresp'>

State 9 <SV = 8> <Delay = 7.30>
ST_9 : Operation 112 [6/8] (7.30ns)   --->   "%empty_21 = readreq i1 @_ssdm_op_ReadReq.m_axi.p1i8, i8 %gmem_addr_1, i64 3" [../source/sobel_base.cpp:111]   --->   Operation 112 'readreq' 'empty_21' <Predicate = (!icmp_ln100)> <Delay = 7.30> <CoreInst = "m_axi">   --->   Core 111 'm_axi' <Latency = 0> <II = 1> <Delay = 1.00> <Adapter> <Opcode : 'read' 'write' 'readreq' 'writereq' 'writeresp'>

State 10 <SV = 9> <Delay = 7.30>
ST_10 : Operation 113 [5/8] (7.30ns)   --->   "%empty_21 = readreq i1 @_ssdm_op_ReadReq.m_axi.p1i8, i8 %gmem_addr_1, i64 3" [../source/sobel_base.cpp:111]   --->   Operation 113 'readreq' 'empty_21' <Predicate = (!icmp_ln100)> <Delay = 7.30> <CoreInst = "m_axi">   --->   Core 111 'm_axi' <Latency = 0> <II = 1> <Delay = 1.00> <Adapter> <Opcode : 'read' 'write' 'readreq' 'writereq' 'writeresp'>
ST_10 : Operation 114 [8/8] (7.30ns)   --->   "%empty_24 = readreq i1 @_ssdm_op_ReadReq.m_axi.p1i8, i8 %gmem_addr_2, i64 3" [../source/sobel_base.cpp:111]   --->   Operation 114 'readreq' 'empty_24' <Predicate = (!icmp_ln100)> <Delay = 7.30> <CoreInst = "m_axi">   --->   Core 111 'm_axi' <Latency = 0> <II = 1> <Delay = 1.00> <Adapter> <Opcode : 'read' 'write' 'readreq' 'writereq' 'writeresp'>

State 11 <SV = 10> <Delay = 7.30>
ST_11 : Operation 115 [4/8] (7.30ns)   --->   "%empty_21 = readreq i1 @_ssdm_op_ReadReq.m_axi.p1i8, i8 %gmem_addr_1, i64 3" [../source/sobel_base.cpp:111]   --->   Operation 115 'readreq' 'empty_21' <Predicate = true> <Delay = 7.30> <CoreInst = "m_axi">   --->   Core 111 'm_axi' <Latency = 0> <II = 1> <Delay = 1.00> <Adapter> <Opcode : 'read' 'write' 'readreq' 'writereq' 'writeresp'>
ST_11 : Operation 116 [7/8] (7.30ns)   --->   "%empty_24 = readreq i1 @_ssdm_op_ReadReq.m_axi.p1i8, i8 %gmem_addr_2, i64 3" [../source/sobel_base.cpp:111]   --->   Operation 116 'readreq' 'empty_24' <Predicate = true> <Delay = 7.30> <CoreInst = "m_axi">   --->   Core 111 'm_axi' <Latency = 0> <II = 1> <Delay = 1.00> <Adapter> <Opcode : 'read' 'write' 'readreq' 'writereq' 'writeresp'>

State 12 <SV = 11> <Delay = 7.30>
ST_12 : Operation 117 [3/8] (7.30ns)   --->   "%empty_21 = readreq i1 @_ssdm_op_ReadReq.m_axi.p1i8, i8 %gmem_addr_1, i64 3" [../source/sobel_base.cpp:111]   --->   Operation 117 'readreq' 'empty_21' <Predicate = true> <Delay = 7.30> <CoreInst = "m_axi">   --->   Core 111 'm_axi' <Latency = 0> <II = 1> <Delay = 1.00> <Adapter> <Opcode : 'read' 'write' 'readreq' 'writereq' 'writeresp'>
ST_12 : Operation 118 [6/8] (7.30ns)   --->   "%empty_24 = readreq i1 @_ssdm_op_ReadReq.m_axi.p1i8, i8 %gmem_addr_2, i64 3" [../source/sobel_base.cpp:111]   --->   Operation 118 'readreq' 'empty_24' <Predicate = true> <Delay = 7.30> <CoreInst = "m_axi">   --->   Core 111 'm_axi' <Latency = 0> <II = 1> <Delay = 1.00> <Adapter> <Opcode : 'read' 'write' 'readreq' 'writereq' 'writeresp'>

State 13 <SV = 12> <Delay = 7.30>
ST_13 : Operation 119 [2/8] (7.30ns)   --->   "%empty_21 = readreq i1 @_ssdm_op_ReadReq.m_axi.p1i8, i8 %gmem_addr_1, i64 3" [../source/sobel_base.cpp:111]   --->   Operation 119 'readreq' 'empty_21' <Predicate = true> <Delay = 7.30> <CoreInst = "m_axi">   --->   Core 111 'm_axi' <Latency = 0> <II = 1> <Delay = 1.00> <Adapter> <Opcode : 'read' 'write' 'readreq' 'writereq' 'writeresp'>
ST_13 : Operation 120 [5/8] (7.30ns)   --->   "%empty_24 = readreq i1 @_ssdm_op_ReadReq.m_axi.p1i8, i8 %gmem_addr_2, i64 3" [../source/sobel_base.cpp:111]   --->   Operation 120 'readreq' 'empty_24' <Predicate = true> <Delay = 7.30> <CoreInst = "m_axi">   --->   Core 111 'm_axi' <Latency = 0> <II = 1> <Delay = 1.00> <Adapter> <Opcode : 'read' 'write' 'readreq' 'writereq' 'writeresp'>
ST_13 : Operation 121 [8/8] (7.30ns)   --->   "%empty_27 = readreq i1 @_ssdm_op_ReadReq.m_axi.p1i8, i8 %gmem_addr_3, i64 3" [../source/sobel_base.cpp:111]   --->   Operation 121 'readreq' 'empty_27' <Predicate = true> <Delay = 7.30> <CoreInst = "m_axi">   --->   Core 111 'm_axi' <Latency = 0> <II = 1> <Delay = 1.00> <Adapter> <Opcode : 'read' 'write' 'readreq' 'writereq' 'writeresp'>

State 14 <SV = 13> <Delay = 7.30>
ST_14 : Operation 122 [1/8] (7.30ns)   --->   "%empty_21 = readreq i1 @_ssdm_op_ReadReq.m_axi.p1i8, i8 %gmem_addr_1, i64 3" [../source/sobel_base.cpp:111]   --->   Operation 122 'readreq' 'empty_21' <Predicate = true> <Delay = 7.30> <CoreInst = "m_axi">   --->   Core 111 'm_axi' <Latency = 0> <II = 1> <Delay = 1.00> <Adapter> <Opcode : 'read' 'write' 'readreq' 'writereq' 'writeresp'>
ST_14 : Operation 123 [4/8] (7.30ns)   --->   "%empty_24 = readreq i1 @_ssdm_op_ReadReq.m_axi.p1i8, i8 %gmem_addr_2, i64 3" [../source/sobel_base.cpp:111]   --->   Operation 123 'readreq' 'empty_24' <Predicate = true> <Delay = 7.30> <CoreInst = "m_axi">   --->   Core 111 'm_axi' <Latency = 0> <II = 1> <Delay = 1.00> <Adapter> <Opcode : 'read' 'write' 'readreq' 'writereq' 'writeresp'>
ST_14 : Operation 124 [7/8] (7.30ns)   --->   "%empty_27 = readreq i1 @_ssdm_op_ReadReq.m_axi.p1i8, i8 %gmem_addr_3, i64 3" [../source/sobel_base.cpp:111]   --->   Operation 124 'readreq' 'empty_27' <Predicate = true> <Delay = 7.30> <CoreInst = "m_axi">   --->   Core 111 'm_axi' <Latency = 0> <II = 1> <Delay = 1.00> <Adapter> <Opcode : 'read' 'write' 'readreq' 'writereq' 'writeresp'>

State 15 <SV = 14> <Delay = 7.30>
ST_15 : Operation 125 [1/1] (7.30ns)   --->   "%sobel_kernel = read i8 @_ssdm_op_Read.m_axi.p1i8, i8 %gmem_addr_1" [../source/sobel_base.cpp:114]   --->   Operation 125 'read' 'sobel_kernel' <Predicate = true> <Delay = 7.30> <CoreInst = "m_axi">   --->   Core 111 'm_axi' <Latency = 0> <II = 1> <Delay = 1.00> <Adapter> <Opcode : 'read' 'write' 'readreq' 'writereq' 'writeresp'>
ST_15 : Operation 126 [3/8] (7.30ns)   --->   "%empty_24 = readreq i1 @_ssdm_op_ReadReq.m_axi.p1i8, i8 %gmem_addr_2, i64 3" [../source/sobel_base.cpp:111]   --->   Operation 126 'readreq' 'empty_24' <Predicate = true> <Delay = 7.30> <CoreInst = "m_axi">   --->   Core 111 'm_axi' <Latency = 0> <II = 1> <Delay = 1.00> <Adapter> <Opcode : 'read' 'write' 'readreq' 'writereq' 'writeresp'>
ST_15 : Operation 127 [6/8] (7.30ns)   --->   "%empty_27 = readreq i1 @_ssdm_op_ReadReq.m_axi.p1i8, i8 %gmem_addr_3, i64 3" [../source/sobel_base.cpp:111]   --->   Operation 127 'readreq' 'empty_27' <Predicate = true> <Delay = 7.30> <CoreInst = "m_axi">   --->   Core 111 'm_axi' <Latency = 0> <II = 1> <Delay = 1.00> <Adapter> <Opcode : 'read' 'write' 'readreq' 'writereq' 'writeresp'>

State 16 <SV = 15> <Delay = 7.30>
ST_16 : Operation 128 [1/1] (7.30ns)   --->   "%sobel_kernel_1 = read i8 @_ssdm_op_Read.m_axi.p1i8, i8 %gmem_addr_1" [../source/sobel_base.cpp:114]   --->   Operation 128 'read' 'sobel_kernel_1' <Predicate = true> <Delay = 7.30> <CoreInst = "m_axi">   --->   Core 111 'm_axi' <Latency = 0> <II = 1> <Delay = 1.00> <Adapter> <Opcode : 'read' 'write' 'readreq' 'writereq' 'writeresp'>
ST_16 : Operation 129 [2/8] (7.30ns)   --->   "%empty_24 = readreq i1 @_ssdm_op_ReadReq.m_axi.p1i8, i8 %gmem_addr_2, i64 3" [../source/sobel_base.cpp:111]   --->   Operation 129 'readreq' 'empty_24' <Predicate = true> <Delay = 7.30> <CoreInst = "m_axi">   --->   Core 111 'm_axi' <Latency = 0> <II = 1> <Delay = 1.00> <Adapter> <Opcode : 'read' 'write' 'readreq' 'writereq' 'writeresp'>
ST_16 : Operation 130 [5/8] (7.30ns)   --->   "%empty_27 = readreq i1 @_ssdm_op_ReadReq.m_axi.p1i8, i8 %gmem_addr_3, i64 3" [../source/sobel_base.cpp:111]   --->   Operation 130 'readreq' 'empty_27' <Predicate = true> <Delay = 7.30> <CoreInst = "m_axi">   --->   Core 111 'm_axi' <Latency = 0> <II = 1> <Delay = 1.00> <Adapter> <Opcode : 'read' 'write' 'readreq' 'writereq' 'writeresp'>

State 17 <SV = 16> <Delay = 7.30>
ST_17 : Operation 131 [1/1] (7.30ns)   --->   "%sobel_kernel_2 = read i8 @_ssdm_op_Read.m_axi.p1i8, i8 %gmem_addr_1" [../source/sobel_base.cpp:114]   --->   Operation 131 'read' 'sobel_kernel_2' <Predicate = true> <Delay = 7.30> <CoreInst = "m_axi">   --->   Core 111 'm_axi' <Latency = 0> <II = 1> <Delay = 1.00> <Adapter> <Opcode : 'read' 'write' 'readreq' 'writereq' 'writeresp'>
ST_17 : Operation 132 [1/8] (7.30ns)   --->   "%empty_24 = readreq i1 @_ssdm_op_ReadReq.m_axi.p1i8, i8 %gmem_addr_2, i64 3" [../source/sobel_base.cpp:111]   --->   Operation 132 'readreq' 'empty_24' <Predicate = true> <Delay = 7.30> <CoreInst = "m_axi">   --->   Core 111 'm_axi' <Latency = 0> <II = 1> <Delay = 1.00> <Adapter> <Opcode : 'read' 'write' 'readreq' 'writereq' 'writeresp'>
ST_17 : Operation 133 [4/8] (7.30ns)   --->   "%empty_27 = readreq i1 @_ssdm_op_ReadReq.m_axi.p1i8, i8 %gmem_addr_3, i64 3" [../source/sobel_base.cpp:111]   --->   Operation 133 'readreq' 'empty_27' <Predicate = true> <Delay = 7.30> <CoreInst = "m_axi">   --->   Core 111 'm_axi' <Latency = 0> <II = 1> <Delay = 1.00> <Adapter> <Opcode : 'read' 'write' 'readreq' 'writereq' 'writeresp'>

State 18 <SV = 17> <Delay = 7.30>
ST_18 : Operation 134 [1/1] (7.30ns)   --->   "%sobel_kernel_3 = read i8 @_ssdm_op_Read.m_axi.p1i8, i8 %gmem_addr_2" [../source/sobel_base.cpp:114]   --->   Operation 134 'read' 'sobel_kernel_3' <Predicate = true> <Delay = 7.30> <CoreInst = "m_axi">   --->   Core 111 'm_axi' <Latency = 0> <II = 1> <Delay = 1.00> <Adapter> <Opcode : 'read' 'write' 'readreq' 'writereq' 'writeresp'>
ST_18 : Operation 135 [3/8] (7.30ns)   --->   "%empty_27 = readreq i1 @_ssdm_op_ReadReq.m_axi.p1i8, i8 %gmem_addr_3, i64 3" [../source/sobel_base.cpp:111]   --->   Operation 135 'readreq' 'empty_27' <Predicate = true> <Delay = 7.30> <CoreInst = "m_axi">   --->   Core 111 'm_axi' <Latency = 0> <II = 1> <Delay = 1.00> <Adapter> <Opcode : 'read' 'write' 'readreq' 'writereq' 'writeresp'>

State 19 <SV = 18> <Delay = 7.30>
ST_19 : Operation 136 [1/1] (7.30ns)   --->   "%empty_25 = read i8 @_ssdm_op_Read.m_axi.p1i8, i8 %gmem_addr_2" [../source/sobel_base.cpp:114]   --->   Operation 136 'read' 'empty_25' <Predicate = true> <Delay = 7.30> <CoreInst = "m_axi">   --->   Core 111 'm_axi' <Latency = 0> <II = 1> <Delay = 1.00> <Adapter> <Opcode : 'read' 'write' 'readreq' 'writereq' 'writeresp'>
ST_19 : Operation 137 [2/8] (7.30ns)   --->   "%empty_27 = readreq i1 @_ssdm_op_ReadReq.m_axi.p1i8, i8 %gmem_addr_3, i64 3" [../source/sobel_base.cpp:111]   --->   Operation 137 'readreq' 'empty_27' <Predicate = true> <Delay = 7.30> <CoreInst = "m_axi">   --->   Core 111 'm_axi' <Latency = 0> <II = 1> <Delay = 1.00> <Adapter> <Opcode : 'read' 'write' 'readreq' 'writereq' 'writeresp'>

State 20 <SV = 19> <Delay = 7.30>
ST_20 : Operation 138 [1/1] (7.30ns)   --->   "%sobel_kernel_4 = read i8 @_ssdm_op_Read.m_axi.p1i8, i8 %gmem_addr_2" [../source/sobel_base.cpp:114]   --->   Operation 138 'read' 'sobel_kernel_4' <Predicate = true> <Delay = 7.30> <CoreInst = "m_axi">   --->   Core 111 'm_axi' <Latency = 0> <II = 1> <Delay = 1.00> <Adapter> <Opcode : 'read' 'write' 'readreq' 'writereq' 'writeresp'>
ST_20 : Operation 139 [1/8] (7.30ns)   --->   "%empty_27 = readreq i1 @_ssdm_op_ReadReq.m_axi.p1i8, i8 %gmem_addr_3, i64 3" [../source/sobel_base.cpp:111]   --->   Operation 139 'readreq' 'empty_27' <Predicate = true> <Delay = 7.30> <CoreInst = "m_axi">   --->   Core 111 'm_axi' <Latency = 0> <II = 1> <Delay = 1.00> <Adapter> <Opcode : 'read' 'write' 'readreq' 'writereq' 'writeresp'>

State 21 <SV = 20> <Delay = 7.30>
ST_21 : Operation 140 [1/1] (7.30ns)   --->   "%sobel_kernel_5 = read i8 @_ssdm_op_Read.m_axi.p1i8, i8 %gmem_addr_3" [../source/sobel_base.cpp:114]   --->   Operation 140 'read' 'sobel_kernel_5' <Predicate = true> <Delay = 7.30> <CoreInst = "m_axi">   --->   Core 111 'm_axi' <Latency = 0> <II = 1> <Delay = 1.00> <Adapter> <Opcode : 'read' 'write' 'readreq' 'writereq' 'writeresp'>
ST_21 : Operation 141 [1/1] (0.00ns)   --->   "%M00 = bitconcatenate i9 @_ssdm_op_BitConcatenate.i9.i8.i1, i8 %sobel_kernel_3, i1 0" [../source/sobel_base.cpp:10->../source/sobel_base.cpp:52->../source/sobel_base.cpp:117]   --->   Operation 141 'bitconcatenate' 'M00' <Predicate = true> <Delay = 0.00>
ST_21 : Operation 142 [1/1] (0.00ns)   --->   "%zext_ln10 = zext i9 %M00" [../source/sobel_base.cpp:10->../source/sobel_base.cpp:52->../source/sobel_base.cpp:117]   --->   Operation 142 'zext' 'zext_ln10' <Predicate = true> <Delay = 0.00>
ST_21 : Operation 143 [1/1] (0.00ns)   --->   "%M01 = bitconcatenate i9 @_ssdm_op_BitConcatenate.i9.i8.i1, i8 %sobel_kernel_4, i1 0" [../source/sobel_base.cpp:11->../source/sobel_base.cpp:52->../source/sobel_base.cpp:117]   --->   Operation 143 'bitconcatenate' 'M01' <Predicate = true> <Delay = 0.00>
ST_21 : Operation 144 [1/1] (0.00ns)   --->   "%zext_ln11 = zext i9 %M01" [../source/sobel_base.cpp:11->../source/sobel_base.cpp:52->../source/sobel_base.cpp:117]   --->   Operation 144 'zext' 'zext_ln11' <Predicate = true> <Delay = 0.00>
ST_21 : Operation 145 [1/1] (0.00ns)   --->   "%zext_ln12 = zext i8 %sobel_kernel_2" [../source/sobel_base.cpp:12->../source/sobel_base.cpp:52->../source/sobel_base.cpp:117]   --->   Operation 145 'zext' 'zext_ln12' <Predicate = true> <Delay = 0.00>
ST_21 : Operation 146 [1/1] (0.00ns)   --->   "%zext_ln13 = zext i8 %sobel_kernel" [../source/sobel_base.cpp:13->../source/sobel_base.cpp:52->../source/sobel_base.cpp:117]   --->   Operation 146 'zext' 'zext_ln13' <Predicate = true> <Delay = 0.00>
ST_21 : Operation 147 [1/1] (1.91ns)   --->   "%S00 = sub i9 %zext_ln12, i9 %zext_ln13" [../source/sobel_base.cpp:13->../source/sobel_base.cpp:52->../source/sobel_base.cpp:117]   --->   Operation 147 'sub' 'S00' <Predicate = true> <Delay = 1.91> <CoreInst = "Adder">   --->   Core 1 'Adder' <Latency = 0> <II = 1> <Delay = 1.91> <FuncUnit> <Opcode : 'add' 'sub'> <InPorts = 2> <OutPorts = 1>
ST_21 : Operation 148 [1/1] (0.00ns)   --->   "%sext_ln12 = sext i9 %S00" [../source/sobel_base.cpp:12->../source/sobel_base.cpp:52->../source/sobel_base.cpp:117]   --->   Operation 148 'sext' 'sext_ln12' <Predicate = true> <Delay = 0.00>
ST_21 : Operation 149 [1/1] (0.00ns) (grouped into TernaryAdder)   --->   "%A00 = sub i11 %sext_ln12, i11 %zext_ln10" [../source/sobel_base.cpp:12->../source/sobel_base.cpp:52->../source/sobel_base.cpp:117]   --->   Operation 149 'sub' 'A00' <Predicate = true> <Delay = 0.00> <CoreInst = "TAddSub">   --->   Core 10 'TAddSub' <Latency = 0> <II = 1> <Delay = 1.87> <IPBlock> <Opcode : '' 'add' 'sub'> <InPorts = 3> <OutPorts = 1> <Sync> <CReg>
ST_21 : Operation 150 [1/1] (3.75ns) (root node of TernaryAdder)   --->   "%out_pix_7 = add i11 %A00, i11 %zext_ln11" [../source/sobel_base.cpp:15->../source/sobel_base.cpp:52->../source/sobel_base.cpp:117]   --->   Operation 150 'add' 'out_pix_7' <Predicate = true> <Delay = 3.75> <CoreInst = "TAddSub">   --->   Core 10 'TAddSub' <Latency = 0> <II = 1> <Delay = 1.87> <IPBlock> <Opcode : '' 'add' 'sub'> <InPorts = 3> <OutPorts = 1> <Sync> <CReg>
ST_21 : Operation 151 [1/1] (0.00ns)   --->   "%M00_1 = bitconcatenate i9 @_ssdm_op_BitConcatenate.i9.i8.i1, i8 %sobel_kernel_1, i1 0" [../source/sobel_base.cpp:30->../source/sobel_base.cpp:53->../source/sobel_base.cpp:117]   --->   Operation 151 'bitconcatenate' 'M00_1' <Predicate = true> <Delay = 0.00>
ST_21 : Operation 152 [1/1] (0.00ns)   --->   "%zext_ln30 = zext i9 %M00_1" [../source/sobel_base.cpp:30->../source/sobel_base.cpp:53->../source/sobel_base.cpp:117]   --->   Operation 152 'zext' 'zext_ln30' <Predicate = true> <Delay = 0.00>
ST_21 : Operation 153 [1/1] (1.91ns)   --->   "%add_ln32_1 = add i9 %zext_ln13, i9 %zext_ln12" [../source/sobel_base.cpp:32->../source/sobel_base.cpp:53->../source/sobel_base.cpp:117]   --->   Operation 153 'add' 'add_ln32_1' <Predicate = true> <Delay = 1.91> <CoreInst = "Adder">   --->   Core 1 'Adder' <Latency = 0> <II = 1> <Delay = 1.91> <FuncUnit> <Opcode : 'add' 'sub'> <InPorts = 2> <OutPorts = 1>
ST_21 : Operation 154 [1/1] (0.00ns)   --->   "%zext_ln32 = zext i9 %add_ln32_1" [../source/sobel_base.cpp:32->../source/sobel_base.cpp:53->../source/sobel_base.cpp:117]   --->   Operation 154 'zext' 'zext_ln32' <Predicate = true> <Delay = 0.00>
ST_21 : Operation 155 [1/1] (1.82ns)   --->   "%add_ln32 = add i10 %zext_ln32, i10 %zext_ln30" [../source/sobel_base.cpp:32->../source/sobel_base.cpp:53->../source/sobel_base.cpp:117]   --->   Operation 155 'add' 'add_ln32' <Predicate = true> <Delay = 1.82> <CoreInst = "Adder">   --->   Core 1 'Adder' <Latency = 0> <II = 1> <Delay = 1.82> <FuncUnit> <Opcode : 'add' 'sub'> <InPorts = 2> <OutPorts = 1>

State 22 <SV = 21> <Delay = 7.30>
ST_22 : Operation 156 [1/1] (7.30ns)   --->   "%sobel_kernel_6 = read i8 @_ssdm_op_Read.m_axi.p1i8, i8 %gmem_addr_3" [../source/sobel_base.cpp:114]   --->   Operation 156 'read' 'sobel_kernel_6' <Predicate = true> <Delay = 7.30> <CoreInst = "m_axi">   --->   Core 111 'm_axi' <Latency = 0> <II = 1> <Delay = 1.00> <Adapter> <Opcode : 'read' 'write' 'readreq' 'writereq' 'writeresp'>

State 23 <SV = 22> <Delay = 7.30>
ST_23 : Operation 157 [1/1] (7.30ns)   --->   "%sobel_kernel_7 = read i8 @_ssdm_op_Read.m_axi.p1i8, i8 %gmem_addr_3" [../source/sobel_base.cpp:114]   --->   Operation 157 'read' 'sobel_kernel_7' <Predicate = true> <Delay = 7.30> <CoreInst = "m_axi">   --->   Core 111 'm_axi' <Latency = 0> <II = 1> <Delay = 1.00> <Adapter> <Opcode : 'read' 'write' 'readreq' 'writereq' 'writeresp'>
ST_23 : Operation 200 [1/1] (1.58ns)   --->   "%ret_ln0 = ret"   --->   Operation 200 'ret' 'ret_ln0' <Predicate = (icmp_ln100)> <Delay = 1.58>

State 24 <SV = 23> <Delay = 7.21>
ST_24 : Operation 158 [1/1] (0.00ns)   --->   "%zext_ln12_1 = zext i8 %sobel_kernel_7" [../source/sobel_base.cpp:12->../source/sobel_base.cpp:52->../source/sobel_base.cpp:117]   --->   Operation 158 'zext' 'zext_ln12_1' <Predicate = true> <Delay = 0.00>
ST_24 : Operation 159 [1/1] (0.00ns)   --->   "%zext_ln12_2 = zext i8 %sobel_kernel_7" [../source/sobel_base.cpp:12->../source/sobel_base.cpp:52->../source/sobel_base.cpp:117]   --->   Operation 159 'zext' 'zext_ln12_2' <Predicate = true> <Delay = 0.00>
ST_24 : Operation 160 [1/1] (0.00ns)   --->   "%zext_ln13_1 = zext i8 %sobel_kernel_5" [../source/sobel_base.cpp:13->../source/sobel_base.cpp:52->../source/sobel_base.cpp:117]   --->   Operation 160 'zext' 'zext_ln13_1' <Predicate = true> <Delay = 0.00>
ST_24 : Operation 161 [1/1] (0.00ns) (grouped into TernaryAdder)   --->   "%out_pix_8 = sub i11 %out_pix_7, i11 %zext_ln13_1" [../source/sobel_base.cpp:16->../source/sobel_base.cpp:52->../source/sobel_base.cpp:117]   --->   Operation 161 'sub' 'out_pix_8' <Predicate = true> <Delay = 0.00> <CoreInst = "TAddSub">   --->   Core 10 'TAddSub' <Latency = 0> <II = 1> <Delay = 1.87> <IPBlock> <Opcode : '' 'add' 'sub'> <InPorts = 3> <OutPorts = 1> <Sync> <CReg>
ST_24 : Operation 162 [1/1] (3.75ns) (root node of TernaryAdder)   --->   "%out_pix = add i11 %out_pix_8, i11 %zext_ln12_2" [../source/sobel_base.cpp:17->../source/sobel_base.cpp:52->../source/sobel_base.cpp:117]   --->   Operation 162 'add' 'out_pix' <Predicate = true> <Delay = 3.75> <CoreInst = "TAddSub">   --->   Core 10 'TAddSub' <Latency = 0> <II = 1> <Delay = 1.87> <IPBlock> <Opcode : '' 'add' 'sub'> <InPorts = 3> <OutPorts = 1> <Sync> <CReg>
ST_24 : Operation 163 [1/1] (0.00ns)   --->   "%trunc_ln14 = trunc i11 %out_pix" [../source/sobel_base.cpp:14->../source/sobel_base.cpp:52->../source/sobel_base.cpp:117]   --->   Operation 163 'trunc' 'trunc_ln14' <Predicate = true> <Delay = 0.00>
ST_24 : Operation 164 [1/1] (1.73ns)   --->   "%neg = sub i10 0, i10 %trunc_ln14" [../source/sobel_base.cpp:14->../source/sobel_base.cpp:52->../source/sobel_base.cpp:117]   --->   Operation 164 'sub' 'neg' <Predicate = true> <Delay = 1.73> <CoreInst = "Adder">   --->   Core 1 'Adder' <Latency = 0> <II = 1> <Delay = 1.73> <FuncUnit> <Opcode : 'add' 'sub'> <InPorts = 2> <OutPorts = 1>
ST_24 : Operation 165 [1/1] (1.63ns)   --->   "%abscond = icmp_sgt  i11 %out_pix, i11 0" [../source/sobel_base.cpp:17->../source/sobel_base.cpp:52->../source/sobel_base.cpp:117]   --->   Operation 165 'icmp' 'abscond' <Predicate = true> <Delay = 1.63> <CoreInst = "Cmp">   --->   Core 9 'Cmp' <Latency = 0> <II = 1> <Delay = 1.63> <FuncUnit> <Opcode : 'seteq' 'setne' 'setle' 'setge' 'setlt' 'setgt'> <InPorts = 2> <OutPorts = 1>
ST_24 : Operation 166 [1/1] (0.68ns)   --->   "%out_pix_3 = select i1 %abscond, i10 %trunc_ln14, i10 %neg" [../source/sobel_base.cpp:17->../source/sobel_base.cpp:52->../source/sobel_base.cpp:117]   --->   Operation 166 'select' 'out_pix_3' <Predicate = true> <Delay = 0.68> <CoreInst = "Sel">   --->   Core 73 'Sel' <Latency = 0> <II = 1> <Delay = 0.68> <FuncUnit> <Opcode : 'select'> <InPorts = 3> <OutPorts = 1>
ST_24 : Operation 167 [1/1] (0.00ns)   --->   "%trunc_ln25 = trunc i10 %out_pix_3" [../source/sobel_base.cpp:25->../source/sobel_base.cpp:52->../source/sobel_base.cpp:117]   --->   Operation 167 'trunc' 'trunc_ln25' <Predicate = true> <Delay = 0.00>
ST_24 : Operation 168 [1/1] (0.00ns)   --->   "%tmp = partselect i2 @_ssdm_op_PartSelect.i2.i10.i32.i32, i10 %out_pix_3, i32 8, i32 9" [../source/sobel_base.cpp:21->../source/sobel_base.cpp:52->../source/sobel_base.cpp:117]   --->   Operation 168 'partselect' 'tmp' <Predicate = true> <Delay = 0.00>
ST_24 : Operation 169 [1/1] (0.00ns)   --->   "%M01_1 = bitconcatenate i9 @_ssdm_op_BitConcatenate.i9.i8.i1, i8 %sobel_kernel_6, i1 0" [../source/sobel_base.cpp:31->../source/sobel_base.cpp:53->../source/sobel_base.cpp:117]   --->   Operation 169 'bitconcatenate' 'M01_1' <Predicate = true> <Delay = 0.00>
ST_24 : Operation 170 [1/1] (0.00ns)   --->   "%zext_ln31 = zext i9 %M01_1" [../source/sobel_base.cpp:31->../source/sobel_base.cpp:53->../source/sobel_base.cpp:117]   --->   Operation 170 'zext' 'zext_ln31' <Predicate = true> <Delay = 0.00>
ST_24 : Operation 171 [1/1] (0.00ns)   --->   "%zext_ln35 = zext i10 %add_ln32" [../source/sobel_base.cpp:35->../source/sobel_base.cpp:53->../source/sobel_base.cpp:117]   --->   Operation 171 'zext' 'zext_ln35' <Predicate = true> <Delay = 0.00>
ST_24 : Operation 172 [1/1] (0.00ns) (grouped into TernaryAdder)   --->   "%out_pix_9 = sub i11 %zext_ln13_1, i11 %zext_ln35" [../source/sobel_base.cpp:35->../source/sobel_base.cpp:53->../source/sobel_base.cpp:117]   --->   Operation 172 'sub' 'out_pix_9' <Predicate = true> <Delay = 0.00> <CoreInst = "TAddSub">   --->   Core 10 'TAddSub' <Latency = 0> <II = 1> <Delay = 1.87> <IPBlock> <Opcode : '' 'add' 'sub'> <InPorts = 3> <OutPorts = 1> <Sync> <CReg>
ST_24 : Operation 173 [1/1] (1.82ns)   --->   "%add_ln37 = add i10 %zext_ln31, i10 %zext_ln12_1" [../source/sobel_base.cpp:37->../source/sobel_base.cpp:53->../source/sobel_base.cpp:117]   --->   Operation 173 'add' 'add_ln37' <Predicate = true> <Delay = 1.82> <CoreInst = "Adder">   --->   Core 1 'Adder' <Latency = 0> <II = 1> <Delay = 1.82> <FuncUnit> <Opcode : 'add' 'sub'> <InPorts = 2> <OutPorts = 1>
ST_24 : Operation 174 [1/1] (0.00ns)   --->   "%zext_ln37 = zext i10 %add_ln37" [../source/sobel_base.cpp:37->../source/sobel_base.cpp:53->../source/sobel_base.cpp:117]   --->   Operation 174 'zext' 'zext_ln37' <Predicate = true> <Delay = 0.00>
ST_24 : Operation 175 [1/1] (3.75ns) (root node of TernaryAdder)   --->   "%out_pix_5 = add i11 %zext_ln37, i11 %out_pix_9" [../source/sobel_base.cpp:37->../source/sobel_base.cpp:53->../source/sobel_base.cpp:117]   --->   Operation 175 'add' 'out_pix_5' <Predicate = true> <Delay = 3.75> <CoreInst = "TAddSub">   --->   Core 10 'TAddSub' <Latency = 0> <II = 1> <Delay = 1.87> <IPBlock> <Opcode : '' 'add' 'sub'> <InPorts = 3> <OutPorts = 1> <Sync> <CReg>
ST_24 : Operation 176 [1/1] (0.00ns)   --->   "%trunc_ln34 = trunc i11 %out_pix_5" [../source/sobel_base.cpp:34->../source/sobel_base.cpp:53->../source/sobel_base.cpp:117]   --->   Operation 176 'trunc' 'trunc_ln34' <Predicate = true> <Delay = 0.00>
ST_24 : Operation 177 [1/1] (1.63ns)   --->   "%abscond3 = icmp_sgt  i11 %out_pix_5, i11 0" [../source/sobel_base.cpp:37->../source/sobel_base.cpp:53->../source/sobel_base.cpp:117]   --->   Operation 177 'icmp' 'abscond3' <Predicate = true> <Delay = 1.63> <CoreInst = "Cmp">   --->   Core 9 'Cmp' <Latency = 0> <II = 1> <Delay = 1.63> <FuncUnit> <Opcode : 'seteq' 'setne' 'setle' 'setge' 'setlt' 'setgt'> <InPorts = 2> <OutPorts = 1>

State 25 <SV = 24> <Delay = 7.14>
ST_25 : Operation 178 [1/1] (1.56ns)   --->   "%icmp_ln21 = icmp_ne  i2 %tmp, i2 0" [../source/sobel_base.cpp:21->../source/sobel_base.cpp:52->../source/sobel_base.cpp:117]   --->   Operation 178 'icmp' 'icmp_ln21' <Predicate = true> <Delay = 1.56> <CoreInst = "Cmp">   --->   Core 9 'Cmp' <Latency = 0> <II = 1> <Delay = 1.56> <FuncUnit> <Opcode : 'seteq' 'setne' 'setle' 'setge' 'setlt' 'setgt'> <InPorts = 2> <OutPorts = 1>
ST_25 : Operation 179 [1/1] (1.24ns)   --->   "%g_x = select i1 %icmp_ln21, i8 255, i8 %trunc_ln25" [../source/sobel_base.cpp:25->../source/sobel_base.cpp:52->../source/sobel_base.cpp:117]   --->   Operation 179 'select' 'g_x' <Predicate = true> <Delay = 1.24> <CoreInst = "Sel">   --->   Core 73 'Sel' <Latency = 0> <II = 1> <Delay = 1.24> <FuncUnit> <Opcode : 'select'> <InPorts = 3> <OutPorts = 1>
ST_25 : Operation 180 [1/1] (1.73ns)   --->   "%neg2 = sub i10 0, i10 %trunc_ln34" [../source/sobel_base.cpp:34->../source/sobel_base.cpp:53->../source/sobel_base.cpp:117]   --->   Operation 180 'sub' 'neg2' <Predicate = (!abscond3)> <Delay = 1.73> <CoreInst = "Adder">   --->   Core 1 'Adder' <Latency = 0> <II = 1> <Delay = 1.73> <FuncUnit> <Opcode : 'add' 'sub'> <InPorts = 2> <OutPorts = 1>
ST_25 : Operation 181 [1/1] (0.68ns)   --->   "%out_pix_6 = select i1 %abscond3, i10 %trunc_ln34, i10 %neg2" [../source/sobel_base.cpp:37->../source/sobel_base.cpp:53->../source/sobel_base.cpp:117]   --->   Operation 181 'select' 'out_pix_6' <Predicate = true> <Delay = 0.68> <CoreInst = "Sel">   --->   Core 73 'Sel' <Latency = 0> <II = 1> <Delay = 0.68> <FuncUnit> <Opcode : 'select'> <InPorts = 3> <OutPorts = 1>
ST_25 : Operation 182 [1/1] (0.00ns)   --->   "%trunc_ln45 = trunc i10 %out_pix_6" [../source/sobel_base.cpp:45->../source/sobel_base.cpp:53->../source/sobel_base.cpp:117]   --->   Operation 182 'trunc' 'trunc_ln45' <Predicate = true> <Delay = 0.00>
ST_25 : Operation 183 [1/1] (0.00ns)   --->   "%tmp_1 = partselect i2 @_ssdm_op_PartSelect.i2.i10.i32.i32, i10 %out_pix_6, i32 8, i32 9" [../source/sobel_base.cpp:41->../source/sobel_base.cpp:53->../source/sobel_base.cpp:117]   --->   Operation 183 'partselect' 'tmp_1' <Predicate = true> <Delay = 0.00>
ST_25 : Operation 184 [1/1] (1.56ns)   --->   "%icmp_ln41 = icmp_ne  i2 %tmp_1, i2 0" [../source/sobel_base.cpp:41->../source/sobel_base.cpp:53->../source/sobel_base.cpp:117]   --->   Operation 184 'icmp' 'icmp_ln41' <Predicate = true> <Delay = 1.56> <CoreInst = "Cmp">   --->   Core 9 'Cmp' <Latency = 0> <II = 1> <Delay = 1.56> <FuncUnit> <Opcode : 'seteq' 'setne' 'setle' 'setge' 'setlt' 'setgt'> <InPorts = 2> <OutPorts = 1>
ST_25 : Operation 185 [1/1] (1.24ns)   --->   "%g_y = select i1 %icmp_ln41, i8 255, i8 %trunc_ln45" [../source/sobel_base.cpp:45->../source/sobel_base.cpp:53->../source/sobel_base.cpp:117]   --->   Operation 185 'select' 'g_y' <Predicate = true> <Delay = 1.24> <CoreInst = "Sel">   --->   Core 73 'Sel' <Latency = 0> <II = 1> <Delay = 1.24> <FuncUnit> <Opcode : 'select'> <InPorts = 3> <OutPorts = 1>
ST_25 : Operation 186 [1/1] (0.00ns)   --->   "%zext_ln54 = zext i8 %g_x" [../source/sobel_base.cpp:54->../source/sobel_base.cpp:117]   --->   Operation 186 'zext' 'zext_ln54' <Predicate = true> <Delay = 0.00>
ST_25 : Operation 187 [1/1] (0.00ns)   --->   "%zext_ln54_1 = zext i8 %g_y" [../source/sobel_base.cpp:54->../source/sobel_base.cpp:117]   --->   Operation 187 'zext' 'zext_ln54_1' <Predicate = true> <Delay = 0.00>
ST_25 : Operation 188 [1/1] (1.91ns)   --->   "%sobel_1 = add i8 %g_y, i8 %g_x" [../source/sobel_base.cpp:54->../source/sobel_base.cpp:117]   --->   Operation 188 'add' 'sobel_1' <Predicate = true> <Delay = 1.91> <CoreInst = "Adder">   --->   Core 1 'Adder' <Latency = 0> <II = 1> <Delay = 1.91> <FuncUnit> <Opcode : 'add' 'sub'> <InPorts = 2> <OutPorts = 1>
ST_25 : Operation 189 [1/1] (1.91ns)   --->   "%temp = add i9 %zext_ln54_1, i9 %zext_ln54" [../source/sobel_base.cpp:54->../source/sobel_base.cpp:117]   --->   Operation 189 'add' 'temp' <Predicate = true> <Delay = 1.91> <CoreInst = "Adder">   --->   Core 1 'Adder' <Latency = 0> <II = 1> <Delay = 1.91> <FuncUnit> <Opcode : 'add' 'sub'> <InPorts = 2> <OutPorts = 1>
ST_25 : Operation 190 [1/1] (0.00ns)   --->   "%tmp_2 = bitselect i1 @_ssdm_op_BitSelect.i1.i9.i32, i9 %temp, i32 8" [../source/sobel_base.cpp:55->../source/sobel_base.cpp:117]   --->   Operation 190 'bitselect' 'tmp_2' <Predicate = true> <Delay = 0.00>

State 26 <SV = 25> <Delay = 1.24>
ST_26 : Operation 191 [1/1] (1.24ns)   --->   "%sobel_2 = select i1 %tmp_2, i8 255, i8 %sobel_1" [../source/sobel_base.cpp:55->../source/sobel_base.cpp:117]   --->   Operation 191 'select' 'sobel_2' <Predicate = true> <Delay = 1.24> <CoreInst = "Sel">   --->   Core 73 'Sel' <Latency = 0> <II = 1> <Delay = 1.24> <FuncUnit> <Opcode : 'select'> <InPorts = 3> <OutPorts = 1>

State 27 <SV = 26> <Delay = 7.30>
ST_27 : Operation 192 [1/1] (0.00ns)   --->   "%specpipeline_ln97 = specpipeline void @_ssdm_op_SpecPipeline, i32 4294967295, i32 0, i32 0, i32 0, void @empty_0" [../source/sobel_base.cpp:97]   --->   Operation 192 'specpipeline' 'specpipeline_ln97' <Predicate = true> <Delay = 0.00>
ST_27 : Operation 193 [1/1] (7.30ns)   --->   "%write_ln119 = write void @_ssdm_op_Write.m_axi.p1i8, i8 %gmem_addr_4, i8 %sobel_2, i1 1" [../source/sobel_base.cpp:119]   --->   Operation 193 'write' 'write_ln119' <Predicate = true> <Delay = 7.30> <CoreInst = "m_axi">   --->   Core 111 'm_axi' <Latency = 0> <II = 1> <Delay = 1.00> <Adapter> <Opcode : 'read' 'write' 'readreq' 'writereq' 'writeresp'>

State 28 <SV = 27> <Delay = 7.30>
ST_28 : Operation 194 [5/5] (7.30ns)   --->   "%empty = writeresp i1 @_ssdm_op_WriteResp.m_axi.p1i8, i8 %gmem_addr_4" [../source/sobel_base.cpp:100]   --->   Operation 194 'writeresp' 'empty' <Predicate = (!icmp_ln103_1)> <Delay = 7.30> <CoreInst = "m_axi">   --->   Core 111 'm_axi' <Latency = 0> <II = 1> <Delay = 1.00> <Adapter> <Opcode : 'read' 'write' 'readreq' 'writereq' 'writeresp'>

State 29 <SV = 28> <Delay = 7.30>
ST_29 : Operation 195 [4/5] (7.30ns)   --->   "%empty = writeresp i1 @_ssdm_op_WriteResp.m_axi.p1i8, i8 %gmem_addr_4" [../source/sobel_base.cpp:100]   --->   Operation 195 'writeresp' 'empty' <Predicate = (!icmp_ln103_1)> <Delay = 7.30> <CoreInst = "m_axi">   --->   Core 111 'm_axi' <Latency = 0> <II = 1> <Delay = 1.00> <Adapter> <Opcode : 'read' 'write' 'readreq' 'writereq' 'writeresp'>

State 30 <SV = 29> <Delay = 7.30>
ST_30 : Operation 196 [3/5] (7.30ns)   --->   "%empty = writeresp i1 @_ssdm_op_WriteResp.m_axi.p1i8, i8 %gmem_addr_4" [../source/sobel_base.cpp:100]   --->   Operation 196 'writeresp' 'empty' <Predicate = (!icmp_ln103_1)> <Delay = 7.30> <CoreInst = "m_axi">   --->   Core 111 'm_axi' <Latency = 0> <II = 1> <Delay = 1.00> <Adapter> <Opcode : 'read' 'write' 'readreq' 'writereq' 'writeresp'>

State 31 <SV = 30> <Delay = 7.30>
ST_31 : Operation 197 [2/5] (7.30ns)   --->   "%empty = writeresp i1 @_ssdm_op_WriteResp.m_axi.p1i8, i8 %gmem_addr_4" [../source/sobel_base.cpp:100]   --->   Operation 197 'writeresp' 'empty' <Predicate = (!icmp_ln103_1)> <Delay = 7.30> <CoreInst = "m_axi">   --->   Core 111 'm_axi' <Latency = 0> <II = 1> <Delay = 1.00> <Adapter> <Opcode : 'read' 'write' 'readreq' 'writereq' 'writeresp'>

State 32 <SV = 31> <Delay = 7.30>
ST_32 : Operation 198 [1/5] (7.30ns)   --->   "%empty = writeresp i1 @_ssdm_op_WriteResp.m_axi.p1i8, i8 %gmem_addr_4" [../source/sobel_base.cpp:100]   --->   Operation 198 'writeresp' 'empty' <Predicate = (!icmp_ln103_1)> <Delay = 7.30> <CoreInst = "m_axi">   --->   Core 111 'm_axi' <Latency = 0> <II = 1> <Delay = 1.00> <Adapter> <Opcode : 'read' 'write' 'readreq' 'writereq' 'writeresp'>
ST_32 : Operation 199 [1/1] (0.00ns)   --->   "%br_ln103 = br void %new.latch.VITIS_LOOP_109_3.split" [../source/sobel_base.cpp:103]   --->   Operation 199 'br' 'br_ln103' <Predicate = (!icmp_ln103_1)> <Delay = 0.00>


============================================================
+ Verbose Summary: Binding
============================================================
STG Binding: 
---------------- STG Properties BEGIN ----------------
- Is combinational: 0
- Is one-state seq: 0
- Is datapath-only: 0
- Is pipelined: 0
- Is top level: 0
Port [ Return ] is wired: 1; IO mode=ap_ctrl_hs:ce=0
Port [ gmem]:  wired=1; compound=1; hidden=0; nouse=0; global=0; static=0; extern=0; dir=2; type=4; pingpong=0; private_global=0; IO mode=m_axi:ce=0
Port [ mul_ln62]:  wired=1; compound=0; hidden=0; nouse=0; global=0; static=0; extern=0; dir=0; type=0; pingpong=0; private_global=0; IO mode=ap_none:ce=0
Port [ cols_cast6]:  wired=1; compound=0; hidden=0; nouse=0; global=0; static=0; extern=0; dir=0; type=0; pingpong=0; private_global=0; IO mode=ap_none:ce=0
Port [ src]:  wired=1; compound=0; hidden=0; nouse=0; global=0; static=0; extern=0; dir=0; type=0; pingpong=0; private_global=0; IO mode=ap_none:ce=0
Port [ cols_cast]:  wired=1; compound=0; hidden=0; nouse=0; global=0; static=0; extern=0; dir=0; type=0; pingpong=0; private_global=0; IO mode=ap_none:ce=0
Port [ sext_ln100]:  wired=1; compound=0; hidden=0; nouse=0; global=0; static=0; extern=0; dir=0; type=0; pingpong=0; private_global=0; IO mode=ap_none:ce=0
Port [ sub2]:  wired=1; compound=0; hidden=0; nouse=0; global=0; static=0; extern=0; dir=0; type=0; pingpong=0; private_global=0; IO mode=ap_none:ce=0
Port [ zext_ln100]:  wired=1; compound=0; hidden=0; nouse=0; global=0; static=0; extern=0; dir=0; type=0; pingpong=0; private_global=0; IO mode=ap_none:ce=0
Port [ dst]:  wired=1; compound=0; hidden=0; nouse=0; global=0; static=0; extern=0; dir=0; type=0; pingpong=0; private_global=0; IO mode=ap_none:ce=0
---------------- STG Properties END ------------------

---------------- Datapath Model BEGIN ----------------

<LifeTime>
<method=bitvector/>
col                   (alloca           ) [ 011100000000000000000000000000000]
indvar3               (alloca           ) [ 011111000000000000000000000000000]
indvar                (alloca           ) [ 011100000000000000000000000000000]
indvar_flatten        (alloca           ) [ 011100000000000000000000000000000]
dst_read              (read             ) [ 001111000000000000000000000000000]
zext_ln100_read       (read             ) [ 000000000000000000000000000000000]
sub2_read             (read             ) [ 001100000000000000000000000000000]
sext_ln100_read       (read             ) [ 000000000000000000000000000000000]
cols_cast_read        (read             ) [ 000000000000000000000000000000000]
src_read              (read             ) [ 001111110000000000000000000000000]
cols_cast6_read       (read             ) [ 000000000000000000000000000000000]
mul_ln62_read         (read             ) [ 001000000000000000000000000000000]
zext_ln100_cast       (zext             ) [ 001111100000000000000000000000000]
sext_ln100_cast       (sext             ) [ 001111110000000000000000000000000]
cols_cast_cast        (sext             ) [ 001111100000000000000000000000000]
cols_cast6_cast       (sext             ) [ 001110000000000000000000000000000]
specinterface_ln0     (specinterface    ) [ 000000000000000000000000000000000]
store_ln0             (store            ) [ 000000000000000000000000000000000]
store_ln0             (store            ) [ 000000000000000000000000000000000]
store_ln0             (store            ) [ 000000000000000000000000000000000]
store_ln97            (store            ) [ 000000000000000000000000000000000]
br_ln0                (br               ) [ 011100000000000000000000000000000]
first_iter_0          (phi              ) [ 001000000000000000000000000000000]
col_1                 (load             ) [ 000000000000000000000000000000000]
indvar_flatten_load   (load             ) [ 000100000000000000000000000000000]
specbitsmap_ln0       (specbitsmap      ) [ 000000000000000000000000000000000]
icmp_ln100            (icmp             ) [ 011111111111111111111111111111111]
br_ln100              (br               ) [ 000000000000000000000000000000000]
indvar_load           (load             ) [ 000000000000000000000000000000000]
zext_ln103_1          (zext             ) [ 000000000000000000000000000000000]
icmp_ln103            (icmp             ) [ 000111000000000000000000000000000]
xor_ln100             (xor              ) [ 000000000000000000000000000000000]
or_ln100              (or               ) [ 000111100000000000000000000000000]
add_ln100_1           (add              ) [ 000000000000000000000000000000000]
select_ln100_1        (select           ) [ 000100000000000000000000000000000]
br_ln103              (br               ) [ 000000000000000000000000000000000]
add_ln103             (add              ) [ 000100000000000000000000000000000]
add_ln100             (add              ) [ 000000000000000000000000000000000]
zext_ln100_1          (zext             ) [ 000010000000000000000000000000000]
select_ln103          (select           ) [ 000000000000000000000000000000000]
zext_ln103_2          (zext             ) [ 000000000000000000000000000000000]
icmp_ln103_1          (icmp             ) [ 011111111111111111111111111111111]
br_ln103              (br               ) [ 000000000000000000000000000000000]
store_ln100           (store            ) [ 000000000000000000000000000000000]
store_ln100           (store            ) [ 000000000000000000000000000000000]
store_ln97            (store            ) [ 000000000000000000000000000000000]
br_ln103              (br               ) [ 011100000000000000000000000000000]
mul_ln100             (mul              ) [ 000001000000000000000000000000000]
add_ln109_2           (add              ) [ 000001000000000000000000000000000]
indvar3_load          (load             ) [ 000000000000000000000000000000000]
specloopname_ln0      (specloopname     ) [ 000000000000000000000000000000000]
speclooptripcount_ln0 (speclooptripcount) [ 000000000000000000000000000000000]
select_ln100          (select           ) [ 000000000000000000000000000000000]
sext_ln100_1          (sext             ) [ 000000000000000000000000000000000]
add_ln100_2           (add              ) [ 000000000000000000000000000000000]
gmem_addr             (getelementptr    ) [ 000000100000000000000000000000000]
zext_ln103            (zext             ) [ 000000000000000000000000000000000]
add_ln109_1           (add              ) [ 000000000000000000000000000000000]
sext_ln109            (sext             ) [ 000000000000000000000000000000000]
add_ln109             (add              ) [ 000000100000000000000000000000000]
gmem_addr_4           (getelementptr    ) [ 011111111111111111111111111111111]
add_ln103_1           (add              ) [ 000000000000000000000000000000000]
store_ln103           (store            ) [ 000000000000000000000000000000000]
empty_28              (writereq         ) [ 000000000000000000000000000000000]
br_ln103              (br               ) [ 000000000000000000000000000000000]
add_ln109_cast        (sext             ) [ 000000000000000000000000000000000]
empty_20              (add              ) [ 000000000000000000000000000000000]
gmem_addr_1           (getelementptr    ) [ 011111111111111111000000000000000]
empty_22              (add              ) [ 000000010000000000000000000000000]
p_cast10              (sext             ) [ 000000000000000000000000000000000]
empty_23              (add              ) [ 000000000000000000000000000000000]
gmem_addr_2           (getelementptr    ) [ 011111111111111111111000000000000]
tmp3                  (add              ) [ 000000000000000000000000000000000]
empty_26              (add              ) [ 000000000000000000000000000000000]
gmem_addr_3           (getelementptr    ) [ 011111111111111111111111000000000]
empty_21              (readreq          ) [ 000000000000000000000000000000000]
sobel_kernel          (read             ) [ 011100011100000011111100000000000]
sobel_kernel_1        (read             ) [ 011100001100000001111100000000000]
sobel_kernel_2        (read             ) [ 011100000100000000111100000000000]
empty_24              (readreq          ) [ 000000000000000000000000000000000]
sobel_kernel_3        (read             ) [ 011100000000000000011100000000000]
empty_25              (read             ) [ 000000000000000000000000000000000]
sobel_kernel_4        (read             ) [ 000100000000000000000100000000000]
empty_27              (readreq          ) [ 000000000000000000000000000000000]
sobel_kernel_5        (read             ) [ 000011100000000000000011100000000]
M00                   (bitconcatenate   ) [ 000000000000000000000000000000000]
zext_ln10             (zext             ) [ 000000000000000000000000000000000]
M01                   (bitconcatenate   ) [ 000000000000000000000000000000000]
zext_ln11             (zext             ) [ 000000000000000000000000000000000]
zext_ln12             (zext             ) [ 000000000000000000000000000000000]
zext_ln13             (zext             ) [ 000000000000000000000000000000000]
S00                   (sub              ) [ 000000000000000000000000000000000]
sext_ln12             (sext             ) [ 000000000000000000000000000000000]
A00                   (sub              ) [ 000000000000000000000000000000000]
out_pix_7             (add              ) [ 000011100000000000000011100000000]
M00_1                 (bitconcatenate   ) [ 000000000000000000000000000000000]
zext_ln30             (zext             ) [ 000000000000000000000000000000000]
add_ln32_1            (add              ) [ 000000000000000000000000000000000]
zext_ln32             (zext             ) [ 000000000000000000000000000000000]
add_ln32              (add              ) [ 000011100000000000000011100000000]
sobel_kernel_6        (read             ) [ 000001100000000000000001100000000]
sobel_kernel_7        (read             ) [ 000000100000000000000000100000000]
zext_ln12_1           (zext             ) [ 000000000000000000000000000000000]
zext_ln12_2           (zext             ) [ 000000000000000000000000000000000]
zext_ln13_1           (zext             ) [ 000000000000000000000000000000000]
out_pix_8             (sub              ) [ 000000000000000000000000000000000]
out_pix               (add              ) [ 000000000000000000000000000000000]
trunc_ln14            (trunc            ) [ 000000000000000000000000000000000]
neg                   (sub              ) [ 000000000000000000000000000000000]
abscond               (icmp             ) [ 000000000000000000000000000000000]
out_pix_3             (select           ) [ 000000000000000000000000000000000]
trunc_ln25            (trunc            ) [ 000000010000000000000000010000000]
tmp                   (partselect       ) [ 000000010000000000000000010000000]
M01_1                 (bitconcatenate   ) [ 000000000000000000000000000000000]
zext_ln31             (zext             ) [ 000000000000000000000000000000000]
zext_ln35             (zext             ) [ 000000000000000000000000000000000]
out_pix_9             (sub              ) [ 000000000000000000000000000000000]
add_ln37              (add              ) [ 000000000000000000000000000000000]
zext_ln37             (zext             ) [ 000000000000000000000000000000000]
out_pix_5             (add              ) [ 000000000000000000000000000000000]
trunc_ln34            (trunc            ) [ 000000010000000000000000010000000]
abscond3              (icmp             ) [ 000000010000000000000000010000000]
icmp_ln21             (icmp             ) [ 000000000000000000000000000000000]
g_x                   (select           ) [ 000000000000000000000000000000000]
neg2                  (sub              ) [ 000000000000000000000000000000000]
out_pix_6             (select           ) [ 000000000000000000000000000000000]
trunc_ln45            (trunc            ) [ 000000000000000000000000000000000]
tmp_1                 (partselect       ) [ 000000000000000000000000000000000]
icmp_ln41             (icmp             ) [ 000000000000000000000000000000000]
g_y                   (select           ) [ 000000000000000000000000000000000]
zext_ln54             (zext             ) [ 000000000000000000000000000000000]
zext_ln54_1           (zext             ) [ 000000000000000000000000000000000]
sobel_1               (add              ) [ 000000001000000000000000001000000]
temp                  (add              ) [ 000000000000000000000000000000000]
tmp_2                 (bitselect        ) [ 000000001000000000000000001000000]
sobel_2               (select           ) [ 000000000100000000000000000100000]
specpipeline_ln97     (specpipeline     ) [ 000000000000000000000000000000000]
write_ln119           (write            ) [ 000000000000000000000000000000000]
empty                 (writeresp        ) [ 000000000000000000000000000000000]
br_ln103              (br               ) [ 000000000000000000000000000000000]
ret_ln0               (ret              ) [ 000000000000000000000000000000000]
</LifeTime>

<model>

<comp_list>
<comp id="0" class="1000" name="gmem">
<pin_list>
<pin id="1" dir="1" index="0" bw="1" slack="0"/>
</pin_list>
<bind>
<StgValue><ssdm name="gmem"/></StgValue>
</bind>
</comp>

<comp id="2" class="1000" name="mul_ln62">
<pin_list>
<pin id="3" dir="1" index="0" bw="1" slack="0"/>
</pin_list>
<bind>
<StgValue><ssdm name="mul_ln62"/></StgValue>
</bind>
</comp>

<comp id="4" class="1000" name="cols_cast6">
<pin_list>
<pin id="5" dir="1" index="0" bw="1" slack="0"/>
</pin_list>
<bind>
<StgValue><ssdm name="cols_cast6"/></StgValue>
</bind>
</comp>

<comp id="6" class="1000" name="src">
<pin_list>
<pin id="7" dir="1" index="0" bw="1" slack="0"/>
</pin_list>
<bind>
<StgValue><ssdm name="src"/></StgValue>
</bind>
</comp>

<comp id="8" class="1000" name="cols_cast">
<pin_list>
<pin id="9" dir="1" index="0" bw="1" slack="0"/>
</pin_list>
<bind>
<StgValue><ssdm name="cols_cast"/></StgValue>
</bind>
</comp>

<comp id="10" class="1000" name="sext_ln100">
<pin_list>
<pin id="11" dir="1" index="0" bw="1" slack="0"/>
</pin_list>
<bind>
<StgValue><ssdm name="sext_ln100"/></StgValue>
</bind>
</comp>

<comp id="12" class="1000" name="sub2">
<pin_list>
<pin id="13" dir="1" index="0" bw="1" slack="0"/>
</pin_list>
<bind>
<StgValue><ssdm name="sub2"/></StgValue>
</bind>
</comp>

<comp id="14" class="1000" name="zext_ln100">
<pin_list>
<pin id="15" dir="1" index="0" bw="1" slack="0"/>
</pin_list>
<bind>
<StgValue><ssdm name="zext_ln100"/></StgValue>
</bind>
</comp>

<comp id="16" class="1000" name="dst">
<pin_list>
<pin id="17" dir="1" index="0" bw="1" slack="0"/>
</pin_list>
<bind>
<StgValue><ssdm name="dst"/></StgValue>
</bind>
</comp>

<comp id="18" class="1001" name="const_18">
<pin_list>
<pin id="19" dir="1" index="0" bw="1" slack="0"/>
</pin_list>
<bind>
<StgValue><ssdm name=""/></StgValue>
</bind>
</comp>

<comp id="20" class="1001" name="const_20">
<pin_list>
<pin id="21" dir="1" index="0" bw="1" slack="0"/>
</pin_list>
<bind>
<StgValue><ssdm name="_ssdm_op_Read.ap_auto.i64"/></StgValue>
</bind>
</comp>

<comp id="22" class="1001" name="const_22">
<pin_list>
<pin id="23" dir="1" index="0" bw="1" slack="0"/>
</pin_list>
<bind>
<StgValue><ssdm name="_ssdm_op_Read.ap_auto.i31"/></StgValue>
</bind>
</comp>

<comp id="24" class="1001" name="const_24">
<pin_list>
<pin id="25" dir="1" index="0" bw="1" slack="0"/>
</pin_list>
<bind>
<StgValue><ssdm name="_ssdm_op_Read.ap_auto.i32"/></StgValue>
</bind>
</comp>

<comp id="26" class="1001" name="const_26">
<pin_list>
<pin id="27" dir="1" index="0" bw="1" slack="2147483647"/>
</pin_list>
<bind>
<StgValue><ssdm name="_ssdm_op_SpecInterface"/></StgValue>
</bind>
</comp>

<comp id="28" class="1001" name="const_28">
<pin_list>
<pin id="29" dir="1" index="0" bw="1" slack="2147483647"/>
</pin_list>
<bind>
<StgValue><ssdm name="empty"/></StgValue>
</bind>
</comp>

<comp id="30" class="1001" name="const_30">
<pin_list>
<pin id="31" dir="1" index="0" bw="1" slack="2147483647"/>
</pin_list>
<bind>
<StgValue><ssdm name=""/></StgValue>
</bind>
</comp>

<comp id="32" class="1001" name="const_32">
<pin_list>
<pin id="33" dir="1" index="0" bw="1" slack="2147483647"/>
</pin_list>
<bind>
<StgValue><ssdm name="empty_0"/></StgValue>
</bind>
</comp>

<comp id="34" class="1001" name="const_34">
<pin_list>
<pin id="35" dir="1" index="0" bw="1" slack="2147483647"/>
</pin_list>
<bind>
<StgValue><ssdm name=""/></StgValue>
</bind>
</comp>

<comp id="36" class="1001" name="const_36">
<pin_list>
<pin id="37" dir="1" index="0" bw="1" slack="2147483647"/>
</pin_list>
<bind>
<StgValue><ssdm name="empty_1"/></StgValue>
</bind>
</comp>

<comp id="38" class="1001" name="const_38">
<pin_list>
<pin id="39" dir="1" index="0" bw="1" slack="2147483647"/>
</pin_list>
<bind>
<StgValue><ssdm name="empty_2"/></StgValue>
</bind>
</comp>

<comp id="40" class="1001" name="const_40">
<pin_list>
<pin id="41" dir="1" index="0" bw="1" slack="2147483647"/>
</pin_list>
<bind>
<StgValue><ssdm name=""/></StgValue>
</bind>
</comp>

<comp id="42" class="1001" name="const_42">
<pin_list>
<pin id="43" dir="1" index="0" bw="1" slack="2147483647"/>
</pin_list>
<bind>
<StgValue><ssdm name=""/></StgValue>
</bind>
</comp>

<comp id="44" class="1001" name="const_44">
<pin_list>
<pin id="45" dir="1" index="0" bw="1" slack="0"/>
</pin_list>
<bind>
<StgValue><ssdm name=""/></StgValue>
</bind>
</comp>

<comp id="46" class="1001" name="const_46">
<pin_list>
<pin id="47" dir="1" index="0" bw="1" slack="0"/>
</pin_list>
<bind>
<StgValue><ssdm name=""/></StgValue>
</bind>
</comp>

<comp id="48" class="1001" name="const_48">
<pin_list>
<pin id="49" dir="1" index="0" bw="1" slack="0"/>
</pin_list>
<bind>
<StgValue><ssdm name=""/></StgValue>
</bind>
</comp>

<comp id="50" class="1001" name="const_50">
<pin_list>
<pin id="51" dir="1" index="0" bw="1" slack="0"/>
</pin_list>
<bind>
<StgValue><ssdm name=""/></StgValue>
</bind>
</comp>

<comp id="52" class="1001" name="const_52">
<pin_list>
<pin id="53" dir="1" index="0" bw="1" slack="0"/>
</pin_list>
<bind>
<StgValue><ssdm name=""/></StgValue>
</bind>
</comp>

<comp id="54" class="1001" name="const_54">
<pin_list>
<pin id="55" dir="1" index="0" bw="1" slack="2147483647"/>
</pin_list>
<bind>
<StgValue><ssdm name="_ssdm_op_SpecBitsMap"/></StgValue>
</bind>
</comp>

<comp id="56" class="1001" name="const_56">
<pin_list>
<pin id="57" dir="1" index="0" bw="1" slack="0"/>
</pin_list>
<bind>
<StgValue><ssdm name=""/></StgValue>
</bind>
</comp>

<comp id="58" class="1001" name="const_58">
<pin_list>
<pin id="59" dir="1" index="0" bw="1" slack="0"/>
</pin_list>
<bind>
<StgValue><ssdm name=""/></StgValue>
</bind>
</comp>

<comp id="60" class="1001" name="const_60">
<pin_list>
<pin id="61" dir="1" index="0" bw="1" slack="0"/>
</pin_list>
<bind>
<StgValue><ssdm name=""/></StgValue>
</bind>
</comp>

<comp id="62" class="1001" name="const_62">
<pin_list>
<pin id="63" dir="1" index="0" bw="1" slack="2147483647"/>
</pin_list>
<bind>
<StgValue><ssdm name="_ssdm_op_SpecLoopName"/></StgValue>
</bind>
</comp>

<comp id="64" class="1001" name="const_64">
<pin_list>
<pin id="65" dir="1" index="0" bw="1" slack="2147483647"/>
</pin_list>
<bind>
<StgValue><ssdm name="VITIS_LOOP_100_1_VITIS_LOOP_103_2_str"/></StgValue>
</bind>
</comp>

<comp id="66" class="1001" name="const_66">
<pin_list>
<pin id="67" dir="1" index="0" bw="1" slack="2147483647"/>
</pin_list>
<bind>
<StgValue><ssdm name="_ssdm_op_SpecLoopTripCount"/></StgValue>
</bind>
</comp>

<comp id="68" class="1001" name="const_68">
<pin_list>
<pin id="69" dir="1" index="0" bw="1" slack="2147483647"/>
</pin_list>
<bind>
<StgValue><ssdm name=""/></StgValue>
</bind>
</comp>

<comp id="70" class="1001" name="const_70">
<pin_list>
<pin id="71" dir="1" index="0" bw="1" slack="2147483647"/>
</pin_list>
<bind>
<StgValue><ssdm name=""/></StgValue>
</bind>
</comp>

<comp id="72" class="1001" name="const_72">
<pin_list>
<pin id="73" dir="1" index="0" bw="1" slack="0"/>
</pin_list>
<bind>
<StgValue><ssdm name="_ssdm_op_WriteReq.m_axi.p1i8"/></StgValue>
</bind>
</comp>

<comp id="74" class="1001" name="const_74">
<pin_list>
<pin id="75" dir="1" index="0" bw="1" slack="0"/>
</pin_list>
<bind>
<StgValue><ssdm name="_ssdm_op_ReadReq.m_axi.p1i8"/></StgValue>
</bind>
</comp>

<comp id="76" class="1001" name="const_76">
<pin_list>
<pin id="77" dir="1" index="0" bw="1" slack="0"/>
</pin_list>
<bind>
<StgValue><ssdm name=""/></StgValue>
</bind>
</comp>

<comp id="78" class="1001" name="const_78">
<pin_list>
<pin id="79" dir="1" index="0" bw="1" slack="0"/>
</pin_list>
<bind>
<StgValue><ssdm name="_ssdm_op_Read.m_axi.p1i8"/></StgValue>
</bind>
</comp>

<comp id="80" class="1001" name="const_80">
<pin_list>
<pin id="81" dir="1" index="0" bw="1" slack="0"/>
</pin_list>
<bind>
<StgValue><ssdm name="_ssdm_op_BitConcatenate.i9.i8.i1"/></StgValue>
</bind>
</comp>

<comp id="82" class="1001" name="const_82">
<pin_list>
<pin id="83" dir="1" index="0" bw="1" slack="0"/>
</pin_list>
<bind>
<StgValue><ssdm name=""/></StgValue>
</bind>
</comp>

<comp id="84" class="1001" name="const_84">
<pin_list>
<pin id="85" dir="1" index="0" bw="1" slack="0"/>
</pin_list>
<bind>
<StgValue><ssdm name=""/></StgValue>
</bind>
</comp>

<comp id="86" class="1001" name="const_86">
<pin_list>
<pin id="87" dir="1" index="0" bw="1" slack="0"/>
</pin_list>
<bind>
<StgValue><ssdm name="_ssdm_op_PartSelect.i2.i10.i32.i32"/></StgValue>
</bind>
</comp>

<comp id="88" class="1001" name="const_88">
<pin_list>
<pin id="89" dir="1" index="0" bw="1" slack="0"/>
</pin_list>
<bind>
<StgValue><ssdm name=""/></StgValue>
</bind>
</comp>

<comp id="90" class="1001" name="const_90">
<pin_list>
<pin id="91" dir="1" index="0" bw="1" slack="0"/>
</pin_list>
<bind>
<StgValue><ssdm name=""/></StgValue>
</bind>
</comp>

<comp id="92" class="1001" name="const_92">
<pin_list>
<pin id="93" dir="1" index="0" bw="1" slack="0"/>
</pin_list>
<bind>
<StgValue><ssdm name=""/></StgValue>
</bind>
</comp>

<comp id="94" class="1001" name="const_94">
<pin_list>
<pin id="95" dir="1" index="0" bw="1" slack="0"/>
</pin_list>
<bind>
<StgValue><ssdm name=""/></StgValue>
</bind>
</comp>

<comp id="96" class="1001" name="const_96">
<pin_list>
<pin id="97" dir="1" index="0" bw="1" slack="0"/>
</pin_list>
<bind>
<StgValue><ssdm name="_ssdm_op_BitSelect.i1.i9.i32"/></StgValue>
</bind>
</comp>

<comp id="98" class="1001" name="const_98">
<pin_list>
<pin id="99" dir="1" index="0" bw="1" slack="2147483647"/>
</pin_list>
<bind>
<StgValue><ssdm name="_ssdm_op_SpecPipeline"/></StgValue>
</bind>
</comp>

<comp id="100" class="1001" name="const_100">
<pin_list>
<pin id="101" dir="1" index="0" bw="1" slack="0"/>
</pin_list>
<bind>
<StgValue><ssdm name="_ssdm_op_Write.m_axi.p1i8"/></StgValue>
</bind>
</comp>

<comp id="102" class="1001" name="const_102">
<pin_list>
<pin id="103" dir="1" index="0" bw="1" slack="0"/>
</pin_list>
<bind>
<StgValue><ssdm name="_ssdm_op_WriteResp.m_axi.p1i8"/></StgValue>
</bind>
</comp>

<comp id="104" class="1004" name="col_fu_104">
<pin_list>
<pin id="105" dir="0" index="0" bw="1" slack="0"/>
<pin id="106" dir="1" index="1" bw="31" slack="0"/>
</pin_list>
<bind>
<opcode="alloca(26) " fcode="alloca"/>
<opset="col/1 "/>
</bind>
</comp>

<comp id="108" class="1004" name="indvar3_fu_108">
<pin_list>
<pin id="109" dir="0" index="0" bw="1" slack="0"/>
<pin id="110" dir="1" index="1" bw="31" slack="0"/>
</pin_list>
<bind>
<opcode="alloca(26) " fcode="alloca"/>
<opset="indvar3/1 "/>
</bind>
</comp>

<comp id="112" class="1004" name="indvar_fu_112">
<pin_list>
<pin id="113" dir="0" index="0" bw="1" slack="0"/>
<pin id="114" dir="1" index="1" bw="31" slack="0"/>
</pin_list>
<bind>
<opcode="alloca(26) " fcode="alloca"/>
<opset="indvar/1 "/>
</bind>
</comp>

<comp id="116" class="1004" name="indvar_flatten_fu_116">
<pin_list>
<pin id="117" dir="0" index="0" bw="1" slack="0"/>
<pin id="118" dir="1" index="1" bw="64" slack="0"/>
</pin_list>
<bind>
<opcode="alloca(26) " fcode="alloca"/>
<opset="indvar_flatten/1 "/>
</bind>
</comp>

<comp id="120" class="1004" name="dst_read_read_fu_120">
<pin_list>
<pin id="121" dir="0" index="0" bw="64" slack="0"/>
<pin id="122" dir="0" index="1" bw="64" slack="0"/>
<pin id="123" dir="1" index="2" bw="64" slack="4"/>
</pin_list>
<bind>
<opcode="read(1150) " fcode="read"/>
<opset="dst_read/1 "/>
</bind>
</comp>

<comp id="126" class="1004" name="zext_ln100_read_read_fu_126">
<pin_list>
<pin id="127" dir="0" index="0" bw="31" slack="0"/>
<pin id="128" dir="0" index="1" bw="31" slack="0"/>
<pin id="129" dir="1" index="2" bw="31" slack="0"/>
</pin_list>
<bind>
<opcode="read(1150) " fcode="read"/>
<opset="zext_ln100_read/1 "/>
</bind>
</comp>

<comp id="132" class="1004" name="sub2_read_read_fu_132">
<pin_list>
<pin id="133" dir="0" index="0" bw="32" slack="0"/>
<pin id="134" dir="0" index="1" bw="32" slack="0"/>
<pin id="135" dir="1" index="2" bw="32" slack="1"/>
</pin_list>
<bind>
<opcode="read(1150) " fcode="read"/>
<opset="sub2_read/1 "/>
</bind>
</comp>

<comp id="138" class="1004" name="sext_ln100_read_read_fu_138">
<pin_list>
<pin id="139" dir="0" index="0" bw="32" slack="0"/>
<pin id="140" dir="0" index="1" bw="32" slack="0"/>
<pin id="141" dir="1" index="2" bw="32" slack="0"/>
</pin_list>
<bind>
<opcode="read(1150) " fcode="read"/>
<opset="sext_ln100_read/1 "/>
</bind>
</comp>

<comp id="144" class="1004" name="cols_cast_read_read_fu_144">
<pin_list>
<pin id="145" dir="0" index="0" bw="32" slack="0"/>
<pin id="146" dir="0" index="1" bw="32" slack="0"/>
<pin id="147" dir="1" index="2" bw="32" slack="0"/>
</pin_list>
<bind>
<opcode="read(1150) " fcode="read"/>
<opset="cols_cast_read/1 "/>
</bind>
</comp>

<comp id="150" class="1004" name="src_read_read_fu_150">
<pin_list>
<pin id="151" dir="0" index="0" bw="64" slack="0"/>
<pin id="152" dir="0" index="1" bw="64" slack="0"/>
<pin id="153" dir="1" index="2" bw="64" slack="5"/>
</pin_list>
<bind>
<opcode="read(1150) " fcode="read"/>
<opset="src_read/1 "/>
</bind>
</comp>

<comp id="156" class="1004" name="cols_cast6_read_read_fu_156">
<pin_list>
<pin id="157" dir="0" index="0" bw="32" slack="0"/>
<pin id="158" dir="0" index="1" bw="32" slack="0"/>
<pin id="159" dir="1" index="2" bw="32" slack="0"/>
</pin_list>
<bind>
<opcode="read(1150) " fcode="read"/>
<opset="cols_cast6_read/1 "/>
</bind>
</comp>

<comp id="162" class="1004" name="mul_ln62_read_read_fu_162">
<pin_list>
<pin id="163" dir="0" index="0" bw="64" slack="0"/>
<pin id="164" dir="0" index="1" bw="64" slack="0"/>
<pin id="165" dir="1" index="2" bw="64" slack="1"/>
</pin_list>
<bind>
<opcode="read(1150) " fcode="read"/>
<opset="mul_ln62_read/1 "/>
</bind>
</comp>

<comp id="168" class="1004" name="empty_28_writereq_fu_168">
<pin_list>
<pin id="169" dir="0" index="0" bw="1" slack="0"/>
<pin id="170" dir="0" index="1" bw="8" slack="1"/>
<pin id="171" dir="0" index="2" bw="31" slack="5"/>
<pin id="172" dir="1" index="3" bw="1" slack="2147483647"/>
</pin_list>
<bind>
<opcode="writereq(1155) " fcode="writereq"/>
<opset="empty_28/6 "/>
</bind>
</comp>

<comp id="174" class="1004" name="grp_readreq_fu_174">
<pin_list>
<pin id="175" dir="0" index="0" bw="1" slack="0"/>
<pin id="176" dir="0" index="1" bw="8" slack="1"/>
<pin id="177" dir="0" index="2" bw="3" slack="0"/>
<pin id="178" dir="1" index="3" bw="1" slack="2147483647"/>
</pin_list>
<bind>
<opcode="readreq(1154) " fcode="readreq"/>
<opset="empty_21/7 "/>
</bind>
</comp>

<comp id="181" class="1004" name="grp_readreq_fu_181">
<pin_list>
<pin id="182" dir="0" index="0" bw="1" slack="0"/>
<pin id="183" dir="0" index="1" bw="8" slack="3"/>
<pin id="184" dir="0" index="2" bw="3" slack="0"/>
<pin id="185" dir="1" index="3" bw="1" slack="2147483647"/>
</pin_list>
<bind>
<opcode="readreq(1154) " fcode="readreq"/>
<opset="empty_24/10 "/>
</bind>
</comp>

<comp id="188" class="1004" name="grp_readreq_fu_188">
<pin_list>
<pin id="189" dir="0" index="0" bw="1" slack="0"/>
<pin id="190" dir="0" index="1" bw="8" slack="6"/>
<pin id="191" dir="0" index="2" bw="3" slack="0"/>
<pin id="192" dir="1" index="3" bw="1" slack="2147483647"/>
</pin_list>
<bind>
<opcode="readreq(1154) " fcode="readreq"/>
<opset="empty_27/13 "/>
</bind>
</comp>

<comp id="195" class="1004" name="grp_read_fu_195">
<pin_list>
<pin id="196" dir="0" index="0" bw="8" slack="0"/>
<pin id="197" dir="0" index="1" bw="8" slack="9"/>
<pin id="198" dir="1" index="2" bw="8" slack="4"/>
</pin_list>
<bind>
<opcode="read(1150) " fcode="read"/>
<opset="sobel_kernel/15 sobel_kernel_1/16 sobel_kernel_2/17 "/>
</bind>
</comp>

<comp id="200" class="1004" name="grp_read_fu_200">
<pin_list>
<pin id="201" dir="0" index="0" bw="8" slack="0"/>
<pin id="202" dir="0" index="1" bw="8" slack="11"/>
<pin id="203" dir="1" index="2" bw="8" slack="1"/>
</pin_list>
<bind>
<opcode="read(1150) " fcode="read"/>
<opset="sobel_kernel_3/18 empty_25/19 sobel_kernel_4/20 "/>
</bind>
</comp>

<comp id="205" class="1004" name="grp_read_fu_205">
<pin_list>
<pin id="206" dir="0" index="0" bw="8" slack="0"/>
<pin id="207" dir="0" index="1" bw="8" slack="14"/>
<pin id="208" dir="1" index="2" bw="8" slack="1"/>
</pin_list>
<bind>
<opcode="read(1150) " fcode="read"/>
<opset="sobel_kernel_5/21 sobel_kernel_6/22 sobel_kernel_7/23 "/>
</bind>
</comp>

<comp id="210" class="1004" name="write_ln119_write_fu_210">
<pin_list>
<pin id="211" dir="0" index="0" bw="0" slack="0"/>
<pin id="212" dir="0" index="1" bw="8" slack="22"/>
<pin id="213" dir="0" index="2" bw="8" slack="1"/>
<pin id="214" dir="0" index="3" bw="1" slack="0"/>
<pin id="215" dir="1" index="4" bw="0" slack="2147483647"/>
</pin_list>
<bind>
<opcode="write(1151) " fcode="write"/>
<opset="write_ln119/27 "/>
</bind>
</comp>

<comp id="218" class="1004" name="grp_writeresp_fu_218">
<pin_list>
<pin id="219" dir="0" index="0" bw="1" slack="0"/>
<pin id="220" dir="0" index="1" bw="8" slack="23"/>
<pin id="221" dir="1" index="2" bw="1" slack="2147483647"/>
</pin_list>
<bind>
<opcode="writeresp(1158) " fcode="writeresp"/>
<opset="empty/28 "/>
</bind>
</comp>

<comp id="223" class="1005" name="first_iter_0_reg_223">
<pin_list>
<pin id="224" dir="0" index="0" bw="1" slack="1"/>
<pin id="225" dir="1" index="1" bw="1" slack="1"/>
</pin_list>
<bind>
<opset="first_iter_0 (phireg) "/>
</bind>
</comp>

<comp id="228" class="1004" name="first_iter_0_phi_fu_228">
<pin_list>
<pin id="229" dir="0" index="0" bw="1" slack="1"/>
<pin id="230" dir="0" index="1" bw="0" slack="2147483647"/>
<pin id="231" dir="0" index="2" bw="1" slack="1"/>
<pin id="232" dir="0" index="3" bw="0" slack="2147483647"/>
<pin id="233" dir="1" index="4" bw="1" slack="0"/>
</pin_list>
<bind>
<opcode="phi(47) " fcode="phi"/>
<opset="first_iter_0/2 "/>
</bind>
</comp>

<comp id="236" class="1004" name="grp_fu_236">
<pin_list>
<pin id="237" dir="0" index="0" bw="31" slack="0"/>
<pin id="238" dir="0" index="1" bw="32" slack="2"/>
<pin id="239" dir="1" index="2" bw="63" slack="1"/>
</pin_list>
<bind>
<opcode="mul(12) " fcode="mul"/>
<opset="mul_ln100/3 "/>
</bind>
</comp>

<comp id="240" class="1004" name="zext_ln100_cast_fu_240">
<pin_list>
<pin id="241" dir="0" index="0" bw="31" slack="0"/>
<pin id="242" dir="1" index="1" bw="64" slack="5"/>
</pin_list>
<bind>
<opcode="zext(34) " fcode="zext"/>
<opset="zext_ln100_cast/1 "/>
</bind>
</comp>

<comp id="244" class="1004" name="sext_ln100_cast_fu_244">
<pin_list>
<pin id="245" dir="0" index="0" bw="32" slack="0"/>
<pin id="246" dir="1" index="1" bw="64" slack="6"/>
</pin_list>
<bind>
<opcode="sext(35) " fcode="sext"/>
<opset="sext_ln100_cast/1 "/>
</bind>
</comp>

<comp id="248" class="1004" name="cols_cast_cast_fu_248">
<pin_list>
<pin id="249" dir="0" index="0" bw="32" slack="0"/>
<pin id="250" dir="1" index="1" bw="63" slack="2"/>
</pin_list>
<bind>
<opcode="sext(35) " fcode="sext"/>
<opset="cols_cast_cast/1 "/>
</bind>
</comp>

<comp id="252" class="1004" name="cols_cast6_cast_fu_252">
<pin_list>
<pin id="253" dir="0" index="0" bw="32" slack="0"/>
<pin id="254" dir="1" index="1" bw="33" slack="3"/>
</pin_list>
<bind>
<opcode="sext(35) " fcode="sext"/>
<opset="cols_cast6_cast/1 "/>
</bind>
</comp>

<comp id="256" class="1004" name="store_ln0_store_fu_256">
<pin_list>
<pin id="257" dir="0" index="0" bw="1" slack="0"/>
<pin id="258" dir="0" index="1" bw="64" slack="0"/>
<pin id="259" dir="1" index="2" bw="0" slack="2147483647"/>
</pin_list>
<bind>
<opcode="store(28) " fcode="store"/>
<opset="store_ln0/1 "/>
</bind>
</comp>

<comp id="261" class="1004" name="store_ln0_store_fu_261">
<pin_list>
<pin id="262" dir="0" index="0" bw="1" slack="0"/>
<pin id="263" dir="0" index="1" bw="31" slack="0"/>
<pin id="264" dir="1" index="2" bw="0" slack="2147483647"/>
</pin_list>
<bind>
<opcode="store(28) " fcode="store"/>
<opset="store_ln0/1 "/>
</bind>
</comp>

<comp id="266" class="1004" name="store_ln0_store_fu_266">
<pin_list>
<pin id="267" dir="0" index="0" bw="1" slack="0"/>
<pin id="268" dir="0" index="1" bw="31" slack="0"/>
<pin id="269" dir="1" index="2" bw="0" slack="2147483647"/>
</pin_list>
<bind>
<opcode="store(28) " fcode="store"/>
<opset="store_ln0/1 "/>
</bind>
</comp>

<comp id="271" class="1004" name="store_ln97_store_fu_271">
<pin_list>
<pin id="272" dir="0" index="0" bw="1" slack="0"/>
<pin id="273" dir="0" index="1" bw="31" slack="0"/>
<pin id="274" dir="1" index="2" bw="0" slack="2147483647"/>
</pin_list>
<bind>
<opcode="store(28) " fcode="store"/>
<opset="store_ln97/1 "/>
</bind>
</comp>

<comp id="276" class="1004" name="col_1_load_fu_276">
<pin_list>
<pin id="277" dir="0" index="0" bw="31" slack="1"/>
<pin id="278" dir="1" index="1" bw="31" slack="0"/>
</pin_list>
<bind>
<opcode="load(27) " fcode="load"/>
<opset="col_1/2 "/>
</bind>
</comp>

<comp id="279" class="1004" name="indvar_flatten_load_load_fu_279">
<pin_list>
<pin id="280" dir="0" index="0" bw="64" slack="1"/>
<pin id="281" dir="1" index="1" bw="64" slack="0"/>
</pin_list>
<bind>
<opcode="load(27) " fcode="load"/>
<opset="indvar_flatten_load/2 "/>
</bind>
</comp>

<comp id="282" class="1004" name="icmp_ln100_fu_282">
<pin_list>
<pin id="283" dir="0" index="0" bw="64" slack="0"/>
<pin id="284" dir="0" index="1" bw="64" slack="1"/>
<pin id="285" dir="1" index="2" bw="1" slack="1"/>
</pin_list>
<bind>
<opcode="icmp(45) " fcode="icmp"/>
<opset="icmp_ln100/2 "/>
</bind>
</comp>

<comp id="287" class="1004" name="indvar_load_load_fu_287">
<pin_list>
<pin id="288" dir="0" index="0" bw="31" slack="1"/>
<pin id="289" dir="1" index="1" bw="31" slack="0"/>
</pin_list>
<bind>
<opcode="load(27) " fcode="load"/>
<opset="indvar_load/2 "/>
</bind>
</comp>

<comp id="290" class="1004" name="zext_ln103_1_fu_290">
<pin_list>
<pin id="291" dir="0" index="0" bw="31" slack="0"/>
<pin id="292" dir="1" index="1" bw="32" slack="0"/>
</pin_list>
<bind>
<opcode="zext(34) " fcode="zext"/>
<opset="zext_ln103_1/2 "/>
</bind>
</comp>

<comp id="294" class="1004" name="icmp_ln103_fu_294">
<pin_list>
<pin id="295" dir="0" index="0" bw="31" slack="0"/>
<pin id="296" dir="0" index="1" bw="32" slack="1"/>
<pin id="297" dir="1" index="2" bw="1" slack="0"/>
</pin_list>
<bind>
<opcode="icmp(45) " fcode="icmp"/>
<opset="icmp_ln103/2 "/>
</bind>
</comp>

<comp id="299" class="1004" name="xor_ln100_fu_299">
<pin_list>
<pin id="300" dir="0" index="0" bw="1" slack="0"/>
<pin id="301" dir="0" index="1" bw="1" slack="0"/>
<pin id="302" dir="1" index="2" bw="1" slack="0"/>
</pin_list>
<bind>
<opcode="xor(25) " fcode="xor"/>
<opset="xor_ln100/2 "/>
</bind>
</comp>

<comp id="305" class="1004" name="or_ln100_fu_305">
<pin_list>
<pin id="306" dir="0" index="0" bw="1" slack="0"/>
<pin id="307" dir="0" index="1" bw="1" slack="0"/>
<pin id="308" dir="1" index="2" bw="1" slack="3"/>
</pin_list>
<bind>
<opcode="or(24) " fcode="or"/>
<opset="or_ln100/2 "/>
</bind>
</comp>

<comp id="311" class="1004" name="add_ln100_1_fu_311">
<pin_list>
<pin id="312" dir="0" index="0" bw="31" slack="0"/>
<pin id="313" dir="0" index="1" bw="1" slack="0"/>
<pin id="314" dir="1" index="2" bw="31" slack="0"/>
</pin_list>
<bind>
<opcode="add(8) " fcode="add"/>
<opset="add_ln100_1/2 "/>
</bind>
</comp>

<comp id="317" class="1004" name="select_ln100_1_fu_317">
<pin_list>
<pin id="318" dir="0" index="0" bw="1" slack="0"/>
<pin id="319" dir="0" index="1" bw="31" slack="0"/>
<pin id="320" dir="0" index="2" bw="31" slack="0"/>
<pin id="321" dir="1" index="3" bw="31" slack="1"/>
</pin_list>
<bind>
<opcode="select(49) " fcode="select"/>
<opset="select_ln100_1/2 "/>
</bind>
</comp>

<comp id="325" class="1004" name="add_ln103_fu_325">
<pin_list>
<pin id="326" dir="0" index="0" bw="31" slack="0"/>
<pin id="327" dir="0" index="1" bw="1" slack="0"/>
<pin id="328" dir="1" index="2" bw="31" slack="1"/>
</pin_list>
<bind>
<opcode="add(8) " fcode="add"/>
<opset="add_ln103/2 "/>
</bind>
</comp>

<comp id="331" class="1004" name="add_ln100_fu_331">
<pin_list>
<pin id="332" dir="0" index="0" bw="64" slack="1"/>
<pin id="333" dir="0" index="1" bw="1" slack="0"/>
<pin id="334" dir="1" index="2" bw="64" slack="0"/>
</pin_list>
<bind>
<opcode="add(8) " fcode="add"/>
<opset="add_ln100/3 "/>
</bind>
</comp>

<comp id="336" class="1004" name="zext_ln100_1_fu_336">
<pin_list>
<pin id="337" dir="0" index="0" bw="31" slack="1"/>
<pin id="338" dir="1" index="1" bw="63" slack="0"/>
</pin_list>
<bind>
<opcode="zext(34) " fcode="zext"/>
<opset="zext_ln100_1/3 "/>
</bind>
</comp>

<comp id="340" class="1004" name="select_ln103_fu_340">
<pin_list>
<pin id="341" dir="0" index="0" bw="1" slack="1"/>
<pin id="342" dir="0" index="1" bw="31" slack="1"/>
<pin id="343" dir="0" index="2" bw="3" slack="0"/>
<pin id="344" dir="1" index="3" bw="31" slack="0"/>
</pin_list>
<bind>
<opcode="select(49) " fcode="select"/>
<opset="select_ln103/3 "/>
</bind>
</comp>

<comp id="346" class="1004" name="zext_ln103_2_fu_346">
<pin_list>
<pin id="347" dir="0" index="0" bw="31" slack="0"/>
<pin id="348" dir="1" index="1" bw="32" slack="0"/>
</pin_list>
<bind>
<opcode="zext(34) " fcode="zext"/>
<opset="zext_ln103_2/3 "/>
</bind>
</comp>

<comp id="350" class="1004" name="icmp_ln103_1_fu_350">
<pin_list>
<pin id="351" dir="0" index="0" bw="31" slack="0"/>
<pin id="352" dir="0" index="1" bw="32" slack="2"/>
<pin id="353" dir="1" index="2" bw="1" slack="25"/>
</pin_list>
<bind>
<opcode="icmp(45) " fcode="icmp"/>
<opset="icmp_ln103_1/3 "/>
</bind>
</comp>

<comp id="355" class="1004" name="store_ln100_store_fu_355">
<pin_list>
<pin id="356" dir="0" index="0" bw="64" slack="0"/>
<pin id="357" dir="0" index="1" bw="64" slack="2"/>
<pin id="358" dir="1" index="2" bw="0" slack="2147483647"/>
</pin_list>
<bind>
<opcode="store(28) " fcode="store"/>
<opset="store_ln100/3 "/>
</bind>
</comp>

<comp id="360" class="1004" name="store_ln100_store_fu_360">
<pin_list>
<pin id="361" dir="0" index="0" bw="31" slack="1"/>
<pin id="362" dir="0" index="1" bw="31" slack="2"/>
<pin id="363" dir="1" index="2" bw="0" slack="2147483647"/>
</pin_list>
<bind>
<opcode="store(28) " fcode="store"/>
<opset="store_ln100/3 "/>
</bind>
</comp>

<comp id="364" class="1004" name="store_ln97_store_fu_364">
<pin_list>
<pin id="365" dir="0" index="0" bw="31" slack="0"/>
<pin id="366" dir="0" index="1" bw="31" slack="2"/>
<pin id="367" dir="1" index="2" bw="0" slack="2147483647"/>
</pin_list>
<bind>
<opcode="store(28) " fcode="store"/>
<opset="store_ln97/3 "/>
</bind>
</comp>

<comp id="369" class="1004" name="add_ln109_2_fu_369">
<pin_list>
<pin id="370" dir="0" index="0" bw="32" slack="3"/>
<pin id="371" dir="0" index="1" bw="1" slack="0"/>
<pin id="372" dir="1" index="2" bw="33" slack="1"/>
</pin_list>
<bind>
<opcode="add(8) " fcode="add"/>
<opset="add_ln109_2/4 "/>
</bind>
</comp>

<comp id="374" class="1004" name="indvar3_load_load_fu_374">
<pin_list>
<pin id="375" dir="0" index="0" bw="31" slack="4"/>
<pin id="376" dir="1" index="1" bw="31" slack="0"/>
</pin_list>
<bind>
<opcode="load(27) " fcode="load"/>
<opset="indvar3_load/5 "/>
</bind>
</comp>

<comp id="377" class="1004" name="select_ln100_fu_377">
<pin_list>
<pin id="378" dir="0" index="0" bw="1" slack="3"/>
<pin id="379" dir="0" index="1" bw="31" slack="0"/>
<pin id="380" dir="0" index="2" bw="1" slack="0"/>
<pin id="381" dir="1" index="3" bw="31" slack="0"/>
</pin_list>
<bind>
<opcode="select(49) " fcode="select"/>
<opset="select_ln100/5 "/>
</bind>
</comp>

<comp id="384" class="1004" name="sext_ln100_1_fu_384">
<pin_list>
<pin id="385" dir="0" index="0" bw="63" slack="1"/>
<pin id="386" dir="1" index="1" bw="64" slack="0"/>
</pin_list>
<bind>
<opcode="sext(35) " fcode="sext"/>
<opset="sext_ln100_1/5 "/>
</bind>
</comp>

<comp id="387" class="1004" name="add_ln100_2_fu_387">
<pin_list>
<pin id="388" dir="0" index="0" bw="63" slack="0"/>
<pin id="389" dir="0" index="1" bw="64" slack="4"/>
<pin id="390" dir="1" index="2" bw="64" slack="0"/>
</pin_list>
<bind>
<opcode="add(8) " fcode="add"/>
<opset="add_ln100_2/5 "/>
</bind>
</comp>

<comp id="392" class="1004" name="gmem_addr_fu_392">
<pin_list>
<pin id="393" dir="0" index="0" bw="8" slack="0"/>
<pin id="394" dir="0" index="1" bw="64" slack="0"/>
<pin id="395" dir="1" index="2" bw="8" slack="1"/>
</pin_list>
<bind>
<opcode="getelementptr(29) " fcode="getelementptr"/>
<opset="gmem_addr/5 "/>
</bind>
</comp>

<comp id="398" class="1004" name="zext_ln103_fu_398">
<pin_list>
<pin id="399" dir="0" index="0" bw="31" slack="0"/>
<pin id="400" dir="1" index="1" bw="63" slack="0"/>
</pin_list>
<bind>
<opcode="zext(34) " fcode="zext"/>
<opset="zext_ln103/5 "/>
</bind>
</comp>

<comp id="402" class="1004" name="add_ln109_1_fu_402">
<pin_list>
<pin id="403" dir="0" index="0" bw="63" slack="1"/>
<pin id="404" dir="0" index="1" bw="31" slack="0"/>
<pin id="405" dir="1" index="2" bw="63" slack="0"/>
</pin_list>
<bind>
<opcode="add(8) " fcode="add"/>
<opset="add_ln109_1/5 "/>
</bind>
</comp>

<comp id="407" class="1004" name="sext_ln109_fu_407">
<pin_list>
<pin id="408" dir="0" index="0" bw="33" slack="1"/>
<pin id="409" dir="1" index="1" bw="63" slack="0"/>
</pin_list>
<bind>
<opcode="sext(35) " fcode="sext"/>
<opset="sext_ln109/5 "/>
</bind>
</comp>

<comp id="410" class="1004" name="add_ln109_fu_410">
<pin_list>
<pin id="411" dir="0" index="0" bw="33" slack="0"/>
<pin id="412" dir="0" index="1" bw="63" slack="0"/>
<pin id="413" dir="1" index="2" bw="63" slack="1"/>
</pin_list>
<bind>
<opcode="add(8) " fcode="add"/>
<opset="add_ln109/5 "/>
</bind>
</comp>

<comp id="416" class="1004" name="gmem_addr_4_fu_416">
<pin_list>
<pin id="417" dir="0" index="0" bw="8" slack="0"/>
<pin id="418" dir="0" index="1" bw="64" slack="0"/>
<pin id="419" dir="1" index="2" bw="8" slack="22"/>
</pin_list>
<bind>
<opcode="getelementptr(29) " fcode="getelementptr"/>
<opset="gmem_addr_4/5 "/>
</bind>
</comp>

<comp id="422" class="1004" name="add_ln103_1_fu_422">
<pin_list>
<pin id="423" dir="0" index="0" bw="31" slack="0"/>
<pin id="424" dir="0" index="1" bw="1" slack="0"/>
<pin id="425" dir="1" index="2" bw="31" slack="0"/>
</pin_list>
<bind>
<opcode="add(8) " fcode="add"/>
<opset="add_ln103_1/5 "/>
</bind>
</comp>

<comp id="428" class="1004" name="store_ln103_store_fu_428">
<pin_list>
<pin id="429" dir="0" index="0" bw="31" slack="0"/>
<pin id="430" dir="0" index="1" bw="31" slack="4"/>
<pin id="431" dir="1" index="2" bw="0" slack="2147483647"/>
</pin_list>
<bind>
<opcode="store(28) " fcode="store"/>
<opset="store_ln103/5 "/>
</bind>
</comp>

<comp id="433" class="1004" name="add_ln109_cast_fu_433">
<pin_list>
<pin id="434" dir="0" index="0" bw="63" slack="1"/>
<pin id="435" dir="1" index="1" bw="64" slack="0"/>
</pin_list>
<bind>
<opcode="sext(35) " fcode="sext"/>
<opset="add_ln109_cast/6 "/>
</bind>
</comp>

<comp id="436" class="1004" name="empty_20_fu_436">
<pin_list>
<pin id="437" dir="0" index="0" bw="63" slack="0"/>
<pin id="438" dir="0" index="1" bw="64" slack="5"/>
<pin id="439" dir="1" index="2" bw="64" slack="0"/>
</pin_list>
<bind>
<opcode="add(8) " fcode="add"/>
<opset="empty_20/6 "/>
</bind>
</comp>

<comp id="441" class="1004" name="gmem_addr_1_fu_441">
<pin_list>
<pin id="442" dir="0" index="0" bw="8" slack="0"/>
<pin id="443" dir="0" index="1" bw="64" slack="0"/>
<pin id="444" dir="1" index="2" bw="8" slack="1"/>
</pin_list>
<bind>
<opcode="getelementptr(29) " fcode="getelementptr"/>
<opset="gmem_addr_1/6 "/>
</bind>
</comp>

<comp id="447" class="1004" name="empty_22_fu_447">
<pin_list>
<pin id="448" dir="0" index="0" bw="63" slack="1"/>
<pin id="449" dir="0" index="1" bw="32" slack="5"/>
<pin id="450" dir="1" index="2" bw="63" slack="1"/>
</pin_list>
<bind>
<opcode="add(8) " fcode="add"/>
<opset="empty_22/6 "/>
</bind>
</comp>

<comp id="451" class="1004" name="p_cast10_fu_451">
<pin_list>
<pin id="452" dir="0" index="0" bw="63" slack="1"/>
<pin id="453" dir="1" index="1" bw="64" slack="0"/>
</pin_list>
<bind>
<opcode="sext(35) " fcode="sext"/>
<opset="p_cast10/7 "/>
</bind>
</comp>

<comp id="454" class="1004" name="empty_23_fu_454">
<pin_list>
<pin id="455" dir="0" index="0" bw="63" slack="0"/>
<pin id="456" dir="0" index="1" bw="64" slack="6"/>
<pin id="457" dir="1" index="2" bw="64" slack="0"/>
</pin_list>
<bind>
<opcode="add(8) " fcode="add"/>
<opset="empty_23/7 "/>
</bind>
</comp>

<comp id="459" class="1004" name="gmem_addr_2_fu_459">
<pin_list>
<pin id="460" dir="0" index="0" bw="8" slack="0"/>
<pin id="461" dir="0" index="1" bw="64" slack="0"/>
<pin id="462" dir="1" index="2" bw="8" slack="3"/>
</pin_list>
<bind>
<opcode="getelementptr(29) " fcode="getelementptr"/>
<opset="gmem_addr_2/7 "/>
</bind>
</comp>

<comp id="465" class="1004" name="tmp3_fu_465">
<pin_list>
<pin id="466" dir="0" index="0" bw="32" slack="6"/>
<pin id="467" dir="0" index="1" bw="64" slack="6"/>
<pin id="468" dir="1" index="2" bw="64" slack="0"/>
</pin_list>
<bind>
<opcode="add(8) " fcode="add"/>
<opset="tmp3/7 "/>
</bind>
</comp>

<comp id="469" class="1004" name="empty_26_fu_469">
<pin_list>
<pin id="470" dir="0" index="0" bw="64" slack="0"/>
<pin id="471" dir="0" index="1" bw="63" slack="0"/>
<pin id="472" dir="1" index="2" bw="64" slack="0"/>
</pin_list>
<bind>
<opcode="add(8) " fcode="add"/>
<opset="empty_26/7 "/>
</bind>
</comp>

<comp id="475" class="1004" name="gmem_addr_3_fu_475">
<pin_list>
<pin id="476" dir="0" index="0" bw="8" slack="0"/>
<pin id="477" dir="0" index="1" bw="64" slack="0"/>
<pin id="478" dir="1" index="2" bw="8" slack="6"/>
</pin_list>
<bind>
<opcode="getelementptr(29) " fcode="getelementptr"/>
<opset="gmem_addr_3/7 "/>
</bind>
</comp>

<comp id="481" class="1004" name="M00_fu_481">
<pin_list>
<pin id="482" dir="0" index="0" bw="9" slack="0"/>
<pin id="483" dir="0" index="1" bw="8" slack="3"/>
<pin id="484" dir="0" index="2" bw="1" slack="0"/>
<pin id="485" dir="1" index="3" bw="9" slack="0"/>
</pin_list>
<bind>
<opcode="bitconcatenate(1004) " fcode="bitconcatenate"/>
<opset="M00/21 "/>
</bind>
</comp>

<comp id="488" class="1004" name="zext_ln10_fu_488">
<pin_list>
<pin id="489" dir="0" index="0" bw="9" slack="0"/>
<pin id="490" dir="1" index="1" bw="11" slack="0"/>
</pin_list>
<bind>
<opcode="zext(34) " fcode="zext"/>
<opset="zext_ln10/21 "/>
</bind>
</comp>

<comp id="492" class="1004" name="M01_fu_492">
<pin_list>
<pin id="493" dir="0" index="0" bw="9" slack="0"/>
<pin id="494" dir="0" index="1" bw="8" slack="1"/>
<pin id="495" dir="0" index="2" bw="1" slack="0"/>
<pin id="496" dir="1" index="3" bw="9" slack="0"/>
</pin_list>
<bind>
<opcode="bitconcatenate(1004) " fcode="bitconcatenate"/>
<opset="M01/21 "/>
</bind>
</comp>

<comp id="499" class="1004" name="zext_ln11_fu_499">
<pin_list>
<pin id="500" dir="0" index="0" bw="9" slack="0"/>
<pin id="501" dir="1" index="1" bw="11" slack="0"/>
</pin_list>
<bind>
<opcode="zext(34) " fcode="zext"/>
<opset="zext_ln11/21 "/>
</bind>
</comp>

<comp id="503" class="1004" name="zext_ln12_fu_503">
<pin_list>
<pin id="504" dir="0" index="0" bw="8" slack="4"/>
<pin id="505" dir="1" index="1" bw="9" slack="0"/>
</pin_list>
<bind>
<opcode="zext(34) " fcode="zext"/>
<opset="zext_ln12/21 "/>
</bind>
</comp>

<comp id="506" class="1004" name="zext_ln13_fu_506">
<pin_list>
<pin id="507" dir="0" index="0" bw="8" slack="6"/>
<pin id="508" dir="1" index="1" bw="9" slack="0"/>
</pin_list>
<bind>
<opcode="zext(34) " fcode="zext"/>
<opset="zext_ln13/21 "/>
</bind>
</comp>

<comp id="509" class="1004" name="S00_fu_509">
<pin_list>
<pin id="510" dir="0" index="0" bw="8" slack="0"/>
<pin id="511" dir="0" index="1" bw="8" slack="0"/>
<pin id="512" dir="1" index="2" bw="9" slack="0"/>
</pin_list>
<bind>
<opcode="sub(10) " fcode="sub"/>
<opset="S00/21 "/>
</bind>
</comp>

<comp id="515" class="1004" name="sext_ln12_fu_515">
<pin_list>
<pin id="516" dir="0" index="0" bw="9" slack="0"/>
<pin id="517" dir="1" index="1" bw="11" slack="0"/>
</pin_list>
<bind>
<opcode="sext(35) " fcode="sext"/>
<opset="sext_ln12/21 "/>
</bind>
</comp>

<comp id="519" class="1004" name="A00_fu_519">
<pin_list>
<pin id="520" dir="0" index="0" bw="9" slack="0"/>
<pin id="521" dir="0" index="1" bw="9" slack="0"/>
<pin id="522" dir="1" index="2" bw="11" slack="0"/>
</pin_list>
<bind>
<opcode="sub(10) " fcode="sub"/>
<opset="A00/21 "/>
</bind>
</comp>

<comp id="525" class="1004" name="out_pix_7_fu_525">
<pin_list>
<pin id="526" dir="0" index="0" bw="11" slack="0"/>
<pin id="527" dir="0" index="1" bw="9" slack="0"/>
<pin id="528" dir="1" index="2" bw="11" slack="3"/>
</pin_list>
<bind>
<opcode="add(8) " fcode="add"/>
<opset="out_pix_7/21 "/>
</bind>
</comp>

<comp id="531" class="1004" name="M00_1_fu_531">
<pin_list>
<pin id="532" dir="0" index="0" bw="9" slack="0"/>
<pin id="533" dir="0" index="1" bw="8" slack="5"/>
<pin id="534" dir="0" index="2" bw="1" slack="0"/>
<pin id="535" dir="1" index="3" bw="9" slack="0"/>
</pin_list>
<bind>
<opcode="bitconcatenate(1004) " fcode="bitconcatenate"/>
<opset="M00_1/21 "/>
</bind>
</comp>

<comp id="538" class="1004" name="zext_ln30_fu_538">
<pin_list>
<pin id="539" dir="0" index="0" bw="9" slack="0"/>
<pin id="540" dir="1" index="1" bw="10" slack="0"/>
</pin_list>
<bind>
<opcode="zext(34) " fcode="zext"/>
<opset="zext_ln30/21 "/>
</bind>
</comp>

<comp id="542" class="1004" name="add_ln32_1_fu_542">
<pin_list>
<pin id="543" dir="0" index="0" bw="8" slack="0"/>
<pin id="544" dir="0" index="1" bw="8" slack="0"/>
<pin id="545" dir="1" index="2" bw="9" slack="0"/>
</pin_list>
<bind>
<opcode="add(8) " fcode="add"/>
<opset="add_ln32_1/21 "/>
</bind>
</comp>

<comp id="548" class="1004" name="zext_ln32_fu_548">
<pin_list>
<pin id="549" dir="0" index="0" bw="9" slack="0"/>
<pin id="550" dir="1" index="1" bw="10" slack="0"/>
</pin_list>
<bind>
<opcode="zext(34) " fcode="zext"/>
<opset="zext_ln32/21 "/>
</bind>
</comp>

<comp id="552" class="1004" name="add_ln32_fu_552">
<pin_list>
<pin id="553" dir="0" index="0" bw="9" slack="0"/>
<pin id="554" dir="0" index="1" bw="9" slack="0"/>
<pin id="555" dir="1" index="2" bw="10" slack="3"/>
</pin_list>
<bind>
<opcode="add(8) " fcode="add"/>
<opset="add_ln32/21 "/>
</bind>
</comp>

<comp id="558" class="1004" name="zext_ln12_1_fu_558">
<pin_list>
<pin id="559" dir="0" index="0" bw="8" slack="1"/>
<pin id="560" dir="1" index="1" bw="10" slack="0"/>
</pin_list>
<bind>
<opcode="zext(34) " fcode="zext"/>
<opset="zext_ln12_1/24 "/>
</bind>
</comp>

<comp id="561" class="1004" name="zext_ln12_2_fu_561">
<pin_list>
<pin id="562" dir="0" index="0" bw="8" slack="1"/>
<pin id="563" dir="1" index="1" bw="11" slack="0"/>
</pin_list>
<bind>
<opcode="zext(34) " fcode="zext"/>
<opset="zext_ln12_2/24 "/>
</bind>
</comp>

<comp id="564" class="1004" name="zext_ln13_1_fu_564">
<pin_list>
<pin id="565" dir="0" index="0" bw="8" slack="3"/>
<pin id="566" dir="1" index="1" bw="11" slack="0"/>
</pin_list>
<bind>
<opcode="zext(34) " fcode="zext"/>
<opset="zext_ln13_1/24 "/>
</bind>
</comp>

<comp id="567" class="1004" name="out_pix_8_fu_567">
<pin_list>
<pin id="568" dir="0" index="0" bw="11" slack="3"/>
<pin id="569" dir="0" index="1" bw="8" slack="0"/>
<pin id="570" dir="1" index="2" bw="11" slack="0"/>
</pin_list>
<bind>
<opcode="sub(10) " fcode="sub"/>
<opset="out_pix_8/24 "/>
</bind>
</comp>

<comp id="572" class="1004" name="out_pix_fu_572">
<pin_list>
<pin id="573" dir="0" index="0" bw="11" slack="0"/>
<pin id="574" dir="0" index="1" bw="8" slack="0"/>
<pin id="575" dir="1" index="2" bw="11" slack="0"/>
</pin_list>
<bind>
<opcode="add(8) " fcode="add"/>
<opset="out_pix/24 "/>
</bind>
</comp>

<comp id="578" class="1004" name="trunc_ln14_fu_578">
<pin_list>
<pin id="579" dir="0" index="0" bw="11" slack="0"/>
<pin id="580" dir="1" index="1" bw="10" slack="0"/>
</pin_list>
<bind>
<opcode="trunc(33) " fcode="trunc"/>
<opset="trunc_ln14/24 "/>
</bind>
</comp>

<comp id="582" class="1004" name="neg_fu_582">
<pin_list>
<pin id="583" dir="0" index="0" bw="1" slack="0"/>
<pin id="584" dir="0" index="1" bw="10" slack="0"/>
<pin id="585" dir="1" index="2" bw="10" slack="0"/>
</pin_list>
<bind>
<opcode="sub(10) " fcode="sub"/>
<opset="neg/24 "/>
</bind>
</comp>

<comp id="588" class="1004" name="abscond_fu_588">
<pin_list>
<pin id="589" dir="0" index="0" bw="11" slack="0"/>
<pin id="590" dir="0" index="1" bw="1" slack="0"/>
<pin id="591" dir="1" index="2" bw="1" slack="0"/>
</pin_list>
<bind>
<opcode="icmp(45) " fcode="icmp"/>
<opset="abscond/24 "/>
</bind>
</comp>

<comp id="594" class="1004" name="out_pix_3_fu_594">
<pin_list>
<pin id="595" dir="0" index="0" bw="1" slack="0"/>
<pin id="596" dir="0" index="1" bw="10" slack="0"/>
<pin id="597" dir="0" index="2" bw="10" slack="0"/>
<pin id="598" dir="1" index="3" bw="10" slack="0"/>
</pin_list>
<bind>
<opcode="select(49) " fcode="select"/>
<opset="out_pix_3/24 "/>
</bind>
</comp>

<comp id="602" class="1004" name="trunc_ln25_fu_602">
<pin_list>
<pin id="603" dir="0" index="0" bw="10" slack="0"/>
<pin id="604" dir="1" index="1" bw="8" slack="1"/>
</pin_list>
<bind>
<opcode="trunc(33) " fcode="trunc"/>
<opset="trunc_ln25/24 "/>
</bind>
</comp>

<comp id="606" class="1004" name="tmp_fu_606">
<pin_list>
<pin id="607" dir="0" index="0" bw="2" slack="0"/>
<pin id="608" dir="0" index="1" bw="10" slack="0"/>
<pin id="609" dir="0" index="2" bw="5" slack="0"/>
<pin id="610" dir="0" index="3" bw="5" slack="0"/>
<pin id="611" dir="1" index="4" bw="2" slack="1"/>
</pin_list>
<bind>
<opcode="partselect(1002) " fcode="partselect"/>
<opset="tmp/24 "/>
</bind>
</comp>

<comp id="616" class="1004" name="M01_1_fu_616">
<pin_list>
<pin id="617" dir="0" index="0" bw="9" slack="0"/>
<pin id="618" dir="0" index="1" bw="8" slack="2"/>
<pin id="619" dir="0" index="2" bw="1" slack="0"/>
<pin id="620" dir="1" index="3" bw="9" slack="0"/>
</pin_list>
<bind>
<opcode="bitconcatenate(1004) " fcode="bitconcatenate"/>
<opset="M01_1/24 "/>
</bind>
</comp>

<comp id="623" class="1004" name="zext_ln31_fu_623">
<pin_list>
<pin id="624" dir="0" index="0" bw="9" slack="0"/>
<pin id="625" dir="1" index="1" bw="10" slack="0"/>
</pin_list>
<bind>
<opcode="zext(34) " fcode="zext"/>
<opset="zext_ln31/24 "/>
</bind>
</comp>

<comp id="627" class="1004" name="zext_ln35_fu_627">
<pin_list>
<pin id="628" dir="0" index="0" bw="10" slack="3"/>
<pin id="629" dir="1" index="1" bw="11" slack="0"/>
</pin_list>
<bind>
<opcode="zext(34) " fcode="zext"/>
<opset="zext_ln35/24 "/>
</bind>
</comp>

<comp id="630" class="1004" name="out_pix_9_fu_630">
<pin_list>
<pin id="631" dir="0" index="0" bw="8" slack="0"/>
<pin id="632" dir="0" index="1" bw="10" slack="0"/>
<pin id="633" dir="1" index="2" bw="11" slack="0"/>
</pin_list>
<bind>
<opcode="sub(10) " fcode="sub"/>
<opset="out_pix_9/24 "/>
</bind>
</comp>

<comp id="636" class="1004" name="add_ln37_fu_636">
<pin_list>
<pin id="637" dir="0" index="0" bw="9" slack="0"/>
<pin id="638" dir="0" index="1" bw="8" slack="0"/>
<pin id="639" dir="1" index="2" bw="10" slack="0"/>
</pin_list>
<bind>
<opcode="add(8) " fcode="add"/>
<opset="add_ln37/24 "/>
</bind>
</comp>

<comp id="642" class="1004" name="zext_ln37_fu_642">
<pin_list>
<pin id="643" dir="0" index="0" bw="10" slack="0"/>
<pin id="644" dir="1" index="1" bw="11" slack="0"/>
</pin_list>
<bind>
<opcode="zext(34) " fcode="zext"/>
<opset="zext_ln37/24 "/>
</bind>
</comp>

<comp id="646" class="1004" name="out_pix_5_fu_646">
<pin_list>
<pin id="647" dir="0" index="0" bw="10" slack="0"/>
<pin id="648" dir="0" index="1" bw="11" slack="0"/>
<pin id="649" dir="1" index="2" bw="11" slack="0"/>
</pin_list>
<bind>
<opcode="add(8) " fcode="add"/>
<opset="out_pix_5/24 "/>
</bind>
</comp>

<comp id="652" class="1004" name="trunc_ln34_fu_652">
<pin_list>
<pin id="653" dir="0" index="0" bw="11" slack="0"/>
<pin id="654" dir="1" index="1" bw="10" slack="1"/>
</pin_list>
<bind>
<opcode="trunc(33) " fcode="trunc"/>
<opset="trunc_ln34/24 "/>
</bind>
</comp>

<comp id="656" class="1004" name="abscond3_fu_656">
<pin_list>
<pin id="657" dir="0" index="0" bw="11" slack="0"/>
<pin id="658" dir="0" index="1" bw="1" slack="0"/>
<pin id="659" dir="1" index="2" bw="1" slack="1"/>
</pin_list>
<bind>
<opcode="icmp(45) " fcode="icmp"/>
<opset="abscond3/24 "/>
</bind>
</comp>

<comp id="662" class="1004" name="icmp_ln21_fu_662">
<pin_list>
<pin id="663" dir="0" index="0" bw="2" slack="1"/>
<pin id="664" dir="0" index="1" bw="1" slack="0"/>
<pin id="665" dir="1" index="2" bw="1" slack="0"/>
</pin_list>
<bind>
<opcode="icmp(45) " fcode="icmp"/>
<opset="icmp_ln21/25 "/>
</bind>
</comp>

<comp id="667" class="1004" name="g_x_fu_667">
<pin_list>
<pin id="668" dir="0" index="0" bw="1" slack="0"/>
<pin id="669" dir="0" index="1" bw="1" slack="0"/>
<pin id="670" dir="0" index="2" bw="8" slack="1"/>
<pin id="671" dir="1" index="3" bw="8" slack="0"/>
</pin_list>
<bind>
<opcode="select(49) " fcode="select"/>
<opset="g_x/25 "/>
</bind>
</comp>

<comp id="674" class="1004" name="neg2_fu_674">
<pin_list>
<pin id="675" dir="0" index="0" bw="1" slack="0"/>
<pin id="676" dir="0" index="1" bw="10" slack="1"/>
<pin id="677" dir="1" index="2" bw="10" slack="0"/>
</pin_list>
<bind>
<opcode="sub(10) " fcode="sub"/>
<opset="neg2/25 "/>
</bind>
</comp>

<comp id="679" class="1004" name="out_pix_6_fu_679">
<pin_list>
<pin id="680" dir="0" index="0" bw="1" slack="1"/>
<pin id="681" dir="0" index="1" bw="10" slack="1"/>
<pin id="682" dir="0" index="2" bw="10" slack="0"/>
<pin id="683" dir="1" index="3" bw="10" slack="0"/>
</pin_list>
<bind>
<opcode="select(49) " fcode="select"/>
<opset="out_pix_6/25 "/>
</bind>
</comp>

<comp id="685" class="1004" name="trunc_ln45_fu_685">
<pin_list>
<pin id="686" dir="0" index="0" bw="10" slack="0"/>
<pin id="687" dir="1" index="1" bw="8" slack="0"/>
</pin_list>
<bind>
<opcode="trunc(33) " fcode="trunc"/>
<opset="trunc_ln45/25 "/>
</bind>
</comp>

<comp id="689" class="1004" name="tmp_1_fu_689">
<pin_list>
<pin id="690" dir="0" index="0" bw="2" slack="0"/>
<pin id="691" dir="0" index="1" bw="10" slack="0"/>
<pin id="692" dir="0" index="2" bw="5" slack="0"/>
<pin id="693" dir="0" index="3" bw="5" slack="0"/>
<pin id="694" dir="1" index="4" bw="2" slack="0"/>
</pin_list>
<bind>
<opcode="partselect(1002) " fcode="partselect"/>
<opset="tmp_1/25 "/>
</bind>
</comp>

<comp id="699" class="1004" name="icmp_ln41_fu_699">
<pin_list>
<pin id="700" dir="0" index="0" bw="2" slack="0"/>
<pin id="701" dir="0" index="1" bw="1" slack="0"/>
<pin id="702" dir="1" index="2" bw="1" slack="0"/>
</pin_list>
<bind>
<opcode="icmp(45) " fcode="icmp"/>
<opset="icmp_ln41/25 "/>
</bind>
</comp>

<comp id="705" class="1004" name="g_y_fu_705">
<pin_list>
<pin id="706" dir="0" index="0" bw="1" slack="0"/>
<pin id="707" dir="0" index="1" bw="1" slack="0"/>
<pin id="708" dir="0" index="2" bw="8" slack="0"/>
<pin id="709" dir="1" index="3" bw="8" slack="0"/>
</pin_list>
<bind>
<opcode="select(49) " fcode="select"/>
<opset="g_y/25 "/>
</bind>
</comp>

<comp id="713" class="1004" name="zext_ln54_fu_713">
<pin_list>
<pin id="714" dir="0" index="0" bw="8" slack="0"/>
<pin id="715" dir="1" index="1" bw="9" slack="0"/>
</pin_list>
<bind>
<opcode="zext(34) " fcode="zext"/>
<opset="zext_ln54/25 "/>
</bind>
</comp>

<comp id="717" class="1004" name="zext_ln54_1_fu_717">
<pin_list>
<pin id="718" dir="0" index="0" bw="8" slack="0"/>
<pin id="719" dir="1" index="1" bw="9" slack="0"/>
</pin_list>
<bind>
<opcode="zext(34) " fcode="zext"/>
<opset="zext_ln54_1/25 "/>
</bind>
</comp>

<comp id="721" class="1004" name="sobel_1_fu_721">
<pin_list>
<pin id="722" dir="0" index="0" bw="8" slack="0"/>
<pin id="723" dir="0" index="1" bw="8" slack="0"/>
<pin id="724" dir="1" index="2" bw="8" slack="1"/>
</pin_list>
<bind>
<opcode="add(8) " fcode="add"/>
<opset="sobel_1/25 "/>
</bind>
</comp>

<comp id="727" class="1004" name="temp_fu_727">
<pin_list>
<pin id="728" dir="0" index="0" bw="8" slack="0"/>
<pin id="729" dir="0" index="1" bw="8" slack="0"/>
<pin id="730" dir="1" index="2" bw="9" slack="0"/>
</pin_list>
<bind>
<opcode="add(8) " fcode="add"/>
<opset="temp/25 "/>
</bind>
</comp>

<comp id="733" class="1004" name="tmp_2_fu_733">
<pin_list>
<pin id="734" dir="0" index="0" bw="1" slack="0"/>
<pin id="735" dir="0" index="1" bw="9" slack="0"/>
<pin id="736" dir="0" index="2" bw="5" slack="0"/>
<pin id="737" dir="1" index="3" bw="1" slack="1"/>
</pin_list>
<bind>
<opcode="bitselect(1000) " fcode="bitselect"/>
<opset="tmp_2/25 "/>
</bind>
</comp>

<comp id="741" class="1004" name="sobel_2_fu_741">
<pin_list>
<pin id="742" dir="0" index="0" bw="1" slack="1"/>
<pin id="743" dir="0" index="1" bw="1" slack="0"/>
<pin id="744" dir="0" index="2" bw="8" slack="1"/>
<pin id="745" dir="1" index="3" bw="8" slack="1"/>
</pin_list>
<bind>
<opcode="select(49) " fcode="select"/>
<opset="sobel_2/26 "/>
</bind>
</comp>

<comp id="747" class="1005" name="col_reg_747">
<pin_list>
<pin id="748" dir="0" index="0" bw="31" slack="0"/>
<pin id="749" dir="1" index="1" bw="31" slack="0"/>
</pin_list>
<bind>
<opset="col "/>
</bind>
</comp>

<comp id="754" class="1005" name="indvar3_reg_754">
<pin_list>
<pin id="755" dir="0" index="0" bw="31" slack="0"/>
<pin id="756" dir="1" index="1" bw="31" slack="0"/>
</pin_list>
<bind>
<opset="indvar3 "/>
</bind>
</comp>

<comp id="761" class="1005" name="indvar_reg_761">
<pin_list>
<pin id="762" dir="0" index="0" bw="31" slack="0"/>
<pin id="763" dir="1" index="1" bw="31" slack="0"/>
</pin_list>
<bind>
<opset="indvar "/>
</bind>
</comp>

<comp id="768" class="1005" name="indvar_flatten_reg_768">
<pin_list>
<pin id="769" dir="0" index="0" bw="64" slack="0"/>
<pin id="770" dir="1" index="1" bw="64" slack="0"/>
</pin_list>
<bind>
<opset="indvar_flatten "/>
</bind>
</comp>

<comp id="775" class="1005" name="dst_read_reg_775">
<pin_list>
<pin id="776" dir="0" index="0" bw="64" slack="4"/>
<pin id="777" dir="1" index="1" bw="64" slack="4"/>
</pin_list>
<bind>
<opset="dst_read "/>
</bind>
</comp>

<comp id="780" class="1005" name="sub2_read_reg_780">
<pin_list>
<pin id="781" dir="0" index="0" bw="32" slack="1"/>
<pin id="782" dir="1" index="1" bw="32" slack="1"/>
</pin_list>
<bind>
<opset="sub2_read "/>
</bind>
</comp>

<comp id="786" class="1005" name="src_read_reg_786">
<pin_list>
<pin id="787" dir="0" index="0" bw="64" slack="5"/>
<pin id="788" dir="1" index="1" bw="64" slack="5"/>
</pin_list>
<bind>
<opset="src_read "/>
</bind>
</comp>

<comp id="793" class="1005" name="mul_ln62_read_reg_793">
<pin_list>
<pin id="794" dir="0" index="0" bw="64" slack="1"/>
<pin id="795" dir="1" index="1" bw="64" slack="1"/>
</pin_list>
<bind>
<opset="mul_ln62_read "/>
</bind>
</comp>

<comp id="798" class="1005" name="zext_ln100_cast_reg_798">
<pin_list>
<pin id="799" dir="0" index="0" bw="64" slack="5"/>
<pin id="800" dir="1" index="1" bw="64" slack="5"/>
</pin_list>
<bind>
<opset="zext_ln100_cast "/>
</bind>
</comp>

<comp id="803" class="1005" name="sext_ln100_cast_reg_803">
<pin_list>
<pin id="804" dir="0" index="0" bw="64" slack="6"/>
<pin id="805" dir="1" index="1" bw="64" slack="6"/>
</pin_list>
<bind>
<opset="sext_ln100_cast "/>
</bind>
</comp>

<comp id="808" class="1005" name="cols_cast_cast_reg_808">
<pin_list>
<pin id="809" dir="0" index="0" bw="63" slack="2"/>
<pin id="810" dir="1" index="1" bw="63" slack="2"/>
</pin_list>
<bind>
<opset="cols_cast_cast "/>
</bind>
</comp>

<comp id="814" class="1005" name="cols_cast6_cast_reg_814">
<pin_list>
<pin id="815" dir="0" index="0" bw="33" slack="3"/>
<pin id="816" dir="1" index="1" bw="33" slack="3"/>
</pin_list>
<bind>
<opset="cols_cast6_cast "/>
</bind>
</comp>

<comp id="819" class="1005" name="indvar_flatten_load_reg_819">
<pin_list>
<pin id="820" dir="0" index="0" bw="64" slack="1"/>
<pin id="821" dir="1" index="1" bw="64" slack="1"/>
</pin_list>
<bind>
<opset="indvar_flatten_load "/>
</bind>
</comp>

<comp id="824" class="1005" name="icmp_ln100_reg_824">
<pin_list>
<pin id="825" dir="0" index="0" bw="1" slack="1"/>
<pin id="826" dir="1" index="1" bw="1" slack="2147483647"/>
</pin_list>
<bind>
<opset="icmp_ln100 "/>
</bind>
</comp>

<comp id="828" class="1005" name="icmp_ln103_reg_828">
<pin_list>
<pin id="829" dir="0" index="0" bw="1" slack="1"/>
<pin id="830" dir="1" index="1" bw="1" slack="1"/>
</pin_list>
<bind>
<opset="icmp_ln103 "/>
</bind>
</comp>

<comp id="834" class="1005" name="or_ln100_reg_834">
<pin_list>
<pin id="835" dir="0" index="0" bw="1" slack="3"/>
<pin id="836" dir="1" index="1" bw="1" slack="2147483647"/>
</pin_list>
<bind>
<opset="or_ln100 "/>
</bind>
</comp>

<comp id="838" class="1005" name="select_ln100_1_reg_838">
<pin_list>
<pin id="839" dir="0" index="0" bw="31" slack="1"/>
<pin id="840" dir="1" index="1" bw="31" slack="1"/>
</pin_list>
<bind>
<opset="select_ln100_1 "/>
</bind>
</comp>

<comp id="844" class="1005" name="add_ln103_reg_844">
<pin_list>
<pin id="845" dir="0" index="0" bw="31" slack="1"/>
<pin id="846" dir="1" index="1" bw="31" slack="1"/>
</pin_list>
<bind>
<opset="add_ln103 "/>
</bind>
</comp>

<comp id="849" class="1005" name="zext_ln100_1_reg_849">
<pin_list>
<pin id="850" dir="0" index="0" bw="63" slack="1"/>
<pin id="851" dir="1" index="1" bw="63" slack="1"/>
</pin_list>
<bind>
<opset="zext_ln100_1 "/>
</bind>
</comp>

<comp id="854" class="1005" name="icmp_ln103_1_reg_854">
<pin_list>
<pin id="855" dir="0" index="0" bw="1" slack="25"/>
<pin id="856" dir="1" index="1" bw="1" slack="2147483647"/>
</pin_list>
<bind>
<opset="icmp_ln103_1 "/>
</bind>
</comp>

<comp id="858" class="1005" name="mul_ln100_reg_858">
<pin_list>
<pin id="859" dir="0" index="0" bw="63" slack="1"/>
<pin id="860" dir="1" index="1" bw="63" slack="1"/>
</pin_list>
<bind>
<opset="mul_ln100 "/>
</bind>
</comp>

<comp id="864" class="1005" name="add_ln109_2_reg_864">
<pin_list>
<pin id="865" dir="0" index="0" bw="33" slack="1"/>
<pin id="866" dir="1" index="1" bw="33" slack="1"/>
</pin_list>
<bind>
<opset="add_ln109_2 "/>
</bind>
</comp>

<comp id="869" class="1005" name="gmem_addr_reg_869">
<pin_list>
<pin id="870" dir="0" index="0" bw="8" slack="1"/>
<pin id="871" dir="1" index="1" bw="8" slack="1"/>
</pin_list>
<bind>
<opset="gmem_addr "/>
</bind>
</comp>

<comp id="874" class="1005" name="add_ln109_reg_874">
<pin_list>
<pin id="875" dir="0" index="0" bw="63" slack="1"/>
<pin id="876" dir="1" index="1" bw="63" slack="1"/>
</pin_list>
<bind>
<opset="add_ln109 "/>
</bind>
</comp>

<comp id="880" class="1005" name="gmem_addr_4_reg_880">
<pin_list>
<pin id="881" dir="0" index="0" bw="8" slack="22"/>
<pin id="882" dir="1" index="1" bw="8" slack="22"/>
</pin_list>
<bind>
<opset="gmem_addr_4 "/>
</bind>
</comp>

<comp id="886" class="1005" name="gmem_addr_1_reg_886">
<pin_list>
<pin id="887" dir="0" index="0" bw="8" slack="1"/>
<pin id="888" dir="1" index="1" bw="8" slack="1"/>
</pin_list>
<bind>
<opset="gmem_addr_1 "/>
</bind>
</comp>

<comp id="892" class="1005" name="empty_22_reg_892">
<pin_list>
<pin id="893" dir="0" index="0" bw="63" slack="1"/>
<pin id="894" dir="1" index="1" bw="63" slack="1"/>
</pin_list>
<bind>
<opset="empty_22 "/>
</bind>
</comp>

<comp id="897" class="1005" name="gmem_addr_2_reg_897">
<pin_list>
<pin id="898" dir="0" index="0" bw="8" slack="3"/>
<pin id="899" dir="1" index="1" bw="8" slack="3"/>
</pin_list>
<bind>
<opset="gmem_addr_2 "/>
</bind>
</comp>

<comp id="903" class="1005" name="gmem_addr_3_reg_903">
<pin_list>
<pin id="904" dir="0" index="0" bw="8" slack="6"/>
<pin id="905" dir="1" index="1" bw="8" slack="6"/>
</pin_list>
<bind>
<opset="gmem_addr_3 "/>
</bind>
</comp>

<comp id="909" class="1005" name="sobel_kernel_reg_909">
<pin_list>
<pin id="910" dir="0" index="0" bw="8" slack="6"/>
<pin id="911" dir="1" index="1" bw="8" slack="6"/>
</pin_list>
<bind>
<opset="sobel_kernel "/>
</bind>
</comp>

<comp id="914" class="1005" name="sobel_kernel_1_reg_914">
<pin_list>
<pin id="915" dir="0" index="0" bw="8" slack="5"/>
<pin id="916" dir="1" index="1" bw="8" slack="5"/>
</pin_list>
<bind>
<opset="sobel_kernel_1 "/>
</bind>
</comp>

<comp id="919" class="1005" name="sobel_kernel_2_reg_919">
<pin_list>
<pin id="920" dir="0" index="0" bw="8" slack="4"/>
<pin id="921" dir="1" index="1" bw="8" slack="4"/>
</pin_list>
<bind>
<opset="sobel_kernel_2 "/>
</bind>
</comp>

<comp id="924" class="1005" name="sobel_kernel_3_reg_924">
<pin_list>
<pin id="925" dir="0" index="0" bw="8" slack="3"/>
<pin id="926" dir="1" index="1" bw="8" slack="3"/>
</pin_list>
<bind>
<opset="sobel_kernel_3 "/>
</bind>
</comp>

<comp id="929" class="1005" name="sobel_kernel_4_reg_929">
<pin_list>
<pin id="930" dir="0" index="0" bw="8" slack="1"/>
<pin id="931" dir="1" index="1" bw="8" slack="1"/>
</pin_list>
<bind>
<opset="sobel_kernel_4 "/>
</bind>
</comp>

<comp id="934" class="1005" name="sobel_kernel_5_reg_934">
<pin_list>
<pin id="935" dir="0" index="0" bw="8" slack="3"/>
<pin id="936" dir="1" index="1" bw="8" slack="3"/>
</pin_list>
<bind>
<opset="sobel_kernel_5 "/>
</bind>
</comp>

<comp id="939" class="1005" name="out_pix_7_reg_939">
<pin_list>
<pin id="940" dir="0" index="0" bw="11" slack="3"/>
<pin id="941" dir="1" index="1" bw="11" slack="3"/>
</pin_list>
<bind>
<opset="out_pix_7 "/>
</bind>
</comp>

<comp id="944" class="1005" name="add_ln32_reg_944">
<pin_list>
<pin id="945" dir="0" index="0" bw="10" slack="3"/>
<pin id="946" dir="1" index="1" bw="10" slack="3"/>
</pin_list>
<bind>
<opset="add_ln32 "/>
</bind>
</comp>

<comp id="949" class="1005" name="sobel_kernel_6_reg_949">
<pin_list>
<pin id="950" dir="0" index="0" bw="8" slack="2"/>
<pin id="951" dir="1" index="1" bw="8" slack="2"/>
</pin_list>
<bind>
<opset="sobel_kernel_6 "/>
</bind>
</comp>

<comp id="954" class="1005" name="sobel_kernel_7_reg_954">
<pin_list>
<pin id="955" dir="0" index="0" bw="8" slack="1"/>
<pin id="956" dir="1" index="1" bw="8" slack="1"/>
</pin_list>
<bind>
<opset="sobel_kernel_7 "/>
</bind>
</comp>

<comp id="960" class="1005" name="trunc_ln25_reg_960">
<pin_list>
<pin id="961" dir="0" index="0" bw="8" slack="1"/>
<pin id="962" dir="1" index="1" bw="8" slack="1"/>
</pin_list>
<bind>
<opset="trunc_ln25 "/>
</bind>
</comp>

<comp id="965" class="1005" name="tmp_reg_965">
<pin_list>
<pin id="966" dir="0" index="0" bw="2" slack="1"/>
<pin id="967" dir="1" index="1" bw="2" slack="1"/>
</pin_list>
<bind>
<opset="tmp "/>
</bind>
</comp>

<comp id="970" class="1005" name="trunc_ln34_reg_970">
<pin_list>
<pin id="971" dir="0" index="0" bw="10" slack="1"/>
<pin id="972" dir="1" index="1" bw="10" slack="1"/>
</pin_list>
<bind>
<opset="trunc_ln34 "/>
</bind>
</comp>

<comp id="976" class="1005" name="abscond3_reg_976">
<pin_list>
<pin id="977" dir="0" index="0" bw="1" slack="1"/>
<pin id="978" dir="1" index="1" bw="1" slack="1"/>
</pin_list>
<bind>
<opset="abscond3 "/>
</bind>
</comp>

<comp id="981" class="1005" name="sobel_1_reg_981">
<pin_list>
<pin id="982" dir="0" index="0" bw="8" slack="1"/>
<pin id="983" dir="1" index="1" bw="8" slack="1"/>
</pin_list>
<bind>
<opset="sobel_1 "/>
</bind>
</comp>

<comp id="986" class="1005" name="tmp_2_reg_986">
<pin_list>
<pin id="987" dir="0" index="0" bw="1" slack="1"/>
<pin id="988" dir="1" index="1" bw="1" slack="1"/>
</pin_list>
<bind>
<opset="tmp_2 "/>
</bind>
</comp>

<comp id="991" class="1005" name="sobel_2_reg_991">
<pin_list>
<pin id="992" dir="0" index="0" bw="8" slack="1"/>
<pin id="993" dir="1" index="1" bw="8" slack="1"/>
</pin_list>
<bind>
<opset="sobel_2 "/>
</bind>
</comp>

</comp_list>

<net_list>
<net id="107"><net_src comp="18" pin="0"/><net_sink comp="104" pin=0"/></net>

<net id="111"><net_src comp="18" pin="0"/><net_sink comp="108" pin=0"/></net>

<net id="115"><net_src comp="18" pin="0"/><net_sink comp="112" pin=0"/></net>

<net id="119"><net_src comp="18" pin="0"/><net_sink comp="116" pin=0"/></net>

<net id="124"><net_src comp="20" pin="0"/><net_sink comp="120" pin=0"/></net>

<net id="125"><net_src comp="16" pin="0"/><net_sink comp="120" pin=1"/></net>

<net id="130"><net_src comp="22" pin="0"/><net_sink comp="126" pin=0"/></net>

<net id="131"><net_src comp="14" pin="0"/><net_sink comp="126" pin=1"/></net>

<net id="136"><net_src comp="24" pin="0"/><net_sink comp="132" pin=0"/></net>

<net id="137"><net_src comp="12" pin="0"/><net_sink comp="132" pin=1"/></net>

<net id="142"><net_src comp="24" pin="0"/><net_sink comp="138" pin=0"/></net>

<net id="143"><net_src comp="10" pin="0"/><net_sink comp="138" pin=1"/></net>

<net id="148"><net_src comp="24" pin="0"/><net_sink comp="144" pin=0"/></net>

<net id="149"><net_src comp="8" pin="0"/><net_sink comp="144" pin=1"/></net>

<net id="154"><net_src comp="20" pin="0"/><net_sink comp="150" pin=0"/></net>

<net id="155"><net_src comp="6" pin="0"/><net_sink comp="150" pin=1"/></net>

<net id="160"><net_src comp="24" pin="0"/><net_sink comp="156" pin=0"/></net>

<net id="161"><net_src comp="4" pin="0"/><net_sink comp="156" pin=1"/></net>

<net id="166"><net_src comp="20" pin="0"/><net_sink comp="162" pin=0"/></net>

<net id="167"><net_src comp="2" pin="0"/><net_sink comp="162" pin=1"/></net>

<net id="173"><net_src comp="72" pin="0"/><net_sink comp="168" pin=0"/></net>

<net id="179"><net_src comp="74" pin="0"/><net_sink comp="174" pin=0"/></net>

<net id="180"><net_src comp="76" pin="0"/><net_sink comp="174" pin=2"/></net>

<net id="186"><net_src comp="74" pin="0"/><net_sink comp="181" pin=0"/></net>

<net id="187"><net_src comp="76" pin="0"/><net_sink comp="181" pin=2"/></net>

<net id="193"><net_src comp="74" pin="0"/><net_sink comp="188" pin=0"/></net>

<net id="194"><net_src comp="76" pin="0"/><net_sink comp="188" pin=2"/></net>

<net id="199"><net_src comp="78" pin="0"/><net_sink comp="195" pin=0"/></net>

<net id="204"><net_src comp="78" pin="0"/><net_sink comp="200" pin=0"/></net>

<net id="209"><net_src comp="78" pin="0"/><net_sink comp="205" pin=0"/></net>

<net id="216"><net_src comp="100" pin="0"/><net_sink comp="210" pin=0"/></net>

<net id="217"><net_src comp="50" pin="0"/><net_sink comp="210" pin=3"/></net>

<net id="222"><net_src comp="102" pin="0"/><net_sink comp="218" pin=0"/></net>

<net id="226"><net_src comp="50" pin="0"/><net_sink comp="223" pin=0"/></net>

<net id="227"><net_src comp="52" pin="0"/><net_sink comp="223" pin=0"/></net>

<net id="234"><net_src comp="223" pin="1"/><net_sink comp="228" pin=0"/></net>

<net id="235"><net_src comp="223" pin="1"/><net_sink comp="228" pin=2"/></net>

<net id="243"><net_src comp="126" pin="2"/><net_sink comp="240" pin=0"/></net>

<net id="247"><net_src comp="138" pin="2"/><net_sink comp="244" pin=0"/></net>

<net id="251"><net_src comp="144" pin="2"/><net_sink comp="248" pin=0"/></net>

<net id="255"><net_src comp="156" pin="2"/><net_sink comp="252" pin=0"/></net>

<net id="260"><net_src comp="44" pin="0"/><net_sink comp="256" pin=0"/></net>

<net id="265"><net_src comp="46" pin="0"/><net_sink comp="261" pin=0"/></net>

<net id="270"><net_src comp="46" pin="0"/><net_sink comp="266" pin=0"/></net>

<net id="275"><net_src comp="48" pin="0"/><net_sink comp="271" pin=0"/></net>

<net id="286"><net_src comp="279" pin="1"/><net_sink comp="282" pin=0"/></net>

<net id="293"><net_src comp="276" pin="1"/><net_sink comp="290" pin=0"/></net>

<net id="298"><net_src comp="290" pin="1"/><net_sink comp="294" pin=0"/></net>

<net id="303"><net_src comp="294" pin="2"/><net_sink comp="299" pin=0"/></net>

<net id="304"><net_src comp="50" pin="0"/><net_sink comp="299" pin=1"/></net>

<net id="309"><net_src comp="228" pin="4"/><net_sink comp="305" pin=0"/></net>

<net id="310"><net_src comp="299" pin="2"/><net_sink comp="305" pin=1"/></net>

<net id="315"><net_src comp="287" pin="1"/><net_sink comp="311" pin=0"/></net>

<net id="316"><net_src comp="48" pin="0"/><net_sink comp="311" pin=1"/></net>

<net id="322"><net_src comp="294" pin="2"/><net_sink comp="317" pin=0"/></net>

<net id="323"><net_src comp="287" pin="1"/><net_sink comp="317" pin=1"/></net>

<net id="324"><net_src comp="311" pin="2"/><net_sink comp="317" pin=2"/></net>

<net id="329"><net_src comp="276" pin="1"/><net_sink comp="325" pin=0"/></net>

<net id="330"><net_src comp="48" pin="0"/><net_sink comp="325" pin=1"/></net>

<net id="335"><net_src comp="56" pin="0"/><net_sink comp="331" pin=1"/></net>

<net id="339"><net_src comp="336" pin="1"/><net_sink comp="236" pin=0"/></net>

<net id="345"><net_src comp="58" pin="0"/><net_sink comp="340" pin=2"/></net>

<net id="349"><net_src comp="340" pin="3"/><net_sink comp="346" pin=0"/></net>

<net id="354"><net_src comp="346" pin="1"/><net_sink comp="350" pin=0"/></net>

<net id="359"><net_src comp="331" pin="2"/><net_sink comp="355" pin=0"/></net>

<net id="368"><net_src comp="340" pin="3"/><net_sink comp="364" pin=0"/></net>

<net id="373"><net_src comp="60" pin="0"/><net_sink comp="369" pin=1"/></net>

<net id="382"><net_src comp="374" pin="1"/><net_sink comp="377" pin=1"/></net>

<net id="383"><net_src comp="46" pin="0"/><net_sink comp="377" pin=2"/></net>

<net id="391"><net_src comp="384" pin="1"/><net_sink comp="387" pin=0"/></net>

<net id="396"><net_src comp="0" pin="0"/><net_sink comp="392" pin=0"/></net>

<net id="397"><net_src comp="387" pin="2"/><net_sink comp="392" pin=1"/></net>

<net id="401"><net_src comp="377" pin="3"/><net_sink comp="398" pin=0"/></net>

<net id="406"><net_src comp="398" pin="1"/><net_sink comp="402" pin=1"/></net>

<net id="414"><net_src comp="407" pin="1"/><net_sink comp="410" pin=0"/></net>

<net id="415"><net_src comp="402" pin="2"/><net_sink comp="410" pin=1"/></net>

<net id="420"><net_src comp="0" pin="0"/><net_sink comp="416" pin=0"/></net>

<net id="421"><net_src comp="387" pin="2"/><net_sink comp="416" pin=1"/></net>

<net id="426"><net_src comp="377" pin="3"/><net_sink comp="422" pin=0"/></net>

<net id="427"><net_src comp="48" pin="0"/><net_sink comp="422" pin=1"/></net>

<net id="432"><net_src comp="422" pin="2"/><net_sink comp="428" pin=0"/></net>

<net id="440"><net_src comp="433" pin="1"/><net_sink comp="436" pin=0"/></net>

<net id="445"><net_src comp="0" pin="0"/><net_sink comp="441" pin=0"/></net>

<net id="446"><net_src comp="436" pin="2"/><net_sink comp="441" pin=1"/></net>

<net id="458"><net_src comp="451" pin="1"/><net_sink comp="454" pin=0"/></net>

<net id="463"><net_src comp="0" pin="0"/><net_sink comp="459" pin=0"/></net>

<net id="464"><net_src comp="454" pin="2"/><net_sink comp="459" pin=1"/></net>

<net id="473"><net_src comp="465" pin="2"/><net_sink comp="469" pin=0"/></net>

<net id="474"><net_src comp="451" pin="1"/><net_sink comp="469" pin=1"/></net>

<net id="479"><net_src comp="0" pin="0"/><net_sink comp="475" pin=0"/></net>

<net id="480"><net_src comp="469" pin="2"/><net_sink comp="475" pin=1"/></net>

<net id="486"><net_src comp="80" pin="0"/><net_sink comp="481" pin=0"/></net>

<net id="487"><net_src comp="52" pin="0"/><net_sink comp="481" pin=2"/></net>

<net id="491"><net_src comp="481" pin="3"/><net_sink comp="488" pin=0"/></net>

<net id="497"><net_src comp="80" pin="0"/><net_sink comp="492" pin=0"/></net>

<net id="498"><net_src comp="52" pin="0"/><net_sink comp="492" pin=2"/></net>

<net id="502"><net_src comp="492" pin="3"/><net_sink comp="499" pin=0"/></net>

<net id="513"><net_src comp="503" pin="1"/><net_sink comp="509" pin=0"/></net>

<net id="514"><net_src comp="506" pin="1"/><net_sink comp="509" pin=1"/></net>

<net id="518"><net_src comp="509" pin="2"/><net_sink comp="515" pin=0"/></net>

<net id="523"><net_src comp="515" pin="1"/><net_sink comp="519" pin=0"/></net>

<net id="524"><net_src comp="488" pin="1"/><net_sink comp="519" pin=1"/></net>

<net id="529"><net_src comp="519" pin="2"/><net_sink comp="525" pin=0"/></net>

<net id="530"><net_src comp="499" pin="1"/><net_sink comp="525" pin=1"/></net>

<net id="536"><net_src comp="80" pin="0"/><net_sink comp="531" pin=0"/></net>

<net id="537"><net_src comp="52" pin="0"/><net_sink comp="531" pin=2"/></net>

<net id="541"><net_src comp="531" pin="3"/><net_sink comp="538" pin=0"/></net>

<net id="546"><net_src comp="506" pin="1"/><net_sink comp="542" pin=0"/></net>

<net id="547"><net_src comp="503" pin="1"/><net_sink comp="542" pin=1"/></net>

<net id="551"><net_src comp="542" pin="2"/><net_sink comp="548" pin=0"/></net>

<net id="556"><net_src comp="548" pin="1"/><net_sink comp="552" pin=0"/></net>

<net id="557"><net_src comp="538" pin="1"/><net_sink comp="552" pin=1"/></net>

<net id="571"><net_src comp="564" pin="1"/><net_sink comp="567" pin=1"/></net>

<net id="576"><net_src comp="567" pin="2"/><net_sink comp="572" pin=0"/></net>

<net id="577"><net_src comp="561" pin="1"/><net_sink comp="572" pin=1"/></net>

<net id="581"><net_src comp="572" pin="2"/><net_sink comp="578" pin=0"/></net>

<net id="586"><net_src comp="82" pin="0"/><net_sink comp="582" pin=0"/></net>

<net id="587"><net_src comp="578" pin="1"/><net_sink comp="582" pin=1"/></net>

<net id="592"><net_src comp="572" pin="2"/><net_sink comp="588" pin=0"/></net>

<net id="593"><net_src comp="84" pin="0"/><net_sink comp="588" pin=1"/></net>

<net id="599"><net_src comp="588" pin="2"/><net_sink comp="594" pin=0"/></net>

<net id="600"><net_src comp="578" pin="1"/><net_sink comp="594" pin=1"/></net>

<net id="601"><net_src comp="582" pin="2"/><net_sink comp="594" pin=2"/></net>

<net id="605"><net_src comp="594" pin="3"/><net_sink comp="602" pin=0"/></net>

<net id="612"><net_src comp="86" pin="0"/><net_sink comp="606" pin=0"/></net>

<net id="613"><net_src comp="594" pin="3"/><net_sink comp="606" pin=1"/></net>

<net id="614"><net_src comp="88" pin="0"/><net_sink comp="606" pin=2"/></net>

<net id="615"><net_src comp="90" pin="0"/><net_sink comp="606" pin=3"/></net>

<net id="621"><net_src comp="80" pin="0"/><net_sink comp="616" pin=0"/></net>

<net id="622"><net_src comp="52" pin="0"/><net_sink comp="616" pin=2"/></net>

<net id="626"><net_src comp="616" pin="3"/><net_sink comp="623" pin=0"/></net>

<net id="634"><net_src comp="564" pin="1"/><net_sink comp="630" pin=0"/></net>

<net id="635"><net_src comp="627" pin="1"/><net_sink comp="630" pin=1"/></net>

<net id="640"><net_src comp="623" pin="1"/><net_sink comp="636" pin=0"/></net>

<net id="641"><net_src comp="558" pin="1"/><net_sink comp="636" pin=1"/></net>

<net id="645"><net_src comp="636" pin="2"/><net_sink comp="642" pin=0"/></net>

<net id="650"><net_src comp="642" pin="1"/><net_sink comp="646" pin=0"/></net>

<net id="651"><net_src comp="630" pin="2"/><net_sink comp="646" pin=1"/></net>

<net id="655"><net_src comp="646" pin="2"/><net_sink comp="652" pin=0"/></net>

<net id="660"><net_src comp="646" pin="2"/><net_sink comp="656" pin=0"/></net>

<net id="661"><net_src comp="84" pin="0"/><net_sink comp="656" pin=1"/></net>

<net id="666"><net_src comp="92" pin="0"/><net_sink comp="662" pin=1"/></net>

<net id="672"><net_src comp="662" pin="2"/><net_sink comp="667" pin=0"/></net>

<net id="673"><net_src comp="94" pin="0"/><net_sink comp="667" pin=1"/></net>

<net id="678"><net_src comp="82" pin="0"/><net_sink comp="674" pin=0"/></net>

<net id="684"><net_src comp="674" pin="2"/><net_sink comp="679" pin=2"/></net>

<net id="688"><net_src comp="679" pin="3"/><net_sink comp="685" pin=0"/></net>

<net id="695"><net_src comp="86" pin="0"/><net_sink comp="689" pin=0"/></net>

<net id="696"><net_src comp="679" pin="3"/><net_sink comp="689" pin=1"/></net>

<net id="697"><net_src comp="88" pin="0"/><net_sink comp="689" pin=2"/></net>

<net id="698"><net_src comp="90" pin="0"/><net_sink comp="689" pin=3"/></net>

<net id="703"><net_src comp="689" pin="4"/><net_sink comp="699" pin=0"/></net>

<net id="704"><net_src comp="92" pin="0"/><net_sink comp="699" pin=1"/></net>

<net id="710"><net_src comp="699" pin="2"/><net_sink comp="705" pin=0"/></net>

<net id="711"><net_src comp="94" pin="0"/><net_sink comp="705" pin=1"/></net>

<net id="712"><net_src comp="685" pin="1"/><net_sink comp="705" pin=2"/></net>

<net id="716"><net_src comp="667" pin="3"/><net_sink comp="713" pin=0"/></net>

<net id="720"><net_src comp="705" pin="3"/><net_sink comp="717" pin=0"/></net>

<net id="725"><net_src comp="705" pin="3"/><net_sink comp="721" pin=0"/></net>

<net id="726"><net_src comp="667" pin="3"/><net_sink comp="721" pin=1"/></net>

<net id="731"><net_src comp="717" pin="1"/><net_sink comp="727" pin=0"/></net>

<net id="732"><net_src comp="713" pin="1"/><net_sink comp="727" pin=1"/></net>

<net id="738"><net_src comp="96" pin="0"/><net_sink comp="733" pin=0"/></net>

<net id="739"><net_src comp="727" pin="2"/><net_sink comp="733" pin=1"/></net>

<net id="740"><net_src comp="88" pin="0"/><net_sink comp="733" pin=2"/></net>

<net id="746"><net_src comp="94" pin="0"/><net_sink comp="741" pin=1"/></net>

<net id="750"><net_src comp="104" pin="1"/><net_sink comp="747" pin=0"/></net>

<net id="751"><net_src comp="747" pin="1"/><net_sink comp="271" pin=1"/></net>

<net id="752"><net_src comp="747" pin="1"/><net_sink comp="276" pin=0"/></net>

<net id="753"><net_src comp="747" pin="1"/><net_sink comp="364" pin=1"/></net>

<net id="757"><net_src comp="108" pin="1"/><net_sink comp="754" pin=0"/></net>

<net id="758"><net_src comp="754" pin="1"/><net_sink comp="266" pin=1"/></net>

<net id="759"><net_src comp="754" pin="1"/><net_sink comp="374" pin=0"/></net>

<net id="760"><net_src comp="754" pin="1"/><net_sink comp="428" pin=1"/></net>

<net id="764"><net_src comp="112" pin="1"/><net_sink comp="761" pin=0"/></net>

<net id="765"><net_src comp="761" pin="1"/><net_sink comp="261" pin=1"/></net>

<net id="766"><net_src comp="761" pin="1"/><net_sink comp="287" pin=0"/></net>

<net id="767"><net_src comp="761" pin="1"/><net_sink comp="360" pin=1"/></net>

<net id="771"><net_src comp="116" pin="1"/><net_sink comp="768" pin=0"/></net>

<net id="772"><net_src comp="768" pin="1"/><net_sink comp="256" pin=1"/></net>

<net id="773"><net_src comp="768" pin="1"/><net_sink comp="279" pin=0"/></net>

<net id="774"><net_src comp="768" pin="1"/><net_sink comp="355" pin=1"/></net>

<net id="778"><net_src comp="120" pin="2"/><net_sink comp="775" pin=0"/></net>

<net id="779"><net_src comp="775" pin="1"/><net_sink comp="387" pin=1"/></net>

<net id="783"><net_src comp="132" pin="2"/><net_sink comp="780" pin=0"/></net>

<net id="784"><net_src comp="780" pin="1"/><net_sink comp="294" pin=1"/></net>

<net id="785"><net_src comp="780" pin="1"/><net_sink comp="350" pin=1"/></net>

<net id="789"><net_src comp="150" pin="2"/><net_sink comp="786" pin=0"/></net>

<net id="790"><net_src comp="786" pin="1"/><net_sink comp="436" pin=1"/></net>

<net id="791"><net_src comp="786" pin="1"/><net_sink comp="454" pin=1"/></net>

<net id="792"><net_src comp="786" pin="1"/><net_sink comp="465" pin=1"/></net>

<net id="796"><net_src comp="162" pin="2"/><net_sink comp="793" pin=0"/></net>

<net id="797"><net_src comp="793" pin="1"/><net_sink comp="282" pin=1"/></net>

<net id="801"><net_src comp="240" pin="1"/><net_sink comp="798" pin=0"/></net>

<net id="802"><net_src comp="798" pin="1"/><net_sink comp="168" pin=2"/></net>

<net id="806"><net_src comp="244" pin="1"/><net_sink comp="803" pin=0"/></net>

<net id="807"><net_src comp="803" pin="1"/><net_sink comp="465" pin=0"/></net>

<net id="811"><net_src comp="248" pin="1"/><net_sink comp="808" pin=0"/></net>

<net id="812"><net_src comp="808" pin="1"/><net_sink comp="236" pin=1"/></net>

<net id="813"><net_src comp="808" pin="1"/><net_sink comp="447" pin=1"/></net>

<net id="817"><net_src comp="252" pin="1"/><net_sink comp="814" pin=0"/></net>

<net id="818"><net_src comp="814" pin="1"/><net_sink comp="369" pin=0"/></net>

<net id="822"><net_src comp="279" pin="1"/><net_sink comp="819" pin=0"/></net>

<net id="823"><net_src comp="819" pin="1"/><net_sink comp="331" pin=0"/></net>

<net id="827"><net_src comp="282" pin="2"/><net_sink comp="824" pin=0"/></net>

<net id="831"><net_src comp="294" pin="2"/><net_sink comp="828" pin=0"/></net>

<net id="832"><net_src comp="828" pin="1"/><net_sink comp="340" pin=0"/></net>

<net id="833"><net_src comp="828" pin="1"/><net_sink comp="377" pin=0"/></net>

<net id="837"><net_src comp="305" pin="2"/><net_sink comp="834" pin=0"/></net>

<net id="841"><net_src comp="317" pin="3"/><net_sink comp="838" pin=0"/></net>

<net id="842"><net_src comp="838" pin="1"/><net_sink comp="336" pin=0"/></net>

<net id="843"><net_src comp="838" pin="1"/><net_sink comp="360" pin=0"/></net>

<net id="847"><net_src comp="325" pin="2"/><net_sink comp="844" pin=0"/></net>

<net id="848"><net_src comp="844" pin="1"/><net_sink comp="340" pin=1"/></net>

<net id="852"><net_src comp="336" pin="1"/><net_sink comp="849" pin=0"/></net>

<net id="853"><net_src comp="849" pin="1"/><net_sink comp="236" pin=0"/></net>

<net id="857"><net_src comp="350" pin="2"/><net_sink comp="854" pin=0"/></net>

<net id="861"><net_src comp="236" pin="2"/><net_sink comp="858" pin=0"/></net>

<net id="862"><net_src comp="858" pin="1"/><net_sink comp="384" pin=0"/></net>

<net id="863"><net_src comp="858" pin="1"/><net_sink comp="402" pin=0"/></net>

<net id="867"><net_src comp="369" pin="2"/><net_sink comp="864" pin=0"/></net>

<net id="868"><net_src comp="864" pin="1"/><net_sink comp="407" pin=0"/></net>

<net id="872"><net_src comp="392" pin="2"/><net_sink comp="869" pin=0"/></net>

<net id="873"><net_src comp="869" pin="1"/><net_sink comp="168" pin=1"/></net>

<net id="877"><net_src comp="410" pin="2"/><net_sink comp="874" pin=0"/></net>

<net id="878"><net_src comp="874" pin="1"/><net_sink comp="433" pin=0"/></net>

<net id="879"><net_src comp="874" pin="1"/><net_sink comp="447" pin=0"/></net>

<net id="883"><net_src comp="416" pin="2"/><net_sink comp="880" pin=0"/></net>

<net id="884"><net_src comp="880" pin="1"/><net_sink comp="210" pin=1"/></net>

<net id="885"><net_src comp="880" pin="1"/><net_sink comp="218" pin=1"/></net>

<net id="889"><net_src comp="441" pin="2"/><net_sink comp="886" pin=0"/></net>

<net id="890"><net_src comp="886" pin="1"/><net_sink comp="174" pin=1"/></net>

<net id="891"><net_src comp="886" pin="1"/><net_sink comp="195" pin=1"/></net>

<net id="895"><net_src comp="447" pin="2"/><net_sink comp="892" pin=0"/></net>

<net id="896"><net_src comp="892" pin="1"/><net_sink comp="451" pin=0"/></net>

<net id="900"><net_src comp="459" pin="2"/><net_sink comp="897" pin=0"/></net>

<net id="901"><net_src comp="897" pin="1"/><net_sink comp="181" pin=1"/></net>

<net id="902"><net_src comp="897" pin="1"/><net_sink comp="200" pin=1"/></net>

<net id="906"><net_src comp="475" pin="2"/><net_sink comp="903" pin=0"/></net>

<net id="907"><net_src comp="903" pin="1"/><net_sink comp="188" pin=1"/></net>

<net id="908"><net_src comp="903" pin="1"/><net_sink comp="205" pin=1"/></net>

<net id="912"><net_src comp="195" pin="2"/><net_sink comp="909" pin=0"/></net>

<net id="913"><net_src comp="909" pin="1"/><net_sink comp="506" pin=0"/></net>

<net id="917"><net_src comp="195" pin="2"/><net_sink comp="914" pin=0"/></net>

<net id="918"><net_src comp="914" pin="1"/><net_sink comp="531" pin=1"/></net>

<net id="922"><net_src comp="195" pin="2"/><net_sink comp="919" pin=0"/></net>

<net id="923"><net_src comp="919" pin="1"/><net_sink comp="503" pin=0"/></net>

<net id="927"><net_src comp="200" pin="2"/><net_sink comp="924" pin=0"/></net>

<net id="928"><net_src comp="924" pin="1"/><net_sink comp="481" pin=1"/></net>

<net id="932"><net_src comp="200" pin="2"/><net_sink comp="929" pin=0"/></net>

<net id="933"><net_src comp="929" pin="1"/><net_sink comp="492" pin=1"/></net>

<net id="937"><net_src comp="205" pin="2"/><net_sink comp="934" pin=0"/></net>

<net id="938"><net_src comp="934" pin="1"/><net_sink comp="564" pin=0"/></net>

<net id="942"><net_src comp="525" pin="2"/><net_sink comp="939" pin=0"/></net>

<net id="943"><net_src comp="939" pin="1"/><net_sink comp="567" pin=0"/></net>

<net id="947"><net_src comp="552" pin="2"/><net_sink comp="944" pin=0"/></net>

<net id="948"><net_src comp="944" pin="1"/><net_sink comp="627" pin=0"/></net>

<net id="952"><net_src comp="205" pin="2"/><net_sink comp="949" pin=0"/></net>

<net id="953"><net_src comp="949" pin="1"/><net_sink comp="616" pin=1"/></net>

<net id="957"><net_src comp="205" pin="2"/><net_sink comp="954" pin=0"/></net>

<net id="958"><net_src comp="954" pin="1"/><net_sink comp="558" pin=0"/></net>

<net id="959"><net_src comp="954" pin="1"/><net_sink comp="561" pin=0"/></net>

<net id="963"><net_src comp="602" pin="1"/><net_sink comp="960" pin=0"/></net>

<net id="964"><net_src comp="960" pin="1"/><net_sink comp="667" pin=2"/></net>

<net id="968"><net_src comp="606" pin="4"/><net_sink comp="965" pin=0"/></net>

<net id="969"><net_src comp="965" pin="1"/><net_sink comp="662" pin=0"/></net>

<net id="973"><net_src comp="652" pin="1"/><net_sink comp="970" pin=0"/></net>

<net id="974"><net_src comp="970" pin="1"/><net_sink comp="674" pin=1"/></net>

<net id="975"><net_src comp="970" pin="1"/><net_sink comp="679" pin=1"/></net>

<net id="979"><net_src comp="656" pin="2"/><net_sink comp="976" pin=0"/></net>

<net id="980"><net_src comp="976" pin="1"/><net_sink comp="679" pin=0"/></net>

<net id="984"><net_src comp="721" pin="2"/><net_sink comp="981" pin=0"/></net>

<net id="985"><net_src comp="981" pin="1"/><net_sink comp="741" pin=2"/></net>

<net id="989"><net_src comp="733" pin="3"/><net_sink comp="986" pin=0"/></net>

<net id="990"><net_src comp="986" pin="1"/><net_sink comp="741" pin=0"/></net>

<net id="994"><net_src comp="741" pin="3"/><net_sink comp="991" pin=0"/></net>

<net id="995"><net_src comp="991" pin="1"/><net_sink comp="210" pin=2"/></net>

</net_list>

</model> 
---------------- Datapath Model END ------------------

* FSMD analyzer results:
  - Output states:
	Port: gmem | {6 27 28 29 30 31 32 }
 - Input state : 
	Port: sobel_Pipeline_VITIS_LOOP_100_1_VITIS_LOOP_103_2 : gmem | {7 8 9 10 11 12 13 14 15 16 17 18 19 20 21 22 23 }
	Port: sobel_Pipeline_VITIS_LOOP_100_1_VITIS_LOOP_103_2 : mul_ln62 | {1 }
	Port: sobel_Pipeline_VITIS_LOOP_100_1_VITIS_LOOP_103_2 : cols_cast6 | {1 }
	Port: sobel_Pipeline_VITIS_LOOP_100_1_VITIS_LOOP_103_2 : src | {1 }
	Port: sobel_Pipeline_VITIS_LOOP_100_1_VITIS_LOOP_103_2 : cols_cast | {1 }
	Port: sobel_Pipeline_VITIS_LOOP_100_1_VITIS_LOOP_103_2 : sext_ln100 | {1 }
	Port: sobel_Pipeline_VITIS_LOOP_100_1_VITIS_LOOP_103_2 : sub2 | {1 }
	Port: sobel_Pipeline_VITIS_LOOP_100_1_VITIS_LOOP_103_2 : zext_ln100 | {1 }
	Port: sobel_Pipeline_VITIS_LOOP_100_1_VITIS_LOOP_103_2 : dst | {1 }
  - Chain level:
	State 1
		store_ln0 : 1
		store_ln0 : 1
		store_ln0 : 1
		store_ln97 : 1
	State 2
		icmp_ln100 : 1
		br_ln100 : 2
		zext_ln103_1 : 1
		icmp_ln103 : 2
		xor_ln100 : 3
		or_ln100 : 3
		add_ln100_1 : 1
		select_ln100_1 : 3
		br_ln103 : 3
		add_ln103 : 1
	State 3
		mul_ln100 : 1
		zext_ln103_2 : 1
		icmp_ln103_1 : 2
		br_ln103 : 3
		store_ln100 : 1
		store_ln97 : 1
	State 4
	State 5
		select_ln100 : 1
		add_ln100_2 : 1
		gmem_addr : 2
		zext_ln103 : 2
		add_ln109_1 : 3
		add_ln109 : 4
		gmem_addr_4 : 2
		add_ln103_1 : 2
		store_ln103 : 3
	State 6
		empty_20 : 1
		gmem_addr_1 : 2
	State 7
		empty_23 : 1
		gmem_addr_2 : 2
		empty_26 : 1
		gmem_addr_3 : 2
	State 8
	State 9
	State 10
	State 11
	State 12
	State 13
	State 14
	State 15
	State 16
	State 17
	State 18
	State 19
	State 20
	State 21
		zext_ln10 : 1
		zext_ln11 : 1
		S00 : 1
		sext_ln12 : 2
		A00 : 3
		out_pix_7 : 4
		zext_ln30 : 1
		add_ln32_1 : 1
		zext_ln32 : 2
		add_ln32 : 3
	State 22
	State 23
	State 24
		out_pix_8 : 1
		out_pix : 2
		trunc_ln14 : 3
		neg : 4
		abscond : 3
		out_pix_3 : 5
		trunc_ln25 : 6
		tmp : 6
		zext_ln31 : 1
		out_pix_9 : 1
		add_ln37 : 2
		zext_ln37 : 3
		out_pix_5 : 4
		trunc_ln34 : 5
		abscond3 : 5
	State 25
		g_x : 1
		out_pix_6 : 1
		trunc_ln45 : 2
		tmp_1 : 2
		icmp_ln41 : 3
		g_y : 4
		zext_ln54 : 2
		zext_ln54_1 : 5
		sobel_1 : 5
		temp : 6
		tmp_2 : 7
	State 26
	State 27
	State 28
	State 29
	State 30
	State 31
	State 32


============================================================
+ Verbose Summary: Datapath Resource usage 
============================================================

* Functional unit list:
|----------|-----------------------------|---------|---------|---------|
| Operation|       Functional Unit       |   DSP   |    FF   |   LUT   |
|----------|-----------------------------|---------|---------|---------|
|          |      add_ln100_1_fu_311     |    0    |    0    |    38   |
|          |       add_ln103_fu_325      |    0    |    0    |    38   |
|          |       add_ln100_fu_331      |    0    |    0    |    71   |
|          |      add_ln109_2_fu_369     |    0    |    0    |    39   |
|          |      add_ln100_2_fu_387     |    0    |    0    |    71   |
|          |      add_ln109_1_fu_402     |    0    |    0    |    63   |
|          |       add_ln109_fu_410      |    0    |    0    |    63   |
|          |      add_ln103_1_fu_422     |    0    |    0    |    38   |
|          |       empty_20_fu_436       |    0    |    0    |    71   |
|          |       empty_22_fu_447       |    0    |    0    |    70   |
|    add   |       empty_23_fu_454       |    0    |    0    |    71   |
|          |         tmp3_fu_465         |    0    |    0    |    64   |
|          |       empty_26_fu_469       |    0    |    0    |    64   |
|          |       out_pix_7_fu_525      |    0    |    0    |    11   |
|          |      add_ln32_1_fu_542      |    0    |    0    |    15   |
|          |       add_ln32_fu_552       |    0    |    0    |    14   |
|          |        out_pix_fu_572       |    0    |    0    |    11   |
|          |       add_ln37_fu_636       |    0    |    0    |    14   |
|          |       out_pix_5_fu_646      |    0    |    0    |    11   |
|          |        sobel_1_fu_721       |    0    |    0    |    15   |
|          |         temp_fu_727         |    0    |    0    |    15   |
|----------|-----------------------------|---------|---------|---------|
|    mul   |          grp_fu_236         |    4    |   165   |    50   |
|----------|-----------------------------|---------|---------|---------|
|          |      icmp_ln100_fu_282      |    0    |    0    |    71   |
|          |      icmp_ln103_fu_294      |    0    |    0    |    39   |
|          |     icmp_ln103_1_fu_350     |    0    |    0    |    39   |
|   icmp   |        abscond_fu_588       |    0    |    0    |    12   |
|          |       abscond3_fu_656       |    0    |    0    |    12   |
|          |       icmp_ln21_fu_662      |    0    |    0    |    10   |
|          |       icmp_ln41_fu_699      |    0    |    0    |    10   |
|----------|-----------------------------|---------|---------|---------|
|          |    select_ln100_1_fu_317    |    0    |    0    |    31   |
|          |     select_ln103_fu_340     |    0    |    0    |    31   |
|          |     select_ln100_fu_377     |    0    |    0    |    31   |
|  select  |       out_pix_3_fu_594      |    0    |    0    |    10   |
|          |          g_x_fu_667         |    0    |    0    |    8    |
|          |       out_pix_6_fu_679      |    0    |    0    |    10   |
|          |          g_y_fu_705         |    0    |    0    |    8    |
|          |        sobel_2_fu_741       |    0    |    0    |    8    |
|----------|-----------------------------|---------|---------|---------|
|          |          S00_fu_509         |    0    |    0    |    15   |
|          |          A00_fu_519         |    0    |    0    |    9    |
|    sub   |       out_pix_8_fu_567      |    0    |    0    |    11   |
|          |          neg_fu_582         |    0    |    0    |    13   |
|          |       out_pix_9_fu_630      |    0    |    0    |    10   |
|          |         neg2_fu_674         |    0    |    0    |    13   |
|----------|-----------------------------|---------|---------|---------|
|    xor   |       xor_ln100_fu_299      |    0    |    0    |    2    |
|----------|-----------------------------|---------|---------|---------|
|    or    |       or_ln100_fu_305       |    0    |    0    |    2    |
|----------|-----------------------------|---------|---------|---------|
|          |     dst_read_read_fu_120    |    0    |    0    |    0    |
|          | zext_ln100_read_read_fu_126 |    0    |    0    |    0    |
|          |    sub2_read_read_fu_132    |    0    |    0    |    0    |
|          | sext_ln100_read_read_fu_138 |    0    |    0    |    0    |
|          |  cols_cast_read_read_fu_144 |    0    |    0    |    0    |
|   read   |     src_read_read_fu_150    |    0    |    0    |    0    |
|          | cols_cast6_read_read_fu_156 |    0    |    0    |    0    |
|          |  mul_ln62_read_read_fu_162  |    0    |    0    |    0    |
|          |       grp_read_fu_195       |    0    |    0    |    0    |
|          |       grp_read_fu_200       |    0    |    0    |    0    |
|          |       grp_read_fu_205       |    0    |    0    |    0    |
|----------|-----------------------------|---------|---------|---------|
| writereq |   empty_28_writereq_fu_168  |    0    |    0    |    0    |
|----------|-----------------------------|---------|---------|---------|
|          |      grp_readreq_fu_174     |    0    |    0    |    0    |
|  readreq |      grp_readreq_fu_181     |    0    |    0    |    0    |
|          |      grp_readreq_fu_188     |    0    |    0    |    0    |
|----------|-----------------------------|---------|---------|---------|
|   write  |   write_ln119_write_fu_210  |    0    |    0    |    0    |
|----------|-----------------------------|---------|---------|---------|
| writeresp|     grp_writeresp_fu_218    |    0    |    0    |    0    |
|----------|-----------------------------|---------|---------|---------|
|          |    zext_ln100_cast_fu_240   |    0    |    0    |    0    |
|          |     zext_ln103_1_fu_290     |    0    |    0    |    0    |
|          |     zext_ln100_1_fu_336     |    0    |    0    |    0    |
|          |     zext_ln103_2_fu_346     |    0    |    0    |    0    |
|          |      zext_ln103_fu_398      |    0    |    0    |    0    |
|          |       zext_ln10_fu_488      |    0    |    0    |    0    |
|          |       zext_ln11_fu_499      |    0    |    0    |    0    |
|          |       zext_ln12_fu_503      |    0    |    0    |    0    |
|          |       zext_ln13_fu_506      |    0    |    0    |    0    |
|   zext   |       zext_ln30_fu_538      |    0    |    0    |    0    |
|          |       zext_ln32_fu_548      |    0    |    0    |    0    |
|          |      zext_ln12_1_fu_558     |    0    |    0    |    0    |
|          |      zext_ln12_2_fu_561     |    0    |    0    |    0    |
|          |      zext_ln13_1_fu_564     |    0    |    0    |    0    |
|          |       zext_ln31_fu_623      |    0    |    0    |    0    |
|          |       zext_ln35_fu_627      |    0    |    0    |    0    |
|          |       zext_ln37_fu_642      |    0    |    0    |    0    |
|          |       zext_ln54_fu_713      |    0    |    0    |    0    |
|          |      zext_ln54_1_fu_717     |    0    |    0    |    0    |
|----------|-----------------------------|---------|---------|---------|
|          |    sext_ln100_cast_fu_244   |    0    |    0    |    0    |
|          |    cols_cast_cast_fu_248    |    0    |    0    |    0    |
|          |    cols_cast6_cast_fu_252   |    0    |    0    |    0    |
|   sext   |     sext_ln100_1_fu_384     |    0    |    0    |    0    |
|          |      sext_ln109_fu_407      |    0    |    0    |    0    |
|          |    add_ln109_cast_fu_433    |    0    |    0    |    0    |
|          |       p_cast10_fu_451       |    0    |    0    |    0    |
|          |       sext_ln12_fu_515      |    0    |    0    |    0    |
|----------|-----------------------------|---------|---------|---------|
|          |          M00_fu_481         |    0    |    0    |    0    |
|bitconcatenate|          M01_fu_492         |    0    |    0    |    0    |
|          |         M00_1_fu_531        |    0    |    0    |    0    |
|          |         M01_1_fu_616        |    0    |    0    |    0    |
|----------|-----------------------------|---------|---------|---------|
|          |      trunc_ln14_fu_578      |    0    |    0    |    0    |
|   trunc  |      trunc_ln25_fu_602      |    0    |    0    |    0    |
|          |      trunc_ln34_fu_652      |    0    |    0    |    0    |
|          |      trunc_ln45_fu_685      |    0    |    0    |    0    |
|----------|-----------------------------|---------|---------|---------|
|partselect|          tmp_fu_606         |    0    |    0    |    0    |
|          |         tmp_1_fu_689        |    0    |    0    |    0    |
|----------|-----------------------------|---------|---------|---------|
| bitselect|         tmp_2_fu_733        |    0    |    0    |    0    |
|----------|-----------------------------|---------|---------|---------|
|   Total  |                             |    4    |   165   |   1322  |
|----------|-----------------------------|---------|---------|---------|

Memories:
N/A

* Register list:
+---------------------------+--------+
|                           |   FF   |
+---------------------------+--------+
|      abscond3_reg_976     |    1   |
|     add_ln103_reg_844     |   31   |
|    add_ln109_2_reg_864    |   33   |
|     add_ln109_reg_874     |   63   |
|      add_ln32_reg_944     |   10   |
|        col_reg_747        |   31   |
|  cols_cast6_cast_reg_814  |   33   |
|   cols_cast_cast_reg_808  |   63   |
|      dst_read_reg_775     |   64   |
|      empty_22_reg_892     |   63   |
|    first_iter_0_reg_223   |    1   |
|    gmem_addr_1_reg_886    |    8   |
|    gmem_addr_2_reg_897    |    8   |
|    gmem_addr_3_reg_903    |    8   |
|    gmem_addr_4_reg_880    |    8   |
|     gmem_addr_reg_869     |    8   |
|     icmp_ln100_reg_824    |    1   |
|    icmp_ln103_1_reg_854   |    1   |
|     icmp_ln103_reg_828    |    1   |
|      indvar3_reg_754      |   31   |
|indvar_flatten_load_reg_819|   64   |
|   indvar_flatten_reg_768  |   64   |
|       indvar_reg_761      |   31   |
|     mul_ln100_reg_858     |   63   |
|   mul_ln62_read_reg_793   |   64   |
|      or_ln100_reg_834     |    1   |
|     out_pix_7_reg_939     |   11   |
|   select_ln100_1_reg_838  |   31   |
|  sext_ln100_cast_reg_803  |   64   |
|      sobel_1_reg_981      |    8   |
|      sobel_2_reg_991      |    8   |
|   sobel_kernel_1_reg_914  |    8   |
|   sobel_kernel_2_reg_919  |    8   |
|   sobel_kernel_3_reg_924  |    8   |
|   sobel_kernel_4_reg_929  |    8   |
|   sobel_kernel_5_reg_934  |    8   |
|   sobel_kernel_6_reg_949  |    8   |
|   sobel_kernel_7_reg_954  |    8   |
|    sobel_kernel_reg_909   |    8   |
|      src_read_reg_786     |   64   |
|     sub2_read_reg_780     |   32   |
|       tmp_2_reg_986       |    1   |
|        tmp_reg_965        |    2   |
|     trunc_ln25_reg_960    |    8   |
|     trunc_ln34_reg_970    |   10   |
|    zext_ln100_1_reg_849   |   63   |
|  zext_ln100_cast_reg_798  |   64   |
+---------------------------+--------+
|           Total           |  1184  |
+---------------------------+--------+

* Multiplexer (MUX) list: 
|----------------------|------|------|------|--------||---------||---------||---------|
|         Comp         |  Pin | Size |  BW  | S x BW ||  Delay  ||    FF   ||   LUT   |
|----------------------|------|------|------|--------||---------||---------||---------|
| first_iter_0_reg_223 |  p0  |   2  |   1  |    2   |
|      grp_fu_236      |  p0  |   2  |  31  |   62   ||    0    ||    9    |
|----------------------|------|------|------|--------||---------||---------||---------|
|         Total        |      |      |      |   64   ||  3.176  ||    0    ||    9    |
|----------------------|------|------|------|--------||---------||---------||---------|



* Summary:
+-----------+--------+--------+--------+--------+
|           |   DSP  |  Delay |   FF   |   LUT  |
+-----------+--------+--------+--------+--------+
|  Function |    4   |    -   |   165  |  1322  |
|   Memory  |    -   |    -   |    -   |    -   |
|Multiplexer|    -   |    3   |    0   |    9   |
|  Register |    -   |    -   |  1184  |    -   |
+-----------+--------+--------+--------+--------+
|   Total   |    4   |    3   |  1349  |  1331  |
+-----------+--------+--------+--------+--------+
