

================================================================
== Vitis HLS Report for 'sobel_Pipeline_VITIS_LOOP_77_1_VITIS_LOOP_80_2'
================================================================
* Date:           Sun Dec 29 09:48:52 2024

* Version:        2024.1 (Build 5069499 on May 21 2024)
* Project:        sobel
* Solution:       hls (Vivado IP Flow Target)
* Product family: zynq
* Target device:  xc7z020-clg400-1


================================================================
== Performance Estimates
================================================================
+ Timing: 
    * Summary: 
    +--------+----------+----------+------------+
    |  Clock |  Target  | Estimated| Uncertainty|
    +--------+----------+----------+------------+
    |ap_clk  |  10.00 ns|  7.300 ns|     2.70 ns|
    +--------+----------+----------+------------+

+ Latency: 
    * Summary: 
    +---------+---------+----------+-----------+-----+---------+-----------------------------------------------+
    |  Latency (cycles) |  Latency (absolute)  |    Interval   |                    Pipeline                   |
    |   min   |   max   |    min   |    max    | min |   max   |                      Type                     |
    +---------+---------+----------+-----------+-----+---------+-----------------------------------------------+
    |       31|  8294422|  0.310 us|  82.944 ms|   18|  8294409|  loop auto-rewind stp(delay=0 clock cycles(s))|
    +---------+---------+----------+-----------+-----+---------+-----------------------------------------------+

    + Detail: 
        * Instance: 
        N/A

        * Loop: 
        +-----------------------------------+---------+---------+----------+-----------+-----------+------------+----------+
        |                                   |  Latency (cycles) | Iteration|  Initiation Interval  |    Trip    |          |
        |             Loop Name             |   min   |   max   |  Latency |  achieved |   target  |    Count   | Pipelined|
        +-----------------------------------+---------+---------+----------+-----------+-----------+------------+----------+
        |- VITIS_LOOP_77_1_VITIS_LOOP_80_2  |       29|  8294420|        30|          9|          1|  1 ~ 921600|       yes|
        +-----------------------------------+---------+---------+----------+-----------+-----------+------------+----------+

============================================================
+ Verbose Summary: Synthesis Manager
============================================================
InlineROM: 1
ExposeGlobal: 0
============================================================
+ Verbose Summary: CDFG Model
============================================================
IsTopModel: 0
ResetActiveHigh: 1
IsCombinational: 0
IsDatapathOnly: 0
HasWiredReturn: 1
HasMFsm: 2
HasVarLatency: 1
IsPipeline: 0
IsRtlPipelined: 0
IsInstanceOverlapped: 0
IsDontTouch: 0
HasImplIP: 0
IsGatedGlobalClock: 0

+ Individual pipeline summary: 
  * Pipeline-0: initiation interval (II) = 9, depth = 31


============================================================
+ Verbose Summary: Schedule
============================================================
* Number of FSM states : 31
* Pipeline : 1
  Pipeline-0 : II = 9, D = 31, States = { 1 2 3 4 5 6 7 8 9 10 11 12 13 14 15 16 17 18 19 20 21 22 23 24 25 26 27 28 29 30 31 }
* Dataflow Pipeline: 0

* FSM state transitions: 
1 --> 2 
2 --> 3 
3 --> 4 
4 --> 5 
5 --> 6 
6 --> 7 
7 --> 8 
8 --> 9 
9 --> 10 
10 --> 11 
11 --> 12 
12 --> 13 
13 --> 14 
14 --> 15 
15 --> 16 
16 --> 17 
17 --> 18 
18 --> 19 
19 --> 20 
20 --> 21 
21 --> 22 
22 --> 23 
23 --> 24 
24 --> 25 
25 --> 26 
26 --> 27 
27 --> 28 
28 --> 29 
29 --> 30 
30 --> 31 
31 --> 

* FSM state operations: 

State 1 <SV = 0> <Delay = 1.58>
ST_1 : Operation 33 [1/1] (0.00ns)   --->   "%col = alloca i32 1" [../source/sobel_base.cpp:74]   --->   Operation 33 'alloca' 'col' <Predicate = true> <Delay = 0.00>
ST_1 : Operation 34 [1/1] (0.00ns)   --->   "%indvar3 = alloca i32 1"   --->   Operation 34 'alloca' 'indvar3' <Predicate = true> <Delay = 0.00>
ST_1 : Operation 35 [1/1] (0.00ns)   --->   "%indvar = alloca i32 1"   --->   Operation 35 'alloca' 'indvar' <Predicate = true> <Delay = 0.00>
ST_1 : Operation 36 [1/1] (0.00ns)   --->   "%indvar_flatten = alloca i32 1"   --->   Operation 36 'alloca' 'indvar_flatten' <Predicate = true> <Delay = 0.00>
ST_1 : Operation 37 [1/1] (0.00ns)   --->   "%dst_read = read i64 @_ssdm_op_Read.ap_auto.i64, i64 %dst"   --->   Operation 37 'read' 'dst_read' <Predicate = true> <Delay = 0.00>
ST_1 : Operation 38 [1/1] (0.00ns)   --->   "%zext_ln77_read = read i31 @_ssdm_op_Read.ap_auto.i31, i31 %zext_ln77"   --->   Operation 38 'read' 'zext_ln77_read' <Predicate = true> <Delay = 0.00>
ST_1 : Operation 39 [1/1] (0.00ns)   --->   "%sub2_read = read i32 @_ssdm_op_Read.ap_auto.i32, i32 %sub2"   --->   Operation 39 'read' 'sub2_read' <Predicate = true> <Delay = 0.00>
ST_1 : Operation 40 [1/1] (0.00ns)   --->   "%sext_ln77_read = read i32 @_ssdm_op_Read.ap_auto.i32, i32 %sext_ln77"   --->   Operation 40 'read' 'sext_ln77_read' <Predicate = true> <Delay = 0.00>
ST_1 : Operation 41 [1/1] (0.00ns)   --->   "%cols_cast_read = read i32 @_ssdm_op_Read.ap_auto.i32, i32 %cols_cast"   --->   Operation 41 'read' 'cols_cast_read' <Predicate = true> <Delay = 0.00>
ST_1 : Operation 42 [1/1] (0.00ns)   --->   "%src_read = read i64 @_ssdm_op_Read.ap_auto.i64, i64 %src"   --->   Operation 42 'read' 'src_read' <Predicate = true> <Delay = 0.00>
ST_1 : Operation 43 [1/1] (0.00ns)   --->   "%cols_cast6_read = read i32 @_ssdm_op_Read.ap_auto.i32, i32 %cols_cast6"   --->   Operation 43 'read' 'cols_cast6_read' <Predicate = true> <Delay = 0.00>
ST_1 : Operation 44 [1/1] (0.00ns)   --->   "%mul_ln66_read = read i64 @_ssdm_op_Read.ap_auto.i64, i64 %mul_ln66"   --->   Operation 44 'read' 'mul_ln66_read' <Predicate = true> <Delay = 0.00>
ST_1 : Operation 45 [1/1] (0.00ns)   --->   "%zext_ln77_cast = zext i31 %zext_ln77_read"   --->   Operation 45 'zext' 'zext_ln77_cast' <Predicate = true> <Delay = 0.00>
ST_1 : Operation 46 [1/1] (0.00ns)   --->   "%sext_ln77_cast = sext i32 %sext_ln77_read"   --->   Operation 46 'sext' 'sext_ln77_cast' <Predicate = true> <Delay = 0.00>
ST_1 : Operation 47 [1/1] (0.00ns)   --->   "%cols_cast_cast = sext i32 %cols_cast_read"   --->   Operation 47 'sext' 'cols_cast_cast' <Predicate = true> <Delay = 0.00>
ST_1 : Operation 48 [1/1] (0.00ns)   --->   "%cols_cast6_cast = sext i32 %cols_cast6_read"   --->   Operation 48 'sext' 'cols_cast6_cast' <Predicate = true> <Delay = 0.00>
ST_1 : Operation 49 [1/1] (0.00ns)   --->   "%specinterface_ln0 = specinterface void @_ssdm_op_SpecInterface, i8 %gmem, void @empty, i32 0, i32 0, void @empty_0, i32 0, i32 921600, void @empty_1, void @empty_2, void @empty_0, i32 16, i32 16, i32 16, i32 16, void @empty_0, void @empty_0, i32 4294967295, i32 0, i32 0"   --->   Operation 49 'specinterface' 'specinterface_ln0' <Predicate = true> <Delay = 0.00>
ST_1 : Operation 50 [1/1] (1.58ns)   --->   "%store_ln0 = store i64 0, i64 %indvar_flatten"   --->   Operation 50 'store' 'store_ln0' <Predicate = true> <Delay = 1.58>
ST_1 : Operation 51 [1/1] (1.58ns)   --->   "%store_ln0 = store i31 0, i31 %indvar"   --->   Operation 51 'store' 'store_ln0' <Predicate = true> <Delay = 1.58>
ST_1 : Operation 52 [1/1] (1.58ns)   --->   "%store_ln0 = store i31 0, i31 %indvar3"   --->   Operation 52 'store' 'store_ln0' <Predicate = true> <Delay = 1.58>
ST_1 : Operation 53 [1/1] (1.58ns)   --->   "%store_ln74 = store i31 1, i31 %col" [../source/sobel_base.cpp:74]   --->   Operation 53 'store' 'store_ln74' <Predicate = true> <Delay = 1.58>
ST_1 : Operation 54 [1/1] (1.58ns)   --->   "%br_ln0 = br void %VITIS_LOOP_86_3"   --->   Operation 54 'br' 'br_ln0' <Predicate = true> <Delay = 1.58>

State 2 <SV = 1> <Delay = 3.53>
ST_2 : Operation 55 [1/1] (0.00ns)   --->   "%first_iter_0 = phi i1 1, void %newFuncRoot, i1 0, void %new.latch.VITIS_LOOP_86_3.split"   --->   Operation 55 'phi' 'first_iter_0' <Predicate = true> <Delay = 0.00>
ST_2 : Operation 56 [1/1] (0.00ns)   --->   "%col_1 = load i31 %col" [../source/sobel_base.cpp:80]   --->   Operation 56 'load' 'col_1' <Predicate = true> <Delay = 0.00>
ST_2 : Operation 57 [1/1] (0.00ns)   --->   "%indvar_flatten_load = load i64 %indvar_flatten" [../source/sobel_base.cpp:77]   --->   Operation 57 'load' 'indvar_flatten_load' <Predicate = true> <Delay = 0.00>
ST_2 : Operation 58 [1/1] (0.00ns)   --->   "%specbitsmap_ln0 = specbitsmap void @_ssdm_op_SpecBitsMap, i8 %gmem"   --->   Operation 58 'specbitsmap' 'specbitsmap_ln0' <Predicate = true> <Delay = 0.00>
ST_2 : Operation 59 [1/1] (3.52ns)   --->   "%icmp_ln77 = icmp_eq  i64 %indvar_flatten_load, i64 %mul_ln66_read" [../source/sobel_base.cpp:77]   --->   Operation 59 'icmp' 'icmp_ln77' <Predicate = true> <Delay = 3.52> <CoreInst = "Cmp">   --->   Core 9 'Cmp' <Latency = 0> <II = 1> <Delay = 3.52> <FuncUnit> <Opcode : 'seteq' 'setne' 'setle' 'setge' 'setlt' 'setgt'> <InPorts = 2> <OutPorts = 1>
ST_2 : Operation 60 [1/1] (0.00ns)   --->   "%br_ln77 = br i1 %icmp_ln77, void %for.inc30.loopexit, void %for.end32.loopexit.exitStub" [../source/sobel_base.cpp:77]   --->   Operation 60 'br' 'br_ln77' <Predicate = true> <Delay = 0.00>
ST_2 : Operation 61 [1/1] (0.00ns)   --->   "%indvar_load = load i31 %indvar" [../source/sobel_base.cpp:77]   --->   Operation 61 'load' 'indvar_load' <Predicate = (!icmp_ln77)> <Delay = 0.00>
ST_2 : Operation 62 [1/1] (0.00ns)   --->   "%zext_ln80_1 = zext i31 %col_1" [../source/sobel_base.cpp:80]   --->   Operation 62 'zext' 'zext_ln80_1' <Predicate = (!icmp_ln77)> <Delay = 0.00>
ST_2 : Operation 63 [1/1] (2.55ns)   --->   "%icmp_ln80 = icmp_slt  i32 %zext_ln80_1, i32 %sub2_read" [../source/sobel_base.cpp:80]   --->   Operation 63 'icmp' 'icmp_ln80' <Predicate = (!icmp_ln77)> <Delay = 2.55> <CoreInst = "Cmp">   --->   Core 9 'Cmp' <Latency = 0> <II = 1> <Delay = 2.55> <FuncUnit> <Opcode : 'seteq' 'setne' 'setle' 'setge' 'setlt' 'setgt'> <InPorts = 2> <OutPorts = 1>
ST_2 : Operation 64 [1/1] (0.00ns) (grouped into LUT with out node or_ln77)   --->   "%xor_ln77 = xor i1 %icmp_ln80, i1 1" [../source/sobel_base.cpp:77]   --->   Operation 64 'xor' 'xor_ln77' <Predicate = (!icmp_ln77)> <Delay = 0.00> <CoreInst = "LogicGate">   --->   Core 74 'LogicGate' <Latency = 0> <II = 1> <Delay = 0.97> <FuncUnit> <Opcode : 'and' 'or' 'xor'> <InPorts = 2> <OutPorts = 1>
ST_2 : Operation 65 [1/1] (0.97ns) (out node of the LUT)   --->   "%or_ln77 = or i1 %first_iter_0, i1 %xor_ln77" [../source/sobel_base.cpp:77]   --->   Operation 65 'or' 'or_ln77' <Predicate = (!icmp_ln77)> <Delay = 0.97> <CoreInst = "LogicGate">   --->   Core 74 'LogicGate' <Latency = 0> <II = 1> <Delay = 0.97> <FuncUnit> <Opcode : 'and' 'or' 'xor'> <InPorts = 2> <OutPorts = 1>
ST_2 : Operation 66 [1/1] (2.52ns)   --->   "%add_ln77_1 = add i31 %indvar_load, i31 1" [../source/sobel_base.cpp:77]   --->   Operation 66 'add' 'add_ln77_1' <Predicate = (!icmp_ln77)> <Delay = 2.52> <CoreInst = "Adder">   --->   Core 1 'Adder' <Latency = 0> <II = 1> <Delay = 2.52> <FuncUnit> <Opcode : 'add' 'sub'> <InPorts = 2> <OutPorts = 1>
ST_2 : Operation 67 [1/1] (0.73ns)   --->   "%select_ln77_1 = select i1 %icmp_ln80, i31 %indvar_load, i31 %add_ln77_1" [../source/sobel_base.cpp:77]   --->   Operation 67 'select' 'select_ln77_1' <Predicate = (!icmp_ln77)> <Delay = 0.73> <CoreInst = "Sel">   --->   Core 73 'Sel' <Latency = 0> <II = 1> <Delay = 0.73> <FuncUnit> <Opcode : 'select'> <InPorts = 3> <OutPorts = 1>
ST_2 : Operation 68 [1/1] (0.00ns)   --->   "%br_ln80 = br i1 %or_ln77, void %VITIS_LOOP_86_3.split, void %for.first.iter.VITIS_LOOP_86_3" [../source/sobel_base.cpp:80]   --->   Operation 68 'br' 'br_ln80' <Predicate = (!icmp_ln77)> <Delay = 0.00>
ST_2 : Operation 69 [1/1] (2.52ns)   --->   "%add_ln80 = add i31 %col_1, i31 1" [../source/sobel_base.cpp:80]   --->   Operation 69 'add' 'add_ln80' <Predicate = (!icmp_ln77)> <Delay = 2.52> <CoreInst = "Adder">   --->   Core 1 'Adder' <Latency = 0> <II = 1> <Delay = 2.52> <FuncUnit> <Opcode : 'add' 'sub'> <InPorts = 2> <OutPorts = 1>

State 3 <SV = 2> <Delay = 6.91>
ST_3 : Operation 70 [1/1] (3.52ns)   --->   "%add_ln77 = add i64 %indvar_flatten_load, i64 1" [../source/sobel_base.cpp:77]   --->   Operation 70 'add' 'add_ln77' <Predicate = (!icmp_ln77)> <Delay = 3.52> <CoreInst = "Adder">   --->   Core 1 'Adder' <Latency = 0> <II = 1> <Delay = 3.52> <FuncUnit> <Opcode : 'add' 'sub'> <InPorts = 2> <OutPorts = 1>
ST_3 : Operation 71 [1/1] (0.00ns)   --->   "%zext_ln77_1 = zext i31 %select_ln77_1" [../source/sobel_base.cpp:77]   --->   Operation 71 'zext' 'zext_ln77_1' <Predicate = (!icmp_ln77)> <Delay = 0.00>
ST_3 : Operation 72 [2/2] (6.91ns)   --->   "%mul_ln77 = mul i63 %zext_ln77_1, i63 %cols_cast_cast" [../source/sobel_base.cpp:77]   --->   Operation 72 'mul' 'mul_ln77' <Predicate = (!icmp_ln77)> <Delay = 6.91> <CoreInst = "Multiplier">   --->   Core 3 'Multiplier' <Latency = 1> <II = 1> <Delay = 6.91> <FuncUnit> <Opcode : 'mul'> <InPorts = 2> <OutPorts = 1>
ST_3 : Operation 73 [1/1] (0.73ns)   --->   "%select_ln80 = select i1 %icmp_ln80, i31 %add_ln80, i31 2" [../source/sobel_base.cpp:80]   --->   Operation 73 'select' 'select_ln80' <Predicate = (!icmp_ln77)> <Delay = 0.73> <CoreInst = "Sel">   --->   Core 73 'Sel' <Latency = 0> <II = 1> <Delay = 0.73> <FuncUnit> <Opcode : 'select'> <InPorts = 3> <OutPorts = 1>
ST_3 : Operation 74 [1/1] (0.00ns)   --->   "%zext_ln80_2 = zext i31 %select_ln80" [../source/sobel_base.cpp:80]   --->   Operation 74 'zext' 'zext_ln80_2' <Predicate = (!icmp_ln77)> <Delay = 0.00>
ST_3 : Operation 75 [1/1] (2.55ns)   --->   "%icmp_ln80_1 = icmp_slt  i32 %zext_ln80_2, i32 %sub2_read" [../source/sobel_base.cpp:80]   --->   Operation 75 'icmp' 'icmp_ln80_1' <Predicate = (!icmp_ln77)> <Delay = 2.55> <CoreInst = "Cmp">   --->   Core 9 'Cmp' <Latency = 0> <II = 1> <Delay = 2.55> <FuncUnit> <Opcode : 'seteq' 'setne' 'setle' 'setge' 'setlt' 'setgt'> <InPorts = 2> <OutPorts = 1>
ST_3 : Operation 76 [1/1] (0.00ns)   --->   "%br_ln80 = br i1 %icmp_ln80_1, void %last.iter.VITIS_LOOP_86_3.split, void %new.latch.VITIS_LOOP_86_3.split" [../source/sobel_base.cpp:80]   --->   Operation 76 'br' 'br_ln80' <Predicate = (!icmp_ln77)> <Delay = 0.00>
ST_3 : Operation 77 [1/1] (1.58ns)   --->   "%store_ln77 = store i64 %add_ln77, i64 %indvar_flatten" [../source/sobel_base.cpp:77]   --->   Operation 77 'store' 'store_ln77' <Predicate = (!icmp_ln77)> <Delay = 1.58>
ST_3 : Operation 78 [1/1] (1.58ns)   --->   "%store_ln77 = store i31 %select_ln77_1, i31 %indvar" [../source/sobel_base.cpp:77]   --->   Operation 78 'store' 'store_ln77' <Predicate = (!icmp_ln77)> <Delay = 1.58>
ST_3 : Operation 79 [1/1] (1.58ns)   --->   "%store_ln74 = store i31 %select_ln80, i31 %col" [../source/sobel_base.cpp:74]   --->   Operation 79 'store' 'store_ln74' <Predicate = (!icmp_ln77)> <Delay = 1.58>
ST_3 : Operation 80 [1/1] (0.00ns)   --->   "%br_ln80 = br void %VITIS_LOOP_86_3" [../source/sobel_base.cpp:80]   --->   Operation 80 'br' 'br_ln80' <Predicate = (!icmp_ln77)> <Delay = 0.00>

State 4 <SV = 3> <Delay = 6.91>
ST_4 : Operation 81 [1/2] (6.91ns)   --->   "%mul_ln77 = mul i63 %zext_ln77_1, i63 %cols_cast_cast" [../source/sobel_base.cpp:77]   --->   Operation 81 'mul' 'mul_ln77' <Predicate = (!icmp_ln77)> <Delay = 6.91> <CoreInst = "Multiplier">   --->   Core 3 'Multiplier' <Latency = 1> <II = 1> <Delay = 6.91> <FuncUnit> <Opcode : 'mul'> <InPorts = 2> <OutPorts = 1>
ST_4 : Operation 82 [1/1] (2.55ns)   --->   "%add_ln86_2 = add i33 %cols_cast6_cast, i33 1" [../source/sobel_base.cpp:86]   --->   Operation 82 'add' 'add_ln86_2' <Predicate = (!icmp_ln77)> <Delay = 2.55> <CoreInst = "Adder">   --->   Core 1 'Adder' <Latency = 0> <II = 1> <Delay = 2.55> <FuncUnit> <Opcode : 'add' 'sub'> <InPorts = 2> <OutPorts = 1>

State 5 <SV = 4> <Delay = 6.01>
ST_5 : Operation 83 [1/1] (0.00ns)   --->   "%indvar3_load = load i31 %indvar3" [../source/sobel_base.cpp:77]   --->   Operation 83 'load' 'indvar3_load' <Predicate = (!icmp_ln77 & icmp_ln80)> <Delay = 0.00>
ST_5 : Operation 84 [1/1] (0.00ns)   --->   "%specloopname_ln0 = specloopname void @_ssdm_op_SpecLoopName, void @VITIS_LOOP_77_1_VITIS_LOOP_80_2_str"   --->   Operation 84 'specloopname' 'specloopname_ln0' <Predicate = (!icmp_ln77)> <Delay = 0.00>
ST_5 : Operation 85 [1/1] (0.00ns)   --->   "%speclooptripcount_ln0 = speclooptripcount void @_ssdm_op_SpecLoopTripCount, i64 1, i64 921600, i64 230400"   --->   Operation 85 'speclooptripcount' 'speclooptripcount_ln0' <Predicate = (!icmp_ln77)> <Delay = 0.00>
ST_5 : Operation 86 [1/1] (0.73ns)   --->   "%select_ln77 = select i1 %icmp_ln80, i31 %indvar3_load, i31 0" [../source/sobel_base.cpp:77]   --->   Operation 86 'select' 'select_ln77' <Predicate = (!icmp_ln77)> <Delay = 0.73> <CoreInst = "Sel">   --->   Core 73 'Sel' <Latency = 0> <II = 1> <Delay = 0.73> <FuncUnit> <Opcode : 'select'> <InPorts = 3> <OutPorts = 1>
ST_5 : Operation 87 [1/1] (0.00ns)   --->   "%sext_ln77_1 = sext i63 %mul_ln77" [../source/sobel_base.cpp:77]   --->   Operation 87 'sext' 'sext_ln77_1' <Predicate = (!icmp_ln77)> <Delay = 0.00>
ST_5 : Operation 88 [1/1] (3.52ns)   --->   "%add_ln77_2 = add i64 %sext_ln77_1, i64 %dst_read" [../source/sobel_base.cpp:77]   --->   Operation 88 'add' 'add_ln77_2' <Predicate = (!icmp_ln77)> <Delay = 3.52> <CoreInst = "Adder">   --->   Core 1 'Adder' <Latency = 0> <II = 1> <Delay = 3.52> <FuncUnit> <Opcode : 'add' 'sub'> <InPorts = 2> <OutPorts = 1>
ST_5 : Operation 89 [1/1] (0.00ns)   --->   "%gmem_addr = getelementptr i8 %gmem, i64 %add_ln77_2" [../source/sobel_base.cpp:80]   --->   Operation 89 'getelementptr' 'gmem_addr' <Predicate = (!icmp_ln77 & or_ln77)> <Delay = 0.00>
ST_5 : Operation 90 [1/1] (0.00ns)   --->   "%zext_ln80 = zext i31 %select_ln77" [../source/sobel_base.cpp:80]   --->   Operation 90 'zext' 'zext_ln80' <Predicate = (!icmp_ln77)> <Delay = 0.00>
ST_5 : Operation 91 [1/1] (0.00ns) (grouped into TernaryAdder)   --->   "%add_ln86_1 = add i63 %mul_ln77, i63 %zext_ln80" [../source/sobel_base.cpp:86]   --->   Operation 91 'add' 'add_ln86_1' <Predicate = (!icmp_ln77)> <Delay = 0.00> <CoreInst = "TAddSub">   --->   Core 10 'TAddSub' <Latency = 0> <II = 1> <Delay = 1.87> <IPBlock> <Opcode : '' 'add' 'sub'> <InPorts = 3> <OutPorts = 1> <Sync> <CReg>
ST_5 : Operation 92 [1/1] (0.00ns)   --->   "%sext_ln86 = sext i33 %add_ln86_2" [../source/sobel_base.cpp:86]   --->   Operation 92 'sext' 'sext_ln86' <Predicate = (!icmp_ln77)> <Delay = 0.00>
ST_5 : Operation 93 [1/1] (5.28ns) (root node of TernaryAdder)   --->   "%add_ln86 = add i63 %sext_ln86, i63 %add_ln86_1" [../source/sobel_base.cpp:86]   --->   Operation 93 'add' 'add_ln86' <Predicate = (!icmp_ln77)> <Delay = 5.28> <CoreInst = "TAddSub">   --->   Core 10 'TAddSub' <Latency = 0> <II = 1> <Delay = 1.87> <IPBlock> <Opcode : '' 'add' 'sub'> <InPorts = 3> <OutPorts = 1> <Sync> <CReg>
ST_5 : Operation 94 [1/1] (0.00ns)   --->   "%gmem_addr_4 = getelementptr i8 %gmem, i64 %add_ln77_2" [../source/sobel_base.cpp:80]   --->   Operation 94 'getelementptr' 'gmem_addr_4' <Predicate = (!icmp_ln77)> <Delay = 0.00>
ST_5 : Operation 95 [1/1] (2.52ns)   --->   "%add_ln80_1 = add i31 %select_ln77, i31 1" [../source/sobel_base.cpp:80]   --->   Operation 95 'add' 'add_ln80_1' <Predicate = (!icmp_ln77)> <Delay = 2.52> <CoreInst = "Adder">   --->   Core 1 'Adder' <Latency = 0> <II = 1> <Delay = 2.52> <FuncUnit> <Opcode : 'add' 'sub'> <InPorts = 2> <OutPorts = 1>
ST_5 : Operation 96 [1/1] (1.58ns)   --->   "%store_ln80 = store i31 %add_ln80_1, i31 %indvar3" [../source/sobel_base.cpp:80]   --->   Operation 96 'store' 'store_ln80' <Predicate = (!icmp_ln77)> <Delay = 1.58>

State 6 <SV = 5> <Delay = 7.30>
ST_6 : Operation 97 [1/1] (7.30ns)   --->   "%empty_28 = writereq i1 @_ssdm_op_WriteReq.m_axi.p1i8, i8 %gmem_addr, i64 %zext_ln77_cast" [../source/sobel_base.cpp:80]   --->   Operation 97 'writereq' 'empty_28' <Predicate = (!icmp_ln77 & or_ln77)> <Delay = 7.30> <CoreInst = "m_axi">   --->   Core 111 'm_axi' <Latency = 0> <II = 1> <Delay = 1.00> <Adapter> <Opcode : 'read' 'write' 'readreq' 'writereq' 'writeresp'>
ST_6 : Operation 98 [1/1] (0.00ns)   --->   "%br_ln80 = br void %VITIS_LOOP_86_3.split" [../source/sobel_base.cpp:80]   --->   Operation 98 'br' 'br_ln80' <Predicate = (!icmp_ln77 & or_ln77)> <Delay = 0.00>
ST_6 : Operation 99 [1/1] (0.00ns)   --->   "%add_ln86_cast = sext i63 %add_ln86" [../source/sobel_base.cpp:86]   --->   Operation 99 'sext' 'add_ln86_cast' <Predicate = (!icmp_ln77)> <Delay = 0.00>
ST_6 : Operation 100 [1/1] (3.52ns)   --->   "%empty_20 = add i64 %add_ln86_cast, i64 %src_read" [../source/sobel_base.cpp:86]   --->   Operation 100 'add' 'empty_20' <Predicate = (!icmp_ln77)> <Delay = 3.52> <CoreInst = "Adder">   --->   Core 1 'Adder' <Latency = 0> <II = 1> <Delay = 3.52> <FuncUnit> <Opcode : 'add' 'sub'> <InPorts = 2> <OutPorts = 1>
ST_6 : Operation 101 [1/1] (0.00ns)   --->   "%gmem_addr_1 = getelementptr i8 %gmem, i64 %empty_20" [../source/sobel_base.cpp:88]   --->   Operation 101 'getelementptr' 'gmem_addr_1' <Predicate = (!icmp_ln77)> <Delay = 0.00>
ST_6 : Operation 102 [1/1] (3.49ns)   --->   "%empty_22 = add i63 %add_ln86, i63 %cols_cast_cast" [../source/sobel_base.cpp:86]   --->   Operation 102 'add' 'empty_22' <Predicate = (!icmp_ln77)> <Delay = 3.49> <CoreInst = "Adder">   --->   Core 1 'Adder' <Latency = 0> <II = 1> <Delay = 3.49> <FuncUnit> <Opcode : 'add' 'sub'> <InPorts = 2> <OutPorts = 1>

State 7 <SV = 6> <Delay = 7.30>
ST_7 : Operation 103 [8/8] (7.30ns)   --->   "%empty_21 = readreq i1 @_ssdm_op_ReadReq.m_axi.p1i8, i8 %gmem_addr_1, i64 3" [../source/sobel_base.cpp:88]   --->   Operation 103 'readreq' 'empty_21' <Predicate = (!icmp_ln77)> <Delay = 7.30> <CoreInst = "m_axi">   --->   Core 111 'm_axi' <Latency = 0> <II = 1> <Delay = 1.00> <Adapter> <Opcode : 'read' 'write' 'readreq' 'writereq' 'writeresp'>
ST_7 : Operation 104 [1/1] (0.00ns)   --->   "%p_cast10 = sext i63 %empty_22" [../source/sobel_base.cpp:86]   --->   Operation 104 'sext' 'p_cast10' <Predicate = (!icmp_ln77)> <Delay = 0.00>
ST_7 : Operation 105 [1/1] (3.52ns)   --->   "%empty_23 = add i64 %p_cast10, i64 %src_read" [../source/sobel_base.cpp:86]   --->   Operation 105 'add' 'empty_23' <Predicate = (!icmp_ln77)> <Delay = 3.52> <CoreInst = "Adder">   --->   Core 1 'Adder' <Latency = 0> <II = 1> <Delay = 3.52> <FuncUnit> <Opcode : 'add' 'sub'> <InPorts = 2> <OutPorts = 1>
ST_7 : Operation 106 [1/1] (0.00ns)   --->   "%gmem_addr_2 = getelementptr i8 %gmem, i64 %empty_23" [../source/sobel_base.cpp:88]   --->   Operation 106 'getelementptr' 'gmem_addr_2' <Predicate = (!icmp_ln77)> <Delay = 0.00>
ST_7 : Operation 107 [1/1] (0.00ns) (grouped into TernaryAdder)   --->   "%tmp3 = add i64 %sext_ln77_cast, i64 %src_read"   --->   Operation 107 'add' 'tmp3' <Predicate = (!icmp_ln77)> <Delay = 0.00> <CoreInst = "TAddSub">   --->   Core 10 'TAddSub' <Latency = 0> <II = 1> <Delay = 1.87> <IPBlock> <Opcode : '' 'add' 'sub'> <InPorts = 3> <OutPorts = 1> <Sync> <CReg>
ST_7 : Operation 108 [1/1] (5.30ns) (root node of TernaryAdder)   --->   "%empty_26 = add i64 %tmp3, i64 %p_cast10" [../source/sobel_base.cpp:86]   --->   Operation 108 'add' 'empty_26' <Predicate = (!icmp_ln77)> <Delay = 5.30> <CoreInst = "TAddSub">   --->   Core 10 'TAddSub' <Latency = 0> <II = 1> <Delay = 1.87> <IPBlock> <Opcode : '' 'add' 'sub'> <InPorts = 3> <OutPorts = 1> <Sync> <CReg>
ST_7 : Operation 109 [1/1] (0.00ns)   --->   "%gmem_addr_3 = getelementptr i8 %gmem, i64 %empty_26" [../source/sobel_base.cpp:88]   --->   Operation 109 'getelementptr' 'gmem_addr_3' <Predicate = (!icmp_ln77)> <Delay = 0.00>

State 8 <SV = 7> <Delay = 7.30>
ST_8 : Operation 110 [7/8] (7.30ns)   --->   "%empty_21 = readreq i1 @_ssdm_op_ReadReq.m_axi.p1i8, i8 %gmem_addr_1, i64 3" [../source/sobel_base.cpp:88]   --->   Operation 110 'readreq' 'empty_21' <Predicate = (!icmp_ln77)> <Delay = 7.30> <CoreInst = "m_axi">   --->   Core 111 'm_axi' <Latency = 0> <II = 1> <Delay = 1.00> <Adapter> <Opcode : 'read' 'write' 'readreq' 'writereq' 'writeresp'>

State 9 <SV = 8> <Delay = 7.30>
ST_9 : Operation 111 [6/8] (7.30ns)   --->   "%empty_21 = readreq i1 @_ssdm_op_ReadReq.m_axi.p1i8, i8 %gmem_addr_1, i64 3" [../source/sobel_base.cpp:88]   --->   Operation 111 'readreq' 'empty_21' <Predicate = (!icmp_ln77)> <Delay = 7.30> <CoreInst = "m_axi">   --->   Core 111 'm_axi' <Latency = 0> <II = 1> <Delay = 1.00> <Adapter> <Opcode : 'read' 'write' 'readreq' 'writereq' 'writeresp'>

State 10 <SV = 9> <Delay = 7.30>
ST_10 : Operation 112 [5/8] (7.30ns)   --->   "%empty_21 = readreq i1 @_ssdm_op_ReadReq.m_axi.p1i8, i8 %gmem_addr_1, i64 3" [../source/sobel_base.cpp:88]   --->   Operation 112 'readreq' 'empty_21' <Predicate = (!icmp_ln77)> <Delay = 7.30> <CoreInst = "m_axi">   --->   Core 111 'm_axi' <Latency = 0> <II = 1> <Delay = 1.00> <Adapter> <Opcode : 'read' 'write' 'readreq' 'writereq' 'writeresp'>
ST_10 : Operation 113 [8/8] (7.30ns)   --->   "%empty_24 = readreq i1 @_ssdm_op_ReadReq.m_axi.p1i8, i8 %gmem_addr_2, i64 3" [../source/sobel_base.cpp:88]   --->   Operation 113 'readreq' 'empty_24' <Predicate = (!icmp_ln77)> <Delay = 7.30> <CoreInst = "m_axi">   --->   Core 111 'm_axi' <Latency = 0> <II = 1> <Delay = 1.00> <Adapter> <Opcode : 'read' 'write' 'readreq' 'writereq' 'writeresp'>

State 11 <SV = 10> <Delay = 7.30>
ST_11 : Operation 114 [4/8] (7.30ns)   --->   "%empty_21 = readreq i1 @_ssdm_op_ReadReq.m_axi.p1i8, i8 %gmem_addr_1, i64 3" [../source/sobel_base.cpp:88]   --->   Operation 114 'readreq' 'empty_21' <Predicate = true> <Delay = 7.30> <CoreInst = "m_axi">   --->   Core 111 'm_axi' <Latency = 0> <II = 1> <Delay = 1.00> <Adapter> <Opcode : 'read' 'write' 'readreq' 'writereq' 'writeresp'>
ST_11 : Operation 115 [7/8] (7.30ns)   --->   "%empty_24 = readreq i1 @_ssdm_op_ReadReq.m_axi.p1i8, i8 %gmem_addr_2, i64 3" [../source/sobel_base.cpp:88]   --->   Operation 115 'readreq' 'empty_24' <Predicate = true> <Delay = 7.30> <CoreInst = "m_axi">   --->   Core 111 'm_axi' <Latency = 0> <II = 1> <Delay = 1.00> <Adapter> <Opcode : 'read' 'write' 'readreq' 'writereq' 'writeresp'>

State 12 <SV = 11> <Delay = 7.30>
ST_12 : Operation 116 [3/8] (7.30ns)   --->   "%empty_21 = readreq i1 @_ssdm_op_ReadReq.m_axi.p1i8, i8 %gmem_addr_1, i64 3" [../source/sobel_base.cpp:88]   --->   Operation 116 'readreq' 'empty_21' <Predicate = true> <Delay = 7.30> <CoreInst = "m_axi">   --->   Core 111 'm_axi' <Latency = 0> <II = 1> <Delay = 1.00> <Adapter> <Opcode : 'read' 'write' 'readreq' 'writereq' 'writeresp'>
ST_12 : Operation 117 [6/8] (7.30ns)   --->   "%empty_24 = readreq i1 @_ssdm_op_ReadReq.m_axi.p1i8, i8 %gmem_addr_2, i64 3" [../source/sobel_base.cpp:88]   --->   Operation 117 'readreq' 'empty_24' <Predicate = true> <Delay = 7.30> <CoreInst = "m_axi">   --->   Core 111 'm_axi' <Latency = 0> <II = 1> <Delay = 1.00> <Adapter> <Opcode : 'read' 'write' 'readreq' 'writereq' 'writeresp'>

State 13 <SV = 12> <Delay = 7.30>
ST_13 : Operation 118 [2/8] (7.30ns)   --->   "%empty_21 = readreq i1 @_ssdm_op_ReadReq.m_axi.p1i8, i8 %gmem_addr_1, i64 3" [../source/sobel_base.cpp:88]   --->   Operation 118 'readreq' 'empty_21' <Predicate = true> <Delay = 7.30> <CoreInst = "m_axi">   --->   Core 111 'm_axi' <Latency = 0> <II = 1> <Delay = 1.00> <Adapter> <Opcode : 'read' 'write' 'readreq' 'writereq' 'writeresp'>
ST_13 : Operation 119 [5/8] (7.30ns)   --->   "%empty_24 = readreq i1 @_ssdm_op_ReadReq.m_axi.p1i8, i8 %gmem_addr_2, i64 3" [../source/sobel_base.cpp:88]   --->   Operation 119 'readreq' 'empty_24' <Predicate = true> <Delay = 7.30> <CoreInst = "m_axi">   --->   Core 111 'm_axi' <Latency = 0> <II = 1> <Delay = 1.00> <Adapter> <Opcode : 'read' 'write' 'readreq' 'writereq' 'writeresp'>
ST_13 : Operation 120 [8/8] (7.30ns)   --->   "%empty_27 = readreq i1 @_ssdm_op_ReadReq.m_axi.p1i8, i8 %gmem_addr_3, i64 3" [../source/sobel_base.cpp:88]   --->   Operation 120 'readreq' 'empty_27' <Predicate = true> <Delay = 7.30> <CoreInst = "m_axi">   --->   Core 111 'm_axi' <Latency = 0> <II = 1> <Delay = 1.00> <Adapter> <Opcode : 'read' 'write' 'readreq' 'writereq' 'writeresp'>

State 14 <SV = 13> <Delay = 7.30>
ST_14 : Operation 121 [1/8] (7.30ns)   --->   "%empty_21 = readreq i1 @_ssdm_op_ReadReq.m_axi.p1i8, i8 %gmem_addr_1, i64 3" [../source/sobel_base.cpp:88]   --->   Operation 121 'readreq' 'empty_21' <Predicate = true> <Delay = 7.30> <CoreInst = "m_axi">   --->   Core 111 'm_axi' <Latency = 0> <II = 1> <Delay = 1.00> <Adapter> <Opcode : 'read' 'write' 'readreq' 'writereq' 'writeresp'>
ST_14 : Operation 122 [4/8] (7.30ns)   --->   "%empty_24 = readreq i1 @_ssdm_op_ReadReq.m_axi.p1i8, i8 %gmem_addr_2, i64 3" [../source/sobel_base.cpp:88]   --->   Operation 122 'readreq' 'empty_24' <Predicate = true> <Delay = 7.30> <CoreInst = "m_axi">   --->   Core 111 'm_axi' <Latency = 0> <II = 1> <Delay = 1.00> <Adapter> <Opcode : 'read' 'write' 'readreq' 'writereq' 'writeresp'>
ST_14 : Operation 123 [7/8] (7.30ns)   --->   "%empty_27 = readreq i1 @_ssdm_op_ReadReq.m_axi.p1i8, i8 %gmem_addr_3, i64 3" [../source/sobel_base.cpp:88]   --->   Operation 123 'readreq' 'empty_27' <Predicate = true> <Delay = 7.30> <CoreInst = "m_axi">   --->   Core 111 'm_axi' <Latency = 0> <II = 1> <Delay = 1.00> <Adapter> <Opcode : 'read' 'write' 'readreq' 'writereq' 'writeresp'>

State 15 <SV = 14> <Delay = 7.30>
ST_15 : Operation 124 [1/1] (7.30ns)   --->   "%sobel_kernel = read i8 @_ssdm_op_Read.m_axi.p1i8, i8 %gmem_addr_1" [../source/sobel_base.cpp:91]   --->   Operation 124 'read' 'sobel_kernel' <Predicate = true> <Delay = 7.30> <CoreInst = "m_axi">   --->   Core 111 'm_axi' <Latency = 0> <II = 1> <Delay = 1.00> <Adapter> <Opcode : 'read' 'write' 'readreq' 'writereq' 'writeresp'>
ST_15 : Operation 125 [3/8] (7.30ns)   --->   "%empty_24 = readreq i1 @_ssdm_op_ReadReq.m_axi.p1i8, i8 %gmem_addr_2, i64 3" [../source/sobel_base.cpp:88]   --->   Operation 125 'readreq' 'empty_24' <Predicate = true> <Delay = 7.30> <CoreInst = "m_axi">   --->   Core 111 'm_axi' <Latency = 0> <II = 1> <Delay = 1.00> <Adapter> <Opcode : 'read' 'write' 'readreq' 'writereq' 'writeresp'>
ST_15 : Operation 126 [6/8] (7.30ns)   --->   "%empty_27 = readreq i1 @_ssdm_op_ReadReq.m_axi.p1i8, i8 %gmem_addr_3, i64 3" [../source/sobel_base.cpp:88]   --->   Operation 126 'readreq' 'empty_27' <Predicate = true> <Delay = 7.30> <CoreInst = "m_axi">   --->   Core 111 'm_axi' <Latency = 0> <II = 1> <Delay = 1.00> <Adapter> <Opcode : 'read' 'write' 'readreq' 'writereq' 'writeresp'>

State 16 <SV = 15> <Delay = 7.30>
ST_16 : Operation 127 [1/1] (7.30ns)   --->   "%sobel_kernel_1 = read i8 @_ssdm_op_Read.m_axi.p1i8, i8 %gmem_addr_1" [../source/sobel_base.cpp:91]   --->   Operation 127 'read' 'sobel_kernel_1' <Predicate = true> <Delay = 7.30> <CoreInst = "m_axi">   --->   Core 111 'm_axi' <Latency = 0> <II = 1> <Delay = 1.00> <Adapter> <Opcode : 'read' 'write' 'readreq' 'writereq' 'writeresp'>
ST_16 : Operation 128 [2/8] (7.30ns)   --->   "%empty_24 = readreq i1 @_ssdm_op_ReadReq.m_axi.p1i8, i8 %gmem_addr_2, i64 3" [../source/sobel_base.cpp:88]   --->   Operation 128 'readreq' 'empty_24' <Predicate = true> <Delay = 7.30> <CoreInst = "m_axi">   --->   Core 111 'm_axi' <Latency = 0> <II = 1> <Delay = 1.00> <Adapter> <Opcode : 'read' 'write' 'readreq' 'writereq' 'writeresp'>
ST_16 : Operation 129 [5/8] (7.30ns)   --->   "%empty_27 = readreq i1 @_ssdm_op_ReadReq.m_axi.p1i8, i8 %gmem_addr_3, i64 3" [../source/sobel_base.cpp:88]   --->   Operation 129 'readreq' 'empty_27' <Predicate = true> <Delay = 7.30> <CoreInst = "m_axi">   --->   Core 111 'm_axi' <Latency = 0> <II = 1> <Delay = 1.00> <Adapter> <Opcode : 'read' 'write' 'readreq' 'writereq' 'writeresp'>

State 17 <SV = 16> <Delay = 7.30>
ST_17 : Operation 130 [1/1] (7.30ns)   --->   "%sobel_kernel_2 = read i8 @_ssdm_op_Read.m_axi.p1i8, i8 %gmem_addr_1" [../source/sobel_base.cpp:91]   --->   Operation 130 'read' 'sobel_kernel_2' <Predicate = true> <Delay = 7.30> <CoreInst = "m_axi">   --->   Core 111 'm_axi' <Latency = 0> <II = 1> <Delay = 1.00> <Adapter> <Opcode : 'read' 'write' 'readreq' 'writereq' 'writeresp'>
ST_17 : Operation 131 [1/8] (7.30ns)   --->   "%empty_24 = readreq i1 @_ssdm_op_ReadReq.m_axi.p1i8, i8 %gmem_addr_2, i64 3" [../source/sobel_base.cpp:88]   --->   Operation 131 'readreq' 'empty_24' <Predicate = true> <Delay = 7.30> <CoreInst = "m_axi">   --->   Core 111 'm_axi' <Latency = 0> <II = 1> <Delay = 1.00> <Adapter> <Opcode : 'read' 'write' 'readreq' 'writereq' 'writeresp'>
ST_17 : Operation 132 [4/8] (7.30ns)   --->   "%empty_27 = readreq i1 @_ssdm_op_ReadReq.m_axi.p1i8, i8 %gmem_addr_3, i64 3" [../source/sobel_base.cpp:88]   --->   Operation 132 'readreq' 'empty_27' <Predicate = true> <Delay = 7.30> <CoreInst = "m_axi">   --->   Core 111 'm_axi' <Latency = 0> <II = 1> <Delay = 1.00> <Adapter> <Opcode : 'read' 'write' 'readreq' 'writereq' 'writeresp'>

State 18 <SV = 17> <Delay = 7.30>
ST_18 : Operation 133 [1/1] (7.30ns)   --->   "%sobel_kernel_3 = read i8 @_ssdm_op_Read.m_axi.p1i8, i8 %gmem_addr_2" [../source/sobel_base.cpp:91]   --->   Operation 133 'read' 'sobel_kernel_3' <Predicate = true> <Delay = 7.30> <CoreInst = "m_axi">   --->   Core 111 'm_axi' <Latency = 0> <II = 1> <Delay = 1.00> <Adapter> <Opcode : 'read' 'write' 'readreq' 'writereq' 'writeresp'>
ST_18 : Operation 134 [3/8] (7.30ns)   --->   "%empty_27 = readreq i1 @_ssdm_op_ReadReq.m_axi.p1i8, i8 %gmem_addr_3, i64 3" [../source/sobel_base.cpp:88]   --->   Operation 134 'readreq' 'empty_27' <Predicate = true> <Delay = 7.30> <CoreInst = "m_axi">   --->   Core 111 'm_axi' <Latency = 0> <II = 1> <Delay = 1.00> <Adapter> <Opcode : 'read' 'write' 'readreq' 'writereq' 'writeresp'>

State 19 <SV = 18> <Delay = 7.30>
ST_19 : Operation 135 [1/1] (7.30ns)   --->   "%empty_25 = read i8 @_ssdm_op_Read.m_axi.p1i8, i8 %gmem_addr_2" [../source/sobel_base.cpp:91]   --->   Operation 135 'read' 'empty_25' <Predicate = true> <Delay = 7.30> <CoreInst = "m_axi">   --->   Core 111 'm_axi' <Latency = 0> <II = 1> <Delay = 1.00> <Adapter> <Opcode : 'read' 'write' 'readreq' 'writereq' 'writeresp'>
ST_19 : Operation 136 [2/8] (7.30ns)   --->   "%empty_27 = readreq i1 @_ssdm_op_ReadReq.m_axi.p1i8, i8 %gmem_addr_3, i64 3" [../source/sobel_base.cpp:88]   --->   Operation 136 'readreq' 'empty_27' <Predicate = true> <Delay = 7.30> <CoreInst = "m_axi">   --->   Core 111 'm_axi' <Latency = 0> <II = 1> <Delay = 1.00> <Adapter> <Opcode : 'read' 'write' 'readreq' 'writereq' 'writeresp'>

State 20 <SV = 19> <Delay = 7.30>
ST_20 : Operation 137 [1/1] (7.30ns)   --->   "%sobel_kernel_4 = read i8 @_ssdm_op_Read.m_axi.p1i8, i8 %gmem_addr_2" [../source/sobel_base.cpp:91]   --->   Operation 137 'read' 'sobel_kernel_4' <Predicate = true> <Delay = 7.30> <CoreInst = "m_axi">   --->   Core 111 'm_axi' <Latency = 0> <II = 1> <Delay = 1.00> <Adapter> <Opcode : 'read' 'write' 'readreq' 'writereq' 'writeresp'>
ST_20 : Operation 138 [1/8] (7.30ns)   --->   "%empty_27 = readreq i1 @_ssdm_op_ReadReq.m_axi.p1i8, i8 %gmem_addr_3, i64 3" [../source/sobel_base.cpp:88]   --->   Operation 138 'readreq' 'empty_27' <Predicate = true> <Delay = 7.30> <CoreInst = "m_axi">   --->   Core 111 'm_axi' <Latency = 0> <II = 1> <Delay = 1.00> <Adapter> <Opcode : 'read' 'write' 'readreq' 'writereq' 'writeresp'>

State 21 <SV = 20> <Delay = 7.30>
ST_21 : Operation 139 [1/1] (7.30ns)   --->   "%sobel_kernel_5 = read i8 @_ssdm_op_Read.m_axi.p1i8, i8 %gmem_addr_3" [../source/sobel_base.cpp:91]   --->   Operation 139 'read' 'sobel_kernel_5' <Predicate = true> <Delay = 7.30> <CoreInst = "m_axi">   --->   Core 111 'm_axi' <Latency = 0> <II = 1> <Delay = 1.00> <Adapter> <Opcode : 'read' 'write' 'readreq' 'writereq' 'writeresp'>
ST_21 : Operation 140 [1/1] (0.00ns)   --->   "%M00 = bitconcatenate i9 @_ssdm_op_BitConcatenate.i9.i8.i1, i8 %sobel_kernel_3, i1 0" [../source/sobel_base.cpp:10->../source/sobel_base.cpp:56->../source/sobel_base.cpp:94]   --->   Operation 140 'bitconcatenate' 'M00' <Predicate = true> <Delay = 0.00>
ST_21 : Operation 141 [1/1] (0.00ns)   --->   "%zext_ln10 = zext i9 %M00" [../source/sobel_base.cpp:10->../source/sobel_base.cpp:56->../source/sobel_base.cpp:94]   --->   Operation 141 'zext' 'zext_ln10' <Predicate = true> <Delay = 0.00>
ST_21 : Operation 142 [1/1] (0.00ns)   --->   "%M01 = bitconcatenate i9 @_ssdm_op_BitConcatenate.i9.i8.i1, i8 %sobel_kernel_4, i1 0" [../source/sobel_base.cpp:11->../source/sobel_base.cpp:56->../source/sobel_base.cpp:94]   --->   Operation 142 'bitconcatenate' 'M01' <Predicate = true> <Delay = 0.00>
ST_21 : Operation 143 [1/1] (0.00ns)   --->   "%zext_ln11 = zext i9 %M01" [../source/sobel_base.cpp:11->../source/sobel_base.cpp:56->../source/sobel_base.cpp:94]   --->   Operation 143 'zext' 'zext_ln11' <Predicate = true> <Delay = 0.00>
ST_21 : Operation 144 [1/1] (0.00ns)   --->   "%zext_ln12 = zext i8 %sobel_kernel_2" [../source/sobel_base.cpp:12->../source/sobel_base.cpp:56->../source/sobel_base.cpp:94]   --->   Operation 144 'zext' 'zext_ln12' <Predicate = true> <Delay = 0.00>
ST_21 : Operation 145 [1/1] (0.00ns)   --->   "%zext_ln13 = zext i8 %sobel_kernel" [../source/sobel_base.cpp:13->../source/sobel_base.cpp:56->../source/sobel_base.cpp:94]   --->   Operation 145 'zext' 'zext_ln13' <Predicate = true> <Delay = 0.00>
ST_21 : Operation 146 [1/1] (1.91ns)   --->   "%S00 = sub i9 %zext_ln12, i9 %zext_ln13" [../source/sobel_base.cpp:13->../source/sobel_base.cpp:56->../source/sobel_base.cpp:94]   --->   Operation 146 'sub' 'S00' <Predicate = true> <Delay = 1.91> <CoreInst = "Adder">   --->   Core 1 'Adder' <Latency = 0> <II = 1> <Delay = 1.91> <FuncUnit> <Opcode : 'add' 'sub'> <InPorts = 2> <OutPorts = 1>
ST_21 : Operation 147 [1/1] (0.00ns)   --->   "%sext_ln12 = sext i9 %S00" [../source/sobel_base.cpp:12->../source/sobel_base.cpp:56->../source/sobel_base.cpp:94]   --->   Operation 147 'sext' 'sext_ln12' <Predicate = true> <Delay = 0.00>
ST_21 : Operation 148 [1/1] (0.00ns) (grouped into TernaryAdder)   --->   "%A00 = sub i11 %sext_ln12, i11 %zext_ln10" [../source/sobel_base.cpp:12->../source/sobel_base.cpp:56->../source/sobel_base.cpp:94]   --->   Operation 148 'sub' 'A00' <Predicate = true> <Delay = 0.00> <CoreInst = "TAddSub">   --->   Core 10 'TAddSub' <Latency = 0> <II = 1> <Delay = 1.87> <IPBlock> <Opcode : '' 'add' 'sub'> <InPorts = 3> <OutPorts = 1> <Sync> <CReg>
ST_21 : Operation 149 [1/1] (3.75ns) (root node of TernaryAdder)   --->   "%out_pix_5 = add i11 %A00, i11 %zext_ln11" [../source/sobel_base.cpp:15->../source/sobel_base.cpp:56->../source/sobel_base.cpp:94]   --->   Operation 149 'add' 'out_pix_5' <Predicate = true> <Delay = 3.75> <CoreInst = "TAddSub">   --->   Core 10 'TAddSub' <Latency = 0> <II = 1> <Delay = 1.87> <IPBlock> <Opcode : '' 'add' 'sub'> <InPorts = 3> <OutPorts = 1> <Sync> <CReg>
ST_21 : Operation 150 [1/1] (0.00ns)   --->   "%M00_1 = bitconcatenate i9 @_ssdm_op_BitConcatenate.i9.i8.i1, i8 %sobel_kernel_1, i1 0" [../source/sobel_base.cpp:32->../source/sobel_base.cpp:57->../source/sobel_base.cpp:94]   --->   Operation 150 'bitconcatenate' 'M00_1' <Predicate = true> <Delay = 0.00>
ST_21 : Operation 151 [1/1] (0.00ns)   --->   "%zext_ln32 = zext i9 %M00_1" [../source/sobel_base.cpp:32->../source/sobel_base.cpp:57->../source/sobel_base.cpp:94]   --->   Operation 151 'zext' 'zext_ln32' <Predicate = true> <Delay = 0.00>
ST_21 : Operation 152 [1/1] (1.91ns)   --->   "%add_ln34_1 = add i9 %zext_ln13, i9 %zext_ln12" [../source/sobel_base.cpp:34->../source/sobel_base.cpp:57->../source/sobel_base.cpp:94]   --->   Operation 152 'add' 'add_ln34_1' <Predicate = true> <Delay = 1.91> <CoreInst = "Adder">   --->   Core 1 'Adder' <Latency = 0> <II = 1> <Delay = 1.91> <FuncUnit> <Opcode : 'add' 'sub'> <InPorts = 2> <OutPorts = 1>
ST_21 : Operation 153 [1/1] (0.00ns)   --->   "%zext_ln34 = zext i9 %add_ln34_1" [../source/sobel_base.cpp:34->../source/sobel_base.cpp:57->../source/sobel_base.cpp:94]   --->   Operation 153 'zext' 'zext_ln34' <Predicate = true> <Delay = 0.00>
ST_21 : Operation 154 [1/1] (1.82ns)   --->   "%add_ln34 = add i10 %zext_ln34, i10 %zext_ln32" [../source/sobel_base.cpp:34->../source/sobel_base.cpp:57->../source/sobel_base.cpp:94]   --->   Operation 154 'add' 'add_ln34' <Predicate = true> <Delay = 1.82> <CoreInst = "Adder">   --->   Core 1 'Adder' <Latency = 0> <II = 1> <Delay = 1.82> <FuncUnit> <Opcode : 'add' 'sub'> <InPorts = 2> <OutPorts = 1>

State 22 <SV = 21> <Delay = 7.30>
ST_22 : Operation 155 [1/1] (7.30ns)   --->   "%sobel_kernel_6 = read i8 @_ssdm_op_Read.m_axi.p1i8, i8 %gmem_addr_3" [../source/sobel_base.cpp:91]   --->   Operation 155 'read' 'sobel_kernel_6' <Predicate = true> <Delay = 7.30> <CoreInst = "m_axi">   --->   Core 111 'm_axi' <Latency = 0> <II = 1> <Delay = 1.00> <Adapter> <Opcode : 'read' 'write' 'readreq' 'writereq' 'writeresp'>
ST_22 : Operation 199 [1/1] (1.58ns)   --->   "%ret_ln0 = ret"   --->   Operation 199 'ret' 'ret_ln0' <Predicate = (icmp_ln77)> <Delay = 1.58>

State 23 <SV = 22> <Delay = 7.30>
ST_23 : Operation 156 [1/1] (7.30ns)   --->   "%sobel_kernel_7 = read i8 @_ssdm_op_Read.m_axi.p1i8, i8 %gmem_addr_3" [../source/sobel_base.cpp:91]   --->   Operation 156 'read' 'sobel_kernel_7' <Predicate = true> <Delay = 7.30> <CoreInst = "m_axi">   --->   Core 111 'm_axi' <Latency = 0> <II = 1> <Delay = 1.00> <Adapter> <Opcode : 'read' 'write' 'readreq' 'writereq' 'writeresp'>

State 24 <SV = 23> <Delay = 7.22>
ST_24 : Operation 157 [1/1] (0.00ns)   --->   "%zext_ln12_1 = zext i8 %sobel_kernel_7" [../source/sobel_base.cpp:12->../source/sobel_base.cpp:56->../source/sobel_base.cpp:94]   --->   Operation 157 'zext' 'zext_ln12_1' <Predicate = true> <Delay = 0.00>
ST_24 : Operation 158 [1/1] (0.00ns)   --->   "%zext_ln12_2 = zext i8 %sobel_kernel_7" [../source/sobel_base.cpp:12->../source/sobel_base.cpp:56->../source/sobel_base.cpp:94]   --->   Operation 158 'zext' 'zext_ln12_2' <Predicate = true> <Delay = 0.00>
ST_24 : Operation 159 [1/1] (0.00ns)   --->   "%zext_ln13_1 = zext i8 %sobel_kernel_5" [../source/sobel_base.cpp:13->../source/sobel_base.cpp:56->../source/sobel_base.cpp:94]   --->   Operation 159 'zext' 'zext_ln13_1' <Predicate = true> <Delay = 0.00>
ST_24 : Operation 160 [1/1] (0.00ns) (grouped into TernaryAdder)   --->   "%out_pix_6 = sub i11 %out_pix_5, i11 %zext_ln13_1" [../source/sobel_base.cpp:16->../source/sobel_base.cpp:56->../source/sobel_base.cpp:94]   --->   Operation 160 'sub' 'out_pix_6' <Predicate = true> <Delay = 0.00> <CoreInst = "TAddSub">   --->   Core 10 'TAddSub' <Latency = 0> <II = 1> <Delay = 1.87> <IPBlock> <Opcode : '' 'add' 'sub'> <InPorts = 3> <OutPorts = 1> <Sync> <CReg>
ST_24 : Operation 161 [1/1] (3.75ns) (root node of TernaryAdder)   --->   "%out_pix = add i11 %out_pix_6, i11 %zext_ln12_2" [../source/sobel_base.cpp:17->../source/sobel_base.cpp:56->../source/sobel_base.cpp:94]   --->   Operation 161 'add' 'out_pix' <Predicate = true> <Delay = 3.75> <CoreInst = "TAddSub">   --->   Core 10 'TAddSub' <Latency = 0> <II = 1> <Delay = 1.87> <IPBlock> <Opcode : '' 'add' 'sub'> <InPorts = 3> <OutPorts = 1> <Sync> <CReg>
ST_24 : Operation 162 [1/1] (0.00ns)   --->   "%tmp = bitselect i1 @_ssdm_op_BitSelect.i1.i11.i32, i11 %out_pix, i32 10" [../source/sobel_base.cpp:19->../source/sobel_base.cpp:56->../source/sobel_base.cpp:94]   --->   Operation 162 'bitselect' 'tmp' <Predicate = true> <Delay = 0.00>
ST_24 : Operation 163 [1/1] (0.00ns)   --->   "%tmp_1 = partselect i3 @_ssdm_op_PartSelect.i3.i11.i32.i32, i11 %out_pix, i32 8, i32 10" [../source/sobel_base.cpp:23->../source/sobel_base.cpp:56->../source/sobel_base.cpp:94]   --->   Operation 163 'partselect' 'tmp_1' <Predicate = true> <Delay = 0.00>
ST_24 : Operation 164 [1/1] (1.65ns)   --->   "%icmp_ln23 = icmp_sgt  i3 %tmp_1, i3 0" [../source/sobel_base.cpp:23->../source/sobel_base.cpp:56->../source/sobel_base.cpp:94]   --->   Operation 164 'icmp' 'icmp_ln23' <Predicate = true> <Delay = 1.65> <CoreInst = "Cmp">   --->   Core 9 'Cmp' <Latency = 0> <II = 1> <Delay = 1.65> <FuncUnit> <Opcode : 'seteq' 'setne' 'setle' 'setge' 'setlt' 'setgt'> <InPorts = 2> <OutPorts = 1>
ST_24 : Operation 165 [1/1] (0.00ns) (grouped into LUT with out node g_x)   --->   "%trunc_ln27 = trunc i11 %out_pix" [../source/sobel_base.cpp:27->../source/sobel_base.cpp:56->../source/sobel_base.cpp:94]   --->   Operation 165 'trunc' 'trunc_ln27' <Predicate = true> <Delay = 0.00>
ST_24 : Operation 166 [1/1] (0.00ns) (grouped into LUT with out node g_x)   --->   "%xor_ln27 = xor i1 %tmp, i1 1" [../source/sobel_base.cpp:27->../source/sobel_base.cpp:56->../source/sobel_base.cpp:94]   --->   Operation 166 'xor' 'xor_ln27' <Predicate = true> <Delay = 0.00> <CoreInst = "LogicGate">   --->   Core 74 'LogicGate' <Latency = 0> <II = 1> <Delay = 0.97> <FuncUnit> <Opcode : 'and' 'or' 'xor'> <InPorts = 2> <OutPorts = 1>
ST_24 : Operation 167 [1/1] (0.00ns) (grouped into LUT with out node g_x)   --->   "%select_ln27 = select i1 %xor_ln27, i8 255, i8 0" [../source/sobel_base.cpp:27->../source/sobel_base.cpp:56->../source/sobel_base.cpp:94]   --->   Operation 167 'select' 'select_ln27' <Predicate = true> <Delay = 0.00> <CoreInst = "Sel">   --->   Core 73 'Sel' <Latency = 0> <II = 1> <Delay = 0.99> <FuncUnit> <Opcode : 'select'> <InPorts = 3> <OutPorts = 1>
ST_24 : Operation 168 [1/1] (0.00ns) (grouped into LUT with out node g_x)   --->   "%or_ln27 = or i1 %tmp, i1 %icmp_ln23" [../source/sobel_base.cpp:27->../source/sobel_base.cpp:56->../source/sobel_base.cpp:94]   --->   Operation 168 'or' 'or_ln27' <Predicate = true> <Delay = 0.00> <CoreInst = "LogicGate">   --->   Core 74 'LogicGate' <Latency = 0> <II = 1> <Delay = 0.97> <FuncUnit> <Opcode : 'and' 'or' 'xor'> <InPorts = 2> <OutPorts = 1>
ST_24 : Operation 169 [1/1] (1.24ns) (out node of the LUT)   --->   "%g_x = select i1 %or_ln27, i8 %select_ln27, i8 %trunc_ln27" [../source/sobel_base.cpp:27->../source/sobel_base.cpp:56->../source/sobel_base.cpp:94]   --->   Operation 169 'select' 'g_x' <Predicate = true> <Delay = 1.24> <CoreInst = "Sel">   --->   Core 73 'Sel' <Latency = 0> <II = 1> <Delay = 1.24> <FuncUnit> <Opcode : 'select'> <InPorts = 3> <OutPorts = 1>
ST_24 : Operation 170 [1/1] (0.00ns)   --->   "%M01_1 = bitconcatenate i9 @_ssdm_op_BitConcatenate.i9.i8.i1, i8 %sobel_kernel_6, i1 0" [../source/sobel_base.cpp:33->../source/sobel_base.cpp:57->../source/sobel_base.cpp:94]   --->   Operation 170 'bitconcatenate' 'M01_1' <Predicate = true> <Delay = 0.00>
ST_24 : Operation 171 [1/1] (0.00ns)   --->   "%zext_ln33 = zext i9 %M01_1" [../source/sobel_base.cpp:33->../source/sobel_base.cpp:57->../source/sobel_base.cpp:94]   --->   Operation 171 'zext' 'zext_ln33' <Predicate = true> <Delay = 0.00>
ST_24 : Operation 172 [1/1] (0.00ns)   --->   "%zext_ln37 = zext i10 %add_ln34" [../source/sobel_base.cpp:37->../source/sobel_base.cpp:57->../source/sobel_base.cpp:94]   --->   Operation 172 'zext' 'zext_ln37' <Predicate = true> <Delay = 0.00>
ST_24 : Operation 173 [1/1] (0.00ns) (grouped into TernaryAdder)   --->   "%out_pix_7 = sub i11 %zext_ln13_1, i11 %zext_ln37" [../source/sobel_base.cpp:37->../source/sobel_base.cpp:57->../source/sobel_base.cpp:94]   --->   Operation 173 'sub' 'out_pix_7' <Predicate = true> <Delay = 0.00> <CoreInst = "TAddSub">   --->   Core 10 'TAddSub' <Latency = 0> <II = 1> <Delay = 1.87> <IPBlock> <Opcode : '' 'add' 'sub'> <InPorts = 3> <OutPorts = 1> <Sync> <CReg>
ST_24 : Operation 174 [1/1] (1.82ns)   --->   "%add_ln39 = add i10 %zext_ln33, i10 %zext_ln12_1" [../source/sobel_base.cpp:39->../source/sobel_base.cpp:57->../source/sobel_base.cpp:94]   --->   Operation 174 'add' 'add_ln39' <Predicate = true> <Delay = 1.82> <CoreInst = "Adder">   --->   Core 1 'Adder' <Latency = 0> <II = 1> <Delay = 1.82> <FuncUnit> <Opcode : 'add' 'sub'> <InPorts = 2> <OutPorts = 1>
ST_24 : Operation 175 [1/1] (0.00ns)   --->   "%zext_ln39 = zext i10 %add_ln39" [../source/sobel_base.cpp:39->../source/sobel_base.cpp:57->../source/sobel_base.cpp:94]   --->   Operation 175 'zext' 'zext_ln39' <Predicate = true> <Delay = 0.00>
ST_24 : Operation 176 [1/1] (3.75ns) (root node of TernaryAdder)   --->   "%out_pix_4 = add i11 %zext_ln39, i11 %out_pix_7" [../source/sobel_base.cpp:39->../source/sobel_base.cpp:57->../source/sobel_base.cpp:94]   --->   Operation 176 'add' 'out_pix_4' <Predicate = true> <Delay = 3.75> <CoreInst = "TAddSub">   --->   Core 10 'TAddSub' <Latency = 0> <II = 1> <Delay = 1.87> <IPBlock> <Opcode : '' 'add' 'sub'> <InPorts = 3> <OutPorts = 1> <Sync> <CReg>
ST_24 : Operation 177 [1/1] (0.00ns)   --->   "%tmp_2 = bitselect i1 @_ssdm_op_BitSelect.i1.i11.i32, i11 %out_pix_4, i32 10" [../source/sobel_base.cpp:41->../source/sobel_base.cpp:57->../source/sobel_base.cpp:94]   --->   Operation 177 'bitselect' 'tmp_2' <Predicate = true> <Delay = 0.00>
ST_24 : Operation 178 [1/1] (0.00ns)   --->   "%tmp_3 = partselect i3 @_ssdm_op_PartSelect.i3.i11.i32.i32, i11 %out_pix_4, i32 8, i32 10" [../source/sobel_base.cpp:45->../source/sobel_base.cpp:57->../source/sobel_base.cpp:94]   --->   Operation 178 'partselect' 'tmp_3' <Predicate = true> <Delay = 0.00>
ST_24 : Operation 179 [1/1] (1.65ns)   --->   "%icmp_ln45 = icmp_sgt  i3 %tmp_3, i3 0" [../source/sobel_base.cpp:45->../source/sobel_base.cpp:57->../source/sobel_base.cpp:94]   --->   Operation 179 'icmp' 'icmp_ln45' <Predicate = true> <Delay = 1.65> <CoreInst = "Cmp">   --->   Core 9 'Cmp' <Latency = 0> <II = 1> <Delay = 1.65> <FuncUnit> <Opcode : 'seteq' 'setne' 'setle' 'setge' 'setlt' 'setgt'> <InPorts = 2> <OutPorts = 1>

State 25 <SV = 24> <Delay = 4.41>
ST_25 : Operation 180 [1/1] (0.00ns) (grouped into LUT with out node g_y)   --->   "%trunc_ln49 = trunc i11 %out_pix_4" [../source/sobel_base.cpp:49->../source/sobel_base.cpp:57->../source/sobel_base.cpp:94]   --->   Operation 180 'trunc' 'trunc_ln49' <Predicate = true> <Delay = 0.00>
ST_25 : Operation 181 [1/1] (0.00ns) (grouped into LUT with out node g_y)   --->   "%xor_ln49 = xor i1 %tmp_2, i1 1" [../source/sobel_base.cpp:49->../source/sobel_base.cpp:57->../source/sobel_base.cpp:94]   --->   Operation 181 'xor' 'xor_ln49' <Predicate = true> <Delay = 0.00> <CoreInst = "LogicGate">   --->   Core 74 'LogicGate' <Latency = 0> <II = 1> <Delay = 0.97> <FuncUnit> <Opcode : 'and' 'or' 'xor'> <InPorts = 2> <OutPorts = 1>
ST_25 : Operation 182 [1/1] (0.00ns) (grouped into LUT with out node g_y)   --->   "%select_ln49 = select i1 %xor_ln49, i8 255, i8 0" [../source/sobel_base.cpp:49->../source/sobel_base.cpp:57->../source/sobel_base.cpp:94]   --->   Operation 182 'select' 'select_ln49' <Predicate = true> <Delay = 0.00> <CoreInst = "Sel">   --->   Core 73 'Sel' <Latency = 0> <II = 1> <Delay = 0.99> <FuncUnit> <Opcode : 'select'> <InPorts = 3> <OutPorts = 1>
ST_25 : Operation 183 [1/1] (0.00ns) (grouped into LUT with out node g_y)   --->   "%or_ln49 = or i1 %tmp_2, i1 %icmp_ln45" [../source/sobel_base.cpp:49->../source/sobel_base.cpp:57->../source/sobel_base.cpp:94]   --->   Operation 183 'or' 'or_ln49' <Predicate = true> <Delay = 0.00> <CoreInst = "LogicGate">   --->   Core 74 'LogicGate' <Latency = 0> <II = 1> <Delay = 0.97> <FuncUnit> <Opcode : 'and' 'or' 'xor'> <InPorts = 2> <OutPorts = 1>
ST_25 : Operation 184 [1/1] (1.24ns) (out node of the LUT)   --->   "%g_y = select i1 %or_ln49, i8 %select_ln49, i8 %trunc_ln49" [../source/sobel_base.cpp:49->../source/sobel_base.cpp:57->../source/sobel_base.cpp:94]   --->   Operation 184 'select' 'g_y' <Predicate = true> <Delay = 1.24> <CoreInst = "Sel">   --->   Core 73 'Sel' <Latency = 0> <II = 1> <Delay = 1.24> <FuncUnit> <Opcode : 'select'> <InPorts = 3> <OutPorts = 1>
ST_25 : Operation 185 [1/1] (0.00ns)   --->   "%zext_ln58 = zext i8 %g_x" [../source/sobel_base.cpp:58->../source/sobel_base.cpp:94]   --->   Operation 185 'zext' 'zext_ln58' <Predicate = true> <Delay = 0.00>
ST_25 : Operation 186 [1/1] (0.00ns)   --->   "%zext_ln58_1 = zext i8 %g_y" [../source/sobel_base.cpp:58->../source/sobel_base.cpp:94]   --->   Operation 186 'zext' 'zext_ln58_1' <Predicate = true> <Delay = 0.00>
ST_25 : Operation 187 [1/1] (1.91ns)   --->   "%sobel_1 = add i8 %g_y, i8 %g_x" [../source/sobel_base.cpp:58->../source/sobel_base.cpp:94]   --->   Operation 187 'add' 'sobel_1' <Predicate = true> <Delay = 1.91> <CoreInst = "Adder">   --->   Core 1 'Adder' <Latency = 0> <II = 1> <Delay = 1.91> <FuncUnit> <Opcode : 'add' 'sub'> <InPorts = 2> <OutPorts = 1>
ST_25 : Operation 188 [1/1] (1.91ns)   --->   "%temp = add i9 %zext_ln58_1, i9 %zext_ln58" [../source/sobel_base.cpp:58->../source/sobel_base.cpp:94]   --->   Operation 188 'add' 'temp' <Predicate = true> <Delay = 1.91> <CoreInst = "Adder">   --->   Core 1 'Adder' <Latency = 0> <II = 1> <Delay = 1.91> <FuncUnit> <Opcode : 'add' 'sub'> <InPorts = 2> <OutPorts = 1>
ST_25 : Operation 189 [1/1] (0.00ns)   --->   "%tmp_4 = bitselect i1 @_ssdm_op_BitSelect.i1.i9.i32, i9 %temp, i32 8" [../source/sobel_base.cpp:59->../source/sobel_base.cpp:94]   --->   Operation 189 'bitselect' 'tmp_4' <Predicate = true> <Delay = 0.00>
ST_25 : Operation 190 [1/1] (1.24ns)   --->   "%sobel_2 = select i1 %tmp_4, i8 255, i8 %sobel_1" [../source/sobel_base.cpp:59->../source/sobel_base.cpp:94]   --->   Operation 190 'select' 'sobel_2' <Predicate = true> <Delay = 1.24> <CoreInst = "Sel">   --->   Core 73 'Sel' <Latency = 0> <II = 1> <Delay = 1.24> <FuncUnit> <Opcode : 'select'> <InPorts = 3> <OutPorts = 1>

State 26 <SV = 25> <Delay = 7.30>
ST_26 : Operation 191 [1/1] (0.00ns)   --->   "%specpipeline_ln74 = specpipeline void @_ssdm_op_SpecPipeline, i32 4294967295, i32 0, i32 0, i32 0, void @empty_0" [../source/sobel_base.cpp:74]   --->   Operation 191 'specpipeline' 'specpipeline_ln74' <Predicate = true> <Delay = 0.00>
ST_26 : Operation 192 [1/1] (7.30ns)   --->   "%write_ln96 = write void @_ssdm_op_Write.m_axi.p1i8, i8 %gmem_addr_4, i8 %sobel_2, i1 1" [../source/sobel_base.cpp:96]   --->   Operation 192 'write' 'write_ln96' <Predicate = true> <Delay = 7.30> <CoreInst = "m_axi">   --->   Core 111 'm_axi' <Latency = 0> <II = 1> <Delay = 1.00> <Adapter> <Opcode : 'read' 'write' 'readreq' 'writereq' 'writeresp'>

State 27 <SV = 26> <Delay = 7.30>
ST_27 : Operation 193 [5/5] (7.30ns)   --->   "%empty = writeresp i1 @_ssdm_op_WriteResp.m_axi.p1i8, i8 %gmem_addr_4" [../source/sobel_base.cpp:77]   --->   Operation 193 'writeresp' 'empty' <Predicate = (!icmp_ln80_1)> <Delay = 7.30> <CoreInst = "m_axi">   --->   Core 111 'm_axi' <Latency = 0> <II = 1> <Delay = 1.00> <Adapter> <Opcode : 'read' 'write' 'readreq' 'writereq' 'writeresp'>

State 28 <SV = 27> <Delay = 7.30>
ST_28 : Operation 194 [4/5] (7.30ns)   --->   "%empty = writeresp i1 @_ssdm_op_WriteResp.m_axi.p1i8, i8 %gmem_addr_4" [../source/sobel_base.cpp:77]   --->   Operation 194 'writeresp' 'empty' <Predicate = (!icmp_ln80_1)> <Delay = 7.30> <CoreInst = "m_axi">   --->   Core 111 'm_axi' <Latency = 0> <II = 1> <Delay = 1.00> <Adapter> <Opcode : 'read' 'write' 'readreq' 'writereq' 'writeresp'>

State 29 <SV = 28> <Delay = 7.30>
ST_29 : Operation 195 [3/5] (7.30ns)   --->   "%empty = writeresp i1 @_ssdm_op_WriteResp.m_axi.p1i8, i8 %gmem_addr_4" [../source/sobel_base.cpp:77]   --->   Operation 195 'writeresp' 'empty' <Predicate = (!icmp_ln80_1)> <Delay = 7.30> <CoreInst = "m_axi">   --->   Core 111 'm_axi' <Latency = 0> <II = 1> <Delay = 1.00> <Adapter> <Opcode : 'read' 'write' 'readreq' 'writereq' 'writeresp'>

State 30 <SV = 29> <Delay = 7.30>
ST_30 : Operation 196 [2/5] (7.30ns)   --->   "%empty = writeresp i1 @_ssdm_op_WriteResp.m_axi.p1i8, i8 %gmem_addr_4" [../source/sobel_base.cpp:77]   --->   Operation 196 'writeresp' 'empty' <Predicate = (!icmp_ln80_1)> <Delay = 7.30> <CoreInst = "m_axi">   --->   Core 111 'm_axi' <Latency = 0> <II = 1> <Delay = 1.00> <Adapter> <Opcode : 'read' 'write' 'readreq' 'writereq' 'writeresp'>

State 31 <SV = 30> <Delay = 7.30>
ST_31 : Operation 197 [1/5] (7.30ns)   --->   "%empty = writeresp i1 @_ssdm_op_WriteResp.m_axi.p1i8, i8 %gmem_addr_4" [../source/sobel_base.cpp:77]   --->   Operation 197 'writeresp' 'empty' <Predicate = (!icmp_ln80_1)> <Delay = 7.30> <CoreInst = "m_axi">   --->   Core 111 'm_axi' <Latency = 0> <II = 1> <Delay = 1.00> <Adapter> <Opcode : 'read' 'write' 'readreq' 'writereq' 'writeresp'>
ST_31 : Operation 198 [1/1] (0.00ns)   --->   "%br_ln80 = br void %new.latch.VITIS_LOOP_86_3.split" [../source/sobel_base.cpp:80]   --->   Operation 198 'br' 'br_ln80' <Predicate = (!icmp_ln80_1)> <Delay = 0.00>


============================================================
+ Verbose Summary: Binding
============================================================
STG Binding: 
---------------- STG Properties BEGIN ----------------
- Is combinational: 0
- Is one-state seq: 0
- Is datapath-only: 0
- Is pipelined: 0
- Is top level: 0
Port [ Return ] is wired: 1; IO mode=ap_ctrl_hs:ce=0
Port [ gmem]:  wired=1; compound=1; hidden=0; nouse=0; global=0; static=0; extern=0; dir=2; type=4; pingpong=0; private_global=0; IO mode=m_axi:ce=0
Port [ mul_ln66]:  wired=1; compound=0; hidden=0; nouse=0; global=0; static=0; extern=0; dir=0; type=0; pingpong=0; private_global=0; IO mode=ap_none:ce=0
Port [ cols_cast6]:  wired=1; compound=0; hidden=0; nouse=0; global=0; static=0; extern=0; dir=0; type=0; pingpong=0; private_global=0; IO mode=ap_none:ce=0
Port [ src]:  wired=1; compound=0; hidden=0; nouse=0; global=0; static=0; extern=0; dir=0; type=0; pingpong=0; private_global=0; IO mode=ap_none:ce=0
Port [ cols_cast]:  wired=1; compound=0; hidden=0; nouse=0; global=0; static=0; extern=0; dir=0; type=0; pingpong=0; private_global=0; IO mode=ap_none:ce=0
Port [ sext_ln77]:  wired=1; compound=0; hidden=0; nouse=0; global=0; static=0; extern=0; dir=0; type=0; pingpong=0; private_global=0; IO mode=ap_none:ce=0
Port [ sub2]:  wired=1; compound=0; hidden=0; nouse=0; global=0; static=0; extern=0; dir=0; type=0; pingpong=0; private_global=0; IO mode=ap_none:ce=0
Port [ zext_ln77]:  wired=1; compound=0; hidden=0; nouse=0; global=0; static=0; extern=0; dir=0; type=0; pingpong=0; private_global=0; IO mode=ap_none:ce=0
Port [ dst]:  wired=1; compound=0; hidden=0; nouse=0; global=0; static=0; extern=0; dir=0; type=0; pingpong=0; private_global=0; IO mode=ap_none:ce=0
---------------- STG Properties END ------------------

---------------- Datapath Model BEGIN ----------------

<LifeTime>
<method=bitvector/>
col                   (alloca           ) [ 01110000000000000000000000000000]
indvar3               (alloca           ) [ 01111100000000000000000000000000]
indvar                (alloca           ) [ 01110000000000000000000000000000]
indvar_flatten        (alloca           ) [ 01110000000000000000000000000000]
dst_read              (read             ) [ 00111100000000000000000000000000]
zext_ln77_read        (read             ) [ 00000000000000000000000000000000]
sub2_read             (read             ) [ 00110000000000000000000000000000]
sext_ln77_read        (read             ) [ 00000000000000000000000000000000]
cols_cast_read        (read             ) [ 00000000000000000000000000000000]
src_read              (read             ) [ 00111111000000000000000000000000]
cols_cast6_read       (read             ) [ 00000000000000000000000000000000]
mul_ln66_read         (read             ) [ 00100000000000000000000000000000]
zext_ln77_cast        (zext             ) [ 00111110000000000000000000000000]
sext_ln77_cast        (sext             ) [ 00111111000000000000000000000000]
cols_cast_cast        (sext             ) [ 00111110000000000000000000000000]
cols_cast6_cast       (sext             ) [ 00111000000000000000000000000000]
specinterface_ln0     (specinterface    ) [ 00000000000000000000000000000000]
store_ln0             (store            ) [ 00000000000000000000000000000000]
store_ln0             (store            ) [ 00000000000000000000000000000000]
store_ln0             (store            ) [ 00000000000000000000000000000000]
store_ln74            (store            ) [ 00000000000000000000000000000000]
br_ln0                (br               ) [ 01110000000000000000000000000000]
first_iter_0          (phi              ) [ 00100000000000000000000000000000]
col_1                 (load             ) [ 00000000000000000000000000000000]
indvar_flatten_load   (load             ) [ 00010000000000000000000000000000]
specbitsmap_ln0       (specbitsmap      ) [ 00000000000000000000000000000000]
icmp_ln77             (icmp             ) [ 01111111111111111111111111111111]
br_ln77               (br               ) [ 00000000000000000000000000000000]
indvar_load           (load             ) [ 00000000000000000000000000000000]
zext_ln80_1           (zext             ) [ 00000000000000000000000000000000]
icmp_ln80             (icmp             ) [ 00011100000000000000000000000000]
xor_ln77              (xor              ) [ 00000000000000000000000000000000]
or_ln77               (or               ) [ 00011110000000000000000000000000]
add_ln77_1            (add              ) [ 00000000000000000000000000000000]
select_ln77_1         (select           ) [ 00010000000000000000000000000000]
br_ln80               (br               ) [ 00000000000000000000000000000000]
add_ln80              (add              ) [ 00010000000000000000000000000000]
add_ln77              (add              ) [ 00000000000000000000000000000000]
zext_ln77_1           (zext             ) [ 00001000000000000000000000000000]
select_ln80           (select           ) [ 00000000000000000000000000000000]
zext_ln80_2           (zext             ) [ 00000000000000000000000000000000]
icmp_ln80_1           (icmp             ) [ 01111111111111111111111111111111]
br_ln80               (br               ) [ 00000000000000000000000000000000]
store_ln77            (store            ) [ 00000000000000000000000000000000]
store_ln77            (store            ) [ 00000000000000000000000000000000]
store_ln74            (store            ) [ 00000000000000000000000000000000]
br_ln80               (br               ) [ 01110000000000000000000000000000]
mul_ln77              (mul              ) [ 00000100000000000000000000000000]
add_ln86_2            (add              ) [ 00000100000000000000000000000000]
indvar3_load          (load             ) [ 00000000000000000000000000000000]
specloopname_ln0      (specloopname     ) [ 00000000000000000000000000000000]
speclooptripcount_ln0 (speclooptripcount) [ 00000000000000000000000000000000]
select_ln77           (select           ) [ 00000000000000000000000000000000]
sext_ln77_1           (sext             ) [ 00000000000000000000000000000000]
add_ln77_2            (add              ) [ 00000000000000000000000000000000]
gmem_addr             (getelementptr    ) [ 00000010000000000000000000000000]
zext_ln80             (zext             ) [ 00000000000000000000000000000000]
add_ln86_1            (add              ) [ 00000000000000000000000000000000]
sext_ln86             (sext             ) [ 00000000000000000000000000000000]
add_ln86              (add              ) [ 00000010000000000000000000000000]
gmem_addr_4           (getelementptr    ) [ 01111111111111111111111111111111]
add_ln80_1            (add              ) [ 00000000000000000000000000000000]
store_ln80            (store            ) [ 00000000000000000000000000000000]
empty_28              (writereq         ) [ 00000000000000000000000000000000]
br_ln80               (br               ) [ 00000000000000000000000000000000]
add_ln86_cast         (sext             ) [ 00000000000000000000000000000000]
empty_20              (add              ) [ 00000000000000000000000000000000]
gmem_addr_1           (getelementptr    ) [ 01111111111111111100000000000000]
empty_22              (add              ) [ 00000001000000000000000000000000]
p_cast10              (sext             ) [ 00000000000000000000000000000000]
empty_23              (add              ) [ 00000000000000000000000000000000]
gmem_addr_2           (getelementptr    ) [ 01111111111111111111100000000000]
tmp3                  (add              ) [ 00000000000000000000000000000000]
empty_26              (add              ) [ 00000000000000000000000000000000]
gmem_addr_3           (getelementptr    ) [ 01111111111111111111111100000000]
empty_21              (readreq          ) [ 00000000000000000000000000000000]
sobel_kernel          (read             ) [ 01110001110000001111110000000000]
sobel_kernel_1        (read             ) [ 01110000110000000111110000000000]
sobel_kernel_2        (read             ) [ 01110000010000000011110000000000]
empty_24              (readreq          ) [ 00000000000000000000000000000000]
sobel_kernel_3        (read             ) [ 01110000000000000001110000000000]
empty_25              (read             ) [ 00000000000000000000000000000000]
sobel_kernel_4        (read             ) [ 00010000000000000000010000000000]
empty_27              (readreq          ) [ 00000000000000000000000000000000]
sobel_kernel_5        (read             ) [ 00001110000000000000001110000000]
M00                   (bitconcatenate   ) [ 00000000000000000000000000000000]
zext_ln10             (zext             ) [ 00000000000000000000000000000000]
M01                   (bitconcatenate   ) [ 00000000000000000000000000000000]
zext_ln11             (zext             ) [ 00000000000000000000000000000000]
zext_ln12             (zext             ) [ 00000000000000000000000000000000]
zext_ln13             (zext             ) [ 00000000000000000000000000000000]
S00                   (sub              ) [ 00000000000000000000000000000000]
sext_ln12             (sext             ) [ 00000000000000000000000000000000]
A00                   (sub              ) [ 00000000000000000000000000000000]
out_pix_5             (add              ) [ 00001110000000000000001110000000]
M00_1                 (bitconcatenate   ) [ 00000000000000000000000000000000]
zext_ln32             (zext             ) [ 00000000000000000000000000000000]
add_ln34_1            (add              ) [ 00000000000000000000000000000000]
zext_ln34             (zext             ) [ 00000000000000000000000000000000]
add_ln34              (add              ) [ 00001110000000000000001110000000]
sobel_kernel_6        (read             ) [ 00000110000000000000000110000000]
sobel_kernel_7        (read             ) [ 00000010000000000000000010000000]
zext_ln12_1           (zext             ) [ 00000000000000000000000000000000]
zext_ln12_2           (zext             ) [ 00000000000000000000000000000000]
zext_ln13_1           (zext             ) [ 00000000000000000000000000000000]
out_pix_6             (sub              ) [ 00000000000000000000000000000000]
out_pix               (add              ) [ 00000000000000000000000000000000]
tmp                   (bitselect        ) [ 00000000000000000000000000000000]
tmp_1                 (partselect       ) [ 00000000000000000000000000000000]
icmp_ln23             (icmp             ) [ 00000000000000000000000000000000]
trunc_ln27            (trunc            ) [ 00000000000000000000000000000000]
xor_ln27              (xor              ) [ 00000000000000000000000000000000]
select_ln27           (select           ) [ 00000000000000000000000000000000]
or_ln27               (or               ) [ 00000000000000000000000000000000]
g_x                   (select           ) [ 00000001000000000000000001000000]
M01_1                 (bitconcatenate   ) [ 00000000000000000000000000000000]
zext_ln33             (zext             ) [ 00000000000000000000000000000000]
zext_ln37             (zext             ) [ 00000000000000000000000000000000]
out_pix_7             (sub              ) [ 00000000000000000000000000000000]
add_ln39              (add              ) [ 00000000000000000000000000000000]
zext_ln39             (zext             ) [ 00000000000000000000000000000000]
out_pix_4             (add              ) [ 00000001000000000000000001000000]
tmp_2                 (bitselect        ) [ 00000001000000000000000001000000]
tmp_3                 (partselect       ) [ 00000000000000000000000000000000]
icmp_ln45             (icmp             ) [ 00000001000000000000000001000000]
trunc_ln49            (trunc            ) [ 00000000000000000000000000000000]
xor_ln49              (xor              ) [ 00000000000000000000000000000000]
select_ln49           (select           ) [ 00000000000000000000000000000000]
or_ln49               (or               ) [ 00000000000000000000000000000000]
g_y                   (select           ) [ 00000000000000000000000000000000]
zext_ln58             (zext             ) [ 00000000000000000000000000000000]
zext_ln58_1           (zext             ) [ 00000000000000000000000000000000]
sobel_1               (add              ) [ 00000000000000000000000000000000]
temp                  (add              ) [ 00000000000000000000000000000000]
tmp_4                 (bitselect        ) [ 00000000000000000000000000000000]
sobel_2               (select           ) [ 00000000100000000000000000100000]
specpipeline_ln74     (specpipeline     ) [ 00000000000000000000000000000000]
write_ln96            (write            ) [ 00000000000000000000000000000000]
empty                 (writeresp        ) [ 00000000000000000000000000000000]
br_ln80               (br               ) [ 00000000000000000000000000000000]
ret_ln0               (ret              ) [ 00000000000000000000000000000000]
</LifeTime>

<model>

<comp_list>
<comp id="0" class="1000" name="gmem">
<pin_list>
<pin id="1" dir="1" index="0" bw="1" slack="0"/>
</pin_list>
<bind>
<StgValue><ssdm name="gmem"/></StgValue>
</bind>
</comp>

<comp id="2" class="1000" name="mul_ln66">
<pin_list>
<pin id="3" dir="1" index="0" bw="1" slack="0"/>
</pin_list>
<bind>
<StgValue><ssdm name="mul_ln66"/></StgValue>
</bind>
</comp>

<comp id="4" class="1000" name="cols_cast6">
<pin_list>
<pin id="5" dir="1" index="0" bw="1" slack="0"/>
</pin_list>
<bind>
<StgValue><ssdm name="cols_cast6"/></StgValue>
</bind>
</comp>

<comp id="6" class="1000" name="src">
<pin_list>
<pin id="7" dir="1" index="0" bw="1" slack="0"/>
</pin_list>
<bind>
<StgValue><ssdm name="src"/></StgValue>
</bind>
</comp>

<comp id="8" class="1000" name="cols_cast">
<pin_list>
<pin id="9" dir="1" index="0" bw="1" slack="0"/>
</pin_list>
<bind>
<StgValue><ssdm name="cols_cast"/></StgValue>
</bind>
</comp>

<comp id="10" class="1000" name="sext_ln77">
<pin_list>
<pin id="11" dir="1" index="0" bw="1" slack="0"/>
</pin_list>
<bind>
<StgValue><ssdm name="sext_ln77"/></StgValue>
</bind>
</comp>

<comp id="12" class="1000" name="sub2">
<pin_list>
<pin id="13" dir="1" index="0" bw="1" slack="0"/>
</pin_list>
<bind>
<StgValue><ssdm name="sub2"/></StgValue>
</bind>
</comp>

<comp id="14" class="1000" name="zext_ln77">
<pin_list>
<pin id="15" dir="1" index="0" bw="1" slack="0"/>
</pin_list>
<bind>
<StgValue><ssdm name="zext_ln77"/></StgValue>
</bind>
</comp>

<comp id="16" class="1000" name="dst">
<pin_list>
<pin id="17" dir="1" index="0" bw="1" slack="0"/>
</pin_list>
<bind>
<StgValue><ssdm name="dst"/></StgValue>
</bind>
</comp>

<comp id="18" class="1001" name="const_18">
<pin_list>
<pin id="19" dir="1" index="0" bw="1" slack="0"/>
</pin_list>
<bind>
<StgValue><ssdm name=""/></StgValue>
</bind>
</comp>

<comp id="20" class="1001" name="const_20">
<pin_list>
<pin id="21" dir="1" index="0" bw="1" slack="0"/>
</pin_list>
<bind>
<StgValue><ssdm name="_ssdm_op_Read.ap_auto.i64"/></StgValue>
</bind>
</comp>

<comp id="22" class="1001" name="const_22">
<pin_list>
<pin id="23" dir="1" index="0" bw="1" slack="0"/>
</pin_list>
<bind>
<StgValue><ssdm name="_ssdm_op_Read.ap_auto.i31"/></StgValue>
</bind>
</comp>

<comp id="24" class="1001" name="const_24">
<pin_list>
<pin id="25" dir="1" index="0" bw="1" slack="0"/>
</pin_list>
<bind>
<StgValue><ssdm name="_ssdm_op_Read.ap_auto.i32"/></StgValue>
</bind>
</comp>

<comp id="26" class="1001" name="const_26">
<pin_list>
<pin id="27" dir="1" index="0" bw="1" slack="2147483647"/>
</pin_list>
<bind>
<StgValue><ssdm name="_ssdm_op_SpecInterface"/></StgValue>
</bind>
</comp>

<comp id="28" class="1001" name="const_28">
<pin_list>
<pin id="29" dir="1" index="0" bw="1" slack="2147483647"/>
</pin_list>
<bind>
<StgValue><ssdm name="empty"/></StgValue>
</bind>
</comp>

<comp id="30" class="1001" name="const_30">
<pin_list>
<pin id="31" dir="1" index="0" bw="1" slack="2147483647"/>
</pin_list>
<bind>
<StgValue><ssdm name=""/></StgValue>
</bind>
</comp>

<comp id="32" class="1001" name="const_32">
<pin_list>
<pin id="33" dir="1" index="0" bw="1" slack="2147483647"/>
</pin_list>
<bind>
<StgValue><ssdm name="empty_0"/></StgValue>
</bind>
</comp>

<comp id="34" class="1001" name="const_34">
<pin_list>
<pin id="35" dir="1" index="0" bw="1" slack="2147483647"/>
</pin_list>
<bind>
<StgValue><ssdm name=""/></StgValue>
</bind>
</comp>

<comp id="36" class="1001" name="const_36">
<pin_list>
<pin id="37" dir="1" index="0" bw="1" slack="2147483647"/>
</pin_list>
<bind>
<StgValue><ssdm name="empty_1"/></StgValue>
</bind>
</comp>

<comp id="38" class="1001" name="const_38">
<pin_list>
<pin id="39" dir="1" index="0" bw="1" slack="2147483647"/>
</pin_list>
<bind>
<StgValue><ssdm name="empty_2"/></StgValue>
</bind>
</comp>

<comp id="40" class="1001" name="const_40">
<pin_list>
<pin id="41" dir="1" index="0" bw="1" slack="2147483647"/>
</pin_list>
<bind>
<StgValue><ssdm name=""/></StgValue>
</bind>
</comp>

<comp id="42" class="1001" name="const_42">
<pin_list>
<pin id="43" dir="1" index="0" bw="1" slack="2147483647"/>
</pin_list>
<bind>
<StgValue><ssdm name=""/></StgValue>
</bind>
</comp>

<comp id="44" class="1001" name="const_44">
<pin_list>
<pin id="45" dir="1" index="0" bw="1" slack="0"/>
</pin_list>
<bind>
<StgValue><ssdm name=""/></StgValue>
</bind>
</comp>

<comp id="46" class="1001" name="const_46">
<pin_list>
<pin id="47" dir="1" index="0" bw="1" slack="0"/>
</pin_list>
<bind>
<StgValue><ssdm name=""/></StgValue>
</bind>
</comp>

<comp id="48" class="1001" name="const_48">
<pin_list>
<pin id="49" dir="1" index="0" bw="1" slack="0"/>
</pin_list>
<bind>
<StgValue><ssdm name=""/></StgValue>
</bind>
</comp>

<comp id="50" class="1001" name="const_50">
<pin_list>
<pin id="51" dir="1" index="0" bw="1" slack="0"/>
</pin_list>
<bind>
<StgValue><ssdm name=""/></StgValue>
</bind>
</comp>

<comp id="52" class="1001" name="const_52">
<pin_list>
<pin id="53" dir="1" index="0" bw="1" slack="0"/>
</pin_list>
<bind>
<StgValue><ssdm name=""/></StgValue>
</bind>
</comp>

<comp id="54" class="1001" name="const_54">
<pin_list>
<pin id="55" dir="1" index="0" bw="1" slack="2147483647"/>
</pin_list>
<bind>
<StgValue><ssdm name="_ssdm_op_SpecBitsMap"/></StgValue>
</bind>
</comp>

<comp id="56" class="1001" name="const_56">
<pin_list>
<pin id="57" dir="1" index="0" bw="1" slack="0"/>
</pin_list>
<bind>
<StgValue><ssdm name=""/></StgValue>
</bind>
</comp>

<comp id="58" class="1001" name="const_58">
<pin_list>
<pin id="59" dir="1" index="0" bw="1" slack="0"/>
</pin_list>
<bind>
<StgValue><ssdm name=""/></StgValue>
</bind>
</comp>

<comp id="60" class="1001" name="const_60">
<pin_list>
<pin id="61" dir="1" index="0" bw="1" slack="0"/>
</pin_list>
<bind>
<StgValue><ssdm name=""/></StgValue>
</bind>
</comp>

<comp id="62" class="1001" name="const_62">
<pin_list>
<pin id="63" dir="1" index="0" bw="1" slack="2147483647"/>
</pin_list>
<bind>
<StgValue><ssdm name="_ssdm_op_SpecLoopName"/></StgValue>
</bind>
</comp>

<comp id="64" class="1001" name="const_64">
<pin_list>
<pin id="65" dir="1" index="0" bw="1" slack="2147483647"/>
</pin_list>
<bind>
<StgValue><ssdm name="VITIS_LOOP_77_1_VITIS_LOOP_80_2_str"/></StgValue>
</bind>
</comp>

<comp id="66" class="1001" name="const_66">
<pin_list>
<pin id="67" dir="1" index="0" bw="1" slack="2147483647"/>
</pin_list>
<bind>
<StgValue><ssdm name="_ssdm_op_SpecLoopTripCount"/></StgValue>
</bind>
</comp>

<comp id="68" class="1001" name="const_68">
<pin_list>
<pin id="69" dir="1" index="0" bw="1" slack="2147483647"/>
</pin_list>
<bind>
<StgValue><ssdm name=""/></StgValue>
</bind>
</comp>

<comp id="70" class="1001" name="const_70">
<pin_list>
<pin id="71" dir="1" index="0" bw="1" slack="2147483647"/>
</pin_list>
<bind>
<StgValue><ssdm name=""/></StgValue>
</bind>
</comp>

<comp id="72" class="1001" name="const_72">
<pin_list>
<pin id="73" dir="1" index="0" bw="1" slack="0"/>
</pin_list>
<bind>
<StgValue><ssdm name="_ssdm_op_WriteReq.m_axi.p1i8"/></StgValue>
</bind>
</comp>

<comp id="74" class="1001" name="const_74">
<pin_list>
<pin id="75" dir="1" index="0" bw="1" slack="0"/>
</pin_list>
<bind>
<StgValue><ssdm name="_ssdm_op_ReadReq.m_axi.p1i8"/></StgValue>
</bind>
</comp>

<comp id="76" class="1001" name="const_76">
<pin_list>
<pin id="77" dir="1" index="0" bw="1" slack="0"/>
</pin_list>
<bind>
<StgValue><ssdm name=""/></StgValue>
</bind>
</comp>

<comp id="78" class="1001" name="const_78">
<pin_list>
<pin id="79" dir="1" index="0" bw="1" slack="0"/>
</pin_list>
<bind>
<StgValue><ssdm name="_ssdm_op_Read.m_axi.p1i8"/></StgValue>
</bind>
</comp>

<comp id="80" class="1001" name="const_80">
<pin_list>
<pin id="81" dir="1" index="0" bw="1" slack="0"/>
</pin_list>
<bind>
<StgValue><ssdm name="_ssdm_op_BitConcatenate.i9.i8.i1"/></StgValue>
</bind>
</comp>

<comp id="82" class="1001" name="const_82">
<pin_list>
<pin id="83" dir="1" index="0" bw="1" slack="0"/>
</pin_list>
<bind>
<StgValue><ssdm name="_ssdm_op_BitSelect.i1.i11.i32"/></StgValue>
</bind>
</comp>

<comp id="84" class="1001" name="const_84">
<pin_list>
<pin id="85" dir="1" index="0" bw="1" slack="0"/>
</pin_list>
<bind>
<StgValue><ssdm name=""/></StgValue>
</bind>
</comp>

<comp id="86" class="1001" name="const_86">
<pin_list>
<pin id="87" dir="1" index="0" bw="1" slack="0"/>
</pin_list>
<bind>
<StgValue><ssdm name="_ssdm_op_PartSelect.i3.i11.i32.i32"/></StgValue>
</bind>
</comp>

<comp id="88" class="1001" name="const_88">
<pin_list>
<pin id="89" dir="1" index="0" bw="1" slack="0"/>
</pin_list>
<bind>
<StgValue><ssdm name=""/></StgValue>
</bind>
</comp>

<comp id="90" class="1001" name="const_90">
<pin_list>
<pin id="91" dir="1" index="0" bw="1" slack="0"/>
</pin_list>
<bind>
<StgValue><ssdm name=""/></StgValue>
</bind>
</comp>

<comp id="92" class="1001" name="const_92">
<pin_list>
<pin id="93" dir="1" index="0" bw="1" slack="0"/>
</pin_list>
<bind>
<StgValue><ssdm name=""/></StgValue>
</bind>
</comp>

<comp id="94" class="1001" name="const_94">
<pin_list>
<pin id="95" dir="1" index="0" bw="1" slack="0"/>
</pin_list>
<bind>
<StgValue><ssdm name=""/></StgValue>
</bind>
</comp>

<comp id="96" class="1001" name="const_96">
<pin_list>
<pin id="97" dir="1" index="0" bw="1" slack="0"/>
</pin_list>
<bind>
<StgValue><ssdm name="_ssdm_op_BitSelect.i1.i9.i32"/></StgValue>
</bind>
</comp>

<comp id="98" class="1001" name="const_98">
<pin_list>
<pin id="99" dir="1" index="0" bw="1" slack="2147483647"/>
</pin_list>
<bind>
<StgValue><ssdm name="_ssdm_op_SpecPipeline"/></StgValue>
</bind>
</comp>

<comp id="100" class="1001" name="const_100">
<pin_list>
<pin id="101" dir="1" index="0" bw="1" slack="0"/>
</pin_list>
<bind>
<StgValue><ssdm name="_ssdm_op_Write.m_axi.p1i8"/></StgValue>
</bind>
</comp>

<comp id="102" class="1001" name="const_102">
<pin_list>
<pin id="103" dir="1" index="0" bw="1" slack="0"/>
</pin_list>
<bind>
<StgValue><ssdm name="_ssdm_op_WriteResp.m_axi.p1i8"/></StgValue>
</bind>
</comp>

<comp id="104" class="1004" name="col_fu_104">
<pin_list>
<pin id="105" dir="0" index="0" bw="1" slack="0"/>
<pin id="106" dir="1" index="1" bw="31" slack="0"/>
</pin_list>
<bind>
<opcode="alloca(26) " fcode="alloca"/>
<opset="col/1 "/>
</bind>
</comp>

<comp id="108" class="1004" name="indvar3_fu_108">
<pin_list>
<pin id="109" dir="0" index="0" bw="1" slack="0"/>
<pin id="110" dir="1" index="1" bw="31" slack="0"/>
</pin_list>
<bind>
<opcode="alloca(26) " fcode="alloca"/>
<opset="indvar3/1 "/>
</bind>
</comp>

<comp id="112" class="1004" name="indvar_fu_112">
<pin_list>
<pin id="113" dir="0" index="0" bw="1" slack="0"/>
<pin id="114" dir="1" index="1" bw="31" slack="0"/>
</pin_list>
<bind>
<opcode="alloca(26) " fcode="alloca"/>
<opset="indvar/1 "/>
</bind>
</comp>

<comp id="116" class="1004" name="indvar_flatten_fu_116">
<pin_list>
<pin id="117" dir="0" index="0" bw="1" slack="0"/>
<pin id="118" dir="1" index="1" bw="64" slack="0"/>
</pin_list>
<bind>
<opcode="alloca(26) " fcode="alloca"/>
<opset="indvar_flatten/1 "/>
</bind>
</comp>

<comp id="120" class="1004" name="dst_read_read_fu_120">
<pin_list>
<pin id="121" dir="0" index="0" bw="64" slack="0"/>
<pin id="122" dir="0" index="1" bw="64" slack="0"/>
<pin id="123" dir="1" index="2" bw="64" slack="4"/>
</pin_list>
<bind>
<opcode="read(1150) " fcode="read"/>
<opset="dst_read/1 "/>
</bind>
</comp>

<comp id="126" class="1004" name="zext_ln77_read_read_fu_126">
<pin_list>
<pin id="127" dir="0" index="0" bw="31" slack="0"/>
<pin id="128" dir="0" index="1" bw="31" slack="0"/>
<pin id="129" dir="1" index="2" bw="31" slack="0"/>
</pin_list>
<bind>
<opcode="read(1150) " fcode="read"/>
<opset="zext_ln77_read/1 "/>
</bind>
</comp>

<comp id="132" class="1004" name="sub2_read_read_fu_132">
<pin_list>
<pin id="133" dir="0" index="0" bw="32" slack="0"/>
<pin id="134" dir="0" index="1" bw="32" slack="0"/>
<pin id="135" dir="1" index="2" bw="32" slack="1"/>
</pin_list>
<bind>
<opcode="read(1150) " fcode="read"/>
<opset="sub2_read/1 "/>
</bind>
</comp>

<comp id="138" class="1004" name="sext_ln77_read_read_fu_138">
<pin_list>
<pin id="139" dir="0" index="0" bw="32" slack="0"/>
<pin id="140" dir="0" index="1" bw="32" slack="0"/>
<pin id="141" dir="1" index="2" bw="32" slack="0"/>
</pin_list>
<bind>
<opcode="read(1150) " fcode="read"/>
<opset="sext_ln77_read/1 "/>
</bind>
</comp>

<comp id="144" class="1004" name="cols_cast_read_read_fu_144">
<pin_list>
<pin id="145" dir="0" index="0" bw="32" slack="0"/>
<pin id="146" dir="0" index="1" bw="32" slack="0"/>
<pin id="147" dir="1" index="2" bw="32" slack="0"/>
</pin_list>
<bind>
<opcode="read(1150) " fcode="read"/>
<opset="cols_cast_read/1 "/>
</bind>
</comp>

<comp id="150" class="1004" name="src_read_read_fu_150">
<pin_list>
<pin id="151" dir="0" index="0" bw="64" slack="0"/>
<pin id="152" dir="0" index="1" bw="64" slack="0"/>
<pin id="153" dir="1" index="2" bw="64" slack="5"/>
</pin_list>
<bind>
<opcode="read(1150) " fcode="read"/>
<opset="src_read/1 "/>
</bind>
</comp>

<comp id="156" class="1004" name="cols_cast6_read_read_fu_156">
<pin_list>
<pin id="157" dir="0" index="0" bw="32" slack="0"/>
<pin id="158" dir="0" index="1" bw="32" slack="0"/>
<pin id="159" dir="1" index="2" bw="32" slack="0"/>
</pin_list>
<bind>
<opcode="read(1150) " fcode="read"/>
<opset="cols_cast6_read/1 "/>
</bind>
</comp>

<comp id="162" class="1004" name="mul_ln66_read_read_fu_162">
<pin_list>
<pin id="163" dir="0" index="0" bw="64" slack="0"/>
<pin id="164" dir="0" index="1" bw="64" slack="0"/>
<pin id="165" dir="1" index="2" bw="64" slack="1"/>
</pin_list>
<bind>
<opcode="read(1150) " fcode="read"/>
<opset="mul_ln66_read/1 "/>
</bind>
</comp>

<comp id="168" class="1004" name="empty_28_writereq_fu_168">
<pin_list>
<pin id="169" dir="0" index="0" bw="1" slack="0"/>
<pin id="170" dir="0" index="1" bw="8" slack="1"/>
<pin id="171" dir="0" index="2" bw="31" slack="5"/>
<pin id="172" dir="1" index="3" bw="1" slack="2147483647"/>
</pin_list>
<bind>
<opcode="writereq(1155) " fcode="writereq"/>
<opset="empty_28/6 "/>
</bind>
</comp>

<comp id="174" class="1004" name="grp_readreq_fu_174">
<pin_list>
<pin id="175" dir="0" index="0" bw="1" slack="0"/>
<pin id="176" dir="0" index="1" bw="8" slack="1"/>
<pin id="177" dir="0" index="2" bw="3" slack="0"/>
<pin id="178" dir="1" index="3" bw="1" slack="2147483647"/>
</pin_list>
<bind>
<opcode="readreq(1154) " fcode="readreq"/>
<opset="empty_21/7 "/>
</bind>
</comp>

<comp id="181" class="1004" name="grp_readreq_fu_181">
<pin_list>
<pin id="182" dir="0" index="0" bw="1" slack="0"/>
<pin id="183" dir="0" index="1" bw="8" slack="3"/>
<pin id="184" dir="0" index="2" bw="3" slack="0"/>
<pin id="185" dir="1" index="3" bw="1" slack="2147483647"/>
</pin_list>
<bind>
<opcode="readreq(1154) " fcode="readreq"/>
<opset="empty_24/10 "/>
</bind>
</comp>

<comp id="188" class="1004" name="grp_readreq_fu_188">
<pin_list>
<pin id="189" dir="0" index="0" bw="1" slack="0"/>
<pin id="190" dir="0" index="1" bw="8" slack="6"/>
<pin id="191" dir="0" index="2" bw="3" slack="0"/>
<pin id="192" dir="1" index="3" bw="1" slack="2147483647"/>
</pin_list>
<bind>
<opcode="readreq(1154) " fcode="readreq"/>
<opset="empty_27/13 "/>
</bind>
</comp>

<comp id="195" class="1004" name="grp_read_fu_195">
<pin_list>
<pin id="196" dir="0" index="0" bw="8" slack="0"/>
<pin id="197" dir="0" index="1" bw="8" slack="9"/>
<pin id="198" dir="1" index="2" bw="8" slack="4"/>
</pin_list>
<bind>
<opcode="read(1150) " fcode="read"/>
<opset="sobel_kernel/15 sobel_kernel_1/16 sobel_kernel_2/17 "/>
</bind>
</comp>

<comp id="200" class="1004" name="grp_read_fu_200">
<pin_list>
<pin id="201" dir="0" index="0" bw="8" slack="0"/>
<pin id="202" dir="0" index="1" bw="8" slack="11"/>
<pin id="203" dir="1" index="2" bw="8" slack="1"/>
</pin_list>
<bind>
<opcode="read(1150) " fcode="read"/>
<opset="sobel_kernel_3/18 empty_25/19 sobel_kernel_4/20 "/>
</bind>
</comp>

<comp id="205" class="1004" name="grp_read_fu_205">
<pin_list>
<pin id="206" dir="0" index="0" bw="8" slack="0"/>
<pin id="207" dir="0" index="1" bw="8" slack="14"/>
<pin id="208" dir="1" index="2" bw="8" slack="1"/>
</pin_list>
<bind>
<opcode="read(1150) " fcode="read"/>
<opset="sobel_kernel_5/21 sobel_kernel_6/22 sobel_kernel_7/23 "/>
</bind>
</comp>

<comp id="210" class="1004" name="write_ln96_write_fu_210">
<pin_list>
<pin id="211" dir="0" index="0" bw="0" slack="0"/>
<pin id="212" dir="0" index="1" bw="8" slack="21"/>
<pin id="213" dir="0" index="2" bw="8" slack="1"/>
<pin id="214" dir="0" index="3" bw="1" slack="0"/>
<pin id="215" dir="1" index="4" bw="0" slack="2147483647"/>
</pin_list>
<bind>
<opcode="write(1151) " fcode="write"/>
<opset="write_ln96/26 "/>
</bind>
</comp>

<comp id="218" class="1004" name="grp_writeresp_fu_218">
<pin_list>
<pin id="219" dir="0" index="0" bw="1" slack="0"/>
<pin id="220" dir="0" index="1" bw="8" slack="22"/>
<pin id="221" dir="1" index="2" bw="1" slack="2147483647"/>
</pin_list>
<bind>
<opcode="writeresp(1158) " fcode="writeresp"/>
<opset="empty/27 "/>
</bind>
</comp>

<comp id="223" class="1005" name="first_iter_0_reg_223">
<pin_list>
<pin id="224" dir="0" index="0" bw="1" slack="1"/>
<pin id="225" dir="1" index="1" bw="1" slack="1"/>
</pin_list>
<bind>
<opset="first_iter_0 (phireg) "/>
</bind>
</comp>

<comp id="228" class="1004" name="first_iter_0_phi_fu_228">
<pin_list>
<pin id="229" dir="0" index="0" bw="1" slack="1"/>
<pin id="230" dir="0" index="1" bw="0" slack="2147483647"/>
<pin id="231" dir="0" index="2" bw="1" slack="1"/>
<pin id="232" dir="0" index="3" bw="0" slack="2147483647"/>
<pin id="233" dir="1" index="4" bw="1" slack="0"/>
</pin_list>
<bind>
<opcode="phi(47) " fcode="phi"/>
<opset="first_iter_0/2 "/>
</bind>
</comp>

<comp id="236" class="1004" name="grp_fu_236">
<pin_list>
<pin id="237" dir="0" index="0" bw="31" slack="0"/>
<pin id="238" dir="0" index="1" bw="32" slack="2"/>
<pin id="239" dir="1" index="2" bw="63" slack="1"/>
</pin_list>
<bind>
<opcode="mul(12) " fcode="mul"/>
<opset="mul_ln77/3 "/>
</bind>
</comp>

<comp id="240" class="1004" name="zext_ln77_cast_fu_240">
<pin_list>
<pin id="241" dir="0" index="0" bw="31" slack="0"/>
<pin id="242" dir="1" index="1" bw="64" slack="5"/>
</pin_list>
<bind>
<opcode="zext(34) " fcode="zext"/>
<opset="zext_ln77_cast/1 "/>
</bind>
</comp>

<comp id="244" class="1004" name="sext_ln77_cast_fu_244">
<pin_list>
<pin id="245" dir="0" index="0" bw="32" slack="0"/>
<pin id="246" dir="1" index="1" bw="64" slack="6"/>
</pin_list>
<bind>
<opcode="sext(35) " fcode="sext"/>
<opset="sext_ln77_cast/1 "/>
</bind>
</comp>

<comp id="248" class="1004" name="cols_cast_cast_fu_248">
<pin_list>
<pin id="249" dir="0" index="0" bw="32" slack="0"/>
<pin id="250" dir="1" index="1" bw="63" slack="2"/>
</pin_list>
<bind>
<opcode="sext(35) " fcode="sext"/>
<opset="cols_cast_cast/1 "/>
</bind>
</comp>

<comp id="252" class="1004" name="cols_cast6_cast_fu_252">
<pin_list>
<pin id="253" dir="0" index="0" bw="32" slack="0"/>
<pin id="254" dir="1" index="1" bw="33" slack="3"/>
</pin_list>
<bind>
<opcode="sext(35) " fcode="sext"/>
<opset="cols_cast6_cast/1 "/>
</bind>
</comp>

<comp id="256" class="1004" name="store_ln0_store_fu_256">
<pin_list>
<pin id="257" dir="0" index="0" bw="1" slack="0"/>
<pin id="258" dir="0" index="1" bw="64" slack="0"/>
<pin id="259" dir="1" index="2" bw="0" slack="2147483647"/>
</pin_list>
<bind>
<opcode="store(28) " fcode="store"/>
<opset="store_ln0/1 "/>
</bind>
</comp>

<comp id="261" class="1004" name="store_ln0_store_fu_261">
<pin_list>
<pin id="262" dir="0" index="0" bw="1" slack="0"/>
<pin id="263" dir="0" index="1" bw="31" slack="0"/>
<pin id="264" dir="1" index="2" bw="0" slack="2147483647"/>
</pin_list>
<bind>
<opcode="store(28) " fcode="store"/>
<opset="store_ln0/1 "/>
</bind>
</comp>

<comp id="266" class="1004" name="store_ln0_store_fu_266">
<pin_list>
<pin id="267" dir="0" index="0" bw="1" slack="0"/>
<pin id="268" dir="0" index="1" bw="31" slack="0"/>
<pin id="269" dir="1" index="2" bw="0" slack="2147483647"/>
</pin_list>
<bind>
<opcode="store(28) " fcode="store"/>
<opset="store_ln0/1 "/>
</bind>
</comp>

<comp id="271" class="1004" name="store_ln74_store_fu_271">
<pin_list>
<pin id="272" dir="0" index="0" bw="1" slack="0"/>
<pin id="273" dir="0" index="1" bw="31" slack="0"/>
<pin id="274" dir="1" index="2" bw="0" slack="2147483647"/>
</pin_list>
<bind>
<opcode="store(28) " fcode="store"/>
<opset="store_ln74/1 "/>
</bind>
</comp>

<comp id="276" class="1004" name="col_1_load_fu_276">
<pin_list>
<pin id="277" dir="0" index="0" bw="31" slack="1"/>
<pin id="278" dir="1" index="1" bw="31" slack="0"/>
</pin_list>
<bind>
<opcode="load(27) " fcode="load"/>
<opset="col_1/2 "/>
</bind>
</comp>

<comp id="279" class="1004" name="indvar_flatten_load_load_fu_279">
<pin_list>
<pin id="280" dir="0" index="0" bw="64" slack="1"/>
<pin id="281" dir="1" index="1" bw="64" slack="0"/>
</pin_list>
<bind>
<opcode="load(27) " fcode="load"/>
<opset="indvar_flatten_load/2 "/>
</bind>
</comp>

<comp id="282" class="1004" name="icmp_ln77_fu_282">
<pin_list>
<pin id="283" dir="0" index="0" bw="64" slack="0"/>
<pin id="284" dir="0" index="1" bw="64" slack="1"/>
<pin id="285" dir="1" index="2" bw="1" slack="1"/>
</pin_list>
<bind>
<opcode="icmp(45) " fcode="icmp"/>
<opset="icmp_ln77/2 "/>
</bind>
</comp>

<comp id="287" class="1004" name="indvar_load_load_fu_287">
<pin_list>
<pin id="288" dir="0" index="0" bw="31" slack="1"/>
<pin id="289" dir="1" index="1" bw="31" slack="0"/>
</pin_list>
<bind>
<opcode="load(27) " fcode="load"/>
<opset="indvar_load/2 "/>
</bind>
</comp>

<comp id="290" class="1004" name="zext_ln80_1_fu_290">
<pin_list>
<pin id="291" dir="0" index="0" bw="31" slack="0"/>
<pin id="292" dir="1" index="1" bw="32" slack="0"/>
</pin_list>
<bind>
<opcode="zext(34) " fcode="zext"/>
<opset="zext_ln80_1/2 "/>
</bind>
</comp>

<comp id="294" class="1004" name="icmp_ln80_fu_294">
<pin_list>
<pin id="295" dir="0" index="0" bw="31" slack="0"/>
<pin id="296" dir="0" index="1" bw="32" slack="1"/>
<pin id="297" dir="1" index="2" bw="1" slack="0"/>
</pin_list>
<bind>
<opcode="icmp(45) " fcode="icmp"/>
<opset="icmp_ln80/2 "/>
</bind>
</comp>

<comp id="299" class="1004" name="xor_ln77_fu_299">
<pin_list>
<pin id="300" dir="0" index="0" bw="1" slack="0"/>
<pin id="301" dir="0" index="1" bw="1" slack="0"/>
<pin id="302" dir="1" index="2" bw="1" slack="0"/>
</pin_list>
<bind>
<opcode="xor(25) " fcode="xor"/>
<opset="xor_ln77/2 "/>
</bind>
</comp>

<comp id="305" class="1004" name="or_ln77_fu_305">
<pin_list>
<pin id="306" dir="0" index="0" bw="1" slack="0"/>
<pin id="307" dir="0" index="1" bw="1" slack="0"/>
<pin id="308" dir="1" index="2" bw="1" slack="3"/>
</pin_list>
<bind>
<opcode="or(24) " fcode="or"/>
<opset="or_ln77/2 "/>
</bind>
</comp>

<comp id="311" class="1004" name="add_ln77_1_fu_311">
<pin_list>
<pin id="312" dir="0" index="0" bw="31" slack="0"/>
<pin id="313" dir="0" index="1" bw="1" slack="0"/>
<pin id="314" dir="1" index="2" bw="31" slack="0"/>
</pin_list>
<bind>
<opcode="add(8) " fcode="add"/>
<opset="add_ln77_1/2 "/>
</bind>
</comp>

<comp id="317" class="1004" name="select_ln77_1_fu_317">
<pin_list>
<pin id="318" dir="0" index="0" bw="1" slack="0"/>
<pin id="319" dir="0" index="1" bw="31" slack="0"/>
<pin id="320" dir="0" index="2" bw="31" slack="0"/>
<pin id="321" dir="1" index="3" bw="31" slack="1"/>
</pin_list>
<bind>
<opcode="select(49) " fcode="select"/>
<opset="select_ln77_1/2 "/>
</bind>
</comp>

<comp id="325" class="1004" name="add_ln80_fu_325">
<pin_list>
<pin id="326" dir="0" index="0" bw="31" slack="0"/>
<pin id="327" dir="0" index="1" bw="1" slack="0"/>
<pin id="328" dir="1" index="2" bw="31" slack="1"/>
</pin_list>
<bind>
<opcode="add(8) " fcode="add"/>
<opset="add_ln80/2 "/>
</bind>
</comp>

<comp id="331" class="1004" name="add_ln77_fu_331">
<pin_list>
<pin id="332" dir="0" index="0" bw="64" slack="1"/>
<pin id="333" dir="0" index="1" bw="1" slack="0"/>
<pin id="334" dir="1" index="2" bw="64" slack="0"/>
</pin_list>
<bind>
<opcode="add(8) " fcode="add"/>
<opset="add_ln77/3 "/>
</bind>
</comp>

<comp id="336" class="1004" name="zext_ln77_1_fu_336">
<pin_list>
<pin id="337" dir="0" index="0" bw="31" slack="1"/>
<pin id="338" dir="1" index="1" bw="63" slack="0"/>
</pin_list>
<bind>
<opcode="zext(34) " fcode="zext"/>
<opset="zext_ln77_1/3 "/>
</bind>
</comp>

<comp id="340" class="1004" name="select_ln80_fu_340">
<pin_list>
<pin id="341" dir="0" index="0" bw="1" slack="1"/>
<pin id="342" dir="0" index="1" bw="31" slack="1"/>
<pin id="343" dir="0" index="2" bw="3" slack="0"/>
<pin id="344" dir="1" index="3" bw="31" slack="0"/>
</pin_list>
<bind>
<opcode="select(49) " fcode="select"/>
<opset="select_ln80/3 "/>
</bind>
</comp>

<comp id="346" class="1004" name="zext_ln80_2_fu_346">
<pin_list>
<pin id="347" dir="0" index="0" bw="31" slack="0"/>
<pin id="348" dir="1" index="1" bw="32" slack="0"/>
</pin_list>
<bind>
<opcode="zext(34) " fcode="zext"/>
<opset="zext_ln80_2/3 "/>
</bind>
</comp>

<comp id="350" class="1004" name="icmp_ln80_1_fu_350">
<pin_list>
<pin id="351" dir="0" index="0" bw="31" slack="0"/>
<pin id="352" dir="0" index="1" bw="32" slack="2"/>
<pin id="353" dir="1" index="2" bw="1" slack="24"/>
</pin_list>
<bind>
<opcode="icmp(45) " fcode="icmp"/>
<opset="icmp_ln80_1/3 "/>
</bind>
</comp>

<comp id="355" class="1004" name="store_ln77_store_fu_355">
<pin_list>
<pin id="356" dir="0" index="0" bw="64" slack="0"/>
<pin id="357" dir="0" index="1" bw="64" slack="2"/>
<pin id="358" dir="1" index="2" bw="0" slack="2147483647"/>
</pin_list>
<bind>
<opcode="store(28) " fcode="store"/>
<opset="store_ln77/3 "/>
</bind>
</comp>

<comp id="360" class="1004" name="store_ln77_store_fu_360">
<pin_list>
<pin id="361" dir="0" index="0" bw="31" slack="1"/>
<pin id="362" dir="0" index="1" bw="31" slack="2"/>
<pin id="363" dir="1" index="2" bw="0" slack="2147483647"/>
</pin_list>
<bind>
<opcode="store(28) " fcode="store"/>
<opset="store_ln77/3 "/>
</bind>
</comp>

<comp id="364" class="1004" name="store_ln74_store_fu_364">
<pin_list>
<pin id="365" dir="0" index="0" bw="31" slack="0"/>
<pin id="366" dir="0" index="1" bw="31" slack="2"/>
<pin id="367" dir="1" index="2" bw="0" slack="2147483647"/>
</pin_list>
<bind>
<opcode="store(28) " fcode="store"/>
<opset="store_ln74/3 "/>
</bind>
</comp>

<comp id="369" class="1004" name="add_ln86_2_fu_369">
<pin_list>
<pin id="370" dir="0" index="0" bw="32" slack="3"/>
<pin id="371" dir="0" index="1" bw="1" slack="0"/>
<pin id="372" dir="1" index="2" bw="33" slack="1"/>
</pin_list>
<bind>
<opcode="add(8) " fcode="add"/>
<opset="add_ln86_2/4 "/>
</bind>
</comp>

<comp id="374" class="1004" name="indvar3_load_load_fu_374">
<pin_list>
<pin id="375" dir="0" index="0" bw="31" slack="4"/>
<pin id="376" dir="1" index="1" bw="31" slack="0"/>
</pin_list>
<bind>
<opcode="load(27) " fcode="load"/>
<opset="indvar3_load/5 "/>
</bind>
</comp>

<comp id="377" class="1004" name="select_ln77_fu_377">
<pin_list>
<pin id="378" dir="0" index="0" bw="1" slack="3"/>
<pin id="379" dir="0" index="1" bw="31" slack="0"/>
<pin id="380" dir="0" index="2" bw="1" slack="0"/>
<pin id="381" dir="1" index="3" bw="31" slack="0"/>
</pin_list>
<bind>
<opcode="select(49) " fcode="select"/>
<opset="select_ln77/5 "/>
</bind>
</comp>

<comp id="384" class="1004" name="sext_ln77_1_fu_384">
<pin_list>
<pin id="385" dir="0" index="0" bw="63" slack="1"/>
<pin id="386" dir="1" index="1" bw="64" slack="0"/>
</pin_list>
<bind>
<opcode="sext(35) " fcode="sext"/>
<opset="sext_ln77_1/5 "/>
</bind>
</comp>

<comp id="387" class="1004" name="add_ln77_2_fu_387">
<pin_list>
<pin id="388" dir="0" index="0" bw="63" slack="0"/>
<pin id="389" dir="0" index="1" bw="64" slack="4"/>
<pin id="390" dir="1" index="2" bw="64" slack="0"/>
</pin_list>
<bind>
<opcode="add(8) " fcode="add"/>
<opset="add_ln77_2/5 "/>
</bind>
</comp>

<comp id="392" class="1004" name="gmem_addr_fu_392">
<pin_list>
<pin id="393" dir="0" index="0" bw="8" slack="0"/>
<pin id="394" dir="0" index="1" bw="64" slack="0"/>
<pin id="395" dir="1" index="2" bw="8" slack="1"/>
</pin_list>
<bind>
<opcode="getelementptr(29) " fcode="getelementptr"/>
<opset="gmem_addr/5 "/>
</bind>
</comp>

<comp id="398" class="1004" name="zext_ln80_fu_398">
<pin_list>
<pin id="399" dir="0" index="0" bw="31" slack="0"/>
<pin id="400" dir="1" index="1" bw="63" slack="0"/>
</pin_list>
<bind>
<opcode="zext(34) " fcode="zext"/>
<opset="zext_ln80/5 "/>
</bind>
</comp>

<comp id="402" class="1004" name="add_ln86_1_fu_402">
<pin_list>
<pin id="403" dir="0" index="0" bw="63" slack="1"/>
<pin id="404" dir="0" index="1" bw="31" slack="0"/>
<pin id="405" dir="1" index="2" bw="63" slack="0"/>
</pin_list>
<bind>
<opcode="add(8) " fcode="add"/>
<opset="add_ln86_1/5 "/>
</bind>
</comp>

<comp id="407" class="1004" name="sext_ln86_fu_407">
<pin_list>
<pin id="408" dir="0" index="0" bw="33" slack="1"/>
<pin id="409" dir="1" index="1" bw="63" slack="0"/>
</pin_list>
<bind>
<opcode="sext(35) " fcode="sext"/>
<opset="sext_ln86/5 "/>
</bind>
</comp>

<comp id="410" class="1004" name="add_ln86_fu_410">
<pin_list>
<pin id="411" dir="0" index="0" bw="33" slack="0"/>
<pin id="412" dir="0" index="1" bw="63" slack="0"/>
<pin id="413" dir="1" index="2" bw="63" slack="1"/>
</pin_list>
<bind>
<opcode="add(8) " fcode="add"/>
<opset="add_ln86/5 "/>
</bind>
</comp>

<comp id="416" class="1004" name="gmem_addr_4_fu_416">
<pin_list>
<pin id="417" dir="0" index="0" bw="8" slack="0"/>
<pin id="418" dir="0" index="1" bw="64" slack="0"/>
<pin id="419" dir="1" index="2" bw="8" slack="21"/>
</pin_list>
<bind>
<opcode="getelementptr(29) " fcode="getelementptr"/>
<opset="gmem_addr_4/5 "/>
</bind>
</comp>

<comp id="422" class="1004" name="add_ln80_1_fu_422">
<pin_list>
<pin id="423" dir="0" index="0" bw="31" slack="0"/>
<pin id="424" dir="0" index="1" bw="1" slack="0"/>
<pin id="425" dir="1" index="2" bw="31" slack="0"/>
</pin_list>
<bind>
<opcode="add(8) " fcode="add"/>
<opset="add_ln80_1/5 "/>
</bind>
</comp>

<comp id="428" class="1004" name="store_ln80_store_fu_428">
<pin_list>
<pin id="429" dir="0" index="0" bw="31" slack="0"/>
<pin id="430" dir="0" index="1" bw="31" slack="4"/>
<pin id="431" dir="1" index="2" bw="0" slack="2147483647"/>
</pin_list>
<bind>
<opcode="store(28) " fcode="store"/>
<opset="store_ln80/5 "/>
</bind>
</comp>

<comp id="433" class="1004" name="add_ln86_cast_fu_433">
<pin_list>
<pin id="434" dir="0" index="0" bw="63" slack="1"/>
<pin id="435" dir="1" index="1" bw="64" slack="0"/>
</pin_list>
<bind>
<opcode="sext(35) " fcode="sext"/>
<opset="add_ln86_cast/6 "/>
</bind>
</comp>

<comp id="436" class="1004" name="empty_20_fu_436">
<pin_list>
<pin id="437" dir="0" index="0" bw="63" slack="0"/>
<pin id="438" dir="0" index="1" bw="64" slack="5"/>
<pin id="439" dir="1" index="2" bw="64" slack="0"/>
</pin_list>
<bind>
<opcode="add(8) " fcode="add"/>
<opset="empty_20/6 "/>
</bind>
</comp>

<comp id="441" class="1004" name="gmem_addr_1_fu_441">
<pin_list>
<pin id="442" dir="0" index="0" bw="8" slack="0"/>
<pin id="443" dir="0" index="1" bw="64" slack="0"/>
<pin id="444" dir="1" index="2" bw="8" slack="1"/>
</pin_list>
<bind>
<opcode="getelementptr(29) " fcode="getelementptr"/>
<opset="gmem_addr_1/6 "/>
</bind>
</comp>

<comp id="447" class="1004" name="empty_22_fu_447">
<pin_list>
<pin id="448" dir="0" index="0" bw="63" slack="1"/>
<pin id="449" dir="0" index="1" bw="32" slack="5"/>
<pin id="450" dir="1" index="2" bw="63" slack="1"/>
</pin_list>
<bind>
<opcode="add(8) " fcode="add"/>
<opset="empty_22/6 "/>
</bind>
</comp>

<comp id="451" class="1004" name="p_cast10_fu_451">
<pin_list>
<pin id="452" dir="0" index="0" bw="63" slack="1"/>
<pin id="453" dir="1" index="1" bw="64" slack="0"/>
</pin_list>
<bind>
<opcode="sext(35) " fcode="sext"/>
<opset="p_cast10/7 "/>
</bind>
</comp>

<comp id="454" class="1004" name="empty_23_fu_454">
<pin_list>
<pin id="455" dir="0" index="0" bw="63" slack="0"/>
<pin id="456" dir="0" index="1" bw="64" slack="6"/>
<pin id="457" dir="1" index="2" bw="64" slack="0"/>
</pin_list>
<bind>
<opcode="add(8) " fcode="add"/>
<opset="empty_23/7 "/>
</bind>
</comp>

<comp id="459" class="1004" name="gmem_addr_2_fu_459">
<pin_list>
<pin id="460" dir="0" index="0" bw="8" slack="0"/>
<pin id="461" dir="0" index="1" bw="64" slack="0"/>
<pin id="462" dir="1" index="2" bw="8" slack="3"/>
</pin_list>
<bind>
<opcode="getelementptr(29) " fcode="getelementptr"/>
<opset="gmem_addr_2/7 "/>
</bind>
</comp>

<comp id="465" class="1004" name="tmp3_fu_465">
<pin_list>
<pin id="466" dir="0" index="0" bw="32" slack="6"/>
<pin id="467" dir="0" index="1" bw="64" slack="6"/>
<pin id="468" dir="1" index="2" bw="64" slack="0"/>
</pin_list>
<bind>
<opcode="add(8) " fcode="add"/>
<opset="tmp3/7 "/>
</bind>
</comp>

<comp id="469" class="1004" name="empty_26_fu_469">
<pin_list>
<pin id="470" dir="0" index="0" bw="64" slack="0"/>
<pin id="471" dir="0" index="1" bw="63" slack="0"/>
<pin id="472" dir="1" index="2" bw="64" slack="0"/>
</pin_list>
<bind>
<opcode="add(8) " fcode="add"/>
<opset="empty_26/7 "/>
</bind>
</comp>

<comp id="475" class="1004" name="gmem_addr_3_fu_475">
<pin_list>
<pin id="476" dir="0" index="0" bw="8" slack="0"/>
<pin id="477" dir="0" index="1" bw="64" slack="0"/>
<pin id="478" dir="1" index="2" bw="8" slack="6"/>
</pin_list>
<bind>
<opcode="getelementptr(29) " fcode="getelementptr"/>
<opset="gmem_addr_3/7 "/>
</bind>
</comp>

<comp id="481" class="1004" name="M00_fu_481">
<pin_list>
<pin id="482" dir="0" index="0" bw="9" slack="0"/>
<pin id="483" dir="0" index="1" bw="8" slack="3"/>
<pin id="484" dir="0" index="2" bw="1" slack="0"/>
<pin id="485" dir="1" index="3" bw="9" slack="0"/>
</pin_list>
<bind>
<opcode="bitconcatenate(1004) " fcode="bitconcatenate"/>
<opset="M00/21 "/>
</bind>
</comp>

<comp id="488" class="1004" name="zext_ln10_fu_488">
<pin_list>
<pin id="489" dir="0" index="0" bw="9" slack="0"/>
<pin id="490" dir="1" index="1" bw="11" slack="0"/>
</pin_list>
<bind>
<opcode="zext(34) " fcode="zext"/>
<opset="zext_ln10/21 "/>
</bind>
</comp>

<comp id="492" class="1004" name="M01_fu_492">
<pin_list>
<pin id="493" dir="0" index="0" bw="9" slack="0"/>
<pin id="494" dir="0" index="1" bw="8" slack="1"/>
<pin id="495" dir="0" index="2" bw="1" slack="0"/>
<pin id="496" dir="1" index="3" bw="9" slack="0"/>
</pin_list>
<bind>
<opcode="bitconcatenate(1004) " fcode="bitconcatenate"/>
<opset="M01/21 "/>
</bind>
</comp>

<comp id="499" class="1004" name="zext_ln11_fu_499">
<pin_list>
<pin id="500" dir="0" index="0" bw="9" slack="0"/>
<pin id="501" dir="1" index="1" bw="11" slack="0"/>
</pin_list>
<bind>
<opcode="zext(34) " fcode="zext"/>
<opset="zext_ln11/21 "/>
</bind>
</comp>

<comp id="503" class="1004" name="zext_ln12_fu_503">
<pin_list>
<pin id="504" dir="0" index="0" bw="8" slack="4"/>
<pin id="505" dir="1" index="1" bw="9" slack="0"/>
</pin_list>
<bind>
<opcode="zext(34) " fcode="zext"/>
<opset="zext_ln12/21 "/>
</bind>
</comp>

<comp id="506" class="1004" name="zext_ln13_fu_506">
<pin_list>
<pin id="507" dir="0" index="0" bw="8" slack="6"/>
<pin id="508" dir="1" index="1" bw="9" slack="0"/>
</pin_list>
<bind>
<opcode="zext(34) " fcode="zext"/>
<opset="zext_ln13/21 "/>
</bind>
</comp>

<comp id="509" class="1004" name="S00_fu_509">
<pin_list>
<pin id="510" dir="0" index="0" bw="8" slack="0"/>
<pin id="511" dir="0" index="1" bw="8" slack="0"/>
<pin id="512" dir="1" index="2" bw="9" slack="0"/>
</pin_list>
<bind>
<opcode="sub(10) " fcode="sub"/>
<opset="S00/21 "/>
</bind>
</comp>

<comp id="515" class="1004" name="sext_ln12_fu_515">
<pin_list>
<pin id="516" dir="0" index="0" bw="9" slack="0"/>
<pin id="517" dir="1" index="1" bw="11" slack="0"/>
</pin_list>
<bind>
<opcode="sext(35) " fcode="sext"/>
<opset="sext_ln12/21 "/>
</bind>
</comp>

<comp id="519" class="1004" name="A00_fu_519">
<pin_list>
<pin id="520" dir="0" index="0" bw="9" slack="0"/>
<pin id="521" dir="0" index="1" bw="9" slack="0"/>
<pin id="522" dir="1" index="2" bw="11" slack="0"/>
</pin_list>
<bind>
<opcode="sub(10) " fcode="sub"/>
<opset="A00/21 "/>
</bind>
</comp>

<comp id="525" class="1004" name="out_pix_5_fu_525">
<pin_list>
<pin id="526" dir="0" index="0" bw="11" slack="0"/>
<pin id="527" dir="0" index="1" bw="9" slack="0"/>
<pin id="528" dir="1" index="2" bw="11" slack="3"/>
</pin_list>
<bind>
<opcode="add(8) " fcode="add"/>
<opset="out_pix_5/21 "/>
</bind>
</comp>

<comp id="531" class="1004" name="M00_1_fu_531">
<pin_list>
<pin id="532" dir="0" index="0" bw="9" slack="0"/>
<pin id="533" dir="0" index="1" bw="8" slack="5"/>
<pin id="534" dir="0" index="2" bw="1" slack="0"/>
<pin id="535" dir="1" index="3" bw="9" slack="0"/>
</pin_list>
<bind>
<opcode="bitconcatenate(1004) " fcode="bitconcatenate"/>
<opset="M00_1/21 "/>
</bind>
</comp>

<comp id="538" class="1004" name="zext_ln32_fu_538">
<pin_list>
<pin id="539" dir="0" index="0" bw="9" slack="0"/>
<pin id="540" dir="1" index="1" bw="10" slack="0"/>
</pin_list>
<bind>
<opcode="zext(34) " fcode="zext"/>
<opset="zext_ln32/21 "/>
</bind>
</comp>

<comp id="542" class="1004" name="add_ln34_1_fu_542">
<pin_list>
<pin id="543" dir="0" index="0" bw="8" slack="0"/>
<pin id="544" dir="0" index="1" bw="8" slack="0"/>
<pin id="545" dir="1" index="2" bw="9" slack="0"/>
</pin_list>
<bind>
<opcode="add(8) " fcode="add"/>
<opset="add_ln34_1/21 "/>
</bind>
</comp>

<comp id="548" class="1004" name="zext_ln34_fu_548">
<pin_list>
<pin id="549" dir="0" index="0" bw="9" slack="0"/>
<pin id="550" dir="1" index="1" bw="10" slack="0"/>
</pin_list>
<bind>
<opcode="zext(34) " fcode="zext"/>
<opset="zext_ln34/21 "/>
</bind>
</comp>

<comp id="552" class="1004" name="add_ln34_fu_552">
<pin_list>
<pin id="553" dir="0" index="0" bw="9" slack="0"/>
<pin id="554" dir="0" index="1" bw="9" slack="0"/>
<pin id="555" dir="1" index="2" bw="10" slack="3"/>
</pin_list>
<bind>
<opcode="add(8) " fcode="add"/>
<opset="add_ln34/21 "/>
</bind>
</comp>

<comp id="558" class="1004" name="zext_ln12_1_fu_558">
<pin_list>
<pin id="559" dir="0" index="0" bw="8" slack="1"/>
<pin id="560" dir="1" index="1" bw="10" slack="0"/>
</pin_list>
<bind>
<opcode="zext(34) " fcode="zext"/>
<opset="zext_ln12_1/24 "/>
</bind>
</comp>

<comp id="561" class="1004" name="zext_ln12_2_fu_561">
<pin_list>
<pin id="562" dir="0" index="0" bw="8" slack="1"/>
<pin id="563" dir="1" index="1" bw="11" slack="0"/>
</pin_list>
<bind>
<opcode="zext(34) " fcode="zext"/>
<opset="zext_ln12_2/24 "/>
</bind>
</comp>

<comp id="564" class="1004" name="zext_ln13_1_fu_564">
<pin_list>
<pin id="565" dir="0" index="0" bw="8" slack="3"/>
<pin id="566" dir="1" index="1" bw="11" slack="0"/>
</pin_list>
<bind>
<opcode="zext(34) " fcode="zext"/>
<opset="zext_ln13_1/24 "/>
</bind>
</comp>

<comp id="567" class="1004" name="out_pix_6_fu_567">
<pin_list>
<pin id="568" dir="0" index="0" bw="11" slack="3"/>
<pin id="569" dir="0" index="1" bw="8" slack="0"/>
<pin id="570" dir="1" index="2" bw="11" slack="0"/>
</pin_list>
<bind>
<opcode="sub(10) " fcode="sub"/>
<opset="out_pix_6/24 "/>
</bind>
</comp>

<comp id="572" class="1004" name="out_pix_fu_572">
<pin_list>
<pin id="573" dir="0" index="0" bw="11" slack="0"/>
<pin id="574" dir="0" index="1" bw="8" slack="0"/>
<pin id="575" dir="1" index="2" bw="11" slack="0"/>
</pin_list>
<bind>
<opcode="add(8) " fcode="add"/>
<opset="out_pix/24 "/>
</bind>
</comp>

<comp id="578" class="1004" name="tmp_fu_578">
<pin_list>
<pin id="579" dir="0" index="0" bw="1" slack="0"/>
<pin id="580" dir="0" index="1" bw="11" slack="0"/>
<pin id="581" dir="0" index="2" bw="5" slack="0"/>
<pin id="582" dir="1" index="3" bw="1" slack="0"/>
</pin_list>
<bind>
<opcode="bitselect(1000) " fcode="bitselect"/>
<opset="tmp/24 "/>
</bind>
</comp>

<comp id="586" class="1004" name="tmp_1_fu_586">
<pin_list>
<pin id="587" dir="0" index="0" bw="3" slack="0"/>
<pin id="588" dir="0" index="1" bw="11" slack="0"/>
<pin id="589" dir="0" index="2" bw="5" slack="0"/>
<pin id="590" dir="0" index="3" bw="5" slack="0"/>
<pin id="591" dir="1" index="4" bw="3" slack="0"/>
</pin_list>
<bind>
<opcode="partselect(1002) " fcode="partselect"/>
<opset="tmp_1/24 "/>
</bind>
</comp>

<comp id="596" class="1004" name="icmp_ln23_fu_596">
<pin_list>
<pin id="597" dir="0" index="0" bw="3" slack="0"/>
<pin id="598" dir="0" index="1" bw="1" slack="0"/>
<pin id="599" dir="1" index="2" bw="1" slack="0"/>
</pin_list>
<bind>
<opcode="icmp(45) " fcode="icmp"/>
<opset="icmp_ln23/24 "/>
</bind>
</comp>

<comp id="602" class="1004" name="trunc_ln27_fu_602">
<pin_list>
<pin id="603" dir="0" index="0" bw="11" slack="0"/>
<pin id="604" dir="1" index="1" bw="8" slack="0"/>
</pin_list>
<bind>
<opcode="trunc(33) " fcode="trunc"/>
<opset="trunc_ln27/24 "/>
</bind>
</comp>

<comp id="606" class="1004" name="xor_ln27_fu_606">
<pin_list>
<pin id="607" dir="0" index="0" bw="1" slack="0"/>
<pin id="608" dir="0" index="1" bw="1" slack="0"/>
<pin id="609" dir="1" index="2" bw="1" slack="0"/>
</pin_list>
<bind>
<opcode="xor(25) " fcode="xor"/>
<opset="xor_ln27/24 "/>
</bind>
</comp>

<comp id="612" class="1004" name="select_ln27_fu_612">
<pin_list>
<pin id="613" dir="0" index="0" bw="1" slack="0"/>
<pin id="614" dir="0" index="1" bw="1" slack="0"/>
<pin id="615" dir="0" index="2" bw="1" slack="0"/>
<pin id="616" dir="1" index="3" bw="8" slack="0"/>
</pin_list>
<bind>
<opcode="select(49) " fcode="select"/>
<opset="select_ln27/24 "/>
</bind>
</comp>

<comp id="620" class="1004" name="or_ln27_fu_620">
<pin_list>
<pin id="621" dir="0" index="0" bw="1" slack="0"/>
<pin id="622" dir="0" index="1" bw="1" slack="0"/>
<pin id="623" dir="1" index="2" bw="1" slack="0"/>
</pin_list>
<bind>
<opcode="or(24) " fcode="or"/>
<opset="or_ln27/24 "/>
</bind>
</comp>

<comp id="626" class="1004" name="g_x_fu_626">
<pin_list>
<pin id="627" dir="0" index="0" bw="1" slack="0"/>
<pin id="628" dir="0" index="1" bw="8" slack="0"/>
<pin id="629" dir="0" index="2" bw="8" slack="0"/>
<pin id="630" dir="1" index="3" bw="8" slack="1"/>
</pin_list>
<bind>
<opcode="select(49) " fcode="select"/>
<opset="g_x/24 "/>
</bind>
</comp>

<comp id="634" class="1004" name="M01_1_fu_634">
<pin_list>
<pin id="635" dir="0" index="0" bw="9" slack="0"/>
<pin id="636" dir="0" index="1" bw="8" slack="2"/>
<pin id="637" dir="0" index="2" bw="1" slack="0"/>
<pin id="638" dir="1" index="3" bw="9" slack="0"/>
</pin_list>
<bind>
<opcode="bitconcatenate(1004) " fcode="bitconcatenate"/>
<opset="M01_1/24 "/>
</bind>
</comp>

<comp id="641" class="1004" name="zext_ln33_fu_641">
<pin_list>
<pin id="642" dir="0" index="0" bw="9" slack="0"/>
<pin id="643" dir="1" index="1" bw="10" slack="0"/>
</pin_list>
<bind>
<opcode="zext(34) " fcode="zext"/>
<opset="zext_ln33/24 "/>
</bind>
</comp>

<comp id="645" class="1004" name="zext_ln37_fu_645">
<pin_list>
<pin id="646" dir="0" index="0" bw="10" slack="3"/>
<pin id="647" dir="1" index="1" bw="11" slack="0"/>
</pin_list>
<bind>
<opcode="zext(34) " fcode="zext"/>
<opset="zext_ln37/24 "/>
</bind>
</comp>

<comp id="648" class="1004" name="out_pix_7_fu_648">
<pin_list>
<pin id="649" dir="0" index="0" bw="8" slack="0"/>
<pin id="650" dir="0" index="1" bw="10" slack="0"/>
<pin id="651" dir="1" index="2" bw="11" slack="0"/>
</pin_list>
<bind>
<opcode="sub(10) " fcode="sub"/>
<opset="out_pix_7/24 "/>
</bind>
</comp>

<comp id="654" class="1004" name="add_ln39_fu_654">
<pin_list>
<pin id="655" dir="0" index="0" bw="9" slack="0"/>
<pin id="656" dir="0" index="1" bw="8" slack="0"/>
<pin id="657" dir="1" index="2" bw="10" slack="0"/>
</pin_list>
<bind>
<opcode="add(8) " fcode="add"/>
<opset="add_ln39/24 "/>
</bind>
</comp>

<comp id="660" class="1004" name="zext_ln39_fu_660">
<pin_list>
<pin id="661" dir="0" index="0" bw="10" slack="0"/>
<pin id="662" dir="1" index="1" bw="11" slack="0"/>
</pin_list>
<bind>
<opcode="zext(34) " fcode="zext"/>
<opset="zext_ln39/24 "/>
</bind>
</comp>

<comp id="664" class="1004" name="out_pix_4_fu_664">
<pin_list>
<pin id="665" dir="0" index="0" bw="10" slack="0"/>
<pin id="666" dir="0" index="1" bw="11" slack="0"/>
<pin id="667" dir="1" index="2" bw="11" slack="0"/>
</pin_list>
<bind>
<opcode="add(8) " fcode="add"/>
<opset="out_pix_4/24 "/>
</bind>
</comp>

<comp id="670" class="1004" name="tmp_2_fu_670">
<pin_list>
<pin id="671" dir="0" index="0" bw="1" slack="0"/>
<pin id="672" dir="0" index="1" bw="11" slack="0"/>
<pin id="673" dir="0" index="2" bw="5" slack="0"/>
<pin id="674" dir="1" index="3" bw="1" slack="1"/>
</pin_list>
<bind>
<opcode="bitselect(1000) " fcode="bitselect"/>
<opset="tmp_2/24 "/>
</bind>
</comp>

<comp id="678" class="1004" name="tmp_3_fu_678">
<pin_list>
<pin id="679" dir="0" index="0" bw="3" slack="0"/>
<pin id="680" dir="0" index="1" bw="11" slack="0"/>
<pin id="681" dir="0" index="2" bw="5" slack="0"/>
<pin id="682" dir="0" index="3" bw="5" slack="0"/>
<pin id="683" dir="1" index="4" bw="3" slack="0"/>
</pin_list>
<bind>
<opcode="partselect(1002) " fcode="partselect"/>
<opset="tmp_3/24 "/>
</bind>
</comp>

<comp id="688" class="1004" name="icmp_ln45_fu_688">
<pin_list>
<pin id="689" dir="0" index="0" bw="3" slack="0"/>
<pin id="690" dir="0" index="1" bw="1" slack="0"/>
<pin id="691" dir="1" index="2" bw="1" slack="1"/>
</pin_list>
<bind>
<opcode="icmp(45) " fcode="icmp"/>
<opset="icmp_ln45/24 "/>
</bind>
</comp>

<comp id="694" class="1004" name="trunc_ln49_fu_694">
<pin_list>
<pin id="695" dir="0" index="0" bw="11" slack="1"/>
<pin id="696" dir="1" index="1" bw="8" slack="0"/>
</pin_list>
<bind>
<opcode="trunc(33) " fcode="trunc"/>
<opset="trunc_ln49/25 "/>
</bind>
</comp>

<comp id="697" class="1004" name="xor_ln49_fu_697">
<pin_list>
<pin id="698" dir="0" index="0" bw="1" slack="1"/>
<pin id="699" dir="0" index="1" bw="1" slack="0"/>
<pin id="700" dir="1" index="2" bw="1" slack="0"/>
</pin_list>
<bind>
<opcode="xor(25) " fcode="xor"/>
<opset="xor_ln49/25 "/>
</bind>
</comp>

<comp id="702" class="1004" name="select_ln49_fu_702">
<pin_list>
<pin id="703" dir="0" index="0" bw="1" slack="0"/>
<pin id="704" dir="0" index="1" bw="1" slack="0"/>
<pin id="705" dir="0" index="2" bw="1" slack="0"/>
<pin id="706" dir="1" index="3" bw="8" slack="0"/>
</pin_list>
<bind>
<opcode="select(49) " fcode="select"/>
<opset="select_ln49/25 "/>
</bind>
</comp>

<comp id="710" class="1004" name="or_ln49_fu_710">
<pin_list>
<pin id="711" dir="0" index="0" bw="1" slack="1"/>
<pin id="712" dir="0" index="1" bw="1" slack="1"/>
<pin id="713" dir="1" index="2" bw="1" slack="0"/>
</pin_list>
<bind>
<opcode="or(24) " fcode="or"/>
<opset="or_ln49/25 "/>
</bind>
</comp>

<comp id="714" class="1004" name="g_y_fu_714">
<pin_list>
<pin id="715" dir="0" index="0" bw="1" slack="0"/>
<pin id="716" dir="0" index="1" bw="8" slack="0"/>
<pin id="717" dir="0" index="2" bw="8" slack="0"/>
<pin id="718" dir="1" index="3" bw="8" slack="0"/>
</pin_list>
<bind>
<opcode="select(49) " fcode="select"/>
<opset="g_y/25 "/>
</bind>
</comp>

<comp id="722" class="1004" name="zext_ln58_fu_722">
<pin_list>
<pin id="723" dir="0" index="0" bw="8" slack="1"/>
<pin id="724" dir="1" index="1" bw="9" slack="0"/>
</pin_list>
<bind>
<opcode="zext(34) " fcode="zext"/>
<opset="zext_ln58/25 "/>
</bind>
</comp>

<comp id="725" class="1004" name="zext_ln58_1_fu_725">
<pin_list>
<pin id="726" dir="0" index="0" bw="8" slack="0"/>
<pin id="727" dir="1" index="1" bw="9" slack="0"/>
</pin_list>
<bind>
<opcode="zext(34) " fcode="zext"/>
<opset="zext_ln58_1/25 "/>
</bind>
</comp>

<comp id="729" class="1004" name="sobel_1_fu_729">
<pin_list>
<pin id="730" dir="0" index="0" bw="8" slack="0"/>
<pin id="731" dir="0" index="1" bw="8" slack="1"/>
<pin id="732" dir="1" index="2" bw="8" slack="0"/>
</pin_list>
<bind>
<opcode="add(8) " fcode="add"/>
<opset="sobel_1/25 "/>
</bind>
</comp>

<comp id="734" class="1004" name="temp_fu_734">
<pin_list>
<pin id="735" dir="0" index="0" bw="8" slack="0"/>
<pin id="736" dir="0" index="1" bw="8" slack="0"/>
<pin id="737" dir="1" index="2" bw="9" slack="0"/>
</pin_list>
<bind>
<opcode="add(8) " fcode="add"/>
<opset="temp/25 "/>
</bind>
</comp>

<comp id="740" class="1004" name="tmp_4_fu_740">
<pin_list>
<pin id="741" dir="0" index="0" bw="1" slack="0"/>
<pin id="742" dir="0" index="1" bw="9" slack="0"/>
<pin id="743" dir="0" index="2" bw="5" slack="0"/>
<pin id="744" dir="1" index="3" bw="1" slack="0"/>
</pin_list>
<bind>
<opcode="bitselect(1000) " fcode="bitselect"/>
<opset="tmp_4/25 "/>
</bind>
</comp>

<comp id="748" class="1004" name="sobel_2_fu_748">
<pin_list>
<pin id="749" dir="0" index="0" bw="1" slack="0"/>
<pin id="750" dir="0" index="1" bw="1" slack="0"/>
<pin id="751" dir="0" index="2" bw="8" slack="0"/>
<pin id="752" dir="1" index="3" bw="8" slack="1"/>
</pin_list>
<bind>
<opcode="select(49) " fcode="select"/>
<opset="sobel_2/25 "/>
</bind>
</comp>

<comp id="756" class="1005" name="col_reg_756">
<pin_list>
<pin id="757" dir="0" index="0" bw="31" slack="0"/>
<pin id="758" dir="1" index="1" bw="31" slack="0"/>
</pin_list>
<bind>
<opset="col "/>
</bind>
</comp>

<comp id="763" class="1005" name="indvar3_reg_763">
<pin_list>
<pin id="764" dir="0" index="0" bw="31" slack="0"/>
<pin id="765" dir="1" index="1" bw="31" slack="0"/>
</pin_list>
<bind>
<opset="indvar3 "/>
</bind>
</comp>

<comp id="770" class="1005" name="indvar_reg_770">
<pin_list>
<pin id="771" dir="0" index="0" bw="31" slack="0"/>
<pin id="772" dir="1" index="1" bw="31" slack="0"/>
</pin_list>
<bind>
<opset="indvar "/>
</bind>
</comp>

<comp id="777" class="1005" name="indvar_flatten_reg_777">
<pin_list>
<pin id="778" dir="0" index="0" bw="64" slack="0"/>
<pin id="779" dir="1" index="1" bw="64" slack="0"/>
</pin_list>
<bind>
<opset="indvar_flatten "/>
</bind>
</comp>

<comp id="784" class="1005" name="dst_read_reg_784">
<pin_list>
<pin id="785" dir="0" index="0" bw="64" slack="4"/>
<pin id="786" dir="1" index="1" bw="64" slack="4"/>
</pin_list>
<bind>
<opset="dst_read "/>
</bind>
</comp>

<comp id="789" class="1005" name="sub2_read_reg_789">
<pin_list>
<pin id="790" dir="0" index="0" bw="32" slack="1"/>
<pin id="791" dir="1" index="1" bw="32" slack="1"/>
</pin_list>
<bind>
<opset="sub2_read "/>
</bind>
</comp>

<comp id="795" class="1005" name="src_read_reg_795">
<pin_list>
<pin id="796" dir="0" index="0" bw="64" slack="5"/>
<pin id="797" dir="1" index="1" bw="64" slack="5"/>
</pin_list>
<bind>
<opset="src_read "/>
</bind>
</comp>

<comp id="802" class="1005" name="mul_ln66_read_reg_802">
<pin_list>
<pin id="803" dir="0" index="0" bw="64" slack="1"/>
<pin id="804" dir="1" index="1" bw="64" slack="1"/>
</pin_list>
<bind>
<opset="mul_ln66_read "/>
</bind>
</comp>

<comp id="807" class="1005" name="zext_ln77_cast_reg_807">
<pin_list>
<pin id="808" dir="0" index="0" bw="64" slack="5"/>
<pin id="809" dir="1" index="1" bw="64" slack="5"/>
</pin_list>
<bind>
<opset="zext_ln77_cast "/>
</bind>
</comp>

<comp id="812" class="1005" name="sext_ln77_cast_reg_812">
<pin_list>
<pin id="813" dir="0" index="0" bw="64" slack="6"/>
<pin id="814" dir="1" index="1" bw="64" slack="6"/>
</pin_list>
<bind>
<opset="sext_ln77_cast "/>
</bind>
</comp>

<comp id="817" class="1005" name="cols_cast_cast_reg_817">
<pin_list>
<pin id="818" dir="0" index="0" bw="63" slack="2"/>
<pin id="819" dir="1" index="1" bw="63" slack="2"/>
</pin_list>
<bind>
<opset="cols_cast_cast "/>
</bind>
</comp>

<comp id="823" class="1005" name="cols_cast6_cast_reg_823">
<pin_list>
<pin id="824" dir="0" index="0" bw="33" slack="3"/>
<pin id="825" dir="1" index="1" bw="33" slack="3"/>
</pin_list>
<bind>
<opset="cols_cast6_cast "/>
</bind>
</comp>

<comp id="828" class="1005" name="indvar_flatten_load_reg_828">
<pin_list>
<pin id="829" dir="0" index="0" bw="64" slack="1"/>
<pin id="830" dir="1" index="1" bw="64" slack="1"/>
</pin_list>
<bind>
<opset="indvar_flatten_load "/>
</bind>
</comp>

<comp id="833" class="1005" name="icmp_ln77_reg_833">
<pin_list>
<pin id="834" dir="0" index="0" bw="1" slack="1"/>
<pin id="835" dir="1" index="1" bw="1" slack="2147483647"/>
</pin_list>
<bind>
<opset="icmp_ln77 "/>
</bind>
</comp>

<comp id="837" class="1005" name="icmp_ln80_reg_837">
<pin_list>
<pin id="838" dir="0" index="0" bw="1" slack="1"/>
<pin id="839" dir="1" index="1" bw="1" slack="1"/>
</pin_list>
<bind>
<opset="icmp_ln80 "/>
</bind>
</comp>

<comp id="843" class="1005" name="or_ln77_reg_843">
<pin_list>
<pin id="844" dir="0" index="0" bw="1" slack="3"/>
<pin id="845" dir="1" index="1" bw="1" slack="2147483647"/>
</pin_list>
<bind>
<opset="or_ln77 "/>
</bind>
</comp>

<comp id="847" class="1005" name="select_ln77_1_reg_847">
<pin_list>
<pin id="848" dir="0" index="0" bw="31" slack="1"/>
<pin id="849" dir="1" index="1" bw="31" slack="1"/>
</pin_list>
<bind>
<opset="select_ln77_1 "/>
</bind>
</comp>

<comp id="853" class="1005" name="add_ln80_reg_853">
<pin_list>
<pin id="854" dir="0" index="0" bw="31" slack="1"/>
<pin id="855" dir="1" index="1" bw="31" slack="1"/>
</pin_list>
<bind>
<opset="add_ln80 "/>
</bind>
</comp>

<comp id="858" class="1005" name="zext_ln77_1_reg_858">
<pin_list>
<pin id="859" dir="0" index="0" bw="63" slack="1"/>
<pin id="860" dir="1" index="1" bw="63" slack="1"/>
</pin_list>
<bind>
<opset="zext_ln77_1 "/>
</bind>
</comp>

<comp id="863" class="1005" name="icmp_ln80_1_reg_863">
<pin_list>
<pin id="864" dir="0" index="0" bw="1" slack="24"/>
<pin id="865" dir="1" index="1" bw="1" slack="2147483647"/>
</pin_list>
<bind>
<opset="icmp_ln80_1 "/>
</bind>
</comp>

<comp id="867" class="1005" name="mul_ln77_reg_867">
<pin_list>
<pin id="868" dir="0" index="0" bw="63" slack="1"/>
<pin id="869" dir="1" index="1" bw="63" slack="1"/>
</pin_list>
<bind>
<opset="mul_ln77 "/>
</bind>
</comp>

<comp id="873" class="1005" name="add_ln86_2_reg_873">
<pin_list>
<pin id="874" dir="0" index="0" bw="33" slack="1"/>
<pin id="875" dir="1" index="1" bw="33" slack="1"/>
</pin_list>
<bind>
<opset="add_ln86_2 "/>
</bind>
</comp>

<comp id="878" class="1005" name="gmem_addr_reg_878">
<pin_list>
<pin id="879" dir="0" index="0" bw="8" slack="1"/>
<pin id="880" dir="1" index="1" bw="8" slack="1"/>
</pin_list>
<bind>
<opset="gmem_addr "/>
</bind>
</comp>

<comp id="883" class="1005" name="add_ln86_reg_883">
<pin_list>
<pin id="884" dir="0" index="0" bw="63" slack="1"/>
<pin id="885" dir="1" index="1" bw="63" slack="1"/>
</pin_list>
<bind>
<opset="add_ln86 "/>
</bind>
</comp>

<comp id="889" class="1005" name="gmem_addr_4_reg_889">
<pin_list>
<pin id="890" dir="0" index="0" bw="8" slack="21"/>
<pin id="891" dir="1" index="1" bw="8" slack="21"/>
</pin_list>
<bind>
<opset="gmem_addr_4 "/>
</bind>
</comp>

<comp id="895" class="1005" name="gmem_addr_1_reg_895">
<pin_list>
<pin id="896" dir="0" index="0" bw="8" slack="1"/>
<pin id="897" dir="1" index="1" bw="8" slack="1"/>
</pin_list>
<bind>
<opset="gmem_addr_1 "/>
</bind>
</comp>

<comp id="901" class="1005" name="empty_22_reg_901">
<pin_list>
<pin id="902" dir="0" index="0" bw="63" slack="1"/>
<pin id="903" dir="1" index="1" bw="63" slack="1"/>
</pin_list>
<bind>
<opset="empty_22 "/>
</bind>
</comp>

<comp id="906" class="1005" name="gmem_addr_2_reg_906">
<pin_list>
<pin id="907" dir="0" index="0" bw="8" slack="3"/>
<pin id="908" dir="1" index="1" bw="8" slack="3"/>
</pin_list>
<bind>
<opset="gmem_addr_2 "/>
</bind>
</comp>

<comp id="912" class="1005" name="gmem_addr_3_reg_912">
<pin_list>
<pin id="913" dir="0" index="0" bw="8" slack="6"/>
<pin id="914" dir="1" index="1" bw="8" slack="6"/>
</pin_list>
<bind>
<opset="gmem_addr_3 "/>
</bind>
</comp>

<comp id="918" class="1005" name="sobel_kernel_reg_918">
<pin_list>
<pin id="919" dir="0" index="0" bw="8" slack="6"/>
<pin id="920" dir="1" index="1" bw="8" slack="6"/>
</pin_list>
<bind>
<opset="sobel_kernel "/>
</bind>
</comp>

<comp id="923" class="1005" name="sobel_kernel_1_reg_923">
<pin_list>
<pin id="924" dir="0" index="0" bw="8" slack="5"/>
<pin id="925" dir="1" index="1" bw="8" slack="5"/>
</pin_list>
<bind>
<opset="sobel_kernel_1 "/>
</bind>
</comp>

<comp id="928" class="1005" name="sobel_kernel_2_reg_928">
<pin_list>
<pin id="929" dir="0" index="0" bw="8" slack="4"/>
<pin id="930" dir="1" index="1" bw="8" slack="4"/>
</pin_list>
<bind>
<opset="sobel_kernel_2 "/>
</bind>
</comp>

<comp id="933" class="1005" name="sobel_kernel_3_reg_933">
<pin_list>
<pin id="934" dir="0" index="0" bw="8" slack="3"/>
<pin id="935" dir="1" index="1" bw="8" slack="3"/>
</pin_list>
<bind>
<opset="sobel_kernel_3 "/>
</bind>
</comp>

<comp id="938" class="1005" name="sobel_kernel_4_reg_938">
<pin_list>
<pin id="939" dir="0" index="0" bw="8" slack="1"/>
<pin id="940" dir="1" index="1" bw="8" slack="1"/>
</pin_list>
<bind>
<opset="sobel_kernel_4 "/>
</bind>
</comp>

<comp id="943" class="1005" name="sobel_kernel_5_reg_943">
<pin_list>
<pin id="944" dir="0" index="0" bw="8" slack="3"/>
<pin id="945" dir="1" index="1" bw="8" slack="3"/>
</pin_list>
<bind>
<opset="sobel_kernel_5 "/>
</bind>
</comp>

<comp id="948" class="1005" name="out_pix_5_reg_948">
<pin_list>
<pin id="949" dir="0" index="0" bw="11" slack="3"/>
<pin id="950" dir="1" index="1" bw="11" slack="3"/>
</pin_list>
<bind>
<opset="out_pix_5 "/>
</bind>
</comp>

<comp id="953" class="1005" name="add_ln34_reg_953">
<pin_list>
<pin id="954" dir="0" index="0" bw="10" slack="3"/>
<pin id="955" dir="1" index="1" bw="10" slack="3"/>
</pin_list>
<bind>
<opset="add_ln34 "/>
</bind>
</comp>

<comp id="958" class="1005" name="sobel_kernel_6_reg_958">
<pin_list>
<pin id="959" dir="0" index="0" bw="8" slack="2"/>
<pin id="960" dir="1" index="1" bw="8" slack="2"/>
</pin_list>
<bind>
<opset="sobel_kernel_6 "/>
</bind>
</comp>

<comp id="963" class="1005" name="sobel_kernel_7_reg_963">
<pin_list>
<pin id="964" dir="0" index="0" bw="8" slack="1"/>
<pin id="965" dir="1" index="1" bw="8" slack="1"/>
</pin_list>
<bind>
<opset="sobel_kernel_7 "/>
</bind>
</comp>

<comp id="969" class="1005" name="g_x_reg_969">
<pin_list>
<pin id="970" dir="0" index="0" bw="8" slack="1"/>
<pin id="971" dir="1" index="1" bw="8" slack="1"/>
</pin_list>
<bind>
<opset="g_x "/>
</bind>
</comp>

<comp id="975" class="1005" name="out_pix_4_reg_975">
<pin_list>
<pin id="976" dir="0" index="0" bw="11" slack="1"/>
<pin id="977" dir="1" index="1" bw="11" slack="1"/>
</pin_list>
<bind>
<opset="out_pix_4 "/>
</bind>
</comp>

<comp id="980" class="1005" name="tmp_2_reg_980">
<pin_list>
<pin id="981" dir="0" index="0" bw="1" slack="1"/>
<pin id="982" dir="1" index="1" bw="1" slack="1"/>
</pin_list>
<bind>
<opset="tmp_2 "/>
</bind>
</comp>

<comp id="986" class="1005" name="icmp_ln45_reg_986">
<pin_list>
<pin id="987" dir="0" index="0" bw="1" slack="1"/>
<pin id="988" dir="1" index="1" bw="1" slack="1"/>
</pin_list>
<bind>
<opset="icmp_ln45 "/>
</bind>
</comp>

<comp id="991" class="1005" name="sobel_2_reg_991">
<pin_list>
<pin id="992" dir="0" index="0" bw="8" slack="1"/>
<pin id="993" dir="1" index="1" bw="8" slack="1"/>
</pin_list>
<bind>
<opset="sobel_2 "/>
</bind>
</comp>

</comp_list>

<net_list>
<net id="107"><net_src comp="18" pin="0"/><net_sink comp="104" pin=0"/></net>

<net id="111"><net_src comp="18" pin="0"/><net_sink comp="108" pin=0"/></net>

<net id="115"><net_src comp="18" pin="0"/><net_sink comp="112" pin=0"/></net>

<net id="119"><net_src comp="18" pin="0"/><net_sink comp="116" pin=0"/></net>

<net id="124"><net_src comp="20" pin="0"/><net_sink comp="120" pin=0"/></net>

<net id="125"><net_src comp="16" pin="0"/><net_sink comp="120" pin=1"/></net>

<net id="130"><net_src comp="22" pin="0"/><net_sink comp="126" pin=0"/></net>

<net id="131"><net_src comp="14" pin="0"/><net_sink comp="126" pin=1"/></net>

<net id="136"><net_src comp="24" pin="0"/><net_sink comp="132" pin=0"/></net>

<net id="137"><net_src comp="12" pin="0"/><net_sink comp="132" pin=1"/></net>

<net id="142"><net_src comp="24" pin="0"/><net_sink comp="138" pin=0"/></net>

<net id="143"><net_src comp="10" pin="0"/><net_sink comp="138" pin=1"/></net>

<net id="148"><net_src comp="24" pin="0"/><net_sink comp="144" pin=0"/></net>

<net id="149"><net_src comp="8" pin="0"/><net_sink comp="144" pin=1"/></net>

<net id="154"><net_src comp="20" pin="0"/><net_sink comp="150" pin=0"/></net>

<net id="155"><net_src comp="6" pin="0"/><net_sink comp="150" pin=1"/></net>

<net id="160"><net_src comp="24" pin="0"/><net_sink comp="156" pin=0"/></net>

<net id="161"><net_src comp="4" pin="0"/><net_sink comp="156" pin=1"/></net>

<net id="166"><net_src comp="20" pin="0"/><net_sink comp="162" pin=0"/></net>

<net id="167"><net_src comp="2" pin="0"/><net_sink comp="162" pin=1"/></net>

<net id="173"><net_src comp="72" pin="0"/><net_sink comp="168" pin=0"/></net>

<net id="179"><net_src comp="74" pin="0"/><net_sink comp="174" pin=0"/></net>

<net id="180"><net_src comp="76" pin="0"/><net_sink comp="174" pin=2"/></net>

<net id="186"><net_src comp="74" pin="0"/><net_sink comp="181" pin=0"/></net>

<net id="187"><net_src comp="76" pin="0"/><net_sink comp="181" pin=2"/></net>

<net id="193"><net_src comp="74" pin="0"/><net_sink comp="188" pin=0"/></net>

<net id="194"><net_src comp="76" pin="0"/><net_sink comp="188" pin=2"/></net>

<net id="199"><net_src comp="78" pin="0"/><net_sink comp="195" pin=0"/></net>

<net id="204"><net_src comp="78" pin="0"/><net_sink comp="200" pin=0"/></net>

<net id="209"><net_src comp="78" pin="0"/><net_sink comp="205" pin=0"/></net>

<net id="216"><net_src comp="100" pin="0"/><net_sink comp="210" pin=0"/></net>

<net id="217"><net_src comp="50" pin="0"/><net_sink comp="210" pin=3"/></net>

<net id="222"><net_src comp="102" pin="0"/><net_sink comp="218" pin=0"/></net>

<net id="226"><net_src comp="50" pin="0"/><net_sink comp="223" pin=0"/></net>

<net id="227"><net_src comp="52" pin="0"/><net_sink comp="223" pin=0"/></net>

<net id="234"><net_src comp="223" pin="1"/><net_sink comp="228" pin=0"/></net>

<net id="235"><net_src comp="223" pin="1"/><net_sink comp="228" pin=2"/></net>

<net id="243"><net_src comp="126" pin="2"/><net_sink comp="240" pin=0"/></net>

<net id="247"><net_src comp="138" pin="2"/><net_sink comp="244" pin=0"/></net>

<net id="251"><net_src comp="144" pin="2"/><net_sink comp="248" pin=0"/></net>

<net id="255"><net_src comp="156" pin="2"/><net_sink comp="252" pin=0"/></net>

<net id="260"><net_src comp="44" pin="0"/><net_sink comp="256" pin=0"/></net>

<net id="265"><net_src comp="46" pin="0"/><net_sink comp="261" pin=0"/></net>

<net id="270"><net_src comp="46" pin="0"/><net_sink comp="266" pin=0"/></net>

<net id="275"><net_src comp="48" pin="0"/><net_sink comp="271" pin=0"/></net>

<net id="286"><net_src comp="279" pin="1"/><net_sink comp="282" pin=0"/></net>

<net id="293"><net_src comp="276" pin="1"/><net_sink comp="290" pin=0"/></net>

<net id="298"><net_src comp="290" pin="1"/><net_sink comp="294" pin=0"/></net>

<net id="303"><net_src comp="294" pin="2"/><net_sink comp="299" pin=0"/></net>

<net id="304"><net_src comp="50" pin="0"/><net_sink comp="299" pin=1"/></net>

<net id="309"><net_src comp="228" pin="4"/><net_sink comp="305" pin=0"/></net>

<net id="310"><net_src comp="299" pin="2"/><net_sink comp="305" pin=1"/></net>

<net id="315"><net_src comp="287" pin="1"/><net_sink comp="311" pin=0"/></net>

<net id="316"><net_src comp="48" pin="0"/><net_sink comp="311" pin=1"/></net>

<net id="322"><net_src comp="294" pin="2"/><net_sink comp="317" pin=0"/></net>

<net id="323"><net_src comp="287" pin="1"/><net_sink comp="317" pin=1"/></net>

<net id="324"><net_src comp="311" pin="2"/><net_sink comp="317" pin=2"/></net>

<net id="329"><net_src comp="276" pin="1"/><net_sink comp="325" pin=0"/></net>

<net id="330"><net_src comp="48" pin="0"/><net_sink comp="325" pin=1"/></net>

<net id="335"><net_src comp="56" pin="0"/><net_sink comp="331" pin=1"/></net>

<net id="339"><net_src comp="336" pin="1"/><net_sink comp="236" pin=0"/></net>

<net id="345"><net_src comp="58" pin="0"/><net_sink comp="340" pin=2"/></net>

<net id="349"><net_src comp="340" pin="3"/><net_sink comp="346" pin=0"/></net>

<net id="354"><net_src comp="346" pin="1"/><net_sink comp="350" pin=0"/></net>

<net id="359"><net_src comp="331" pin="2"/><net_sink comp="355" pin=0"/></net>

<net id="368"><net_src comp="340" pin="3"/><net_sink comp="364" pin=0"/></net>

<net id="373"><net_src comp="60" pin="0"/><net_sink comp="369" pin=1"/></net>

<net id="382"><net_src comp="374" pin="1"/><net_sink comp="377" pin=1"/></net>

<net id="383"><net_src comp="46" pin="0"/><net_sink comp="377" pin=2"/></net>

<net id="391"><net_src comp="384" pin="1"/><net_sink comp="387" pin=0"/></net>

<net id="396"><net_src comp="0" pin="0"/><net_sink comp="392" pin=0"/></net>

<net id="397"><net_src comp="387" pin="2"/><net_sink comp="392" pin=1"/></net>

<net id="401"><net_src comp="377" pin="3"/><net_sink comp="398" pin=0"/></net>

<net id="406"><net_src comp="398" pin="1"/><net_sink comp="402" pin=1"/></net>

<net id="414"><net_src comp="407" pin="1"/><net_sink comp="410" pin=0"/></net>

<net id="415"><net_src comp="402" pin="2"/><net_sink comp="410" pin=1"/></net>

<net id="420"><net_src comp="0" pin="0"/><net_sink comp="416" pin=0"/></net>

<net id="421"><net_src comp="387" pin="2"/><net_sink comp="416" pin=1"/></net>

<net id="426"><net_src comp="377" pin="3"/><net_sink comp="422" pin=0"/></net>

<net id="427"><net_src comp="48" pin="0"/><net_sink comp="422" pin=1"/></net>

<net id="432"><net_src comp="422" pin="2"/><net_sink comp="428" pin=0"/></net>

<net id="440"><net_src comp="433" pin="1"/><net_sink comp="436" pin=0"/></net>

<net id="445"><net_src comp="0" pin="0"/><net_sink comp="441" pin=0"/></net>

<net id="446"><net_src comp="436" pin="2"/><net_sink comp="441" pin=1"/></net>

<net id="458"><net_src comp="451" pin="1"/><net_sink comp="454" pin=0"/></net>

<net id="463"><net_src comp="0" pin="0"/><net_sink comp="459" pin=0"/></net>

<net id="464"><net_src comp="454" pin="2"/><net_sink comp="459" pin=1"/></net>

<net id="473"><net_src comp="465" pin="2"/><net_sink comp="469" pin=0"/></net>

<net id="474"><net_src comp="451" pin="1"/><net_sink comp="469" pin=1"/></net>

<net id="479"><net_src comp="0" pin="0"/><net_sink comp="475" pin=0"/></net>

<net id="480"><net_src comp="469" pin="2"/><net_sink comp="475" pin=1"/></net>

<net id="486"><net_src comp="80" pin="0"/><net_sink comp="481" pin=0"/></net>

<net id="487"><net_src comp="52" pin="0"/><net_sink comp="481" pin=2"/></net>

<net id="491"><net_src comp="481" pin="3"/><net_sink comp="488" pin=0"/></net>

<net id="497"><net_src comp="80" pin="0"/><net_sink comp="492" pin=0"/></net>

<net id="498"><net_src comp="52" pin="0"/><net_sink comp="492" pin=2"/></net>

<net id="502"><net_src comp="492" pin="3"/><net_sink comp="499" pin=0"/></net>

<net id="513"><net_src comp="503" pin="1"/><net_sink comp="509" pin=0"/></net>

<net id="514"><net_src comp="506" pin="1"/><net_sink comp="509" pin=1"/></net>

<net id="518"><net_src comp="509" pin="2"/><net_sink comp="515" pin=0"/></net>

<net id="523"><net_src comp="515" pin="1"/><net_sink comp="519" pin=0"/></net>

<net id="524"><net_src comp="488" pin="1"/><net_sink comp="519" pin=1"/></net>

<net id="529"><net_src comp="519" pin="2"/><net_sink comp="525" pin=0"/></net>

<net id="530"><net_src comp="499" pin="1"/><net_sink comp="525" pin=1"/></net>

<net id="536"><net_src comp="80" pin="0"/><net_sink comp="531" pin=0"/></net>

<net id="537"><net_src comp="52" pin="0"/><net_sink comp="531" pin=2"/></net>

<net id="541"><net_src comp="531" pin="3"/><net_sink comp="538" pin=0"/></net>

<net id="546"><net_src comp="506" pin="1"/><net_sink comp="542" pin=0"/></net>

<net id="547"><net_src comp="503" pin="1"/><net_sink comp="542" pin=1"/></net>

<net id="551"><net_src comp="542" pin="2"/><net_sink comp="548" pin=0"/></net>

<net id="556"><net_src comp="548" pin="1"/><net_sink comp="552" pin=0"/></net>

<net id="557"><net_src comp="538" pin="1"/><net_sink comp="552" pin=1"/></net>

<net id="571"><net_src comp="564" pin="1"/><net_sink comp="567" pin=1"/></net>

<net id="576"><net_src comp="567" pin="2"/><net_sink comp="572" pin=0"/></net>

<net id="577"><net_src comp="561" pin="1"/><net_sink comp="572" pin=1"/></net>

<net id="583"><net_src comp="82" pin="0"/><net_sink comp="578" pin=0"/></net>

<net id="584"><net_src comp="572" pin="2"/><net_sink comp="578" pin=1"/></net>

<net id="585"><net_src comp="84" pin="0"/><net_sink comp="578" pin=2"/></net>

<net id="592"><net_src comp="86" pin="0"/><net_sink comp="586" pin=0"/></net>

<net id="593"><net_src comp="572" pin="2"/><net_sink comp="586" pin=1"/></net>

<net id="594"><net_src comp="88" pin="0"/><net_sink comp="586" pin=2"/></net>

<net id="595"><net_src comp="84" pin="0"/><net_sink comp="586" pin=3"/></net>

<net id="600"><net_src comp="586" pin="4"/><net_sink comp="596" pin=0"/></net>

<net id="601"><net_src comp="90" pin="0"/><net_sink comp="596" pin=1"/></net>

<net id="605"><net_src comp="572" pin="2"/><net_sink comp="602" pin=0"/></net>

<net id="610"><net_src comp="578" pin="3"/><net_sink comp="606" pin=0"/></net>

<net id="611"><net_src comp="50" pin="0"/><net_sink comp="606" pin=1"/></net>

<net id="617"><net_src comp="606" pin="2"/><net_sink comp="612" pin=0"/></net>

<net id="618"><net_src comp="92" pin="0"/><net_sink comp="612" pin=1"/></net>

<net id="619"><net_src comp="94" pin="0"/><net_sink comp="612" pin=2"/></net>

<net id="624"><net_src comp="578" pin="3"/><net_sink comp="620" pin=0"/></net>

<net id="625"><net_src comp="596" pin="2"/><net_sink comp="620" pin=1"/></net>

<net id="631"><net_src comp="620" pin="2"/><net_sink comp="626" pin=0"/></net>

<net id="632"><net_src comp="612" pin="3"/><net_sink comp="626" pin=1"/></net>

<net id="633"><net_src comp="602" pin="1"/><net_sink comp="626" pin=2"/></net>

<net id="639"><net_src comp="80" pin="0"/><net_sink comp="634" pin=0"/></net>

<net id="640"><net_src comp="52" pin="0"/><net_sink comp="634" pin=2"/></net>

<net id="644"><net_src comp="634" pin="3"/><net_sink comp="641" pin=0"/></net>

<net id="652"><net_src comp="564" pin="1"/><net_sink comp="648" pin=0"/></net>

<net id="653"><net_src comp="645" pin="1"/><net_sink comp="648" pin=1"/></net>

<net id="658"><net_src comp="641" pin="1"/><net_sink comp="654" pin=0"/></net>

<net id="659"><net_src comp="558" pin="1"/><net_sink comp="654" pin=1"/></net>

<net id="663"><net_src comp="654" pin="2"/><net_sink comp="660" pin=0"/></net>

<net id="668"><net_src comp="660" pin="1"/><net_sink comp="664" pin=0"/></net>

<net id="669"><net_src comp="648" pin="2"/><net_sink comp="664" pin=1"/></net>

<net id="675"><net_src comp="82" pin="0"/><net_sink comp="670" pin=0"/></net>

<net id="676"><net_src comp="664" pin="2"/><net_sink comp="670" pin=1"/></net>

<net id="677"><net_src comp="84" pin="0"/><net_sink comp="670" pin=2"/></net>

<net id="684"><net_src comp="86" pin="0"/><net_sink comp="678" pin=0"/></net>

<net id="685"><net_src comp="664" pin="2"/><net_sink comp="678" pin=1"/></net>

<net id="686"><net_src comp="88" pin="0"/><net_sink comp="678" pin=2"/></net>

<net id="687"><net_src comp="84" pin="0"/><net_sink comp="678" pin=3"/></net>

<net id="692"><net_src comp="678" pin="4"/><net_sink comp="688" pin=0"/></net>

<net id="693"><net_src comp="90" pin="0"/><net_sink comp="688" pin=1"/></net>

<net id="701"><net_src comp="50" pin="0"/><net_sink comp="697" pin=1"/></net>

<net id="707"><net_src comp="697" pin="2"/><net_sink comp="702" pin=0"/></net>

<net id="708"><net_src comp="92" pin="0"/><net_sink comp="702" pin=1"/></net>

<net id="709"><net_src comp="94" pin="0"/><net_sink comp="702" pin=2"/></net>

<net id="719"><net_src comp="710" pin="2"/><net_sink comp="714" pin=0"/></net>

<net id="720"><net_src comp="702" pin="3"/><net_sink comp="714" pin=1"/></net>

<net id="721"><net_src comp="694" pin="1"/><net_sink comp="714" pin=2"/></net>

<net id="728"><net_src comp="714" pin="3"/><net_sink comp="725" pin=0"/></net>

<net id="733"><net_src comp="714" pin="3"/><net_sink comp="729" pin=0"/></net>

<net id="738"><net_src comp="725" pin="1"/><net_sink comp="734" pin=0"/></net>

<net id="739"><net_src comp="722" pin="1"/><net_sink comp="734" pin=1"/></net>

<net id="745"><net_src comp="96" pin="0"/><net_sink comp="740" pin=0"/></net>

<net id="746"><net_src comp="734" pin="2"/><net_sink comp="740" pin=1"/></net>

<net id="747"><net_src comp="88" pin="0"/><net_sink comp="740" pin=2"/></net>

<net id="753"><net_src comp="740" pin="3"/><net_sink comp="748" pin=0"/></net>

<net id="754"><net_src comp="92" pin="0"/><net_sink comp="748" pin=1"/></net>

<net id="755"><net_src comp="729" pin="2"/><net_sink comp="748" pin=2"/></net>

<net id="759"><net_src comp="104" pin="1"/><net_sink comp="756" pin=0"/></net>

<net id="760"><net_src comp="756" pin="1"/><net_sink comp="271" pin=1"/></net>

<net id="761"><net_src comp="756" pin="1"/><net_sink comp="276" pin=0"/></net>

<net id="762"><net_src comp="756" pin="1"/><net_sink comp="364" pin=1"/></net>

<net id="766"><net_src comp="108" pin="1"/><net_sink comp="763" pin=0"/></net>

<net id="767"><net_src comp="763" pin="1"/><net_sink comp="266" pin=1"/></net>

<net id="768"><net_src comp="763" pin="1"/><net_sink comp="374" pin=0"/></net>

<net id="769"><net_src comp="763" pin="1"/><net_sink comp="428" pin=1"/></net>

<net id="773"><net_src comp="112" pin="1"/><net_sink comp="770" pin=0"/></net>

<net id="774"><net_src comp="770" pin="1"/><net_sink comp="261" pin=1"/></net>

<net id="775"><net_src comp="770" pin="1"/><net_sink comp="287" pin=0"/></net>

<net id="776"><net_src comp="770" pin="1"/><net_sink comp="360" pin=1"/></net>

<net id="780"><net_src comp="116" pin="1"/><net_sink comp="777" pin=0"/></net>

<net id="781"><net_src comp="777" pin="1"/><net_sink comp="256" pin=1"/></net>

<net id="782"><net_src comp="777" pin="1"/><net_sink comp="279" pin=0"/></net>

<net id="783"><net_src comp="777" pin="1"/><net_sink comp="355" pin=1"/></net>

<net id="787"><net_src comp="120" pin="2"/><net_sink comp="784" pin=0"/></net>

<net id="788"><net_src comp="784" pin="1"/><net_sink comp="387" pin=1"/></net>

<net id="792"><net_src comp="132" pin="2"/><net_sink comp="789" pin=0"/></net>

<net id="793"><net_src comp="789" pin="1"/><net_sink comp="294" pin=1"/></net>

<net id="794"><net_src comp="789" pin="1"/><net_sink comp="350" pin=1"/></net>

<net id="798"><net_src comp="150" pin="2"/><net_sink comp="795" pin=0"/></net>

<net id="799"><net_src comp="795" pin="1"/><net_sink comp="436" pin=1"/></net>

<net id="800"><net_src comp="795" pin="1"/><net_sink comp="454" pin=1"/></net>

<net id="801"><net_src comp="795" pin="1"/><net_sink comp="465" pin=1"/></net>

<net id="805"><net_src comp="162" pin="2"/><net_sink comp="802" pin=0"/></net>

<net id="806"><net_src comp="802" pin="1"/><net_sink comp="282" pin=1"/></net>

<net id="810"><net_src comp="240" pin="1"/><net_sink comp="807" pin=0"/></net>

<net id="811"><net_src comp="807" pin="1"/><net_sink comp="168" pin=2"/></net>

<net id="815"><net_src comp="244" pin="1"/><net_sink comp="812" pin=0"/></net>

<net id="816"><net_src comp="812" pin="1"/><net_sink comp="465" pin=0"/></net>

<net id="820"><net_src comp="248" pin="1"/><net_sink comp="817" pin=0"/></net>

<net id="821"><net_src comp="817" pin="1"/><net_sink comp="236" pin=1"/></net>

<net id="822"><net_src comp="817" pin="1"/><net_sink comp="447" pin=1"/></net>

<net id="826"><net_src comp="252" pin="1"/><net_sink comp="823" pin=0"/></net>

<net id="827"><net_src comp="823" pin="1"/><net_sink comp="369" pin=0"/></net>

<net id="831"><net_src comp="279" pin="1"/><net_sink comp="828" pin=0"/></net>

<net id="832"><net_src comp="828" pin="1"/><net_sink comp="331" pin=0"/></net>

<net id="836"><net_src comp="282" pin="2"/><net_sink comp="833" pin=0"/></net>

<net id="840"><net_src comp="294" pin="2"/><net_sink comp="837" pin=0"/></net>

<net id="841"><net_src comp="837" pin="1"/><net_sink comp="340" pin=0"/></net>

<net id="842"><net_src comp="837" pin="1"/><net_sink comp="377" pin=0"/></net>

<net id="846"><net_src comp="305" pin="2"/><net_sink comp="843" pin=0"/></net>

<net id="850"><net_src comp="317" pin="3"/><net_sink comp="847" pin=0"/></net>

<net id="851"><net_src comp="847" pin="1"/><net_sink comp="336" pin=0"/></net>

<net id="852"><net_src comp="847" pin="1"/><net_sink comp="360" pin=0"/></net>

<net id="856"><net_src comp="325" pin="2"/><net_sink comp="853" pin=0"/></net>

<net id="857"><net_src comp="853" pin="1"/><net_sink comp="340" pin=1"/></net>

<net id="861"><net_src comp="336" pin="1"/><net_sink comp="858" pin=0"/></net>

<net id="862"><net_src comp="858" pin="1"/><net_sink comp="236" pin=0"/></net>

<net id="866"><net_src comp="350" pin="2"/><net_sink comp="863" pin=0"/></net>

<net id="870"><net_src comp="236" pin="2"/><net_sink comp="867" pin=0"/></net>

<net id="871"><net_src comp="867" pin="1"/><net_sink comp="384" pin=0"/></net>

<net id="872"><net_src comp="867" pin="1"/><net_sink comp="402" pin=0"/></net>

<net id="876"><net_src comp="369" pin="2"/><net_sink comp="873" pin=0"/></net>

<net id="877"><net_src comp="873" pin="1"/><net_sink comp="407" pin=0"/></net>

<net id="881"><net_src comp="392" pin="2"/><net_sink comp="878" pin=0"/></net>

<net id="882"><net_src comp="878" pin="1"/><net_sink comp="168" pin=1"/></net>

<net id="886"><net_src comp="410" pin="2"/><net_sink comp="883" pin=0"/></net>

<net id="887"><net_src comp="883" pin="1"/><net_sink comp="433" pin=0"/></net>

<net id="888"><net_src comp="883" pin="1"/><net_sink comp="447" pin=0"/></net>

<net id="892"><net_src comp="416" pin="2"/><net_sink comp="889" pin=0"/></net>

<net id="893"><net_src comp="889" pin="1"/><net_sink comp="210" pin=1"/></net>

<net id="894"><net_src comp="889" pin="1"/><net_sink comp="218" pin=1"/></net>

<net id="898"><net_src comp="441" pin="2"/><net_sink comp="895" pin=0"/></net>

<net id="899"><net_src comp="895" pin="1"/><net_sink comp="174" pin=1"/></net>

<net id="900"><net_src comp="895" pin="1"/><net_sink comp="195" pin=1"/></net>

<net id="904"><net_src comp="447" pin="2"/><net_sink comp="901" pin=0"/></net>

<net id="905"><net_src comp="901" pin="1"/><net_sink comp="451" pin=0"/></net>

<net id="909"><net_src comp="459" pin="2"/><net_sink comp="906" pin=0"/></net>

<net id="910"><net_src comp="906" pin="1"/><net_sink comp="181" pin=1"/></net>

<net id="911"><net_src comp="906" pin="1"/><net_sink comp="200" pin=1"/></net>

<net id="915"><net_src comp="475" pin="2"/><net_sink comp="912" pin=0"/></net>

<net id="916"><net_src comp="912" pin="1"/><net_sink comp="188" pin=1"/></net>

<net id="917"><net_src comp="912" pin="1"/><net_sink comp="205" pin=1"/></net>

<net id="921"><net_src comp="195" pin="2"/><net_sink comp="918" pin=0"/></net>

<net id="922"><net_src comp="918" pin="1"/><net_sink comp="506" pin=0"/></net>

<net id="926"><net_src comp="195" pin="2"/><net_sink comp="923" pin=0"/></net>

<net id="927"><net_src comp="923" pin="1"/><net_sink comp="531" pin=1"/></net>

<net id="931"><net_src comp="195" pin="2"/><net_sink comp="928" pin=0"/></net>

<net id="932"><net_src comp="928" pin="1"/><net_sink comp="503" pin=0"/></net>

<net id="936"><net_src comp="200" pin="2"/><net_sink comp="933" pin=0"/></net>

<net id="937"><net_src comp="933" pin="1"/><net_sink comp="481" pin=1"/></net>

<net id="941"><net_src comp="200" pin="2"/><net_sink comp="938" pin=0"/></net>

<net id="942"><net_src comp="938" pin="1"/><net_sink comp="492" pin=1"/></net>

<net id="946"><net_src comp="205" pin="2"/><net_sink comp="943" pin=0"/></net>

<net id="947"><net_src comp="943" pin="1"/><net_sink comp="564" pin=0"/></net>

<net id="951"><net_src comp="525" pin="2"/><net_sink comp="948" pin=0"/></net>

<net id="952"><net_src comp="948" pin="1"/><net_sink comp="567" pin=0"/></net>

<net id="956"><net_src comp="552" pin="2"/><net_sink comp="953" pin=0"/></net>

<net id="957"><net_src comp="953" pin="1"/><net_sink comp="645" pin=0"/></net>

<net id="961"><net_src comp="205" pin="2"/><net_sink comp="958" pin=0"/></net>

<net id="962"><net_src comp="958" pin="1"/><net_sink comp="634" pin=1"/></net>

<net id="966"><net_src comp="205" pin="2"/><net_sink comp="963" pin=0"/></net>

<net id="967"><net_src comp="963" pin="1"/><net_sink comp="558" pin=0"/></net>

<net id="968"><net_src comp="963" pin="1"/><net_sink comp="561" pin=0"/></net>

<net id="972"><net_src comp="626" pin="3"/><net_sink comp="969" pin=0"/></net>

<net id="973"><net_src comp="969" pin="1"/><net_sink comp="722" pin=0"/></net>

<net id="974"><net_src comp="969" pin="1"/><net_sink comp="729" pin=1"/></net>

<net id="978"><net_src comp="664" pin="2"/><net_sink comp="975" pin=0"/></net>

<net id="979"><net_src comp="975" pin="1"/><net_sink comp="694" pin=0"/></net>

<net id="983"><net_src comp="670" pin="3"/><net_sink comp="980" pin=0"/></net>

<net id="984"><net_src comp="980" pin="1"/><net_sink comp="697" pin=0"/></net>

<net id="985"><net_src comp="980" pin="1"/><net_sink comp="710" pin=0"/></net>

<net id="989"><net_src comp="688" pin="2"/><net_sink comp="986" pin=0"/></net>

<net id="990"><net_src comp="986" pin="1"/><net_sink comp="710" pin=1"/></net>

<net id="994"><net_src comp="748" pin="3"/><net_sink comp="991" pin=0"/></net>

<net id="995"><net_src comp="991" pin="1"/><net_sink comp="210" pin=2"/></net>

</net_list>

</model> 
---------------- Datapath Model END ------------------

* FSMD analyzer results:
  - Output states:
	Port: gmem | {6 26 27 28 29 30 31 }
 - Input state : 
	Port: sobel_Pipeline_VITIS_LOOP_77_1_VITIS_LOOP_80_2 : gmem | {7 8 9 10 11 12 13 14 15 16 17 18 19 20 21 22 23 }
	Port: sobel_Pipeline_VITIS_LOOP_77_1_VITIS_LOOP_80_2 : mul_ln66 | {1 }
	Port: sobel_Pipeline_VITIS_LOOP_77_1_VITIS_LOOP_80_2 : cols_cast6 | {1 }
	Port: sobel_Pipeline_VITIS_LOOP_77_1_VITIS_LOOP_80_2 : src | {1 }
	Port: sobel_Pipeline_VITIS_LOOP_77_1_VITIS_LOOP_80_2 : cols_cast | {1 }
	Port: sobel_Pipeline_VITIS_LOOP_77_1_VITIS_LOOP_80_2 : sext_ln77 | {1 }
	Port: sobel_Pipeline_VITIS_LOOP_77_1_VITIS_LOOP_80_2 : sub2 | {1 }
	Port: sobel_Pipeline_VITIS_LOOP_77_1_VITIS_LOOP_80_2 : zext_ln77 | {1 }
	Port: sobel_Pipeline_VITIS_LOOP_77_1_VITIS_LOOP_80_2 : dst | {1 }
  - Chain level:
	State 1
		store_ln0 : 1
		store_ln0 : 1
		store_ln0 : 1
		store_ln74 : 1
	State 2
		icmp_ln77 : 1
		br_ln77 : 2
		zext_ln80_1 : 1
		icmp_ln80 : 2
		xor_ln77 : 3
		or_ln77 : 3
		add_ln77_1 : 1
		select_ln77_1 : 3
		br_ln80 : 3
		add_ln80 : 1
	State 3
		mul_ln77 : 1
		zext_ln80_2 : 1
		icmp_ln80_1 : 2
		br_ln80 : 3
		store_ln77 : 1
		store_ln74 : 1
	State 4
	State 5
		select_ln77 : 1
		add_ln77_2 : 1
		gmem_addr : 2
		zext_ln80 : 2
		add_ln86_1 : 3
		add_ln86 : 4
		gmem_addr_4 : 2
		add_ln80_1 : 2
		store_ln80 : 3
	State 6
		empty_20 : 1
		gmem_addr_1 : 2
	State 7
		empty_23 : 1
		gmem_addr_2 : 2
		empty_26 : 1
		gmem_addr_3 : 2
	State 8
	State 9
	State 10
	State 11
	State 12
	State 13
	State 14
	State 15
	State 16
	State 17
	State 18
	State 19
	State 20
	State 21
		zext_ln10 : 1
		zext_ln11 : 1
		S00 : 1
		sext_ln12 : 2
		A00 : 3
		out_pix_5 : 4
		zext_ln32 : 1
		add_ln34_1 : 1
		zext_ln34 : 2
		add_ln34 : 3
	State 22
	State 23
	State 24
		out_pix_6 : 1
		out_pix : 2
		tmp : 3
		tmp_1 : 3
		icmp_ln23 : 4
		trunc_ln27 : 3
		xor_ln27 : 4
		select_ln27 : 4
		or_ln27 : 5
		g_x : 5
		zext_ln33 : 1
		out_pix_7 : 1
		add_ln39 : 2
		zext_ln39 : 3
		out_pix_4 : 4
		tmp_2 : 5
		tmp_3 : 5
		icmp_ln45 : 6
	State 25
		g_y : 1
		zext_ln58_1 : 2
		sobel_1 : 2
		temp : 3
		tmp_4 : 4
		sobel_2 : 5
	State 26
	State 27
	State 28
	State 29
	State 30
	State 31


============================================================
+ Verbose Summary: Datapath Resource usage 
============================================================

* Functional unit list:
|----------|-----------------------------|---------|---------|---------|
| Operation|       Functional Unit       |   DSP   |    FF   |   LUT   |
|----------|-----------------------------|---------|---------|---------|
|          |      add_ln77_1_fu_311      |    0    |    0    |    38   |
|          |       add_ln80_fu_325       |    0    |    0    |    38   |
|          |       add_ln77_fu_331       |    0    |    0    |    71   |
|          |      add_ln86_2_fu_369      |    0    |    0    |    39   |
|          |      add_ln77_2_fu_387      |    0    |    0    |    71   |
|          |      add_ln86_1_fu_402      |    0    |    0    |    63   |
|          |       add_ln86_fu_410       |    0    |    0    |    63   |
|          |      add_ln80_1_fu_422      |    0    |    0    |    38   |
|          |       empty_20_fu_436       |    0    |    0    |    71   |
|          |       empty_22_fu_447       |    0    |    0    |    70   |
|    add   |       empty_23_fu_454       |    0    |    0    |    71   |
|          |         tmp3_fu_465         |    0    |    0    |    64   |
|          |       empty_26_fu_469       |    0    |    0    |    64   |
|          |       out_pix_5_fu_525      |    0    |    0    |    11   |
|          |      add_ln34_1_fu_542      |    0    |    0    |    15   |
|          |       add_ln34_fu_552       |    0    |    0    |    14   |
|          |        out_pix_fu_572       |    0    |    0    |    11   |
|          |       add_ln39_fu_654       |    0    |    0    |    14   |
|          |       out_pix_4_fu_664      |    0    |    0    |    11   |
|          |        sobel_1_fu_729       |    0    |    0    |    15   |
|          |         temp_fu_734         |    0    |    0    |    15   |
|----------|-----------------------------|---------|---------|---------|
|    mul   |          grp_fu_236         |    4    |   165   |    50   |
|----------|-----------------------------|---------|---------|---------|
|          |       icmp_ln77_fu_282      |    0    |    0    |    71   |
|          |       icmp_ln80_fu_294      |    0    |    0    |    39   |
|   icmp   |      icmp_ln80_1_fu_350     |    0    |    0    |    39   |
|          |       icmp_ln23_fu_596      |    0    |    0    |    11   |
|          |       icmp_ln45_fu_688      |    0    |    0    |    11   |
|----------|-----------------------------|---------|---------|---------|
|          |     select_ln77_1_fu_317    |    0    |    0    |    31   |
|          |      select_ln80_fu_340     |    0    |    0    |    31   |
|          |      select_ln77_fu_377     |    0    |    0    |    31   |
|  select  |      select_ln27_fu_612     |    0    |    0    |    2    |
|          |          g_x_fu_626         |    0    |    0    |    8    |
|          |      select_ln49_fu_702     |    0    |    0    |    2    |
|          |          g_y_fu_714         |    0    |    0    |    8    |
|          |        sobel_2_fu_748       |    0    |    0    |    8    |
|----------|-----------------------------|---------|---------|---------|
|          |          S00_fu_509         |    0    |    0    |    15   |
|    sub   |          A00_fu_519         |    0    |    0    |    9    |
|          |       out_pix_6_fu_567      |    0    |    0    |    11   |
|          |       out_pix_7_fu_648      |    0    |    0    |    10   |
|----------|-----------------------------|---------|---------|---------|
|          |       xor_ln77_fu_299       |    0    |    0    |    2    |
|    xor   |       xor_ln27_fu_606       |    0    |    0    |    2    |
|          |       xor_ln49_fu_697       |    0    |    0    |    2    |
|----------|-----------------------------|---------|---------|---------|
|          |        or_ln77_fu_305       |    0    |    0    |    2    |
|    or    |        or_ln27_fu_620       |    0    |    0    |    2    |
|          |        or_ln49_fu_710       |    0    |    0    |    2    |
|----------|-----------------------------|---------|---------|---------|
|          |     dst_read_read_fu_120    |    0    |    0    |    0    |
|          |  zext_ln77_read_read_fu_126 |    0    |    0    |    0    |
|          |    sub2_read_read_fu_132    |    0    |    0    |    0    |
|          |  sext_ln77_read_read_fu_138 |    0    |    0    |    0    |
|          |  cols_cast_read_read_fu_144 |    0    |    0    |    0    |
|   read   |     src_read_read_fu_150    |    0    |    0    |    0    |
|          | cols_cast6_read_read_fu_156 |    0    |    0    |    0    |
|          |  mul_ln66_read_read_fu_162  |    0    |    0    |    0    |
|          |       grp_read_fu_195       |    0    |    0    |    0    |
|          |       grp_read_fu_200       |    0    |    0    |    0    |
|          |       grp_read_fu_205       |    0    |    0    |    0    |
|----------|-----------------------------|---------|---------|---------|
| writereq |   empty_28_writereq_fu_168  |    0    |    0    |    0    |
|----------|-----------------------------|---------|---------|---------|
|          |      grp_readreq_fu_174     |    0    |    0    |    0    |
|  readreq |      grp_readreq_fu_181     |    0    |    0    |    0    |
|          |      grp_readreq_fu_188     |    0    |    0    |    0    |
|----------|-----------------------------|---------|---------|---------|
|   write  |   write_ln96_write_fu_210   |    0    |    0    |    0    |
|----------|-----------------------------|---------|---------|---------|
| writeresp|     grp_writeresp_fu_218    |    0    |    0    |    0    |
|----------|-----------------------------|---------|---------|---------|
|          |    zext_ln77_cast_fu_240    |    0    |    0    |    0    |
|          |      zext_ln80_1_fu_290     |    0    |    0    |    0    |
|          |      zext_ln77_1_fu_336     |    0    |    0    |    0    |
|          |      zext_ln80_2_fu_346     |    0    |    0    |    0    |
|          |       zext_ln80_fu_398      |    0    |    0    |    0    |
|          |       zext_ln10_fu_488      |    0    |    0    |    0    |
|          |       zext_ln11_fu_499      |    0    |    0    |    0    |
|          |       zext_ln12_fu_503      |    0    |    0    |    0    |
|          |       zext_ln13_fu_506      |    0    |    0    |    0    |
|   zext   |       zext_ln32_fu_538      |    0    |    0    |    0    |
|          |       zext_ln34_fu_548      |    0    |    0    |    0    |
|          |      zext_ln12_1_fu_558     |    0    |    0    |    0    |
|          |      zext_ln12_2_fu_561     |    0    |    0    |    0    |
|          |      zext_ln13_1_fu_564     |    0    |    0    |    0    |
|          |       zext_ln33_fu_641      |    0    |    0    |    0    |
|          |       zext_ln37_fu_645      |    0    |    0    |    0    |
|          |       zext_ln39_fu_660      |    0    |    0    |    0    |
|          |       zext_ln58_fu_722      |    0    |    0    |    0    |
|          |      zext_ln58_1_fu_725     |    0    |    0    |    0    |
|----------|-----------------------------|---------|---------|---------|
|          |    sext_ln77_cast_fu_244    |    0    |    0    |    0    |
|          |    cols_cast_cast_fu_248    |    0    |    0    |    0    |
|          |    cols_cast6_cast_fu_252   |    0    |    0    |    0    |
|   sext   |      sext_ln77_1_fu_384     |    0    |    0    |    0    |
|          |       sext_ln86_fu_407      |    0    |    0    |    0    |
|          |     add_ln86_cast_fu_433    |    0    |    0    |    0    |
|          |       p_cast10_fu_451       |    0    |    0    |    0    |
|          |       sext_ln12_fu_515      |    0    |    0    |    0    |
|----------|-----------------------------|---------|---------|---------|
|          |          M00_fu_481         |    0    |    0    |    0    |
|bitconcatenate|          M01_fu_492         |    0    |    0    |    0    |
|          |         M00_1_fu_531        |    0    |    0    |    0    |
|          |         M01_1_fu_634        |    0    |    0    |    0    |
|----------|-----------------------------|---------|---------|---------|
|          |          tmp_fu_578         |    0    |    0    |    0    |
| bitselect|         tmp_2_fu_670        |    0    |    0    |    0    |
|          |         tmp_4_fu_740        |    0    |    0    |    0    |
|----------|-----------------------------|---------|---------|---------|
|partselect|         tmp_1_fu_586        |    0    |    0    |    0    |
|          |         tmp_3_fu_678        |    0    |    0    |    0    |
|----------|-----------------------------|---------|---------|---------|
|   trunc  |      trunc_ln27_fu_602      |    0    |    0    |    0    |
|          |      trunc_ln49_fu_694      |    0    |    0    |    0    |
|----------|-----------------------------|---------|---------|---------|
|   Total  |                             |    4    |   165   |   1266  |
|----------|-----------------------------|---------|---------|---------|

Memories:
N/A

* Register list:
+---------------------------+--------+
|                           |   FF   |
+---------------------------+--------+
|      add_ln34_reg_953     |   10   |
|      add_ln80_reg_853     |   31   |
|     add_ln86_2_reg_873    |   33   |
|      add_ln86_reg_883     |   63   |
|        col_reg_756        |   31   |
|  cols_cast6_cast_reg_823  |   33   |
|   cols_cast_cast_reg_817  |   63   |
|      dst_read_reg_784     |   64   |
|      empty_22_reg_901     |   63   |
|    first_iter_0_reg_223   |    1   |
|        g_x_reg_969        |    8   |
|    gmem_addr_1_reg_895    |    8   |
|    gmem_addr_2_reg_906    |    8   |
|    gmem_addr_3_reg_912    |    8   |
|    gmem_addr_4_reg_889    |    8   |
|     gmem_addr_reg_878     |    8   |
|     icmp_ln45_reg_986     |    1   |
|     icmp_ln77_reg_833     |    1   |
|    icmp_ln80_1_reg_863    |    1   |
|     icmp_ln80_reg_837     |    1   |
|      indvar3_reg_763      |   31   |
|indvar_flatten_load_reg_828|   64   |
|   indvar_flatten_reg_777  |   64   |
|       indvar_reg_770      |   31   |
|   mul_ln66_read_reg_802   |   64   |
|      mul_ln77_reg_867     |   63   |
|      or_ln77_reg_843      |    1   |
|     out_pix_4_reg_975     |   11   |
|     out_pix_5_reg_948     |   11   |
|   select_ln77_1_reg_847   |   31   |
|   sext_ln77_cast_reg_812  |   64   |
|      sobel_2_reg_991      |    8   |
|   sobel_kernel_1_reg_923  |    8   |
|   sobel_kernel_2_reg_928  |    8   |
|   sobel_kernel_3_reg_933  |    8   |
|   sobel_kernel_4_reg_938  |    8   |
|   sobel_kernel_5_reg_943  |    8   |
|   sobel_kernel_6_reg_958  |    8   |
|   sobel_kernel_7_reg_963  |    8   |
|    sobel_kernel_reg_918   |    8   |
|      src_read_reg_795     |   64   |
|     sub2_read_reg_789     |   32   |
|       tmp_2_reg_980       |    1   |
|    zext_ln77_1_reg_858    |   63   |
|   zext_ln77_cast_reg_807  |   64   |
+---------------------------+--------+
|           Total           |  1175  |
+---------------------------+--------+

* Multiplexer (MUX) list: 
|----------------------|------|------|------|--------||---------||---------||---------|
|         Comp         |  Pin | Size |  BW  | S x BW ||  Delay  ||    FF   ||   LUT   |
|----------------------|------|------|------|--------||---------||---------||---------|
| first_iter_0_reg_223 |  p0  |   2  |   1  |    2   |
|      grp_fu_236      |  p0  |   2  |  31  |   62   ||    0    ||    9    |
|----------------------|------|------|------|--------||---------||---------||---------|
|         Total        |      |      |      |   64   ||  3.176  ||    0    ||    9    |
|----------------------|------|------|------|--------||---------||---------||---------|



* Summary:
+-----------+--------+--------+--------+--------+
|           |   DSP  |  Delay |   FF   |   LUT  |
+-----------+--------+--------+--------+--------+
|  Function |    4   |    -   |   165  |  1266  |
|   Memory  |    -   |    -   |    -   |    -   |
|Multiplexer|    -   |    3   |    0   |    9   |
|  Register |    -   |    -   |  1175  |    -   |
+-----------+--------+--------+--------+--------+
|   Total   |    4   |    3   |  1340  |  1275  |
+-----------+--------+--------+--------+--------+
