INFO-FLOW: Workspace E:/robot/project/FPGA/ZedBoard/HLS_lab/source/fir/prj/hoisting/kernel/fir_hoisting/hoisting opened at Thu Oct 24 17:34:01 +0800 2024
Execute       send_msg_by_id INFO @200-1505@%s%s  vivado 
INFO: [HLS 200-1505] Using flow_target 'vivado'
Execute     set_part xc7z020-clg484-1 
INFO: [HLS 200-1510] Running: set_part xc7z020-clg484-1 
Execute       create_platform xc7z020-clg484-1 -board  
DBG:HLSDevice: Trying to load device library: E:/vivado\Vitis_HLS\2024.1\lib\win64.o\xv_hlsvwrap.dll
DBG:HLSDevice: first parts/arch.xml in RDI_DATADIR: E:\vivado\Vivado\2024.1/data/parts/arch.xml
DBG:HLSDevice: init success
INFO: [HLS 200-1611] Setting target device to 'xc7z020-clg484-1'
Command       create_platform done; 2 sec.
Execute       source E:/vivado/Vitis_HLS/2024.1/common/technology/xilinx/common/xilinx.gen 
Execute         source E:/vivado/Vitis_HLS/2024.1/common/technology/xilinx/interface/plb46.gen 
Execute         source E:/vivado/Vitis_HLS/2024.1/common/technology/xilinx/interface/axi4.gen 
Execute         source E:/vivado/Vitis_HLS/2024.1/common/technology/xilinx/interface/nativeAXI4.gen 
Execute           source E:/vivado/Vitis_HLS/2024.1/common/technology/xilinx/interface/saxilite.gen 
Execute         source E:/vivado/Vitis_HLS/2024.1/common/technology/xilinx/scripts/xilinxcoregen.gen 
Execute         source E:/vivado/Vitis_HLS/2024.1/common/technology/xilinx/interface/XilEDKCoreGen.gen 
Execute         source E:/vivado/Vitis_HLS/2024.1/common/technology/xilinx/ip/dds_compiler.gen 
Execute         source E:/vivado/Vitis_HLS/2024.1/common/technology/xilinx/ip/util.gen 
Execute         source E:/vivado/Vitis_HLS/2024.1/common/technology/xilinx/ip/xfft.gen 
Execute         source E:/vivado/Vitis_HLS/2024.1/common/technology/xilinx/ip/xfir.gen 
Execute         source E:/vivado/Vitis_HLS/2024.1/common/technology/xilinx/DSP48/dsp48.gen 
Execute       ap_part_info -name xc7z020-clg484-1 -data info 
Execute       config_compile -quiet -complex-mul-dsp=0 
Command     set_part done; 2.154 sec.
Execute     create_clock -period 5 
INFO: [HLS 200-1510] Running: create_clock -period 5 
Execute       ap_set_clock -name default -period 5 -unit ns -default=false 
INFO: [SYN 201-201] Setting up clock 'default' with a period of 5ns.
Execute     csim_design 
INFO: [HLS 200-1510] Running: csim_design 
INFO-FLOW: Running SLX 'csim' proc: ::SLX::run_csim
INFO: [SIM 211-2] *************** CSIM start ***************
INFO: [SIM 211-4] CSIM will launch CLANG as the compiler.
Execute       send_msg_by_id INFO @200-2036@%s debug 
INFO: [HLS 200-2036] Building debug C Simulation binaries
Execute       source E:/vivado/Vitis_HLS/2024.1/tps/tcl/tcllib1.11.1/yaml/huddle.tcl 
Execute       source E:/vivado/Vitis_HLS/2024.1/tps/tcl/tcllib1.11.1/yaml/json2huddle.tcl 
Execute         source E:/vivado/Vitis_HLS/2024.1/tps/tcl/tcllib1.11.1/try/try.tcl 
Execute       ap_part_info -name xc7z020-clg484-1 -data info 
Execute       source run_sim.tcl 
Command       ap_source done; 0.179 sec.
INFO: [SIM 211-1] CSim done with 0 errors.
INFO: [SIM 211-3] *************** CSIM finish ***************
Command     csim_design done; 2.833 sec.
INFO: [HLS 200-2161] Finished Command csim_design Elapsed time: 00:00:02; Allocated memory: 0.969 MB.
Execute     csynth_design 
INFO: [HLS 200-1510] Running: csynth_design 
INFO-FLOW: Running SLX 'csynth' proc: ::SLX::run_csynth
Execute       elaborate -effort=medium -skip_syncheck=0 -keep_printf=0 -skip_cdt=0 -skip_transform=0 -ng=0 -g=0 -opt_fp=0 -from_csynth_design=1 
INFO: [HLS 200-111] Finished File checks and directory preparation: CPU user time: 0 seconds. CPU system time: 0 seconds. Elapsed time: 0.095 seconds; current allocated memory: 242.941 MB.
Execute         set_directive_top fir_wrap -name=fir_wrap 
INFO: [HLS 200-10] Analyzing design file 'fir_hoisting.cpp' ... 
INFO-FLOW: Compiling one TU...
INFO-FLOW: Handling fir_hoisting.cpp as C++
Execute         ap_part_info -name xc7z020-clg484-1 -data info 
INFO-FLOW: Running: GCC PP 39
INFO-FLOW: Source preprocessing
INFO-FLOW: run_clang exec: E:/vivado/Vitis_HLS/2024.1/win64/tools/clang-3.9-csynth/bin/clang fir_hoisting.cpp -foptimization-record-file=E:/robot/project/FPGA/ZedBoard/HLS_lab/source/fir/prj/hoisting/kernel/fir_hoisting/hoisting/.autopilot/db/fir_hoisting.cpp.clang.diag.yml -mllvm -pass-remarks-missed=reflow|pasta|unroll -mllvm -pass-remarks=reflow|pasta|unroll|inline -fno-limit-debug-info --sysroot E:/vivado/Vitis_HLS/2024.1/tps/mingw/8.3.0/win64.o/nt -fhls -fno-exceptions -insert-hls-directive=E:/robot/project/FPGA/ZedBoard/HLS_lab/source/fir/prj/hoisting/kernel/fir_hoisting/hoisting/.autopilot/db/all.directive.json -E -fno-math-errno -c -emit-llvm -mllvm -disable-llvm-optzns -Werror=implicit-function-declaration -Werror=implicit-hls-streams -Werror=return-type -Wpragmas -Wunused-parameter -Wdump-hls-pragmas -Wno-error=dump-hls-pragmas -hls-clock-period=5 -fno-threadsafe-statics -fno-use-cxa-atexit -std=gnu++14 -target fpga64-xilinx-mingw32 -fno-threadsafe-statics -fno-use-cxa-atexit -D__VITIS_HLS__ -DAESL_SYN -D__SYNTHESIS__ -D__HLS_SYN__ -I E:/vivado/Vitis_HLS/2024.1/common/technology/autopilot -I E:/vivado/Vitis_HLS/2024.1/common/technology/autopilot/ap_sysc -include etc/autopilot_ssdm_op.h -D__DSP48E1__ -I /usr/include/x86_64-linux-gnu -o E:/robot/project/FPGA/ZedBoard/HLS_lab/source/fir/prj/hoisting/kernel/fir_hoisting/hoisting/.autopilot/db/fir_hoisting.pp.0.cpp {-hls-platform-db-name=E:/vivado\Vitis_HLS\2024.1\common/technology\xilinx/common/platform.db} -hls-platform-name=zynq_slow -device-resource-info=BRAM_280.000000_DSP_220.000000_FF_106400.000000_LUT_53200.000000_SLICE_13300.000000_URAM_0.000000 -device-name-info=xc7z020clg484-1 > E:/robot/project/FPGA/ZedBoard/HLS_lab/source/fir/prj/hoisting/kernel/fir_hoisting/hoisting/.autopilot/db/fir_hoisting.cpp.clang.out.log 2> E:/robot/project/FPGA/ZedBoard/HLS_lab/source/fir/prj/hoisting/kernel/fir_hoisting/hoisting/.autopilot/db/fir_hoisting.cpp.clang.err.log
INFO-FLOW: Done: GCC PP 39 time: 0.5 seconds per iteration
INFO-FLOW: Source syntax check for synthesis
INFO-FLOW: run_clang exec: E:/vivado/Vitis_HLS/2024.1/win64/tools/clang-3.9-csynth/bin/clang -foptimization-record-file=E:/robot/project/FPGA/ZedBoard/HLS_lab/source/fir/prj/hoisting/kernel/fir_hoisting/hoisting/.autopilot/db/clang.diag.yml -mllvm -pass-remarks-missed=reflow|pasta|unroll -mllvm -pass-remarks=reflow|pasta|unroll|inline -fsyntax-only -fhls -target fpga64-xilinx-linux-gnu E:/robot/project/FPGA/ZedBoard/HLS_lab/source/fir/prj/hoisting/kernel/fir_hoisting/hoisting/.autopilot/db/fir_hoisting.pp.0.cpp {-hls-platform-db-name=E:/vivado\Vitis_HLS\2024.1\common/technology\xilinx/common/platform.db} -hls-platform-name=zynq_slow -device-resource-info=BRAM_280.000000_DSP_220.000000_FF_106400.000000_LUT_53200.000000_SLICE_13300.000000_URAM_0.000000 -device-name-info=xc7z020clg484-1 > E:/robot/project/FPGA/ZedBoard/HLS_lab/source/fir/prj/hoisting/kernel/fir_hoisting/hoisting/.autopilot/db/clang.out.log 2> E:/robot/project/FPGA/ZedBoard/HLS_lab/source/fir/prj/hoisting/kernel/fir_hoisting/hoisting/.autopilot/db/clang.err.log
Execute         clang_tidy xilinx-systemc-detector -desc systemc-detector E:/robot/project/FPGA/ZedBoard/HLS_lab/source/fir/prj/hoisting/kernel/fir_hoisting/hoisting/.autopilot/db/fir_hoisting.pp.0.cpp std=gnu++14 -target fpga  -directive=E:/robot/project/FPGA/ZedBoard/HLS_lab/source/fir/prj/hoisting/kernel/fir_hoisting/hoisting/.autopilot/db/.systemc_flag 
INFO-FLOW: exec E:/vivado/Vitis_HLS/2024.1/win64/tools/clang-3.9-csynth/bin/clang-tidy -header-filter=.* --checks=-*,xilinx-systemc-detector -import-directive=E:/robot/project/FPGA/ZedBoard/HLS_lab/source/fir/prj/hoisting/kernel/fir_hoisting/hoisting/.autopilot/db/.systemc_flag -fix-errors E:/robot/project/FPGA/ZedBoard/HLS_lab/source/fir/prj/hoisting/kernel/fir_hoisting/hoisting/.autopilot/db/fir_hoisting.pp.0.cpp -- -std=gnu++14 -target fpga -fhls -ferror-limit=0
Command         clang_tidy done; 0.135 sec.
INFO-FLOW: Running: clang-tidy CDT preprocess 39
Execute         clang_tidy xilinx-directive2pragma -desc directive2pragma E:/robot/project/FPGA/ZedBoard/HLS_lab/source/fir/prj/hoisting/kernel/fir_hoisting/hoisting/.autopilot/db/fir_hoisting.pp.0.cpp std=gnu++14 -target fpga  -directive=E:/robot/project/FPGA/ZedBoard/HLS_lab/source/fir/prj/hoisting/kernel/fir_hoisting/hoisting/.autopilot/db/all.directive.json 
INFO-FLOW: exec E:/vivado/Vitis_HLS/2024.1/win64/tools/clang-3.9-csynth/bin/clang-tidy -header-filter=.* --checks=-*,xilinx-directive2pragma -import-directive=E:/robot/project/FPGA/ZedBoard/HLS_lab/source/fir/prj/hoisting/kernel/fir_hoisting/hoisting/.autopilot/db/all.directive.json -fix-errors E:/robot/project/FPGA/ZedBoard/HLS_lab/source/fir/prj/hoisting/kernel/fir_hoisting/hoisting/.autopilot/db/fir_hoisting.pp.0.cpp -- -std=gnu++14 -target fpga -fhls -ferror-limit=0
INFO-FLOW: Done: clang-tidy CDT preprocess 39 time: 0.1 seconds per iteration
INFO-FLOW: Calling xilinx-label-all-loops ... 
INFO-FLOW: Calling xilinx-aggregate-on-hls-vector ... 
Execute         clang_tidy -errorcheck -desc loop-label xilinx-label-all-loops,xilinx-aggregate-on-hls-vector,,xilinx-warn-mayneed-no-ctor-attribute E:/robot/project/FPGA/ZedBoard/HLS_lab/source/fir/prj/hoisting/kernel/fir_hoisting/hoisting/.autopilot/db/fir_hoisting.pp.0.cpp std=gnu++14 -target fpga  
INFO-FLOW: run_clang exec: E:/vivado/Vitis_HLS/2024.1/win64/tools/clang-3.9-csynth/bin/clang-tidy -export-fixes=E:/robot/project/FPGA/ZedBoard/HLS_lab/source/fir/prj/hoisting/kernel/fir_hoisting/hoisting/.autopilot/db/fir_hoisting.pp.0.cpp.clang-tidy.loop-label.diag.yml -header-filter=.* --checks=-*,xilinx-label-all-loops,xilinx-aggregate-on-hls-vector,,xilinx-warn-mayneed-no-ctor-attribute -fix-errors E:/robot/project/FPGA/ZedBoard/HLS_lab/source/fir/prj/hoisting/kernel/fir_hoisting/hoisting/.autopilot/db/fir_hoisting.pp.0.cpp -- -std=gnu++14 -target fpga -fhls -ferror-limit=0 > E:/robot/project/FPGA/ZedBoard/HLS_lab/source/fir/prj/hoisting/kernel/fir_hoisting/hoisting/.autopilot/db/fir_hoisting.pp.0.cpp.clang-tidy.loop-label.out.log 2> E:/robot/project/FPGA/ZedBoard/HLS_lab/source/fir/prj/hoisting/kernel/fir_hoisting/hoisting/.autopilot/db/fir_hoisting.pp.0.cpp.clang-tidy.loop-label.err.log
Execute           source E:/vivado/Vitis_HLS/2024.1/tps/tcl/tcllib1.11.1/yaml/yaml.tcl 
Command         clang_tidy done; 0.106 sec.
INFO-FLOW: run_clang exec: E:/vivado/Vitis_HLS/2024.1/win64/tools/clang-3.9-csynth/bin/xilinx-dataflow-lawyer -export-fixes=E:/robot/project/FPGA/ZedBoard/HLS_lab/source/fir/prj/hoisting/kernel/fir_hoisting/hoisting/.autopilot/db/fir_hoisting.pp.0.cpp.xilinx-dataflow-lawyer.diag.yml E:/robot/project/FPGA/ZedBoard/HLS_lab/source/fir/prj/hoisting/kernel/fir_hoisting/hoisting/.autopilot/db/fir_hoisting.pp.0.cpp -- -std=gnu++14 -target fpga -fhls -ferror-limit=0 -fstrict-dataflow > E:/robot/project/FPGA/ZedBoard/HLS_lab/source/fir/prj/hoisting/kernel/fir_hoisting/hoisting/.autopilot/db/fir_hoisting.pp.0.cpp.xilinx-dataflow-lawyer.out.log 2> E:/robot/project/FPGA/ZedBoard/HLS_lab/source/fir/prj/hoisting/kernel/fir_hoisting/hoisting/.autopilot/db/fir_hoisting.pp.0.cpp.xilinx-dataflow-lawyer.err.log
Execute         ap_part_info -name xc7z020-clg484-1 -data info 
INFO-FLOW: compiling source code to llvm bc
INFO-FLOW: run_clang exec: E:/vivado/Vitis_HLS/2024.1/win64/tools/clang-3.9-csynth/bin/clang -foptimization-record-file=E:/robot/project/FPGA/ZedBoard/HLS_lab/source/fir/prj/hoisting/kernel/fir_hoisting/hoisting/.autopilot/db/fir_hoisting.pp.0.cpp.clang.diag.yml -mllvm -pass-remarks-missed=reflow|pasta|unroll -mllvm -pass-remarks=reflow|pasta|unroll|inline -fno-limit-debug-info -fhls -flto -fno-exceptions -Wno-error=c++11-narrowing -hls-emit-hint-scope E:/robot/project/FPGA/ZedBoard/HLS_lab/source/fir/prj/hoisting/kernel/fir_hoisting/hoisting/.autopilot/db/fir_hoisting.pp.0.cpp -fno-math-errno -c -emit-llvm -mllvm -disable-llvm-optzns -Werror=implicit-function-declaration -Werror=implicit-hls-streams -Werror=return-type -Wpragmas -Wunused-parameter -Wdump-hls-pragmas -Wno-error=dump-hls-pragmas -hls-clock-period=5 -fno-threadsafe-statics -fno-use-cxa-atexit -std=gnu++14 -target fpga64-xilinx-linux-gnu -D__VITIS_HLS__ -DAESL_SYN -D__SYNTHESIS__ -D__HLS_SYN__ -I E:/vivado/Vitis_HLS/2024.1/common/technology/autopilot -I E:/vivado/Vitis_HLS/2024.1/common/technology/autopilot/ap_sysc -include etc/autopilot_ssdm_op.h -D__DSP48E1__ -g -o E:/robot/project/FPGA/ZedBoard/HLS_lab/source/fir/prj/hoisting/kernel/fir_hoisting/hoisting/.autopilot/db/fir_hoisting.bc {-hls-platform-db-name=E:/vivado\Vitis_HLS\2024.1\common/technology\xilinx/common/platform.db} -hls-platform-name=zynq_slow -device-resource-info=BRAM_280.000000_DSP_220.000000_FF_106400.000000_LUT_53200.000000_SLICE_13300.000000_URAM_0.000000 -device-name-info=xc7z020clg484-1 > E:/robot/project/FPGA/ZedBoard/HLS_lab/source/fir/prj/hoisting/kernel/fir_hoisting/hoisting/.autopilot/db/fir_hoisting.pp.0.cpp.clang.out.log 2> E:/robot/project/FPGA/ZedBoard/HLS_lab/source/fir/prj/hoisting/kernel/fir_hoisting/hoisting/.autopilot/db/fir_hoisting.pp.0.cpp.clang.err.log
INFO: [HLS 200-111] Finished Source Code Analysis and Preprocessing: CPU user time: 0 seconds. CPU system time: 1 seconds. Elapsed time: 1.861 seconds; current allocated memory: 245.281 MB.
INFO-FLOW: Linking Debug ...
INFO-FLOW: Linking dut bc code.
Execute         run_link_or_opt -out E:/robot/project/FPGA/ZedBoard/HLS_lab/source/fir/prj/hoisting/kernel/fir_hoisting/hoisting/.autopilot/db/a.g.ld.0.bc -args  "E:/robot/project/FPGA/ZedBoard/HLS_lab/source/fir/prj/hoisting/kernel/fir_hoisting/hoisting/.autopilot/db/fir_hoisting.g.bc"  
INFO-FLOW: run_clang exec: E:/vivado/Vitis_HLS/2024.1/win64/tools/clang-3.9-csynth/bin/llvm-link E:/robot/project/FPGA/ZedBoard/HLS_lab/source/fir/prj/hoisting/kernel/fir_hoisting/hoisting/.autopilot/db/fir_hoisting.g.bc -o E:/robot/project/FPGA/ZedBoard/HLS_lab/source/fir/prj/hoisting/kernel/fir_hoisting/hoisting/.autopilot/db/a.g.ld.0.bc > E:/robot/project/FPGA/ZedBoard/HLS_lab/source/fir/prj/hoisting/kernel/fir_hoisting/hoisting/.autopilot/db/a.g.ld.0.bc.llvm-link.out.log 2> E:/robot/project/FPGA/ZedBoard/HLS_lab/source/fir/prj/hoisting/kernel/fir_hoisting/hoisting/.autopilot/db/a.g.ld.0.bc.llvm-link.err.log
INFO-FLOW: 
Execute         run_link_or_opt -opt -out E:/robot/project/FPGA/ZedBoard/HLS_lab/source/fir/prj/hoisting/kernel/fir_hoisting/hoisting/.autopilot/db/a.g.ld.1.lower.bc -args E:/robot/project/FPGA/ZedBoard/HLS_lab/source/fir/prj/hoisting/kernel/fir_hoisting/hoisting/.autopilot/db/a.g.ld.0.bc -reflow-lower-math-intrinsics 
INFO-FLOW: run_clang exec: E:/vivado/Vitis_HLS/2024.1/win64/tools/clang-3.9-csynth/bin/opt -pass-remarks-missed=reflow|pasta|unroll -pass-remarks=reflow|pasta|unroll|inline -pass-remarks-output=E:/robot/project/FPGA/ZedBoard/HLS_lab/source/fir/prj/hoisting/kernel/fir_hoisting/hoisting/.autopilot/db/a.g.ld.1.lower.bc.opt.diag.yml E:/robot/project/FPGA/ZedBoard/HLS_lab/source/fir/prj/hoisting/kernel/fir_hoisting/hoisting/.autopilot/db/a.g.ld.0.bc -reflow-lower-math-intrinsics -o E:/robot/project/FPGA/ZedBoard/HLS_lab/source/fir/prj/hoisting/kernel/fir_hoisting/hoisting/.autopilot/db/a.g.ld.1.lower.bc > E:/robot/project/FPGA/ZedBoard/HLS_lab/source/fir/prj/hoisting/kernel/fir_hoisting/hoisting/.autopilot/db/a.g.ld.1.lower.bc.opt.out.log 2> E:/robot/project/FPGA/ZedBoard/HLS_lab/source/fir/prj/hoisting/kernel/fir_hoisting/hoisting/.autopilot/db/a.g.ld.1.lower.bc.opt.err.log
INFO-FLOW: 
INFO-FLOW: Running: gen_design_size_report post-opt
INFO-FLOW: Done: gen_design_size_report post-opt time: 0 seconds per iteration
Command         run_link_or_opt done; 0.126 sec.
INFO-FLOW: Linking math bc lib
Execute         run_link_or_opt -out E:/robot/project/FPGA/ZedBoard/HLS_lab/source/fir/prj/hoisting/kernel/fir_hoisting/hoisting/.autopilot/db/a.g.ld.2.m1.bc -args E:/robot/project/FPGA/ZedBoard/HLS_lab/source/fir/prj/hoisting/kernel/fir_hoisting/hoisting/.autopilot/db/a.g.ld.1.lower.bc -only-needed E:/vivado/Vitis_HLS/2024.1/win64/lib/libhlsm_39.bc E:/vivado/Vitis_HLS/2024.1/win64/lib/libhlsmc++_39.bc 
INFO-FLOW: run_clang exec: E:/vivado/Vitis_HLS/2024.1/win64/tools/clang-3.9-csynth/bin/llvm-link E:/robot/project/FPGA/ZedBoard/HLS_lab/source/fir/prj/hoisting/kernel/fir_hoisting/hoisting/.autopilot/db/a.g.ld.1.lower.bc -only-needed E:/vivado/Vitis_HLS/2024.1/win64/lib/libhlsm_39.bc E:/vivado/Vitis_HLS/2024.1/win64/lib/libhlsmc++_39.bc -o E:/robot/project/FPGA/ZedBoard/HLS_lab/source/fir/prj/hoisting/kernel/fir_hoisting/hoisting/.autopilot/db/a.g.ld.2.m1.bc > E:/robot/project/FPGA/ZedBoard/HLS_lab/source/fir/prj/hoisting/kernel/fir_hoisting/hoisting/.autopilot/db/a.g.ld.2.m1.bc.llvm-link.out.log 2> E:/robot/project/FPGA/ZedBoard/HLS_lab/source/fir/prj/hoisting/kernel/fir_hoisting/hoisting/.autopilot/db/a.g.ld.2.m1.bc.llvm-link.err.log
INFO-FLOW: 
Command         run_link_or_opt done; 2.077 sec.
Execute         run_link_or_opt -opt -out E:/robot/project/FPGA/ZedBoard/HLS_lab/source/fir/prj/hoisting/kernel/fir_hoisting/hoisting/.autopilot/db/a.g.ld.3.fpc.bc -args E:/robot/project/FPGA/ZedBoard/HLS_lab/source/fir/prj/hoisting/kernel/fir_hoisting/hoisting/.autopilot/db/a.g.ld.2.m1.bc -reflow-globaldce -hls-top-function-name=fir_wrap -reflow-float-conversion 
INFO-FLOW: run_clang exec: E:/vivado/Vitis_HLS/2024.1/win64/tools/clang-3.9-csynth/bin/opt -pass-remarks-missed=reflow|pasta|unroll -pass-remarks=reflow|pasta|unroll|inline -pass-remarks-output=E:/robot/project/FPGA/ZedBoard/HLS_lab/source/fir/prj/hoisting/kernel/fir_hoisting/hoisting/.autopilot/db/a.g.ld.3.fpc.bc.opt.diag.yml E:/robot/project/FPGA/ZedBoard/HLS_lab/source/fir/prj/hoisting/kernel/fir_hoisting/hoisting/.autopilot/db/a.g.ld.2.m1.bc -reflow-globaldce -hls-top-function-name=fir_wrap -reflow-float-conversion -o E:/robot/project/FPGA/ZedBoard/HLS_lab/source/fir/prj/hoisting/kernel/fir_hoisting/hoisting/.autopilot/db/a.g.ld.3.fpc.bc > E:/robot/project/FPGA/ZedBoard/HLS_lab/source/fir/prj/hoisting/kernel/fir_hoisting/hoisting/.autopilot/db/a.g.ld.3.fpc.bc.opt.out.log 2> E:/robot/project/FPGA/ZedBoard/HLS_lab/source/fir/prj/hoisting/kernel/fir_hoisting/hoisting/.autopilot/db/a.g.ld.3.fpc.bc.opt.err.log
INFO-FLOW: 
INFO-FLOW: Running: gen_design_size_report post-opt
INFO-FLOW: Done: gen_design_size_report post-opt time: 0 seconds per iteration
Command         run_link_or_opt done; 0.928 sec.
Execute         run_link_or_opt -out E:/robot/project/FPGA/ZedBoard/HLS_lab/source/fir/prj/hoisting/kernel/fir_hoisting/hoisting/.autopilot/db/a.g.ld.4.m2.bc -args E:/robot/project/FPGA/ZedBoard/HLS_lab/source/fir/prj/hoisting/kernel/fir_hoisting/hoisting/.autopilot/db/a.g.ld.3.fpc.bc -only-needed E:/vivado/Vitis_HLS/2024.1/win64/lib/libfloatconversion_39.bc 
INFO-FLOW: run_clang exec: E:/vivado/Vitis_HLS/2024.1/win64/tools/clang-3.9-csynth/bin/llvm-link E:/robot/project/FPGA/ZedBoard/HLS_lab/source/fir/prj/hoisting/kernel/fir_hoisting/hoisting/.autopilot/db/a.g.ld.3.fpc.bc -only-needed E:/vivado/Vitis_HLS/2024.1/win64/lib/libfloatconversion_39.bc -o E:/robot/project/FPGA/ZedBoard/HLS_lab/source/fir/prj/hoisting/kernel/fir_hoisting/hoisting/.autopilot/db/a.g.ld.4.m2.bc > E:/robot/project/FPGA/ZedBoard/HLS_lab/source/fir/prj/hoisting/kernel/fir_hoisting/hoisting/.autopilot/db/a.g.ld.4.m2.bc.llvm-link.out.log 2> E:/robot/project/FPGA/ZedBoard/HLS_lab/source/fir/prj/hoisting/kernel/fir_hoisting/hoisting/.autopilot/db/a.g.ld.4.m2.bc.llvm-link.err.log
INFO-FLOW: 
Execute         run_link_or_opt -opt -out E:/robot/project/FPGA/ZedBoard/HLS_lab/source/fir/prj/hoisting/kernel/fir_hoisting/hoisting/.autopilot/db/a.g.ld.5.gdce.bc -args E:/robot/project/FPGA/ZedBoard/HLS_lab/source/fir/prj/hoisting/kernel/fir_hoisting/hoisting/.autopilot/db/a.g.ld.4.m2.bc -reflow-globaldce -hls-top-function-name=fir_wrap 
INFO-FLOW: run_clang exec: E:/vivado/Vitis_HLS/2024.1/win64/tools/clang-3.9-csynth/bin/opt -pass-remarks-missed=reflow|pasta|unroll -pass-remarks=reflow|pasta|unroll|inline -pass-remarks-output=E:/robot/project/FPGA/ZedBoard/HLS_lab/source/fir/prj/hoisting/kernel/fir_hoisting/hoisting/.autopilot/db/a.g.ld.5.gdce.bc.opt.diag.yml E:/robot/project/FPGA/ZedBoard/HLS_lab/source/fir/prj/hoisting/kernel/fir_hoisting/hoisting/.autopilot/db/a.g.ld.4.m2.bc -reflow-globaldce -hls-top-function-name=fir_wrap -o E:/robot/project/FPGA/ZedBoard/HLS_lab/source/fir/prj/hoisting/kernel/fir_hoisting/hoisting/.autopilot/db/a.g.ld.5.gdce.bc > E:/robot/project/FPGA/ZedBoard/HLS_lab/source/fir/prj/hoisting/kernel/fir_hoisting/hoisting/.autopilot/db/a.g.ld.5.gdce.bc.opt.out.log 2> E:/robot/project/FPGA/ZedBoard/HLS_lab/source/fir/prj/hoisting/kernel/fir_hoisting/hoisting/.autopilot/db/a.g.ld.5.gdce.bc.opt.err.log
INFO-FLOW: 
INFO-FLOW: Running: gen_design_size_report post-opt
INFO-FLOW: Done: gen_design_size_report post-opt time: 0 seconds per iteration
Execute         send_msg_by_id INFO @200-777@%s Vivado 
INFO: [HLS 200-777] Using interface defaults for 'Vivado' flow target.
Execute         is_m_axi_addr64 
INFO-FLOW: Doing LTO.
INFO-FLOW: run_clang (background poll_ms 5000) exec: E:/vivado/Vitis_HLS/2024.1/win64/tools/clang-3.9-csynth/bin/clang -foptimization-record-file=E:/robot/project/FPGA/ZedBoard/HLS_lab/source/fir/prj/hoisting/kernel/fir_hoisting/hoisting/.autopilot/db/a.g.ld.0.bc.clang.reflow.diag.yml -mllvm -pass-remarks-missed=reflow|pasta|unroll -mllvm -pass-remarks=reflow|pasta|unroll|inline -fhls -mllvm -hls-top-function-name=fir_wrap -mllvm -hls-db-dir -mllvm E:/robot/project/FPGA/ZedBoard/HLS_lab/source/fir/prj/hoisting/kernel/fir_hoisting/hoisting/.autopilot/db -emit-llvm -c -target fpga64-xilinx-none -mllvm -xcl-xmlinfo=E:/robot/project/FPGA/ZedBoard/HLS_lab/source/fir/prj/hoisting/kernel/fir_hoisting/hoisting/.autopilot/db/kernel.internal.xml -mllvm -top-io-mapping-info=E:/robot/project/FPGA/ZedBoard/HLS_lab/source/fir/prj/hoisting/kernel/fir_hoisting/hoisting/.autopilot/db/top-io-fe.xml -mllvm -hls-bitcode-version=3.1 -mllvm -reflow-enable-slave-interface-default-setting=true -mllvm -gen-kernel-xml=false -mllvm -default-maxi-offset=slave -mllvm -maxi-latency=0 -mllvm -hls-maxi-data-size-in-bits=8 -mllvm -hls-maxi-max-data-size-in-bits=1024 -mllvm -hls-max-widen-size-in-bits=0 -mllvm -xcl-kernel-max-mem-ports=0 -mllvm -maxi-read-trans=16 -mllvm -maxi-write-trans=16 -mllvm -maxi-read-burst-len=16 -mllvm -maxi-write-burst-len=16 -mllvm -reflow-enable-saxi-64bits=0 -mllvm -reflow-basic-block-instr-threshold=200000 -mllvm -reflow-auto-pipeline-threshold=64 -mllvm -reflow-enable-maxi-auto-id-channel=0 -mllvm -enable-fp-thr=0 -mllvm -reflow-bdd-simplify-threshold=1048576 -mllvm -reflow-fanout-threshold=16 -mllvm -reflow-complete-threshold=4 -mllvm -reflow-array-promotion-threshold=64 -mllvm -assume-maxi-align=1 -mllvm -reflow-enable-dataflow-strict-mode-checking=1 -ftime-report -mllvm -time-passes -mllvm -reflow-auto-array-partition-mode=default -mllvm -reflow-enable-auto-small-array-partition=true -mllvm -reflow-enable-auto-array-partition-for-flatten=true -mllvm -reflow-enable-auto-parallel-performance-driven=true -mllvm -reflow-enable-partition-for-automation=true -mllvm -reflow-aggregate-bitwidth-threshold=4096 -mllvm -reflow-reserved-saxilite-registers=0 -mllvm -enable-reflow-auto-loop-pipeline -mllvm -reflow-max-unroll-threshold=409600 -mllvm -auto-unroll-tripcount-threshold=0 -mllvm -reflow-assume-no-address-wrap=true -mllvm -reflow-enable-occurrence-inference=true -mllvm -reflow-emit-hint-scope=true -mllvm -reflow-enable-codegen-with-if=true -mllvm -hls -mllvm -disable-inlined-alloca-merging=true -mllvm -default-clock-period=5 -mllvm -use_read_first_ram_in_loop=1 -mllvm -default-clock-uncertainty=1.35 -x ir E:/robot/project/FPGA/ZedBoard/HLS_lab/source/fir/prj/hoisting/kernel/fir_hoisting/hoisting/.autopilot/db/a.g.ld.5.gdce.bc -o E:/robot/project/FPGA/ZedBoard/HLS_lab/source/fir/prj/hoisting/kernel/fir_hoisting/hoisting/.autopilot/db/a.g.lto.bc {-hls-platform-db-name=E:/vivado\Vitis_HLS\2024.1\common/technology\xilinx/common/platform.db} -hls-platform-name=zynq_slow -device-resource-info=BRAM_280.000000_DSP_220.000000_FF_106400.000000_LUT_53200.000000_SLICE_13300.000000_URAM_0.000000 -device-name-info=xc7z020clg484-1 2> E:/robot/project/FPGA/ZedBoard/HLS_lab/source/fir/prj/hoisting/kernel/fir_hoisting/hoisting/.autopilot/db/a.g.ld.0.bc.clang.reflow.err.log bg_poll_cmd: ::AP::poll_clang_39_closed_source
Execute         send_msg_by_id INFO @200-1995@%s%s%s 73 Compile/Link E:/robot/project/FPGA/ZedBoard/HLS_lab/source/fir/prj/hoisting/kernel/fir_hoisting/hoisting/syn/report/csynth_design_size.rpt 
INFO: [HLS 200-1995] There were 73 instructions in the design after the 'Compile/Link' phase of compilation. See the Design Size Report for more details: E:/robot/project/FPGA/ZedBoard/HLS_lab/source/fir/prj/hoisting/kernel/fir_hoisting/hoisting/syn/report/csynth_design_size.rpt
Execute         send_msg_by_id INFO @200-1995@%s%s%s 66 Unroll/Inline (step 1) E:/robot/project/FPGA/ZedBoard/HLS_lab/source/fir/prj/hoisting/kernel/fir_hoisting/hoisting/syn/report/csynth_design_size.rpt 
INFO: [HLS 200-1995] There were 66 instructions in the design after the 'Unroll/Inline (step 1)' phase of compilation. See the Design Size Report for more details: E:/robot/project/FPGA/ZedBoard/HLS_lab/source/fir/prj/hoisting/kernel/fir_hoisting/hoisting/syn/report/csynth_design_size.rpt
Execute         send_msg_by_id INFO @200-1995@%s%s%s 55 Unroll/Inline (step 2) E:/robot/project/FPGA/ZedBoard/HLS_lab/source/fir/prj/hoisting/kernel/fir_hoisting/hoisting/syn/report/csynth_design_size.rpt 
INFO: [HLS 200-1995] There were 55 instructions in the design after the 'Unroll/Inline (step 2)' phase of compilation. See the Design Size Report for more details: E:/robot/project/FPGA/ZedBoard/HLS_lab/source/fir/prj/hoisting/kernel/fir_hoisting/hoisting/syn/report/csynth_design_size.rpt
Execute         send_msg_by_id INFO @200-1995@%s%s%s 54 Unroll/Inline (step 3) E:/robot/project/FPGA/ZedBoard/HLS_lab/source/fir/prj/hoisting/kernel/fir_hoisting/hoisting/syn/report/csynth_design_size.rpt 
INFO: [HLS 200-1995] There were 54 instructions in the design after the 'Unroll/Inline (step 3)' phase of compilation. See the Design Size Report for more details: E:/robot/project/FPGA/ZedBoard/HLS_lab/source/fir/prj/hoisting/kernel/fir_hoisting/hoisting/syn/report/csynth_design_size.rpt
Execute         send_msg_by_id INFO @200-1995@%s%s%s 51 Unroll/Inline (step 4) E:/robot/project/FPGA/ZedBoard/HLS_lab/source/fir/prj/hoisting/kernel/fir_hoisting/hoisting/syn/report/csynth_design_size.rpt 
INFO: [HLS 200-1995] There were 51 instructions in the design after the 'Unroll/Inline (step 4)' phase of compilation. See the Design Size Report for more details: E:/robot/project/FPGA/ZedBoard/HLS_lab/source/fir/prj/hoisting/kernel/fir_hoisting/hoisting/syn/report/csynth_design_size.rpt
Execute         send_msg_by_id INFO @200-1995@%s%s%s 52 Array/Struct (step 1) E:/robot/project/FPGA/ZedBoard/HLS_lab/source/fir/prj/hoisting/kernel/fir_hoisting/hoisting/syn/report/csynth_design_size.rpt 
INFO: [HLS 200-1995] There were 52 instructions in the design after the 'Array/Struct (step 1)' phase of compilation. See the Design Size Report for more details: E:/robot/project/FPGA/ZedBoard/HLS_lab/source/fir/prj/hoisting/kernel/fir_hoisting/hoisting/syn/report/csynth_design_size.rpt
Execute         send_msg_by_id INFO @200-1995@%s%s%s 52 Array/Struct (step 2) E:/robot/project/FPGA/ZedBoard/HLS_lab/source/fir/prj/hoisting/kernel/fir_hoisting/hoisting/syn/report/csynth_design_size.rpt 
INFO: [HLS 200-1995] There were 52 instructions in the design after the 'Array/Struct (step 2)' phase of compilation. See the Design Size Report for more details: E:/robot/project/FPGA/ZedBoard/HLS_lab/source/fir/prj/hoisting/kernel/fir_hoisting/hoisting/syn/report/csynth_design_size.rpt
Execute         send_msg_by_id INFO @200-1995@%s%s%s 52 Array/Struct (step 3) E:/robot/project/FPGA/ZedBoard/HLS_lab/source/fir/prj/hoisting/kernel/fir_hoisting/hoisting/syn/report/csynth_design_size.rpt 
INFO: [HLS 200-1995] There were 52 instructions in the design after the 'Array/Struct (step 3)' phase of compilation. See the Design Size Report for more details: E:/robot/project/FPGA/ZedBoard/HLS_lab/source/fir/prj/hoisting/kernel/fir_hoisting/hoisting/syn/report/csynth_design_size.rpt
Execute         send_msg_by_id INFO @200-1995@%s%s%s 52 Array/Struct (step 4) E:/robot/project/FPGA/ZedBoard/HLS_lab/source/fir/prj/hoisting/kernel/fir_hoisting/hoisting/syn/report/csynth_design_size.rpt 
INFO: [HLS 200-1995] There were 52 instructions in the design after the 'Array/Struct (step 4)' phase of compilation. See the Design Size Report for more details: E:/robot/project/FPGA/ZedBoard/HLS_lab/source/fir/prj/hoisting/kernel/fir_hoisting/hoisting/syn/report/csynth_design_size.rpt
Execute         send_msg_by_id INFO @200-1995@%s%s%s 61 Array/Struct (step 5) E:/robot/project/FPGA/ZedBoard/HLS_lab/source/fir/prj/hoisting/kernel/fir_hoisting/hoisting/syn/report/csynth_design_size.rpt 
INFO: [HLS 200-1995] There were 61 instructions in the design after the 'Array/Struct (step 5)' phase of compilation. See the Design Size Report for more details: E:/robot/project/FPGA/ZedBoard/HLS_lab/source/fir/prj/hoisting/kernel/fir_hoisting/hoisting/syn/report/csynth_design_size.rpt
Execute         send_msg_by_id INFO @200-1995@%s%s%s 58 Performance (step 1) E:/robot/project/FPGA/ZedBoard/HLS_lab/source/fir/prj/hoisting/kernel/fir_hoisting/hoisting/syn/report/csynth_design_size.rpt 
INFO: [HLS 200-1995] There were 58 instructions in the design after the 'Performance (step 1)' phase of compilation. See the Design Size Report for more details: E:/robot/project/FPGA/ZedBoard/HLS_lab/source/fir/prj/hoisting/kernel/fir_hoisting/hoisting/syn/report/csynth_design_size.rpt
Execute         send_msg_by_id INFO @200-1995@%s%s%s 57 Performance (step 2) E:/robot/project/FPGA/ZedBoard/HLS_lab/source/fir/prj/hoisting/kernel/fir_hoisting/hoisting/syn/report/csynth_design_size.rpt 
INFO: [HLS 200-1995] There were 57 instructions in the design after the 'Performance (step 2)' phase of compilation. See the Design Size Report for more details: E:/robot/project/FPGA/ZedBoard/HLS_lab/source/fir/prj/hoisting/kernel/fir_hoisting/hoisting/syn/report/csynth_design_size.rpt
Execute         send_msg_by_id INFO @200-1995@%s%s%s 57 Performance (step 3) E:/robot/project/FPGA/ZedBoard/HLS_lab/source/fir/prj/hoisting/kernel/fir_hoisting/hoisting/syn/report/csynth_design_size.rpt 
INFO: [HLS 200-1995] There were 57 instructions in the design after the 'Performance (step 3)' phase of compilation. See the Design Size Report for more details: E:/robot/project/FPGA/ZedBoard/HLS_lab/source/fir/prj/hoisting/kernel/fir_hoisting/hoisting/syn/report/csynth_design_size.rpt
Execute         send_msg_by_id INFO @200-1995@%s%s%s 57 Performance (step 4) E:/robot/project/FPGA/ZedBoard/HLS_lab/source/fir/prj/hoisting/kernel/fir_hoisting/hoisting/syn/report/csynth_design_size.rpt 
INFO: [HLS 200-1995] There were 57 instructions in the design after the 'Performance (step 4)' phase of compilation. See the Design Size Report for more details: E:/robot/project/FPGA/ZedBoard/HLS_lab/source/fir/prj/hoisting/kernel/fir_hoisting/hoisting/syn/report/csynth_design_size.rpt
Execute         send_msg_by_id INFO @200-1995@%s%s%s 64 HW Transforms (step 1) E:/robot/project/FPGA/ZedBoard/HLS_lab/source/fir/prj/hoisting/kernel/fir_hoisting/hoisting/syn/report/csynth_design_size.rpt 
INFO: [HLS 200-1995] There were 64 instructions in the design after the 'HW Transforms (step 1)' phase of compilation. See the Design Size Report for more details: E:/robot/project/FPGA/ZedBoard/HLS_lab/source/fir/prj/hoisting/kernel/fir_hoisting/hoisting/syn/report/csynth_design_size.rpt
Execute         send_msg_by_id INFO @200-1995@%s%s%s 72 HW Transforms (step 2) E:/robot/project/FPGA/ZedBoard/HLS_lab/source/fir/prj/hoisting/kernel/fir_hoisting/hoisting/syn/report/csynth_design_size.rpt 
INFO: [HLS 200-1995] There were 72 instructions in the design after the 'HW Transforms (step 2)' phase of compilation. See the Design Size Report for more details: E:/robot/project/FPGA/ZedBoard/HLS_lab/source/fir/prj/hoisting/kernel/fir_hoisting/hoisting/syn/report/csynth_design_size.rpt
INFO: [HLS 214-178] Inlining function 'fir(int*, int)' into 'fir_wrap(int*, int*, int, int*)' (fir_hoisting.cpp:32:0)
INFO: [HLS 214-376] automatically set the pipeline for Loop< VITIS_LOOP_41_1> at fir_hoisting.cpp:41:19 
INFO: [HLS 214-376] automatically set the pipeline for Loop< VITIS_LOOP_19_1> at fir_hoisting.cpp:19:22 
INFO: [HLS 214-437] Automatically disabling loop flattening for loop 'VITIS_LOOP_47_2'. (fir_hoisting.cpp:47:19)
INFO: [HLS 214-115] Multiple burst reads of length 99 and bit width 32 in loop 'VITIS_LOOP_41_1'(fir_hoisting.cpp:41:19) has been inferred on bundle 'gmem'. These burst requests might be further partitioned into multiple requests during RTL generation, based on max_read_burst_length or max_write_burst_length settings. (fir_hoisting.cpp:41:19)
INFO: [HLS 214-115] Multiple burst reads of variable length and bit width 32 in loop 'VITIS_LOOP_47_2'(fir_hoisting.cpp:47:19) has been inferred on bundle 'gmem'. These burst requests might be further partitioned into multiple requests during RTL generation, based on max_read_burst_length or max_write_burst_length settings. (fir_hoisting.cpp:47:19)
INFO: [HLS 214-115] Multiple burst writes of variable length and bit width 32 in loop 'VITIS_LOOP_47_2'(fir_hoisting.cpp:47:19) has been inferred on bundle 'gmem'. These burst requests might be further partitioned into multiple requests during RTL generation, based on max_read_burst_length or max_write_burst_length settings. (fir_hoisting.cpp:47:19)
INFO-FLOW: DBG:PUTS: copy_raw_kernel_xml ap_link_39: kernel.xml not generated: E:/robot/project/FPGA/ZedBoard/HLS_lab/source/fir/prj/hoisting/kernel/fir_hoisting/hoisting/.autopilot/db/kernel.internal.xml
INFO: [HLS 200-111] Finished Compiling Optimization and Transform: CPU user time: 0 seconds. CPU system time: 0 seconds. Elapsed time: 8.756 seconds; current allocated memory: 247.398 MB.
INFO: [HLS 200-111] Finished Checking Pragmas: CPU user time: 0 seconds. CPU system time: 0 seconds. Elapsed time: 0.003 seconds; current allocated memory: 247.402 MB.
Execute         opt_and_import_c a -opt_level=2 -skip_syncheck=0 -ng=0 -keep_printf=0 
Execute           cleanup_all_models 
INFO: [HLS 200-10] Starting code transformations ...
INFO-FLOW: Running Standard Transforms...
Execute           transform -hls -share-std-xform -demangle-name -inline-byval-memcpy -always-inline -promote-dbg-pointer -interface-preproc -mem2reg -scalarrepl -mem2reg -keep-read-access -instcombine -dce -promote-dbg-pointer -bitop-raise -loop-simplify -indvarspre -indvars -loop-simplify -constprop -instcombine -simplifycfg -indvars -simplifycfg -dce -globaldce -basicaa -simplifycfg -mem2reg -globalopt -global-constprop -deadargelim -instcombine -simplifycfg -scalarrepl -instcombine -reassociate -licm -simplifycfg -loop-simplify -indvars -instcombine -simplifycfg -mem2reg -loop-simplify -indvars -instcombine -gvn -gvn -instcombine -adce -break-crit-edges -simplifycfg -loop-delete -global-array-opt -dce -dse -adce -find-syn-modules -top fir_wrap -deadargelim -mem2reg -instcombine -dce -presyn-prepare -interface-preproc -syn-check -check-rec-only -find-region -simplifycfg -func-extr -function-inline -globaldce -mem2reg -instcombine -dce -gvn -globaldce -adce -adse -constprop -instcombine -bit-constprop -instcombine -dce -simplifycfg -bitop-raise -simplifycfg -dce -loop-delete -reassociate -globalopt -global-privatize -mem2reg -dce -global-constprop -pointer-simplify -constprop -dce -promote-dbg-pointer -norm-name E:/robot/project/FPGA/ZedBoard/HLS_lab/source/fir/prj/hoisting/kernel/fir_hoisting/hoisting/.autopilot/db/a.g.0.bc -o E:/robot/project/FPGA/ZedBoard/HLS_lab/source/fir/prj/hoisting/kernel/fir_hoisting/hoisting/.autopilot/db/a.g.1.bc -f -phase std-opt 
INFO: [HLS 200-111] Finished Standard Transforms: CPU user time: 0 seconds. CPU system time: 0 seconds. Elapsed time: 0.073 seconds; current allocated memory: 252.047 MB.
INFO: [HLS 200-10] Checking synthesizability ...
INFO-FLOW: Checking Synthesizability 1/2..
Execute           transform -hls -syn-check -check-rec-only -scalarrepl -norm-name -dce -mem2reg -instcombine -directive-preproc -mem2reg -dse -dce -dce -pag -array-normalize -instcombine -dce -array-seg-normalize -instcombine -dce -data-pack -instcombine -dce -inst-simplify -array-flatten -instcombine -dce -array-burst -dce -deadargelim -promote-global-argument -simplifycfg -mem2reg -globaldce -dce -deadargelim -dce -instcombine -function-inline -globaldce -dce -doublePtrSimplify -doublePtrElim -dce -doublePtrSimplify -promote-dbg-pointer -dce -scalarrepl -dse -adse -instcombine -ptrLegalization -simplifycfg -dce -instcombine -pointer-simplify -ptrArgReplace -dce -instcombine -resolve-double-ptr -scalarrepl -norm-name -dce -mem2reg -instcombine -ptrLegalization -simplifycfg -deadargelim -instcombine -dce -inst-simplify -directive-preproc -mem2reg -dse -dce -globaldce E:/robot/project/FPGA/ZedBoard/HLS_lab/source/fir/prj/hoisting/kernel/fir_hoisting/hoisting/.autopilot/db/a.g.1.bc -o E:/robot/project/FPGA/ZedBoard/HLS_lab/source/fir/prj/hoisting/kernel/fir_hoisting/hoisting/.autopilot/db/a.g.2.prechk.bc -f 
INFO-FLOW: Checking Synthesizability 2/2..
Execute           transform -syn-check E:/robot/project/FPGA/ZedBoard/HLS_lab/source/fir/prj/hoisting/kernel/fir_hoisting/hoisting/.autopilot/db/a.g.2.prechk.bc -o E:/robot/project/FPGA/ZedBoard/HLS_lab/source/fir/prj/hoisting/kernel/fir_hoisting/hoisting/.autopilot/db/a.g.2.bc -f -phase syn-check 
INFO: [HLS 200-111] Finished Checking Synthesizability: CPU user time: 0 seconds. CPU system time: 0 seconds. Elapsed time: 0.036 seconds; current allocated memory: 253.520 MB.
INFO-FLOW: Compiler optimizing ...
INFO-FLOW: Share syncheck's 1.bc for syn flow: copy E:/robot/project/FPGA/ZedBoard/HLS_lab/source/fir/prj/hoisting/kernel/fir_hoisting/hoisting/.autopilot/db/a.g.1.bc to E:/robot/project/FPGA/ZedBoard/HLS_lab/source/fir/prj/hoisting/kernel/fir_hoisting/hoisting/.autopilot/db/a.o.1.bc
INFO-FLOW: Presyn 1...
Execute           transform -hls -tmp E:/robot/project/FPGA/ZedBoard/HLS_lab/source/fir/prj/hoisting/kernel/fir_hoisting/hoisting/.autopilot/db -interface-port-rename -directive-preproc -mem2reg -dse -dce -scalarrepl -norm-name -deadargelim -mem2reg -instcombine -dce -simplifycfg -dce -resource-proc -clib-intrinsic-prepare -dce -func-buffer -dce -pag -array-normalize -func-legal -instcombine -gvn -constprop -dce -simplifycfg -mem2reg -globaldce -resolve-double-ptr -dce -deadargelim -dce -instcombine -ptrArgReplace -mem2reg -dce -array-seg-normalize -deadargelim -instcombine -dce -directive-preproc -mem2reg -dse -dce -pointer-simplify -dce -port-alignment -dce -interface-preproc -data-pack -instcombine -dce -basicaa -aggr-aa -aggrmodref-aa -aggr-aa -gvn -gvn -basicaa -aggr-aa -aggrmodref-aa -aggr-aa -dse -adse -adce -loop-simplify -indvars -instcombine -gvn -loop-simplify -mem2reg -dce -find-region -instcombine -inst-simplify -interface-preproc -cfgopt -instcombine -indvars -loop-simplify -loop-bound -constprop -instcombine -simplifycfg -indvars -simplifycfg -dce -globaldce -clean-region -attach-range -gvn -inst-simplify -constprop -simplifycfg -dce -pointer-simplify -dce -globalopt -constprop -dce -array-promote -constprop -dce -ptrArgReplace -mem2reg -simplifycfg -dce -instcombine -dce -array-transform-check -array-reshape -instcombine -simplifycfg -dce -ptrArgReplace -deadargelim -mem2reg -instcombine -simplifycfg -dce -indvars -loop-simplify -loop-bound -constprop -instcombine -simplifycfg -indvars -simplifycfg -dce -globaldce -basicaa -aggr-aa -aggrmodref-aa -aggr-aa -dse -duplicate-dataflow-processes -globaldce -instcombine -array-partition -prepare-dynamic-array-partition -instcombine -simplifycfg -dce -ptrArgReplace -global-constprop -deadargelim -mem2reg -func-legal -dce -global-constprop -deadargelim -mem2reg -simplifycfg -dce -merge-param -deadargelim -globalopt -constprop -dce -array-promote -constprop -dce -ptrArgReplace -mem2reg -simplifycfg -dce -mem-intrinsic-preproc -dce -global-internalize -global-privatize -mem2reg -globaldce -lcssa -loop-simplify -phi-select-elim -promote-global-argument -ptrArgReplace -mem2reg -dce -globalopt -mergereturn -simplify-global-access -mem2reg -dce -pointer-simplify -dce -basicaa -aggr-aa -aggrmodref-aa -aggr-aa -functionattrs -basicaa -aggr-aa -aggrmodref-aa -aggr-aa -gvn -gvn -basicaa -aggr-aa -aggrmodref-aa -aggr-aa -dse -adse -adce -dce -norm-name -basicaa -aggr-aa -aggrmodref-aa -aggr-aa -accesses-merge -function-inline -complex-op-raise -inst-simplify -globaldce -func-legal -dce -loop-bound -arraycheck -bitwidthmin2 -bitwidthmin2 -on-by-dataflow -loop-delete -instcombine -simplifycfg -globaldce -dce -gvn -deadargelim -dce -loop-simplify -clean-region -simplifycfg -propagate-stable-arguments -loop-stream -instcombine -simplifycfg -dce -globaldce -duplicate-dataflow-processes -stream-intrinsic-preproc -dce -check-ap-stream -loop-simplify -eliminate-keepreads -extract-dataflow-in-loop -loop-simplify -dce -gvn -deadargelim -dse -duplicate-dataflow-processes -check-dataflow-syntax -legalize-stream-variable -globaldce -legalize-global -extract-subproc -dce -dead-channel-elimination -canonicalize-gep -globaldce -dce -gvn -hls-dead-arg-elim -deadargelim -directive-preproc -canonicalize-dataflow -dce -globaldce -scalar-preprocessing -scalar-propagation2 -scalar-stream -deadargelim -globaldce -mem2reg -check-dataflow-channels -function-stream -dce -globaldce -prop-fifo-spec -internal-stream-gen -canonicalize-gep -globaldce -dce -gvn -deadargelim -mergereturn -indvars -loop-simplify -instcombine -array-stream -array-seg-normalize -array-partition -clean-array-spec -func-legal -instcombine -simplifycfg -dce -bundle-memfifo-ops -deadargelim -directive-preproc -mem2reg -dse -dce -group-axi-access -licm -simplifycfg -dce -loop-delete -hls-display -norm-name E:/robot/project/FPGA/ZedBoard/HLS_lab/source/fir/prj/hoisting/kernel/fir_hoisting/hoisting/.autopilot/db/a.o.1.bc -o E:/robot/project/FPGA/ZedBoard/HLS_lab/source/fir/prj/hoisting/kernel/fir_hoisting/hoisting/.autopilot/db/a.o.1.tmp.bc -f 
INFO-FLOW: Presyn 2...
Execute           transform -hls -keep-callgraph -scalarrepl -mem2reg -port-alignment -attach-range -dce -pipe-mux-gen -indvars -loop-bound -inst-simplify -instcombine -dce -merge-array-access -mem2reg -dce -clean-region -mergereturn -if-conv -instcombine -dce -constprop -basicaa -aggr-aa -aggrmodref-aa -aggr-aa -gvn -gvn -basicaa -aggr-aa -aggrmodref-aa -aggr-aa -dse -adse -adce -scalarrepl -mem2reg -global-constprop -deadargelim -deadargelim -instcombine -dce -simplifycfg -ptrArgReplace -mem2reg -function-inline -globaldce -mem2reg -instcombine -dce -expr-balance -instcombine -dce -bitwidthmin2 -bitwidthmin2 -interface-preproc -directive-preproc -inst-rectify -instcombine -dce -basicaa -aggr-aa -aggrmodref-aa -aggr-aa -functionattrs -constprop -instcombine -bit-constprop -simplify-global-access -globalopt -globaldce -inst-simplify -instcombine -elimdeaddata -dce -loop-delete -simplifycfg -loop-simplify -barrier -norm-name E:/robot/project/FPGA/ZedBoard/HLS_lab/source/fir/prj/hoisting/kernel/fir_hoisting/hoisting/.autopilot/db/a.o.1.tmp.bc -o E:/robot/project/FPGA/ZedBoard/HLS_lab/source/fir/prj/hoisting/kernel/fir_hoisting/hoisting/.autopilot/db/a.o.2.bc -f -phase presyn 
INFO: [HLS 200-111] Finished Loop, function and other optimizations: CPU user time: 0 seconds. CPU system time: 0 seconds. Elapsed time: 0.077 seconds; current allocated memory: 275.168 MB.
Execute           transform -hls -auto-function-inline -globaldce -ptrArgReplace -mem2reg -dce -reset-lda -loop-simplify -indvars -aggr-aa -licm -loop-dep -loop-bound -licm -loop-simplify -loop-sink-hoist -flattenloopnest -array-flatten -gvn -instcombine -dce -array-map -dce -func-legal -gvn -adce -instcombine -cfgopt -simplifycfg-lite -loop-simplify -array-burst -promote-global-argument -dce -array-seg-normalize -basicaa -aggrmodref-aa -globalsmodref-aa -aggr-aa -gvn -gvn -basicaa -aggrmodref-aa -globalsmodref-aa -aggr-aa -dse -adse -adce -licm -inst-simplify -dce -globaldce -instcombine -array-stream -eliminate-keepreads -instcombine -dce -deadargelim -doublePtrSimplify -doublePtrElim -dce -doublePtrSimplify -promote-dbg-pointer -dce -scalarrepl -mem2reg -norm-name -mem2reg -instcombine -dse -adse -adce -ptrLegalization -dce -array-flatten -dce -instcombine -check-doubleptr -loop-rot -constprop -inst-simplify -cfgopt -simplifycfg-lite -loop-simplify -indvars -pointer-simplify -dce -loop-bound -loop-simplify -loop-preproc -constprop -global-constprop -gvn -mem2reg -instcombine -dce -loop-bound -loop-merge -dce -deadargelim -dce -canonicalize-dataflow -dce -deadargelim -globaldce -mem2reg -bram-byte-enable -inst-simplify -inst-rectify -instcombine -adce -deadargelim -load-elim -read-loop-dep -loop-simplify -loop-extract-inner -directive-preproc -bitwidthmin2 -bitwidthmin2 -read-loop-dep -interface-preproc -directive-preproc -interface-gen -bram-byte-enable-spec-prop -mul2addshift -deadargelim -inst-simplify -dce -mem2reg -instcombine -gvn -dce -adse -loop-bound -instcombine -cfgopt -simplifycfg-lite -loop-simplify -clean-region -io-protocol -find-region -mem2reg -bitop-raise -complex-op-raise -inst-simplify -inst-rectify -instcombine -adce -deadargelim -float-op-raise -loop-simplify -phi-opt -bitop-raise -cfgopt -simplifycfg-lite -strip-dead-prototypes -interface-lower -bitop-lower -intrinsic-lower -auto-function-inline -basicaa -aggrmodref-aa -globalsmodref-aa -aggr-aa -inst-simplify -simplifycfg-lite -loop-simplify -mergereturn -inst-simplify -inst-rectify -globaldce -dce -load-elim -bitop-lower -float-op-raise -fma-raise -loop-rewind -pointer-simplify -dce -cfgopt -dce -loop-bound -loop-dep -read-loop-dep -dce -dyn-mem-reuse -dce -recurrence-min -dce -share-scalar-alloca -deadargelim -dce -check-stream -norm-name -legalize -inst-clarity -bitwidth -dce -validate-dataflow -dump-loop-dep-to-ir -check-all-ssdm -dump-complexity-metric E:/robot/project/FPGA/ZedBoard/HLS_lab/source/fir/prj/hoisting/kernel/fir_hoisting/hoisting/.autopilot/db/a.o.2.bc -o E:/robot/project/FPGA/ZedBoard/HLS_lab/source/fir/prj/hoisting/kernel/fir_hoisting/hoisting/.autopilot/db/a.o.3.bc -f -phase build-ssdm 
Execute             auto_get_db
INFO-FLOW: Building ssdm...
Execute           transform -hls -cdfg-build E:/robot/project/FPGA/ZedBoard/HLS_lab/source/fir/prj/hoisting/kernel/fir_hoisting/hoisting/.autopilot/db/a.o.3.bc -o E:/robot/project/FPGA/ZedBoard/HLS_lab/source/fir/prj/hoisting/kernel/fir_hoisting/hoisting/.autopilot/db/a.o.3.bc -f -phase build-ssdm 
INFO: [HLS 200-111] Finished Architecture Synthesis: CPU user time: 0 seconds. CPU system time: 0 seconds. Elapsed time: 0.084 seconds; current allocated memory: 286.719 MB.
INFO-FLOW: Finish building internal data model.
Command         opt_and_import_c done; 0.276 sec.
Command       elaborate done; 10.916 sec.
Execute       ap_eval exec zip -j E:/robot/project/FPGA/ZedBoard/HLS_lab/source/fir/prj/hoisting/kernel/fir_hoisting/hoisting/.autopilot/db/dut.hcp $dbDir/a.o.3.bc $dbDir/${topname}.rtl_wrap.cfg.tcl $dbDir/apatb_${topname}.cpp $dbDir/apatb_${topname}_util.cpp $dbDir/apatb_${topname}_ir.ll $dbDir/mapper_${topname}.cpp $dbDir/top-io-fe.xml $dbDir/kernel.internal.xml $workdir/../hls.app 
Command       ap_eval done; 0.126 sec.
Execute       autosyn -from_csynth_design=1 
INFO: [HLS 200-10] Starting hardware synthesis ...
INFO-FLOW: Synthesizing C/C++ design ...
INFO: [HLS 200-10] Synthesizing 'fir_wrap' ...
Execute         ap_set_top_model fir_wrap 
Execute         get_model_list fir_wrap -filter all-wo-channel -topdown 
Execute         preproc_iomode -model fir_wrap 
Execute         preproc_iomode -model fir_wrap_Pipeline_VITIS_LOOP_19_1 
Execute         preproc_iomode -model fir_wrap_Pipeline_VITIS_LOOP_41_1 
Execute         get_model_list fir_wrap -filter all-wo-channel 
INFO-FLOW: Model list for configure: fir_wrap_Pipeline_VITIS_LOOP_41_1 fir_wrap_Pipeline_VITIS_LOOP_19_1 fir_wrap
INFO-FLOW: Configuring Module : fir_wrap_Pipeline_VITIS_LOOP_41_1 ...
Execute         set_default_model fir_wrap_Pipeline_VITIS_LOOP_41_1 
Execute         apply_spec_resource_limit fir_wrap_Pipeline_VITIS_LOOP_41_1 
INFO-FLOW: Configuring Module : fir_wrap_Pipeline_VITIS_LOOP_19_1 ...
Execute         set_default_model fir_wrap_Pipeline_VITIS_LOOP_19_1 
Execute         apply_spec_resource_limit fir_wrap_Pipeline_VITIS_LOOP_19_1 
INFO-FLOW: Configuring Module : fir_wrap ...
Execute         set_default_model fir_wrap 
Execute         apply_spec_resource_limit fir_wrap 
INFO-FLOW: Model list for preprocess: fir_wrap_Pipeline_VITIS_LOOP_41_1 fir_wrap_Pipeline_VITIS_LOOP_19_1 fir_wrap
INFO-FLOW: Preprocessing Module: fir_wrap_Pipeline_VITIS_LOOP_41_1 ...
Execute         set_default_model fir_wrap_Pipeline_VITIS_LOOP_41_1 
Execute         cdfg_preprocess -model fir_wrap_Pipeline_VITIS_LOOP_41_1 
Execute         rtl_gen_preprocess fir_wrap_Pipeline_VITIS_LOOP_41_1 
INFO-FLOW: Preprocessing Module: fir_wrap_Pipeline_VITIS_LOOP_19_1 ...
Execute         set_default_model fir_wrap_Pipeline_VITIS_LOOP_19_1 
Execute         cdfg_preprocess -model fir_wrap_Pipeline_VITIS_LOOP_19_1 
Execute         rtl_gen_preprocess fir_wrap_Pipeline_VITIS_LOOP_19_1 
INFO-FLOW: Preprocessing Module: fir_wrap ...
Execute         set_default_model fir_wrap 
Execute         cdfg_preprocess -model fir_wrap 
Execute         rtl_gen_preprocess fir_wrap 
INFO-FLOW: Model list for synthesis: fir_wrap_Pipeline_VITIS_LOOP_41_1 fir_wrap_Pipeline_VITIS_LOOP_19_1 fir_wrap
INFO: [HLS 200-10] ----------------------------------------------------------------
INFO: [HLS 200-42] -- Implementing module 'fir_wrap_Pipeline_VITIS_LOOP_41_1' 
INFO: [HLS 200-10] ----------------------------------------------------------------
Execute         set_default_model fir_wrap_Pipeline_VITIS_LOOP_41_1 
Execute         schedule -model fir_wrap_Pipeline_VITIS_LOOP_41_1 
INFO: [SCHED 204-11] Starting scheduling ...
INFO: [SCHED 204-61] Pipelining loop 'VITIS_LOOP_41_1'.
INFO: [HLS 200-1470] Pipelining result : Target II = NA, Final II = 1, Depth = 3, loop 'VITIS_LOOP_41_1'
INFO: [SCHED 204-11] Finished scheduling.
INFO: [HLS 200-111] Finished Scheduling: CPU user time: 0 seconds. CPU system time: 0 seconds. Elapsed time: 0.244 seconds; current allocated memory: 290.703 MB.
Execute         syn_report -verbosereport -o E:/robot/project/FPGA/ZedBoard/HLS_lab/source/fir/prj/hoisting/kernel/fir_hoisting/hoisting/.autopilot/db/fir_wrap_Pipeline_VITIS_LOOP_41_1.verbose.sched.rpt 
Execute           list_part -family xc7z020-clg484-1 
Execute             ap_family_info -name xc7z020-clg484-1 -data names 
Execute             ap_part_info -quiet -name xc7z020-clg484-1 -data family 
Execute         db_write -o E:/robot/project/FPGA/ZedBoard/HLS_lab/source/fir/prj/hoisting/kernel/fir_hoisting/hoisting/.autopilot/db/fir_wrap_Pipeline_VITIS_LOOP_41_1.sched.adb -f 
INFO-FLOW: Finish scheduling fir_wrap_Pipeline_VITIS_LOOP_41_1.
Execute         set_default_model fir_wrap_Pipeline_VITIS_LOOP_41_1 
Execute         bind -model fir_wrap_Pipeline_VITIS_LOOP_41_1 
INFO: [BIND 205-100] Starting micro-architecture generation ...
INFO: [BIND 205-101] Performing variable lifetime analysis.
INFO: [BIND 205-101] Exploring resource sharing.
INFO: [BIND 205-101] Binding ...
INFO: [BIND 205-100] Finished micro-architecture generation.
INFO: [HLS 200-111] Finished Binding: CPU user time: 0 seconds. CPU system time: 0 seconds. Elapsed time: 0.076 seconds; current allocated memory: 291.863 MB.
Execute         syn_report -verbosereport -o E:/robot/project/FPGA/ZedBoard/HLS_lab/source/fir/prj/hoisting/kernel/fir_hoisting/hoisting/.autopilot/db/fir_wrap_Pipeline_VITIS_LOOP_41_1.verbose.bind.rpt 
Execute           list_part -family xc7z020-clg484-1 
Execute             ap_family_info -name xc7z020-clg484-1 -data names 
Execute             ap_part_info -quiet -name xc7z020-clg484-1 -data family 
Execute         db_write -o E:/robot/project/FPGA/ZedBoard/HLS_lab/source/fir/prj/hoisting/kernel/fir_hoisting/hoisting/.autopilot/db/fir_wrap_Pipeline_VITIS_LOOP_41_1.bind.adb -f 
INFO-FLOW: Finish binding fir_wrap_Pipeline_VITIS_LOOP_41_1.
INFO: [HLS 200-10] ----------------------------------------------------------------
INFO: [HLS 200-42] -- Implementing module 'fir_wrap_Pipeline_VITIS_LOOP_19_1' 
INFO: [HLS 200-10] ----------------------------------------------------------------
Execute         set_default_model fir_wrap_Pipeline_VITIS_LOOP_19_1 
Execute         schedule -model fir_wrap_Pipeline_VITIS_LOOP_19_1 
INFO: [SCHED 204-11] Starting scheduling ...
INFO: [SCHED 204-61] Pipelining loop 'VITIS_LOOP_19_1'.
WARNING: [HLS 200-880] The II Violation in module 'fir_wrap_Pipeline_VITIS_LOOP_19_1' (loop 'VITIS_LOOP_19_1'): Unable to enforce a carried dependence constraint (II = 1, distance = 1, offset = 1) between 'store' operation 0 bit ('acc_write_ln15', fir_hoisting.cpp:15->fir_hoisting.cpp:51) of variable 'acc', fir_hoisting.cpp:22->fir_hoisting.cpp:51 on local variable 'acc', fir_hoisting.cpp:15->fir_hoisting.cpp:51 and 'add' operation 32 bit ('acc', fir_hoisting.cpp:22->fir_hoisting.cpp:51).
INFO: [HLS 200-1470] Pipelining result : Target II = NA, Final II = 2, Depth = 10, loop 'VITIS_LOOP_19_1'
WARNING: [HLS 200-871] Estimated clock period (3.950 ns) exceeds the target (target clock period: 5.000 ns, clock uncertainty: 1.350 ns, effective delay budget: 3.650 ns).
WARNING: [HLS 200-1016] The critical path in module 'fir_wrap_Pipeline_VITIS_LOOP_19_1' consists of the following:
	'mul' operation 32 bit ('mul_ln22', fir_hoisting.cpp:22->fir_hoisting.cpp:51) [27]  (3.950 ns)

INFO: [SCHED 204-11] Finished scheduling.
INFO: [HLS 200-111] Finished Scheduling: CPU user time: 0 seconds. CPU system time: 0 seconds. Elapsed time: 0.137 seconds; current allocated memory: 292.008 MB.
Execute         syn_report -verbosereport -o E:/robot/project/FPGA/ZedBoard/HLS_lab/source/fir/prj/hoisting/kernel/fir_hoisting/hoisting/.autopilot/db/fir_wrap_Pipeline_VITIS_LOOP_19_1.verbose.sched.rpt 
Execute           list_part -family xc7z020-clg484-1 
Execute             ap_family_info -name xc7z020-clg484-1 -data names 
Execute             ap_part_info -quiet -name xc7z020-clg484-1 -data family 
Execute         db_write -o E:/robot/project/FPGA/ZedBoard/HLS_lab/source/fir/prj/hoisting/kernel/fir_hoisting/hoisting/.autopilot/db/fir_wrap_Pipeline_VITIS_LOOP_19_1.sched.adb -f 
INFO-FLOW: Finish scheduling fir_wrap_Pipeline_VITIS_LOOP_19_1.
Execute         set_default_model fir_wrap_Pipeline_VITIS_LOOP_19_1 
Execute         bind -model fir_wrap_Pipeline_VITIS_LOOP_19_1 
INFO: [BIND 205-100] Starting micro-architecture generation ...
INFO: [BIND 205-101] Performing variable lifetime analysis.
INFO: [BIND 205-101] Exploring resource sharing.
INFO: [BIND 205-101] Binding ...
INFO: [BIND 205-100] Finished micro-architecture generation.
INFO: [HLS 200-111] Finished Binding: CPU user time: 0 seconds. CPU system time: 0 seconds. Elapsed time: 0.074 seconds; current allocated memory: 292.035 MB.
Execute         syn_report -verbosereport -o E:/robot/project/FPGA/ZedBoard/HLS_lab/source/fir/prj/hoisting/kernel/fir_hoisting/hoisting/.autopilot/db/fir_wrap_Pipeline_VITIS_LOOP_19_1.verbose.bind.rpt 
Execute           list_part -family xc7z020-clg484-1 
Execute             ap_family_info -name xc7z020-clg484-1 -data names 
Execute             ap_part_info -quiet -name xc7z020-clg484-1 -data family 
Execute         db_write -o E:/robot/project/FPGA/ZedBoard/HLS_lab/source/fir/prj/hoisting/kernel/fir_hoisting/hoisting/.autopilot/db/fir_wrap_Pipeline_VITIS_LOOP_19_1.bind.adb -f 
INFO-FLOW: Finish binding fir_wrap_Pipeline_VITIS_LOOP_19_1.
INFO: [HLS 200-10] ----------------------------------------------------------------
INFO: [HLS 200-42] -- Implementing module 'fir_wrap' 
INFO: [HLS 200-10] ----------------------------------------------------------------
Execute         set_default_model fir_wrap 
Execute         schedule -model fir_wrap 
INFO: [SCHED 204-11] Starting scheduling ...
WARNING: [HLS 200-871] Estimated clock period (3.950 ns) exceeds the target (target clock period: 5.000 ns, clock uncertainty: 1.350 ns, effective delay budget: 3.650 ns).
WARNING: [HLS 200-1016] The critical path in module 'fir_wrap' consists of the following:
	'mul' operation 32 bit ('mul_ln25', fir_hoisting.cpp:25->fir_hoisting.cpp:51) [59]  (3.950 ns)

INFO: [SCHED 204-11] Finished scheduling.
INFO: [HLS 200-111] Finished Scheduling: CPU user time: 0 seconds. CPU system time: 0 seconds. Elapsed time: 0.113 seconds; current allocated memory: 292.098 MB.
Execute         syn_report -verbosereport -o E:/robot/project/FPGA/ZedBoard/HLS_lab/source/fir/prj/hoisting/kernel/fir_hoisting/hoisting/.autopilot/db/fir_wrap.verbose.sched.rpt 
Execute           list_part -family xc7z020-clg484-1 
Execute             ap_family_info -name xc7z020-clg484-1 -data names 
Execute             ap_part_info -quiet -name xc7z020-clg484-1 -data family 
Execute         db_write -o E:/robot/project/FPGA/ZedBoard/HLS_lab/source/fir/prj/hoisting/kernel/fir_hoisting/hoisting/.autopilot/db/fir_wrap.sched.adb -f 
INFO-FLOW: Finish scheduling fir_wrap.
Execute         set_default_model fir_wrap 
Execute         bind -model fir_wrap 
INFO: [BIND 205-100] Starting micro-architecture generation ...
INFO: [BIND 205-101] Performing variable lifetime analysis.
INFO: [BIND 205-101] Exploring resource sharing.
INFO: [BIND 205-101] Binding ...
INFO: [BIND 205-100] Finished micro-architecture generation.
INFO: [HLS 200-111] Finished Binding: CPU user time: 0 seconds. CPU system time: 0 seconds. Elapsed time: 0.08 seconds; current allocated memory: 292.250 MB.
Execute         syn_report -verbosereport -o E:/robot/project/FPGA/ZedBoard/HLS_lab/source/fir/prj/hoisting/kernel/fir_hoisting/hoisting/.autopilot/db/fir_wrap.verbose.bind.rpt 
Execute           list_part -family xc7z020-clg484-1 
Execute             ap_family_info -name xc7z020-clg484-1 -data names 
Execute             ap_part_info -quiet -name xc7z020-clg484-1 -data family 
Execute         db_write -o E:/robot/project/FPGA/ZedBoard/HLS_lab/source/fir/prj/hoisting/kernel/fir_hoisting/hoisting/.autopilot/db/fir_wrap.bind.adb -f 
INFO-FLOW: Finish binding fir_wrap.
Execute         get_model_list fir_wrap -filter all-wo-channel 
INFO-FLOW: Preprocessing for RTLGen ...
Execute         rtl_gen_preprocess fir_wrap_Pipeline_VITIS_LOOP_41_1 
Execute         rtl_gen_preprocess fir_wrap_Pipeline_VITIS_LOOP_19_1 
Execute         rtl_gen_preprocess fir_wrap 
INFO-FLOW: Model list for RTL generation: fir_wrap_Pipeline_VITIS_LOOP_41_1 fir_wrap_Pipeline_VITIS_LOOP_19_1 fir_wrap
INFO: [HLS 200-10] ----------------------------------------------------------------
INFO: [HLS 200-10] -- Generating RTL for module 'fir_wrap_Pipeline_VITIS_LOOP_41_1' 
INFO: [HLS 200-10] ----------------------------------------------------------------
Execute         create_rtl_model fir_wrap_Pipeline_VITIS_LOOP_41_1 -top_prefix fir_wrap_ -sub_prefix fir_wrap_ -mg_file E:/robot/project/FPGA/ZedBoard/HLS_lab/source/fir/prj/hoisting/kernel/fir_hoisting/hoisting/.autopilot/db/fir_wrap_Pipeline_VITIS_LOOP_41_1.compgen.tcl 
INFO: [HLS 200-1030] Apply Unified Pipeline Control on module 'fir_wrap_Pipeline_VITIS_LOOP_41_1' pipeline 'VITIS_LOOP_41_1' pipeline type 'loop pipeline'
WARNING: [RTGEN 206-101] Setting dangling out port 'fir_wrap_Pipeline_VITIS_LOOP_41_1/m_axi_gmem_ARVALID' to 0.
WARNING: [RTGEN 206-101] Setting dangling out port 'fir_wrap_Pipeline_VITIS_LOOP_41_1/m_axi_gmem_ARADDR' to 0.
WARNING: [RTGEN 206-101] Setting dangling out port 'fir_wrap_Pipeline_VITIS_LOOP_41_1/m_axi_gmem_ARID' to 0.
WARNING: [RTGEN 206-101] Setting dangling out port 'fir_wrap_Pipeline_VITIS_LOOP_41_1/m_axi_gmem_ARLEN' to 0.
WARNING: [RTGEN 206-101] Setting dangling out port 'fir_wrap_Pipeline_VITIS_LOOP_41_1/m_axi_gmem_ARSIZE' to 0.
WARNING: [RTGEN 206-101] Setting dangling out port 'fir_wrap_Pipeline_VITIS_LOOP_41_1/m_axi_gmem_ARBURST' to 0.
WARNING: [RTGEN 206-101] Setting dangling out port 'fir_wrap_Pipeline_VITIS_LOOP_41_1/m_axi_gmem_ARLOCK' to 0.
WARNING: [RTGEN 206-101] Setting dangling out port 'fir_wrap_Pipeline_VITIS_LOOP_41_1/m_axi_gmem_ARCACHE' to 0.
WARNING: [RTGEN 206-101] Setting dangling out port 'fir_wrap_Pipeline_VITIS_LOOP_41_1/m_axi_gmem_ARPROT' to 0.
WARNING: [RTGEN 206-101] Setting dangling out port 'fir_wrap_Pipeline_VITIS_LOOP_41_1/m_axi_gmem_ARQOS' to 0.
WARNING: [RTGEN 206-101] Setting dangling out port 'fir_wrap_Pipeline_VITIS_LOOP_41_1/m_axi_gmem_ARREGION' to 0.
WARNING: [RTGEN 206-101] Setting dangling out port 'fir_wrap_Pipeline_VITIS_LOOP_41_1/m_axi_gmem_ARUSER' to 0.
INFO: [RTGEN 206-100] Finished creating RTL model for 'fir_wrap_Pipeline_VITIS_LOOP_41_1'.
Command         create_rtl_model done; 0.146 sec.
INFO: [HLS 200-111] Finished Creating RTL model: CPU user time: 0 seconds. CPU system time: 0 seconds. Elapsed time: 0.216 seconds; current allocated memory: 293.812 MB.
Execute         source E:/robot/project/FPGA/ZedBoard/HLS_lab/source/fir/prj/hoisting/kernel/fir_hoisting/hoisting/.autopilot/db/fir_wrap.rtl_wrap.cfg.tcl 
Execute         gen_rtl fir_wrap_Pipeline_VITIS_LOOP_41_1 -style xilinx -f -lang vhdl -o E:/robot/project/FPGA/ZedBoard/HLS_lab/source/fir/prj/hoisting/kernel/fir_hoisting/hoisting/syn/vhdl/fir_wrap_fir_wrap_Pipeline_VITIS_LOOP_41_1 
Execute         gen_rtl fir_wrap_Pipeline_VITIS_LOOP_41_1 -style xilinx -f -lang vlog -o E:/robot/project/FPGA/ZedBoard/HLS_lab/source/fir/prj/hoisting/kernel/fir_hoisting/hoisting/syn/verilog/fir_wrap_fir_wrap_Pipeline_VITIS_LOOP_41_1 
Execute         syn_report -csynth -model fir_wrap_Pipeline_VITIS_LOOP_41_1 -o E:/robot/project/FPGA/ZedBoard/HLS_lab/source/fir/prj/hoisting/kernel/fir_hoisting/hoisting/syn/report/fir_wrap_Pipeline_VITIS_LOOP_41_1_csynth.rpt 
Execute           list_part -family xc7z020-clg484-1 
Execute             ap_family_info -name xc7z020-clg484-1 -data names 
Execute             ap_part_info -quiet -name xc7z020-clg484-1 -data family 
Execute         syn_report -rtlxml -model fir_wrap_Pipeline_VITIS_LOOP_41_1 -o E:/robot/project/FPGA/ZedBoard/HLS_lab/source/fir/prj/hoisting/kernel/fir_hoisting/hoisting/syn/report/fir_wrap_Pipeline_VITIS_LOOP_41_1_csynth.xml 
Execute           list_part -family xc7z020-clg484-1 
Execute             ap_family_info -name xc7z020-clg484-1 -data names 
Execute             ap_part_info -quiet -name xc7z020-clg484-1 -data family 
Execute         syn_report -verbosereport -model fir_wrap_Pipeline_VITIS_LOOP_41_1 -o E:/robot/project/FPGA/ZedBoard/HLS_lab/source/fir/prj/hoisting/kernel/fir_hoisting/hoisting/.autopilot/db/fir_wrap_Pipeline_VITIS_LOOP_41_1.verbose.rpt 
Execute           list_part -family xc7z020-clg484-1 
Execute             ap_family_info -name xc7z020-clg484-1 -data names 
Execute             ap_part_info -quiet -name xc7z020-clg484-1 -data family 
Execute         db_write -model fir_wrap_Pipeline_VITIS_LOOP_41_1 -f -o E:/robot/project/FPGA/ZedBoard/HLS_lab/source/fir/prj/hoisting/kernel/fir_hoisting/hoisting/.autopilot/db/fir_wrap_Pipeline_VITIS_LOOP_41_1.adb 
Execute         db_write -model fir_wrap_Pipeline_VITIS_LOOP_41_1 -bindview -o E:/robot/project/FPGA/ZedBoard/HLS_lab/source/fir/prj/hoisting/kernel/fir_hoisting/hoisting/.autopilot/db/design.bindinfo.xml 
Execute         gen_tb_info fir_wrap_Pipeline_VITIS_LOOP_41_1 -p E:/robot/project/FPGA/ZedBoard/HLS_lab/source/fir/prj/hoisting/kernel/fir_hoisting/hoisting/.autopilot/db -o E:/robot/project/FPGA/ZedBoard/HLS_lab/source/fir/prj/hoisting/kernel/fir_hoisting/hoisting/.autopilot/db/fir_wrap_Pipeline_VITIS_LOOP_41_1 
INFO: [HLS 200-10] ----------------------------------------------------------------
INFO: [HLS 200-10] -- Generating RTL for module 'fir_wrap_Pipeline_VITIS_LOOP_19_1' 
INFO: [HLS 200-10] ----------------------------------------------------------------
Execute         create_rtl_model fir_wrap_Pipeline_VITIS_LOOP_19_1 -top_prefix fir_wrap_ -sub_prefix fir_wrap_ -mg_file E:/robot/project/FPGA/ZedBoard/HLS_lab/source/fir/prj/hoisting/kernel/fir_hoisting/hoisting/.autopilot/db/fir_wrap_Pipeline_VITIS_LOOP_19_1.compgen.tcl 
INFO: [HLS 200-1030] Apply Unified Pipeline Control on module 'fir_wrap_Pipeline_VITIS_LOOP_19_1' pipeline 'VITIS_LOOP_19_1' pipeline type 'loop pipeline'
INFO: [RTGEN 206-100] Generating core module 'mul_32s_32s_32_5_1': 1 instance(s).
INFO: [RTGEN 206-100] Finished creating RTL model for 'fir_wrap_Pipeline_VITIS_LOOP_19_1'.
INFO: [HLS 200-111] Finished Creating RTL model: CPU user time: 0 seconds. CPU system time: 0 seconds. Elapsed time: 0.154 seconds; current allocated memory: 295.090 MB.
Execute         source E:/robot/project/FPGA/ZedBoard/HLS_lab/source/fir/prj/hoisting/kernel/fir_hoisting/hoisting/.autopilot/db/fir_wrap.rtl_wrap.cfg.tcl 
Execute         gen_rtl fir_wrap_Pipeline_VITIS_LOOP_19_1 -style xilinx -f -lang vhdl -o E:/robot/project/FPGA/ZedBoard/HLS_lab/source/fir/prj/hoisting/kernel/fir_hoisting/hoisting/syn/vhdl/fir_wrap_fir_wrap_Pipeline_VITIS_LOOP_19_1 
Execute         gen_rtl fir_wrap_Pipeline_VITIS_LOOP_19_1 -style xilinx -f -lang vlog -o E:/robot/project/FPGA/ZedBoard/HLS_lab/source/fir/prj/hoisting/kernel/fir_hoisting/hoisting/syn/verilog/fir_wrap_fir_wrap_Pipeline_VITIS_LOOP_19_1 
Execute         syn_report -csynth -model fir_wrap_Pipeline_VITIS_LOOP_19_1 -o E:/robot/project/FPGA/ZedBoard/HLS_lab/source/fir/prj/hoisting/kernel/fir_hoisting/hoisting/syn/report/fir_wrap_Pipeline_VITIS_LOOP_19_1_csynth.rpt 
Execute           list_part -family xc7z020-clg484-1 
Execute             ap_family_info -name xc7z020-clg484-1 -data names 
Execute             ap_part_info -quiet -name xc7z020-clg484-1 -data family 
Execute         syn_report -rtlxml -model fir_wrap_Pipeline_VITIS_LOOP_19_1 -o E:/robot/project/FPGA/ZedBoard/HLS_lab/source/fir/prj/hoisting/kernel/fir_hoisting/hoisting/syn/report/fir_wrap_Pipeline_VITIS_LOOP_19_1_csynth.xml 
Execute           list_part -family xc7z020-clg484-1 
Execute             ap_family_info -name xc7z020-clg484-1 -data names 
Execute             ap_part_info -quiet -name xc7z020-clg484-1 -data family 
Execute         syn_report -verbosereport -model fir_wrap_Pipeline_VITIS_LOOP_19_1 -o E:/robot/project/FPGA/ZedBoard/HLS_lab/source/fir/prj/hoisting/kernel/fir_hoisting/hoisting/.autopilot/db/fir_wrap_Pipeline_VITIS_LOOP_19_1.verbose.rpt 
Execute           list_part -family xc7z020-clg484-1 
Execute             ap_family_info -name xc7z020-clg484-1 -data names 
Execute             ap_part_info -quiet -name xc7z020-clg484-1 -data family 
Execute         db_write -model fir_wrap_Pipeline_VITIS_LOOP_19_1 -f -o E:/robot/project/FPGA/ZedBoard/HLS_lab/source/fir/prj/hoisting/kernel/fir_hoisting/hoisting/.autopilot/db/fir_wrap_Pipeline_VITIS_LOOP_19_1.adb 
Execute         db_write -model fir_wrap_Pipeline_VITIS_LOOP_19_1 -bindview -o E:/robot/project/FPGA/ZedBoard/HLS_lab/source/fir/prj/hoisting/kernel/fir_hoisting/hoisting/.autopilot/db/design.bindinfo.xml 
Execute         gen_tb_info fir_wrap_Pipeline_VITIS_LOOP_19_1 -p E:/robot/project/FPGA/ZedBoard/HLS_lab/source/fir/prj/hoisting/kernel/fir_hoisting/hoisting/.autopilot/db -o E:/robot/project/FPGA/ZedBoard/HLS_lab/source/fir/prj/hoisting/kernel/fir_hoisting/hoisting/.autopilot/db/fir_wrap_Pipeline_VITIS_LOOP_19_1 
INFO: [HLS 200-10] ----------------------------------------------------------------
INFO: [HLS 200-10] -- Generating RTL for module 'fir_wrap' 
INFO: [HLS 200-10] ----------------------------------------------------------------
Execute         create_rtl_model fir_wrap -top_prefix  -sub_prefix fir_wrap_ -mg_file E:/robot/project/FPGA/ZedBoard/HLS_lab/source/fir/prj/hoisting/kernel/fir_hoisting/hoisting/.autopilot/db/fir_wrap.compgen.tcl 
WARNING: [RTGEN 206-101] Design contains AXI ports. Reset is fixed to synchronous and active low.
INFO: [RTGEN 206-500] Setting interface mode on port 'fir_wrap/gmem' to 'm_axi'.
INFO: [RTGEN 206-500] Setting interface mode on port 'fir_wrap/y' to 's_axilite & ap_none'.
INFO: [RTGEN 206-500] Setting interface mode on port 'fir_wrap/x' to 's_axilite & ap_none'.
INFO: [RTGEN 206-500] Setting interface mode on port 'fir_wrap/len' to 's_axilite & ap_none'.
INFO: [RTGEN 206-500] Setting interface mode on port 'fir_wrap/coef' to 's_axilite & ap_none'.
INFO: [RTGEN 206-500] Setting interface mode on function 'fir_wrap' to 's_axilite & ap_ctrl_hs'.
INFO: [RTGEN 206-100] Bundling port 'y', 'x', 'len', 'coef' to AXI-Lite port CTRL.
INFO: [RTGEN 206-100] Generating core module 'mul_32s_32s_32_5_1': 1 instance(s).
INFO: [RTGEN 206-100] Finished creating RTL model for 'fir_wrap'.
INFO: [RTMG 210-278] Implementing memory 'fir_wrap_c_RAM_AUTO_1R1W' using auto RAMs.
INFO: [RTMG 210-278] Implementing memory 'fir_wrap_shift_reg_RAM_AUTO_1R1W' using auto RAMs.
Command         create_rtl_model done; 0.222 sec.
INFO: [HLS 200-111] Finished Creating RTL model: CPU user time: 1 seconds. CPU system time: 0 seconds. Elapsed time: 0.361 seconds; current allocated memory: 298.281 MB.
Execute         source E:/robot/project/FPGA/ZedBoard/HLS_lab/source/fir/prj/hoisting/kernel/fir_hoisting/hoisting/.autopilot/db/fir_wrap.rtl_wrap.cfg.tcl 
Execute         gen_rtl fir_wrap -istop -style xilinx -f -lang vhdl -o E:/robot/project/FPGA/ZedBoard/HLS_lab/source/fir/prj/hoisting/kernel/fir_hoisting/hoisting/syn/vhdl/fir_wrap 
Execute         gen_rtl fir_wrap -istop -style xilinx -f -lang vlog -o E:/robot/project/FPGA/ZedBoard/HLS_lab/source/fir/prj/hoisting/kernel/fir_hoisting/hoisting/syn/verilog/fir_wrap 
Execute         syn_report -csynth -model fir_wrap -o E:/robot/project/FPGA/ZedBoard/HLS_lab/source/fir/prj/hoisting/kernel/fir_hoisting/hoisting/syn/report/fir_wrap_csynth.rpt 
Execute           list_part -family xc7z020-clg484-1 
Execute             ap_family_info -name xc7z020-clg484-1 -data names 
Execute             ap_part_info -quiet -name xc7z020-clg484-1 -data family 
Execute         syn_report -rtlxml -model fir_wrap -o E:/robot/project/FPGA/ZedBoard/HLS_lab/source/fir/prj/hoisting/kernel/fir_hoisting/hoisting/syn/report/fir_wrap_csynth.xml 
Execute           list_part -family xc7z020-clg484-1 
Execute             ap_family_info -name xc7z020-clg484-1 -data names 
Execute             ap_part_info -quiet -name xc7z020-clg484-1 -data family 
Execute         syn_report -verbosereport -model fir_wrap -o E:/robot/project/FPGA/ZedBoard/HLS_lab/source/fir/prj/hoisting/kernel/fir_hoisting/hoisting/.autopilot/db/fir_wrap.verbose.rpt 
Execute           list_part -family xc7z020-clg484-1 
Execute             ap_family_info -name xc7z020-clg484-1 -data names 
Execute             ap_part_info -quiet -name xc7z020-clg484-1 -data family 
Execute         db_write -model fir_wrap -f -o E:/robot/project/FPGA/ZedBoard/HLS_lab/source/fir/prj/hoisting/kernel/fir_hoisting/hoisting/.autopilot/db/fir_wrap.adb 
Execute         db_write -model fir_wrap -bindview -o E:/robot/project/FPGA/ZedBoard/HLS_lab/source/fir/prj/hoisting/kernel/fir_hoisting/hoisting/.autopilot/db/design.bindinfo.xml 
Execute         gen_tb_info fir_wrap -p E:/robot/project/FPGA/ZedBoard/HLS_lab/source/fir/prj/hoisting/kernel/fir_hoisting/hoisting/.autopilot/db -o E:/robot/project/FPGA/ZedBoard/HLS_lab/source/fir/prj/hoisting/kernel/fir_hoisting/hoisting/.autopilot/db/fir_wrap 
Execute         export_constraint_db -f -tool general -o E:/robot/project/FPGA/ZedBoard/HLS_lab/source/fir/prj/hoisting/kernel/fir_hoisting/hoisting/.autopilot/db/fir_wrap.constraint.tcl 
Execute         syn_report -designview -model fir_wrap -o E:/robot/project/FPGA/ZedBoard/HLS_lab/source/fir/prj/hoisting/kernel/fir_hoisting/hoisting/.autopilot/db/fir_wrap.design.xml 
Execute         syn_report -csynthDesign -model fir_wrap -o E:/robot/project/FPGA/ZedBoard/HLS_lab/source/fir/prj/hoisting/kernel/fir_hoisting/hoisting/syn/report/csynth.rpt -MHOut E:/robot/project/FPGA/ZedBoard/HLS_lab/source/fir/prj/hoisting/kernel/fir_hoisting/hoisting/.autopilot/db/kernel_module_hierarchy.tcl 
Execute           list_part -family xc7z020-clg484-1 
Execute             ap_family_info -name xc7z020-clg484-1 -data names 
Execute             ap_part_info -quiet -name xc7z020-clg484-1 -data family 
Execute         syn_report -wcfg -model fir_wrap -o E:/robot/project/FPGA/ZedBoard/HLS_lab/source/fir/prj/hoisting/kernel/fir_hoisting/hoisting/.autopilot/db/fir_wrap_dataflow_ana.wcfg 
Execute         syn_report -protoinst -model fir_wrap -o E:/robot/project/FPGA/ZedBoard/HLS_lab/source/fir/prj/hoisting/kernel/fir_hoisting/hoisting/.autopilot/db/fir_wrap.protoinst 
Execute         sc_get_clocks fir_wrap 
Execute         sc_get_portdomain fir_wrap 
INFO-FLOW: Model list for RTL component generation: fir_wrap_Pipeline_VITIS_LOOP_41_1 fir_wrap_Pipeline_VITIS_LOOP_19_1 fir_wrap
INFO-FLOW: Handling components in module [fir_wrap_Pipeline_VITIS_LOOP_41_1] ... 
Execute         source E:/robot/project/FPGA/ZedBoard/HLS_lab/source/fir/prj/hoisting/kernel/fir_hoisting/hoisting/.autopilot/db/fir_wrap_Pipeline_VITIS_LOOP_41_1.compgen.tcl 
INFO-FLOW: Found component fir_wrap_flow_control_loop_pipe_sequential_init.
INFO-FLOW: Append model fir_wrap_flow_control_loop_pipe_sequential_init
INFO-FLOW: Handling components in module [fir_wrap_Pipeline_VITIS_LOOP_19_1] ... 
Execute         source E:/robot/project/FPGA/ZedBoard/HLS_lab/source/fir/prj/hoisting/kernel/fir_hoisting/hoisting/.autopilot/db/fir_wrap_Pipeline_VITIS_LOOP_19_1.compgen.tcl 
INFO-FLOW: Found component fir_wrap_flow_control_loop_pipe_sequential_init.
INFO-FLOW: Append model fir_wrap_flow_control_loop_pipe_sequential_init
INFO-FLOW: Handling components in module [fir_wrap] ... 
Execute         source E:/robot/project/FPGA/ZedBoard/HLS_lab/source/fir/prj/hoisting/kernel/fir_hoisting/hoisting/.autopilot/db/fir_wrap.compgen.tcl 
INFO-FLOW: Found component fir_wrap_mul_32s_32s_32_5_1.
INFO-FLOW: Append model fir_wrap_mul_32s_32s_32_5_1
INFO-FLOW: Found component fir_wrap_c_RAM_AUTO_1R1W.
INFO-FLOW: Append model fir_wrap_c_RAM_AUTO_1R1W
INFO-FLOW: Found component fir_wrap_shift_reg_RAM_AUTO_1R1W.
INFO-FLOW: Append model fir_wrap_shift_reg_RAM_AUTO_1R1W
INFO-FLOW: Found component fir_wrap_gmem_m_axi.
INFO-FLOW: Append model fir_wrap_gmem_m_axi
INFO-FLOW: Found component fir_wrap_CTRL_s_axi.
INFO-FLOW: Append model fir_wrap_CTRL_s_axi
INFO-FLOW: Append model fir_wrap_Pipeline_VITIS_LOOP_41_1
INFO-FLOW: Append model fir_wrap_Pipeline_VITIS_LOOP_19_1
INFO-FLOW: Append model fir_wrap
INFO-FLOW: Generating RTL model list ...
INFO-FLOW: All models in this session: fir_wrap_flow_control_loop_pipe_sequential_init fir_wrap_flow_control_loop_pipe_sequential_init fir_wrap_mul_32s_32s_32_5_1 fir_wrap_c_RAM_AUTO_1R1W fir_wrap_shift_reg_RAM_AUTO_1R1W fir_wrap_gmem_m_axi fir_wrap_CTRL_s_axi fir_wrap_Pipeline_VITIS_LOOP_41_1 fir_wrap_Pipeline_VITIS_LOOP_19_1 fir_wrap
INFO-FLOW: Generating E:/robot/project/FPGA/ZedBoard/HLS_lab/source/fir/prj/hoisting/kernel/fir_hoisting/hoisting/.autopilot/db/autopilot.rtl.models.txt file...
INFO-FLOW: To file: write model fir_wrap_flow_control_loop_pipe_sequential_init
INFO-FLOW: To file: write model fir_wrap_flow_control_loop_pipe_sequential_init
INFO-FLOW: To file: write model fir_wrap_mul_32s_32s_32_5_1
INFO-FLOW: To file: write model fir_wrap_c_RAM_AUTO_1R1W
INFO-FLOW: To file: write model fir_wrap_shift_reg_RAM_AUTO_1R1W
INFO-FLOW: To file: write model fir_wrap_gmem_m_axi
INFO-FLOW: To file: write model fir_wrap_CTRL_s_axi
INFO-FLOW: To file: write model fir_wrap_Pipeline_VITIS_LOOP_41_1
INFO-FLOW: To file: write model fir_wrap_Pipeline_VITIS_LOOP_19_1
INFO-FLOW: To file: write model fir_wrap
INFO-FLOW: Generating E:/robot/project/FPGA/ZedBoard/HLS_lab/source/fir/prj/hoisting/kernel/fir_hoisting/hoisting/.autopilot/db/autopilot.rtl.models.tcl file...
INFO-FLOW: Finished generating RTL model list.


INFO-FLOW: RTL Generation done.
INFO-FLOW: CAS Generation done.
INFO-FLOW: CBC Generation done.
INFO-FLOW: DBG:PROC: ::AESL_AUTOMG::auto_generate_csynth_design
INFO-FLOW: DBG:PUTS: read_platform_lib E:/robot/project/FPGA/ZedBoard/HLS_lab/source/fir/prj/hoisting/kernel/fir_hoisting/hoisting/.autopilot/db/global.setting.tcl
Execute         source E:/vivado/Vitis_HLS/2024.1/common/technology/generic/autopilot/common.gen 
Execute           source E:/vivado/Vitis_HLS/2024.1/common/technology/generic/autopilot/APCoreGen.gen 
Execute         source E:/vivado/Vitis_HLS/2024.1/common/technology/generic/autopilot/op.gen 
Execute         source E:/vivado/Vitis_HLS/2024.1/common/technology/generic/autopilot/op_simcore.gen 
Execute         source E:/vivado/Vitis_HLS/2024.1/common/technology/generic/autopilot/interface.gen 
Execute         source E:/robot/project/FPGA/ZedBoard/HLS_lab/source/fir/prj/hoisting/kernel/fir_hoisting/hoisting/.autopilot/db/global.setting.tcl 
Execute         source E:/vivado/Vitis_HLS/2024.1/common/technology/xilinx/common/xilinx.gen 
Execute           source E:/vivado/Vitis_HLS/2024.1/common/technology/xilinx/interface/plb46.gen 
Execute           source E:/vivado/Vitis_HLS/2024.1/common/technology/xilinx/interface/axi4.gen 
Execute           source E:/vivado/Vitis_HLS/2024.1/common/technology/xilinx/interface/nativeAXI4.gen 
Execute             source E:/vivado/Vitis_HLS/2024.1/common/technology/xilinx/interface/saxilite.gen 
Execute           source E:/vivado/Vitis_HLS/2024.1/common/technology/xilinx/scripts/xilinxcoregen.gen 
Execute           source E:/vivado/Vitis_HLS/2024.1/common/technology/xilinx/interface/XilEDKCoreGen.gen 
Execute           source E:/vivado/Vitis_HLS/2024.1/common/technology/xilinx/ip/dds_compiler.gen 
Execute           source E:/vivado/Vitis_HLS/2024.1/common/technology/xilinx/ip/util.gen 
Execute           source E:/vivado/Vitis_HLS/2024.1/common/technology/xilinx/ip/xfft.gen 
Execute           source E:/vivado/Vitis_HLS/2024.1/common/technology/xilinx/ip/xfir.gen 
Execute           source E:/vivado/Vitis_HLS/2024.1/common/technology/xilinx/DSP48/dsp48.gen 
INFO-FLOW: DBG:PUTS:   using AESL_AUTOCG::g_clock_period=5.000 (was NA)
INFO-FLOW: DBG:PROC: ::AESL_AUTOMG::generate_ip_cores gen_sim_model='1' gen_fp_models='0' gen_for_export='0' dstSCDir='' dstVhdlDir='E:/robot/project/FPGA/ZedBoard/HLS_lab/source/fir/prj/hoisting/kernel/fir_hoisting/hoisting/.autopilot/db/vhdl' dstVlogDir='E:/robot/project/FPGA/ZedBoard/HLS_lab/source/fir/prj/hoisting/kernel/fir_hoisting/hoisting/.autopilot/db/vlog' tclDir='E:/robot/project/FPGA/ZedBoard/HLS_lab/source/fir/prj/hoisting/kernel/fir_hoisting/hoisting/.autopilot/db' modelList='fir_wrap_flow_control_loop_pipe_sequential_init
fir_wrap_flow_control_loop_pipe_sequential_init
fir_wrap_mul_32s_32s_32_5_1
fir_wrap_c_RAM_AUTO_1R1W
fir_wrap_shift_reg_RAM_AUTO_1R1W
fir_wrap_gmem_m_axi
fir_wrap_CTRL_s_axi
fir_wrap_Pipeline_VITIS_LOOP_41_1
fir_wrap_Pipeline_VITIS_LOOP_19_1
fir_wrap
' expOnly='0'
Execute         source E:/robot/project/FPGA/ZedBoard/HLS_lab/source/fir/prj/hoisting/kernel/fir_hoisting/hoisting/.autopilot/db/global.setting.tcl 
Execute         ap_part_info -name xc7z020-clg484-1 -data names -quiet 
Execute         ap_part_info -name xc7z020-clg484-1 -data info -quiet 
Execute         source E:/robot/project/FPGA/ZedBoard/HLS_lab/source/fir/prj/hoisting/kernel/fir_hoisting/hoisting/.autopilot/db/global.setting.tcl 
Execute         source E:/robot/project/FPGA/ZedBoard/HLS_lab/source/fir/prj/hoisting/kernel/fir_hoisting/hoisting/.autopilot/db/global.setting.tcl 
Execute         source E:/robot/project/FPGA/ZedBoard/HLS_lab/source/fir/prj/hoisting/kernel/fir_hoisting/hoisting/.autopilot/db/fir_wrap_Pipeline_VITIS_LOOP_41_1.compgen.tcl 
Execute         source E:/robot/project/FPGA/ZedBoard/HLS_lab/source/fir/prj/hoisting/kernel/fir_hoisting/hoisting/.autopilot/db/fir_wrap_Pipeline_VITIS_LOOP_19_1.compgen.tcl 
Execute         source E:/robot/project/FPGA/ZedBoard/HLS_lab/source/fir/prj/hoisting/kernel/fir_hoisting/hoisting/.autopilot/db/fir_wrap.compgen.tcl 
Execute           source ./CTRL.slave.tcl 
INFO: [HLS 200-111] Finished Generating all RTL models: CPU user time: 0 seconds. CPU system time: 0 seconds. Elapsed time: 0.604 seconds; current allocated memory: 301.824 MB.
INFO-FLOW: DBG:PROC: ::HLSREPORTS::create_csynth_xml bind_info_var='bind_info' RtlSubPrefix='fir_wrap_' outfile=''
INFO-FLOW: Running: create_csynth_xml read xml data
INFO-FLOW: Done: create_csynth_xml read xml data time: 0 seconds per iteration
INFO-FLOW: Running: create_csynth_xml bind info
INFO-FLOW: Done: create_csynth_xml bind info time: 0 seconds per iteration
INFO-FLOW: Running: create_csynth_xml config info
INFO-FLOW: Done: create_csynth_xml config info time: 0.2 seconds per iteration
INFO-FLOW: Running: create_csynth_xml write xml
INFO-FLOW: Done: create_csynth_xml write xml time: 0 seconds per iteration
INFO-FLOW: DBG:PUTS:      create_csynth_xml wrote csynth_xml=E:/robot/project/FPGA/ZedBoard/HLS_lab/source/fir/prj/hoisting/kernel/fir_hoisting/hoisting/syn/report/csynth.xml
INFO-FLOW: DBG:PROC: ::AP::DESIGN_DATA::generate_json generate_bd_files='0' generate_xo_files='0' modelList='fir_wrap_flow_control_loop_pipe_sequential_init
fir_wrap_flow_control_loop_pipe_sequential_init
fir_wrap_mul_32s_32s_32_5_1
fir_wrap_c_RAM_AUTO_1R1W
fir_wrap_shift_reg_RAM_AUTO_1R1W
fir_wrap_gmem_m_axi
fir_wrap_CTRL_s_axi
fir_wrap_Pipeline_VITIS_LOOP_41_1
fir_wrap_Pipeline_VITIS_LOOP_19_1
fir_wrap
' rtl_lang='both' bootstrap_tcl='false' outdir='' outfilename=''
Execute         source E:/robot/project/FPGA/ZedBoard/HLS_lab/source/fir/prj/hoisting/kernel/fir_hoisting/hoisting/.autopilot/db/global.setting.tcl 
Execute         source E:/robot/project/FPGA/ZedBoard/HLS_lab/source/fir/prj/hoisting/kernel/fir_hoisting/hoisting/.autopilot/db/global.setting.tcl 
Execute         source E:/robot/project/FPGA/ZedBoard/HLS_lab/source/fir/prj/hoisting/kernel/fir_hoisting/hoisting/.autopilot/db/top-io-be.tcl 
Execute         source E:/robot/project/FPGA/ZedBoard/HLS_lab/source/fir/prj/hoisting/kernel/fir_hoisting/hoisting/.autopilot/db/fir_wrap.tbgen.tcl 
Execute         source E:/robot/project/FPGA/ZedBoard/HLS_lab/source/fir/prj/hoisting/kernel/fir_hoisting/hoisting/.autopilot/db/fir_wrap.compgen.dataonly.tcl 
Execute         source E:/robot/project/FPGA/ZedBoard/HLS_lab/source/fir/prj/hoisting/kernel/fir_hoisting/hoisting/.autopilot/db/fir_wrap.compgen.dataonly.tcl 
Execute         source E:/robot/project/FPGA/ZedBoard/HLS_lab/source/fir/prj/hoisting/kernel/fir_hoisting/hoisting/.autopilot/db/fir_wrap.rtl_wrap.cfg.tcl 
Execute         source E:/robot/project/FPGA/ZedBoard/HLS_lab/source/fir/prj/hoisting/kernel/fir_hoisting/hoisting/.autopilot/db/fir_wrap.compgen.dataonly.tcl 
Execute         source E:/robot/project/FPGA/ZedBoard/HLS_lab/source/fir/prj/hoisting/kernel/fir_hoisting/hoisting/.autopilot/db/fir_wrap_Pipeline_VITIS_LOOP_41_1.tbgen.tcl 
Execute         source E:/robot/project/FPGA/ZedBoard/HLS_lab/source/fir/prj/hoisting/kernel/fir_hoisting/hoisting/.autopilot/db/fir_wrap_Pipeline_VITIS_LOOP_19_1.tbgen.tcl 
Execute         source E:/robot/project/FPGA/ZedBoard/HLS_lab/source/fir/prj/hoisting/kernel/fir_hoisting/hoisting/.autopilot/db/fir_wrap.tbgen.tcl 
Execute         source E:/robot/project/FPGA/ZedBoard/HLS_lab/source/fir/prj/hoisting/kernel/fir_hoisting/hoisting/.autopilot/db/global.setting.tcl 
Execute         ap_part_info -name xc7z020-clg484-1 -data names -quiet 
Execute         ap_part_info -name xc7z020-clg484-1 -data info -quiet 
Execute         source E:/robot/project/FPGA/ZedBoard/HLS_lab/source/fir/prj/hoisting/kernel/fir_hoisting/hoisting/.autopilot/db/fir_wrap.constraint.tcl 
Execute         sc_get_clocks fir_wrap 
Execute         source E:/robot/project/FPGA/ZedBoard/HLS_lab/source/fir/prj/hoisting/kernel/fir_hoisting/hoisting/.autopilot/db/global.setting.tcl 
INFO-FLOW: DBG:PROC: ::HLSREPORTS::add_csynth_report_sections bind_info_dict='adapter_nodes {{BINDTYPE adapter ID {} IMPL {} LATENCY {} OPTYPE {} PRAGMA {} RTLNAME CTRL_s_axi_U SOURCE {} VARIABLE {} LOOP {} BUNDLEDNAME CTRL DSP 0 BRAM 0 URAM 0 STORAGESUBTYPE s_axilite STORAGESIZE {} STORAGEUSAGE interface DISPNAME {bind_adapter }} {BINDTYPE adapter ID {} IMPL {} LATENCY {} OPTYPE {} PRAGMA {} RTLNAME gmem_m_axi_U SOURCE {} VARIABLE {} LOOP {} BUNDLEDNAME gmem DSP 0 BRAM 4 URAM 0 STORAGESUBTYPE m_axi STORAGESIZE {} STORAGEUSAGE interface DISPNAME {bind_adapter }}} cache_nodes {} report_dict {TOPINST fir_wrap MODULE2INSTS {fir_wrap fir_wrap fir_wrap_Pipeline_VITIS_LOOP_41_1 grp_fir_wrap_Pipeline_VITIS_LOOP_41_1_fu_181 fir_wrap_Pipeline_VITIS_LOOP_19_1 grp_fir_wrap_Pipeline_VITIS_LOOP_19_1_fu_190} INST2MODULE {fir_wrap fir_wrap grp_fir_wrap_Pipeline_VITIS_LOOP_41_1_fu_181 fir_wrap_Pipeline_VITIS_LOOP_41_1 grp_fir_wrap_Pipeline_VITIS_LOOP_19_1_fu_190 fir_wrap_Pipeline_VITIS_LOOP_19_1} INSTDATA {fir_wrap {DEPTH 1 CHILDREN {grp_fir_wrap_Pipeline_VITIS_LOOP_41_1_fu_181 grp_fir_wrap_Pipeline_VITIS_LOOP_19_1_fu_190}} grp_fir_wrap_Pipeline_VITIS_LOOP_41_1_fu_181 {DEPTH 2 CHILDREN {}} grp_fir_wrap_Pipeline_VITIS_LOOP_19_1_fu_190 {DEPTH 2 CHILDREN {}}} MODULEDATA {fir_wrap_Pipeline_VITIS_LOOP_41_1 {BINDINFO {{BINDTYPE op ID {} IMPL auto LATENCY 0 OPTYPE seteq PRAGMA {} RTLNAME icmp_ln41_fu_90_p2 SOURCE fir_hoisting.cpp:41 VARIABLE icmp_ln41 LOOP VITIS_LOOP_41_1 BUNDLEDNAME {} DSP 0 BRAM 0 URAM 0 STORAGESUBTYPE {} DISPNAME {bind_op seteq} VISIBLE false} {BINDTYPE op ID {} IMPL fabric LATENCY 0 OPTYPE add PRAGMA {} RTLNAME add_ln41_fu_96_p2 SOURCE fir_hoisting.cpp:41 VARIABLE add_ln41 LOOP VITIS_LOOP_41_1 BUNDLEDNAME {} DSP 0 BRAM 0 URAM 0 STORAGESUBTYPE {} DISPNAME {bind_op add} VISIBLE true}} AREA {DSP 0 BRAM 0 URAM 0}} fir_wrap_Pipeline_VITIS_LOOP_19_1 {BINDINFO {{BINDTYPE op ID {} IMPL auto LATENCY 0 OPTYPE seteq PRAGMA {} RTLNAME icmp_ln19_fu_104_p2 SOURCE fir_hoisting.cpp:19 VARIABLE icmp_ln19 LOOP VITIS_LOOP_19_1 BUNDLEDNAME {} DSP 0 BRAM 0 URAM 0 STORAGESUBTYPE {} DISPNAME {bind_op seteq} VISIBLE false} {BINDTYPE op ID {} IMPL fabric LATENCY 0 OPTYPE add PRAGMA {} RTLNAME add_ln21_fu_110_p2 SOURCE fir_hoisting.cpp:21 VARIABLE add_ln21 LOOP VITIS_LOOP_19_1 BUNDLEDNAME {} DSP 0 BRAM 0 URAM 0 STORAGESUBTYPE {} DISPNAME {bind_op add} VISIBLE true} {BINDTYPE op ID {} IMPL fabric LATENCY 0 OPTYPE add PRAGMA {} RTLNAME acc_1_fu_131_p2 SOURCE fir_hoisting.cpp:22 VARIABLE acc_1 LOOP VITIS_LOOP_19_1 BUNDLEDNAME {} DSP 0 BRAM 0 URAM 0 STORAGESUBTYPE {} DISPNAME {bind_op add} VISIBLE true}} AREA {DSP 0 BRAM 0 URAM 0}} fir_wrap {BINDINFO {{BINDTYPE op ID {} IMPL auto LATENCY 0 OPTYPE setgt PRAGMA {} RTLNAME icmp_ln47_fu_272_p2 SOURCE fir_hoisting.cpp:47 VARIABLE icmp_ln47 LOOP {} BUNDLEDNAME {} DSP 0 BRAM 0 URAM 0 STORAGESUBTYPE {} DISPNAME {bind_op setgt} VISIBLE false} {BINDTYPE op ID {} IMPL auto_sel LATENCY 0 OPTYPE select PRAGMA {} RTLNAME empty_21_fu_277_p3 SOURCE fir_hoisting.cpp:47 VARIABLE empty_21 LOOP {} BUNDLEDNAME {} DSP 0 BRAM 0 URAM 0 STORAGESUBTYPE {} DISPNAME {bind_op select} VISIBLE false} {BINDTYPE op ID {} IMPL auto LATENCY 0 OPTYPE setlt PRAGMA {} RTLNAME icmp_ln47_1_fu_296_p2 SOURCE fir_hoisting.cpp:47 VARIABLE icmp_ln47_1 LOOP VITIS_LOOP_47_2 BUNDLEDNAME {} DSP 0 BRAM 0 URAM 0 STORAGESUBTYPE {} DISPNAME {bind_op setlt} VISIBLE false} {BINDTYPE op ID {} IMPL fabric LATENCY 0 OPTYPE add PRAGMA {} RTLNAME add_ln47_fu_301_p2 SOURCE fir_hoisting.cpp:47 VARIABLE add_ln47 LOOP VITIS_LOOP_47_2 BUNDLEDNAME {} DSP 0 BRAM 0 URAM 0 STORAGESUBTYPE {} DISPNAME {bind_op add} VISIBLE true} {BINDTYPE op ID {} IMPL auto LATENCY 4 OPTYPE mul PRAGMA {} RTLNAME mul_32s_32s_32_5_1_U8 SOURCE fir_hoisting.cpp:25 VARIABLE mul_ln25 LOOP VITIS_LOOP_47_2 BUNDLEDNAME {} DSP 3 BRAM 0 URAM 0 STORAGESUBTYPE {} DISPNAME {bind_op mul} VISIBLE true} {BINDTYPE op ID {} IMPL fabric LATENCY 0 OPTYPE add PRAGMA {} RTLNAME acc_fu_314_p2 SOURCE fir_hoisting.cpp:25 VARIABLE acc LOOP VITIS_LOOP_47_2 BUNDLEDNAME {} DSP 0 BRAM 0 URAM 0 STORAGESUBTYPE {} DISPNAME {bind_op add} VISIBLE true} {BINDTYPE storage ID {} IMPL auto LATENCY 1 OPTYPE ram_1p PRAGMA {} RTLNAME c_U SOURCE {} VARIABLE c LOOP {} BUNDLEDNAME {} DSP 0 BRAM 1 URAM 0 STORAGESUBTYPE {} STORAGESIZE {32 99 1} STORAGEUSAGE ram_1p DISPNAME {bind_storage ram_1p} VISIBLE true} {BINDTYPE storage ID {} IMPL auto LATENCY 1 OPTYPE ram_s2p PRAGMA {} RTLNAME shift_reg_U SOURCE {} VARIABLE shift_reg LOOP {} BUNDLEDNAME {} DSP 0 BRAM 1 URAM 0 STORAGESUBTYPE {} STORAGESIZE {32 99 1} STORAGEUSAGE ram_s2p DISPNAME {bind_storage ram_s2p} VISIBLE true}} AREA {DSP 3 BRAM 6 URAM 0}}}}'
INFO-FLOW: DBG:PUTS:      update_csynth_reports json2rpt_hw_sw_interfaces
Execute         send_msg_by_id INFO @200-1603@%s  and missed bursts 
INFO: [HLS 200-1603] Design has inferred MAXI bursts and missed bursts, see Vitis HLS GUI synthesis summary report for detailed information.
INFO-FLOW: Running: gen_csynth_sec_pragma
INFO-FLOW: Done: gen_csynth_sec_pragma time: 0 seconds per iteration
INFO-FLOW: DBG:PUTS:      update_csynth_reports wrote xml
INFO-FLOW: DBG:PUTS:      update_csynth_reports appended to csynth rpt file
INFO: [HLS 200-111] Finished Updating report files: CPU user time: 0 seconds. CPU system time: 0 seconds. Elapsed time: 0.823 seconds; current allocated memory: 306.246 MB.
INFO: [VHDL 208-304] Generating VHDL RTL for fir_wrap.
INFO: [VLOG 209-307] Generating Verilog RTL for fir_wrap.
Execute         syn_report -model fir_wrap -printsummary 
INFO: [HLS 200-790] **** Loop Constraint Status: All loop constraints were NOT satisfied.
INFO: [HLS 200-789] **** Estimated Fmax: 253.16 MHz
Command       autosyn done; 2.88 sec.
Command     csynth_design done; 14.009 sec.
INFO: [HLS 200-2161] Finished Command csynth_design Elapsed time: 00:00:14; Allocated memory: 63.531 MB.
Execute     cosim_design 
INFO: [HLS 200-1510] Running: cosim_design 
Execute       source E:/robot/project/FPGA/ZedBoard/HLS_lab/source/fir/prj/hoisting/kernel/fir_hoisting/hoisting/.autopilot/db/global.setting.tcl 
Execute       source E:/robot/project/FPGA/ZedBoard/HLS_lab/source/fir/prj/hoisting/kernel/fir_hoisting/hoisting/.autopilot/db/global.setting.tcl 
Execute       source E:/robot/project/FPGA/ZedBoard/HLS_lab/source/fir/prj/hoisting/kernel/fir_hoisting/hoisting/.autopilot/db/global.setting.tcl 
INFO-FLOW: DBG:PUTS: read_platform_lib E:/robot/project/FPGA/ZedBoard/HLS_lab/source/fir/prj/hoisting/kernel/fir_hoisting/hoisting/.autopilot/db/global.setting.tcl
Execute       source E:/vivado/Vitis_HLS/2024.1/common/technology/generic/autopilot/common.gen 
Execute         source E:/vivado/Vitis_HLS/2024.1/common/technology/generic/autopilot/APCoreGen.gen 
Execute       source E:/vivado/Vitis_HLS/2024.1/common/technology/generic/autopilot/op.gen 
Execute       source E:/vivado/Vitis_HLS/2024.1/common/technology/generic/autopilot/op_simcore.gen 
Execute       source E:/vivado/Vitis_HLS/2024.1/common/technology/generic/autopilot/interface.gen 
Execute       source E:/robot/project/FPGA/ZedBoard/HLS_lab/source/fir/prj/hoisting/kernel/fir_hoisting/hoisting/.autopilot/db/global.setting.tcl 
Execute       source E:/vivado/Vitis_HLS/2024.1/common/technology/xilinx/common/xilinx.gen 
Execute         source E:/vivado/Vitis_HLS/2024.1/common/technology/xilinx/interface/plb46.gen 
Execute         source E:/vivado/Vitis_HLS/2024.1/common/technology/xilinx/interface/axi4.gen 
Execute         source E:/vivado/Vitis_HLS/2024.1/common/technology/xilinx/interface/nativeAXI4.gen 
Execute           source E:/vivado/Vitis_HLS/2024.1/common/technology/xilinx/interface/saxilite.gen 
Execute         source E:/vivado/Vitis_HLS/2024.1/common/technology/xilinx/scripts/xilinxcoregen.gen 
Execute         source E:/vivado/Vitis_HLS/2024.1/common/technology/xilinx/interface/XilEDKCoreGen.gen 
Execute         source E:/vivado/Vitis_HLS/2024.1/common/technology/xilinx/ip/dds_compiler.gen 
Execute         source E:/vivado/Vitis_HLS/2024.1/common/technology/xilinx/ip/util.gen 
Execute         source E:/vivado/Vitis_HLS/2024.1/common/technology/xilinx/ip/xfft.gen 
Execute         source E:/vivado/Vitis_HLS/2024.1/common/technology/xilinx/ip/xfir.gen 
Execute         source E:/vivado/Vitis_HLS/2024.1/common/technology/xilinx/DSP48/dsp48.gen 
Execute       ap_part_info -name xc7z020-clg484-1 -data names -quiet 
Execute       ap_part_info -name xc7z020-clg484-1 -data info -quiet 
Execute       source E:/robot/project/FPGA/ZedBoard/HLS_lab/source/fir/prj/hoisting/kernel/fir_hoisting/hoisting/.autopilot/db/global.setting.tcl 
Execute       source E:/robot/project/FPGA/ZedBoard/HLS_lab/source/fir/prj/hoisting/kernel/fir_hoisting/hoisting/.autopilot/db/fir_wrap.rtl_wrap.cfg.tcl 
Execute       source E:/robot/project/FPGA/ZedBoard/HLS_lab/source/fir/prj/hoisting/kernel/fir_hoisting/hoisting/.autopilot/db/fir_wrap.tbgen.tcl 
Execute       source E:/robot/project/FPGA/ZedBoard/HLS_lab/source/fir/prj/hoisting/kernel/fir_hoisting/hoisting/.autopilot/db/fir_wrap.tbgen.tcl 
Execute       source E:/robot/project/FPGA/ZedBoard/HLS_lab/source/fir/prj/hoisting/kernel/fir_hoisting/hoisting/.autopilot/db/fir_wrap.tbgen.tcl 
Execute       source E:/robot/project/FPGA/ZedBoard/HLS_lab/source/fir/prj/hoisting/kernel/fir_hoisting/hoisting/.autopilot/db/fir_wrap.tbgen.tcl 
INFO: [COSIM 212-47] Using XSIM for RTL simulation.
INFO: [COSIM 212-14] Instrumenting C test bench ...
Execute       ap_part_info -name xc7z020-clg484-1 -data info 
INFO-FLOW: run_clang exec: E:/vivado/Vitis_HLS/2024.1/vcxx/libexec/clang -fno-builtin-isinf -fno-builtin-isnan -E -Wno-unknown-pragmas -Wno-unknown-pragmas -DGCC_COMPATIBLE_APINT -DAESL_TB -D__HLS_COSIM__ -D__VITIS_HLS__ -D__USE_XOPEN2K8 -I E:/vivado/Vitis_HLS/2024.1/include -I include E:/robot/project/FPGA/ZedBoard/HLS_lab/source/fir/prj/hoisting/kernel/fir_tb.cpp -o E:/robot/project/FPGA/ZedBoard/HLS_lab/source/fir/prj/hoisting/kernel/fir_hoisting/hoisting/./sim/autowrap/testbench/fir_tb.cpp_pre.cpp -std=gnu++14 -D__DSP48E1__ --sysroot=E:/vivado/Vitis_HLS/2024.1/tps/mingw/10.0.0/win64.o/nt > E:/robot/project/FPGA/ZedBoard/HLS_lab/source/fir/prj/hoisting/kernel/fir_hoisting/hoisting/.autopilot/db/fir_tb.cpp.clang.autosim-tb.out.log 2> E:/robot/project/FPGA/ZedBoard/HLS_lab/source/fir/prj/hoisting/kernel/fir_hoisting/hoisting/.autopilot/db/fir_tb.cpp.clang.autosim-tb.err.log
INFO-FLOW: TB processing: E:/robot/project/FPGA/ZedBoard/HLS_lab/source/fir/prj/hoisting/kernel/fir_tb.cpp E:/robot/project/FPGA/ZedBoard/HLS_lab/source/fir/prj/hoisting/kernel/fir_hoisting/hoisting/./sim/autowrap/testbench/fir_tb.cpp_pre.cpp
Execute       clang_tidy xilinx-tb-process -desc tb-process E:/robot/project/FPGA/ZedBoard/HLS_lab/source/fir/prj/hoisting/kernel/fir_hoisting/hoisting/./sim/autowrap/testbench/fir_tb.cpp_pre.cpp.tb.cpp std=gnu++14 
INFO-FLOW: exec E:/vivado/Vitis_HLS/2024.1/win64/tools/clang-3.9-csynth/bin/clang-tidy -header-filter=.* --checks=-*,xilinx-tb-process -fix-errors E:/robot/project/FPGA/ZedBoard/HLS_lab/source/fir/prj/hoisting/kernel/fir_hoisting/hoisting/./sim/autowrap/testbench/fir_tb.cpp_pre.cpp.tb.cpp -- -std=gnu++14 -fhls -ferror-limit=0
Command       clang_tidy done; 0.499 sec.
Execute       ap_part_info -name xc7z020-clg484-1 -data info 
INFO-FLOW: run_clang exec: E:/vivado/Vitis_HLS/2024.1/vcxx/libexec/clang -fno-builtin-isinf -fno-builtin-isnan -E -DGCC_COMPATIBLE_APINT -DAESL_TB -D__HLS_COSIM__ -D__VITIS_HLS__ -D__USE_XOPEN2K8 -I E:/vivado/Vitis_HLS/2024.1/include -I include E:/robot/project/FPGA/ZedBoard/HLS_lab/source/fir/prj/hoisting/kernel/fir_hoisting.cpp -o E:/robot/project/FPGA/ZedBoard/HLS_lab/source/fir/prj/hoisting/kernel/fir_hoisting/hoisting/./sim/autowrap/testbench/fir_hoisting.cpp_pre.cpp -std=gnu++14 -D__DSP48E1__ --sysroot=E:/vivado/Vitis_HLS/2024.1/tps/mingw/10.0.0/win64.o/nt > E:/robot/project/FPGA/ZedBoard/HLS_lab/source/fir/prj/hoisting/kernel/fir_hoisting/hoisting/.autopilot/db/fir_hoisting.cpp.clang.autosim-tb.out.log 2> E:/robot/project/FPGA/ZedBoard/HLS_lab/source/fir/prj/hoisting/kernel/fir_hoisting/hoisting/.autopilot/db/fir_hoisting.cpp.clang.autosim-tb.err.log
INFO-FLOW: TB processing: E:/robot/project/FPGA/ZedBoard/HLS_lab/source/fir/prj/hoisting/kernel/fir_hoisting.cpp E:/robot/project/FPGA/ZedBoard/HLS_lab/source/fir/prj/hoisting/kernel/fir_hoisting/hoisting/./sim/autowrap/testbench/fir_hoisting.cpp_pre.cpp
Execute       clang_tidy xilinx-tb-process -desc tb-process E:/robot/project/FPGA/ZedBoard/HLS_lab/source/fir/prj/hoisting/kernel/fir_hoisting/hoisting/./sim/autowrap/testbench/fir_hoisting.cpp_pre.cpp.tb.cpp std=gnu++14 
INFO-FLOW: exec E:/vivado/Vitis_HLS/2024.1/win64/tools/clang-3.9-csynth/bin/clang-tidy -header-filter=.* --checks=-*,xilinx-tb-process -fix-errors E:/robot/project/FPGA/ZedBoard/HLS_lab/source/fir/prj/hoisting/kernel/fir_hoisting/hoisting/./sim/autowrap/testbench/fir_hoisting.cpp_pre.cpp.tb.cpp -- -std=gnu++14 -fhls -ferror-limit=0
Execute       source E:/robot/project/FPGA/ZedBoard/HLS_lab/source/fir/prj/hoisting/kernel/fir_hoisting/hoisting/.autopilot/db/global.setting.tcl 
Execute       source E:/robot/project/FPGA/ZedBoard/HLS_lab/source/fir/prj/hoisting/kernel/fir_hoisting/hoisting/.autopilot/db/fir_wrap.rtl_wrap.cfg.tcl 
Execute       source E:/robot/project/FPGA/ZedBoard/HLS_lab/source/fir/prj/hoisting/kernel/fir_hoisting/hoisting/.autopilot/db/fir_wrap.rtl_wrap.cfg.tcl 
Execute       source E:/robot/project/FPGA/ZedBoard/HLS_lab/source/fir/prj/hoisting/kernel/fir_hoisting/hoisting/.autopilot/db/fir_wrap.rtl_wrap.cfg.tcl 
Execute       source E:/robot/project/FPGA/ZedBoard/HLS_lab/source/fir/prj/hoisting/kernel/fir_hoisting/hoisting/.autopilot/db/fir_wrap.tbgen.tcl 
Execute       source E:/robot/project/FPGA/ZedBoard/HLS_lab/source/fir/prj/hoisting/kernel/fir_hoisting/hoisting/.autopilot/db/fir_wrap.tbgen.tcl 
Execute       source E:/robot/project/FPGA/ZedBoard/HLS_lab/source/fir/prj/hoisting/kernel/fir_hoisting/hoisting/.autopilot/db/fir_wrap.tbgen.tcl 
Execute       ap_part_info -name xc7z020-clg484-1 -data info 
Execute       source .run_sim.tcl 
INFO: [COSIM 212-302] Starting C TB testing ... 
Command       ap_source done; 0.209 sec.
INFO: [COSIM 212-333] Generating C post check test bench ...
INFO: [COSIM 212-12] Generating RTL test bench ...
Execute       source ../tv/cdatafile/ref.tcl 
Execute       source E:/robot/project/FPGA/ZedBoard/HLS_lab/source/fir/prj/hoisting/kernel/fir_hoisting/hoisting/.autopilot/db/fir_wrap.tbgen.tcl 
Execute       source E:/robot/project/FPGA/ZedBoard/HLS_lab/source/fir/prj/hoisting/kernel/fir_hoisting/hoisting/.autopilot/db/fir_wrap.tbgen.tcl 
Execute       source E:/robot/project/FPGA/ZedBoard/HLS_lab/source/fir/prj/hoisting/kernel/fir_hoisting/hoisting/.autopilot/db/fir_wrap.tbgen.tcl 
Execute       source E:/robot/project/FPGA/ZedBoard/HLS_lab/source/fir/prj/hoisting/kernel/fir_hoisting/hoisting/.autopilot/db/fir_wrap.tbgen.tcl 
Execute       source ../tv/cdatafile/ref.tcl 
Execute       source E:/robot/project/FPGA/ZedBoard/HLS_lab/source/fir/prj/hoisting/kernel/fir_hoisting/hoisting/.autopilot/db/fir_wrap.tbgen.tcl 
Execute       source E:/robot/project/FPGA/ZedBoard/HLS_lab/source/fir/prj/hoisting/kernel/fir_hoisting/hoisting/.autopilot/db/fir_wrap.tbgen.tcl 
Execute       source E:/robot/project/FPGA/ZedBoard/HLS_lab/source/fir/prj/hoisting/kernel/fir_hoisting/hoisting/.autopilot/db/fir_wrap.tbgen.tcl 
Execute       source E:/robot/project/FPGA/ZedBoard/HLS_lab/source/fir/prj/hoisting/kernel/fir_hoisting/hoisting/.autopilot/db/fir_wrap.tbgen.tcl 
Execute       source E:/robot/project/FPGA/ZedBoard/HLS_lab/source/fir/prj/hoisting/kernel/fir_hoisting/hoisting/.autopilot/db/fir_wrap.tbgen.tcl 
Execute       source E:/robot/project/FPGA/ZedBoard/HLS_lab/source/fir/prj/hoisting/kernel/fir_hoisting/hoisting/.autopilot/db/fir_wrap.tbgen.tcl 
Execute       source E:/robot/project/FPGA/ZedBoard/HLS_lab/source/fir/prj/hoisting/kernel/fir_hoisting/hoisting/.autopilot/db/fir_wrap.tbgen.tcl 
Execute       source E:/robot/project/FPGA/ZedBoard/HLS_lab/source/fir/prj/hoisting/kernel/fir_hoisting/hoisting/.autopilot/db/fir_wrap.tbgen.tcl 
Execute       source E:/robot/project/FPGA/ZedBoard/HLS_lab/source/fir/prj/hoisting/kernel/fir_hoisting/hoisting/.autopilot/db/fir_wrap.tbgen.tcl 
Execute       source E:/robot/project/FPGA/ZedBoard/HLS_lab/source/fir/prj/hoisting/kernel/fir_hoisting/hoisting/.autopilot/db/fir_wrap.tbgen.tcl 
Execute       source E:/robot/project/FPGA/ZedBoard/HLS_lab/source/fir/prj/hoisting/kernel/fir_hoisting/hoisting/.autopilot/db/fir_wrap.tbgen.tcl 
Execute       source E:/robot/project/FPGA/ZedBoard/HLS_lab/source/fir/prj/hoisting/kernel/fir_hoisting/hoisting/.autopilot/db/fir_wrap.DependenceCheck.tcl 
Execute       source E:/robot/project/FPGA/ZedBoard/HLS_lab/source/fir/prj/hoisting/kernel/fir_hoisting/hoisting/.autopilot/db/fir_wrap.tbgen.tcl 
INFO: [COSIM 212-1] *** C/RTL co-simulation file generation completed. ***
Execute       source .run_sim.tcl 
Execute         source check_sim.tcl 
Execute         source dataflow_monitor_API.tcl 
Execute         source .sim.status.tcl 
INFO: [COSIM 212-323] Starting verilog simulation. 
INFO: [COSIM 212-15] Starting XSIM ...
INFO: [COSIM 212-316] Starting C post checking ...
Command       ap_source done; 16.362 sec.
INFO: [COSIM 212-1000] *** C/RTL co-simulation finished: PASS ***
INFO: [COSIM 212-211] II is measurable only when transaction number is greater than 1 in RTL simulation. Otherwise, they will be marked as all NA. If user wants to calculate them, please make sure there are at least 2 transactions in RTL simulation.
Command     cosim_design done; 25.438 sec.
INFO: [HLS 200-2161] Finished Command cosim_design Elapsed time: 00:00:25; Allocated memory: 5.934 MB.
Execute     export_design -format ip_catalog -evaluate verilog 
INFO: [HLS 200-1510] Running: export_design -format ip_catalog -evaluate verilog 
Execute       config_export -format=ip_catalog 
INFO-FLOW: DBG:PUTS: export_design_wrap: -format ip_catalog -evaluate verilog -rtl verilog
Execute       source E:/robot/project/FPGA/ZedBoard/HLS_lab/source/fir/prj/hoisting/kernel/fir_hoisting/hoisting/.autopilot/db/global.setting.tcl 
INFO-FLOW: DBG:PUTS:   auto_impl: pack: -export -rtl verilog
INFO-FLOW: DBG:PROC: ::AESL_AUTOIMPL::auto_impl args='-export -rtl verilog'
Execute       source E:/robot/project/FPGA/ZedBoard/HLS_lab/source/fir/prj/hoisting/kernel/fir_hoisting/hoisting/.autopilot/db/global.setting.tcl 
INFO: [IMPL 213-8] Exporting RTL as a Vivado IP.
INFO-FLOW: DBG:PUTS: automg_wrap -export -pcore_version 1.00.a -rtl vlog -tool Vivado -impltomg_flag
INFO-FLOW: DBG:PROC: ::AESL_AUTOMG::auto_generate args='-export -pcore_version 1.00.a -rtl vlog -tool Vivado -impltomg_flag'
INFO-FLOW: DBG:PUTS:     auto_generate -export -pcore_version 1.00.a -rtl vlog -tool Vivado -impltomg_flag
Execute       source E:/robot/project/FPGA/ZedBoard/HLS_lab/source/fir/prj/hoisting/kernel/fir_hoisting/hoisting/.autopilot/db/global.setting.tcl 
INFO-FLOW: DBG:PUTS: read_platform_lib E:/robot/project/FPGA/ZedBoard/HLS_lab/source/fir/prj/hoisting/kernel/fir_hoisting/hoisting/.autopilot/db/global.setting.tcl
Execute       source E:/vivado/Vitis_HLS/2024.1/common/technology/generic/autopilot/common.gen 
Execute         source E:/vivado/Vitis_HLS/2024.1/common/technology/generic/autopilot/APCoreGen.gen 
Execute       source E:/vivado/Vitis_HLS/2024.1/common/technology/generic/autopilot/op.gen 
Execute       source E:/vivado/Vitis_HLS/2024.1/common/technology/generic/autopilot/op_simcore.gen 
Execute       source E:/vivado/Vitis_HLS/2024.1/common/technology/generic/autopilot/interface.gen 
Execute       source E:/robot/project/FPGA/ZedBoard/HLS_lab/source/fir/prj/hoisting/kernel/fir_hoisting/hoisting/.autopilot/db/global.setting.tcl 
Execute       source E:/vivado/Vitis_HLS/2024.1/common/technology/xilinx/common/xilinx.gen 
Execute         source E:/vivado/Vitis_HLS/2024.1/common/technology/xilinx/interface/plb46.gen 
Execute         source E:/vivado/Vitis_HLS/2024.1/common/technology/xilinx/interface/axi4.gen 
Execute         source E:/vivado/Vitis_HLS/2024.1/common/technology/xilinx/interface/nativeAXI4.gen 
Execute           source E:/vivado/Vitis_HLS/2024.1/common/technology/xilinx/interface/saxilite.gen 
Execute         source E:/vivado/Vitis_HLS/2024.1/common/technology/xilinx/scripts/xilinxcoregen.gen 
Execute         source E:/vivado/Vitis_HLS/2024.1/common/technology/xilinx/interface/XilEDKCoreGen.gen 
Execute         source E:/vivado/Vitis_HLS/2024.1/common/technology/xilinx/ip/dds_compiler.gen 
Execute         source E:/vivado/Vitis_HLS/2024.1/common/technology/xilinx/ip/util.gen 
Execute         source E:/vivado/Vitis_HLS/2024.1/common/technology/xilinx/ip/xfft.gen 
Execute         source E:/vivado/Vitis_HLS/2024.1/common/technology/xilinx/ip/xfir.gen 
Execute         source E:/vivado/Vitis_HLS/2024.1/common/technology/xilinx/DSP48/dsp48.gen 
INFO-FLOW: DBG:PUTS:       initCTypeInfo top_module=fir_wrap xml_exists=0
Execute       source E:/robot/project/FPGA/ZedBoard/HLS_lab/source/fir/prj/hoisting/kernel/fir_hoisting/hoisting/.autopilot/db/fir_wrap.rtl_wrap.cfg.tcl 
Execute       source E:/robot/project/FPGA/ZedBoard/HLS_lab/source/fir/prj/hoisting/kernel/fir_hoisting/hoisting/.autopilot/db/fir_wrap.rtl_wrap.cfg.tcl 
Execute       source E:/robot/project/FPGA/ZedBoard/HLS_lab/source/fir/prj/hoisting/kernel/fir_hoisting/hoisting/.autopilot/db/fir_wrap.rtl_wrap.cfg.tcl 
Execute       source E:/robot/project/FPGA/ZedBoard/HLS_lab/source/fir/prj/hoisting/kernel/fir_hoisting/hoisting/.autopilot/db/fir_wrap.tbgen.tcl 
Execute       source E:/robot/project/FPGA/ZedBoard/HLS_lab/source/fir/prj/hoisting/kernel/fir_hoisting/hoisting/.autopilot/db/fir_wrap.tbgen.tcl 
Execute       source E:/robot/project/FPGA/ZedBoard/HLS_lab/source/fir/prj/hoisting/kernel/fir_hoisting/hoisting/.autopilot/db/fir_wrap.tbgen.tcl 
Execute       source E:/robot/project/FPGA/ZedBoard/HLS_lab/source/fir/prj/hoisting/kernel/fir_hoisting/hoisting/.autopilot/db/global.setting.tcl 
Execute       source E:/robot/project/FPGA/ZedBoard/HLS_lab/source/fir/prj/hoisting/kernel/fir_hoisting/hoisting/.autopilot/db/fir_wrap.tbgen.tcl 
INFO-FLOW: DBG:PUTS:       cosim_export_main adding deadlock detection to fir_wrap
INFO-FLOW: DBG:PUTS:       generate_datafile_ip_script ip_types={vitis sysgen} #gSsdmPorts=0
INFO-FLOW: DBG:PUTS: Skipping loadAnalyze_DB, #g_database=5
INFO-FLOW: DBG:PUTS:       generate_json generate_bd_files=0 generate_xo_files=false #modelList=10 #gSsdmPorts=0
INFO-FLOW: DBG:PROC: ::AP::DESIGN_DATA::generate_json generate_bd_files='0' generate_xo_files='false' modelList='fir_wrap_flow_control_loop_pipe_sequential_init
fir_wrap_flow_control_loop_pipe_sequential_init
fir_wrap_mul_32s_32s_32_5_1
fir_wrap_c_RAM_AUTO_1R1W
fir_wrap_shift_reg_RAM_AUTO_1R1W
fir_wrap_gmem_m_axi
fir_wrap_CTRL_s_axi
fir_wrap_Pipeline_VITIS_LOOP_41_1
fir_wrap_Pipeline_VITIS_LOOP_19_1
fir_wrap
' rtl_lang='vlog' bootstrap_tcl='false' outdir='' outfilename=''
Execute       source E:/robot/project/FPGA/ZedBoard/HLS_lab/source/fir/prj/hoisting/kernel/fir_hoisting/hoisting/.autopilot/db/global.setting.tcl 
Execute       source E:/robot/project/FPGA/ZedBoard/HLS_lab/source/fir/prj/hoisting/kernel/fir_hoisting/hoisting/.autopilot/db/global.setting.tcl 
Execute       source E:/robot/project/FPGA/ZedBoard/HLS_lab/source/fir/prj/hoisting/kernel/fir_hoisting/hoisting/.autopilot/db/top-io-be.tcl 
Execute       source E:/robot/project/FPGA/ZedBoard/HLS_lab/source/fir/prj/hoisting/kernel/fir_hoisting/hoisting/.autopilot/db/fir_wrap.tbgen.tcl 
Execute       source E:/robot/project/FPGA/ZedBoard/HLS_lab/source/fir/prj/hoisting/kernel/fir_hoisting/hoisting/.autopilot/db/fir_wrap.compgen.dataonly.tcl 
Execute       source E:/robot/project/FPGA/ZedBoard/HLS_lab/source/fir/prj/hoisting/kernel/fir_hoisting/hoisting/.autopilot/db/fir_wrap.compgen.dataonly.tcl 
Execute       source E:/robot/project/FPGA/ZedBoard/HLS_lab/source/fir/prj/hoisting/kernel/fir_hoisting/hoisting/.autopilot/db/fir_wrap.rtl_wrap.cfg.tcl 
Execute       source E:/robot/project/FPGA/ZedBoard/HLS_lab/source/fir/prj/hoisting/kernel/fir_hoisting/hoisting/.autopilot/db/fir_wrap.compgen.dataonly.tcl 
Execute       source E:/robot/project/FPGA/ZedBoard/HLS_lab/source/fir/prj/hoisting/kernel/fir_hoisting/hoisting/.autopilot/db/fir_wrap_Pipeline_VITIS_LOOP_41_1.tbgen.tcl 
Execute       source E:/robot/project/FPGA/ZedBoard/HLS_lab/source/fir/prj/hoisting/kernel/fir_hoisting/hoisting/.autopilot/db/fir_wrap_Pipeline_VITIS_LOOP_19_1.tbgen.tcl 
Execute       source E:/robot/project/FPGA/ZedBoard/HLS_lab/source/fir/prj/hoisting/kernel/fir_hoisting/hoisting/.autopilot/db/fir_wrap.tbgen.tcl 
Execute       source E:/robot/project/FPGA/ZedBoard/HLS_lab/source/fir/prj/hoisting/kernel/fir_hoisting/hoisting/.autopilot/db/global.setting.tcl 
Execute       ap_part_info -name xc7z020-clg484-1 -data names -quiet 
Execute       ap_part_info -name xc7z020-clg484-1 -data info -quiet 
Execute       source E:/robot/project/FPGA/ZedBoard/HLS_lab/source/fir/prj/hoisting/kernel/fir_hoisting/hoisting/.autopilot/db/fir_wrap.constraint.tcl 
Execute       sc_get_clocks fir_wrap 
Execute       source E:/robot/project/FPGA/ZedBoard/HLS_lab/source/fir/prj/hoisting/kernel/fir_hoisting/hoisting/.autopilot/db/global.setting.tcl 
INFO-FLOW: DBG:PUTS:       generate_syn_sh
Execute       ap_part_info -name xc7z020-clg484-1 -data names -quiet 
Execute       ap_part_info -name xc7z020-clg484-1 -data info -quiet 
Execute       source E:/robot/project/FPGA/ZedBoard/HLS_lab/source/fir/prj/hoisting/kernel/fir_hoisting/hoisting/.autopilot/db/global.setting.tcl 
INFO-FLOW: DBG:PUTS:       generate_imp_constraints
Execute       ap_part_info -name xc7z020-clg484-1 -data names -quiet 
Execute       ap_part_info -name xc7z020-clg484-1 -data info -quiet 
Execute       source E:/robot/project/FPGA/ZedBoard/HLS_lab/source/fir/prj/hoisting/kernel/fir_hoisting/hoisting/.autopilot/db/fir_wrap.constraint.tcl 
Execute       source E:/robot/project/FPGA/ZedBoard/HLS_lab/source/fir/prj/hoisting/kernel/fir_hoisting/hoisting/.autopilot/db/fir_wrap.tbgen.tcl 
INFO-FLOW: DBG:PUTS:       delete-temp-dirs (skipped for debug)
Execute       ap_part_info -name xc7z020-clg484-1 -data names -quiet 
Execute       ap_part_info -name xc7z020-clg484-1 -data info -quiet 
INFO-FLOW: DBG:PUTS: read_platform_lib E:/robot/project/FPGA/ZedBoard/HLS_lab/source/fir/prj/hoisting/kernel/fir_hoisting/hoisting/.autopilot/db/global.setting.tcl
Execute       source E:/vivado/Vitis_HLS/2024.1/common/technology/generic/autopilot/common.gen 
Execute         source E:/vivado/Vitis_HLS/2024.1/common/technology/generic/autopilot/APCoreGen.gen 
Execute       source E:/vivado/Vitis_HLS/2024.1/common/technology/generic/autopilot/op.gen 
Execute       source E:/vivado/Vitis_HLS/2024.1/common/technology/generic/autopilot/op_simcore.gen 
Execute       source E:/vivado/Vitis_HLS/2024.1/common/technology/generic/autopilot/interface.gen 
Execute       source E:/robot/project/FPGA/ZedBoard/HLS_lab/source/fir/prj/hoisting/kernel/fir_hoisting/hoisting/.autopilot/db/global.setting.tcl 
Execute       source E:/vivado/Vitis_HLS/2024.1/common/technology/xilinx/common/xilinx.gen 
Execute         source E:/vivado/Vitis_HLS/2024.1/common/technology/xilinx/interface/plb46.gen 
Execute         source E:/vivado/Vitis_HLS/2024.1/common/technology/xilinx/interface/axi4.gen 
Execute         source E:/vivado/Vitis_HLS/2024.1/common/technology/xilinx/interface/nativeAXI4.gen 
Execute           source E:/vivado/Vitis_HLS/2024.1/common/technology/xilinx/interface/saxilite.gen 
Execute         source E:/vivado/Vitis_HLS/2024.1/common/technology/xilinx/scripts/xilinxcoregen.gen 
Execute         source E:/vivado/Vitis_HLS/2024.1/common/technology/xilinx/interface/XilEDKCoreGen.gen 
Execute         source E:/vivado/Vitis_HLS/2024.1/common/technology/xilinx/ip/dds_compiler.gen 
Execute         source E:/vivado/Vitis_HLS/2024.1/common/technology/xilinx/ip/util.gen 
Execute         source E:/vivado/Vitis_HLS/2024.1/common/technology/xilinx/ip/xfft.gen 
Execute         source E:/vivado/Vitis_HLS/2024.1/common/technology/xilinx/ip/xfir.gen 
Execute         source E:/vivado/Vitis_HLS/2024.1/common/technology/xilinx/DSP48/dsp48.gen 
INFO-FLOW: DBG:PUTS:     IP package: exec E:/robot/project/FPGA/ZedBoard/HLS_lab/source/fir/prj/hoisting/kernel/fir_hoisting/hoisting/impl/ip/pack.bat
INFO-FLOW: DBG:PUTS:     IP package: success E:/robot/project/FPGA/ZedBoard/HLS_lab/source/fir/prj/hoisting/kernel/fir_hoisting/hoisting/impl/ip/pack.bat
INFO-FLOW: DBG:PUTS:   auto_impl: eval: -flow impl -rtl verilog
INFO-FLOW: DBG:PROC: ::AESL_AUTOIMPL::auto_impl args='-flow impl -rtl verilog'
Execute       source E:/robot/project/FPGA/ZedBoard/HLS_lab/source/fir/prj/hoisting/kernel/fir_hoisting/hoisting/.autopilot/db/global.setting.tcl 
INFO: [IMPL 213-8] Starting RTL evaluation using Vivado ...
INFO-FLOW: DBG:PUTS: automg_wrap -rtl vlog -tool Vivado -impltomg_flag
INFO-FLOW: DBG:PROC: ::AESL_AUTOMG::auto_generate args='-rtl vlog -tool Vivado -impltomg_flag'
INFO-FLOW: DBG:PUTS:     auto_generate -rtl vlog -tool Vivado -impltomg_flag
Execute       source E:/robot/project/FPGA/ZedBoard/HLS_lab/source/fir/prj/hoisting/kernel/fir_hoisting/hoisting/.autopilot/db/global.setting.tcl 
INFO-FLOW: DBG:PUTS: read_platform_lib E:/robot/project/FPGA/ZedBoard/HLS_lab/source/fir/prj/hoisting/kernel/fir_hoisting/hoisting/.autopilot/db/global.setting.tcl
Execute       source E:/vivado/Vitis_HLS/2024.1/common/technology/generic/autopilot/common.gen 
Execute         source E:/vivado/Vitis_HLS/2024.1/common/technology/generic/autopilot/APCoreGen.gen 
Execute       source E:/vivado/Vitis_HLS/2024.1/common/technology/generic/autopilot/op.gen 
Execute       source E:/vivado/Vitis_HLS/2024.1/common/technology/generic/autopilot/op_simcore.gen 
Execute       source E:/vivado/Vitis_HLS/2024.1/common/technology/generic/autopilot/interface.gen 
Execute       source E:/robot/project/FPGA/ZedBoard/HLS_lab/source/fir/prj/hoisting/kernel/fir_hoisting/hoisting/.autopilot/db/global.setting.tcl 
Execute       source E:/vivado/Vitis_HLS/2024.1/common/technology/xilinx/common/xilinx.gen 
Execute         source E:/vivado/Vitis_HLS/2024.1/common/technology/xilinx/interface/plb46.gen 
Execute         source E:/vivado/Vitis_HLS/2024.1/common/technology/xilinx/interface/axi4.gen 
Execute         source E:/vivado/Vitis_HLS/2024.1/common/technology/xilinx/interface/nativeAXI4.gen 
Execute           source E:/vivado/Vitis_HLS/2024.1/common/technology/xilinx/interface/saxilite.gen 
Execute         source E:/vivado/Vitis_HLS/2024.1/common/technology/xilinx/scripts/xilinxcoregen.gen 
Execute         source E:/vivado/Vitis_HLS/2024.1/common/technology/xilinx/interface/XilEDKCoreGen.gen 
Execute         source E:/vivado/Vitis_HLS/2024.1/common/technology/xilinx/ip/dds_compiler.gen 
Execute         source E:/vivado/Vitis_HLS/2024.1/common/technology/xilinx/ip/util.gen 
Execute         source E:/vivado/Vitis_HLS/2024.1/common/technology/xilinx/ip/xfft.gen 
Execute         source E:/vivado/Vitis_HLS/2024.1/common/technology/xilinx/ip/xfir.gen 
Execute         source E:/vivado/Vitis_HLS/2024.1/common/technology/xilinx/DSP48/dsp48.gen 
INFO-FLOW: DBG:PUTS:       generate_syn_sh
Execute       ap_part_info -name xc7z020-clg484-1 -data names -quiet 
Execute       ap_part_info -name xc7z020-clg484-1 -data info -quiet 
Execute       source E:/robot/project/FPGA/ZedBoard/HLS_lab/source/fir/prj/hoisting/kernel/fir_hoisting/hoisting/.autopilot/db/global.setting.tcl 
INFO-FLOW: DBG:PUTS:       generate_imp_constraints
Execute       ap_part_info -name xc7z020-clg484-1 -data names -quiet 
Execute       ap_part_info -name xc7z020-clg484-1 -data info -quiet 
Execute       source E:/robot/project/FPGA/ZedBoard/HLS_lab/source/fir/prj/hoisting/kernel/fir_hoisting/hoisting/.autopilot/db/fir_wrap.constraint.tcl 
Execute       source E:/robot/project/FPGA/ZedBoard/HLS_lab/source/fir/prj/hoisting/kernel/fir_hoisting/hoisting/.autopilot/db/fir_wrap.tbgen.tcl 
INFO-FLOW: DBG:PUTS:       delete-temp-dirs (skipped for debug)
Execute       ap_part_info -name xc7z020-clg484-1 -data names -quiet 
Execute       ap_part_info -name xc7z020-clg484-1 -data info -quiet 
INFO-FLOW: DBG:PUTS: read_platform_lib E:/robot/project/FPGA/ZedBoard/HLS_lab/source/fir/prj/hoisting/kernel/fir_hoisting/hoisting/.autopilot/db/global.setting.tcl
Execute       source E:/vivado/Vitis_HLS/2024.1/common/technology/generic/autopilot/common.gen 
Execute         source E:/vivado/Vitis_HLS/2024.1/common/technology/generic/autopilot/APCoreGen.gen 
Execute       source E:/vivado/Vitis_HLS/2024.1/common/technology/generic/autopilot/op.gen 
Execute       source E:/vivado/Vitis_HLS/2024.1/common/technology/generic/autopilot/op_simcore.gen 
Execute       source E:/vivado/Vitis_HLS/2024.1/common/technology/generic/autopilot/interface.gen 
Execute       source E:/robot/project/FPGA/ZedBoard/HLS_lab/source/fir/prj/hoisting/kernel/fir_hoisting/hoisting/.autopilot/db/global.setting.tcl 
Execute       source E:/vivado/Vitis_HLS/2024.1/common/technology/xilinx/common/xilinx.gen 
Execute         source E:/vivado/Vitis_HLS/2024.1/common/technology/xilinx/interface/plb46.gen 
Execute         source E:/vivado/Vitis_HLS/2024.1/common/technology/xilinx/interface/axi4.gen 
Execute         source E:/vivado/Vitis_HLS/2024.1/common/technology/xilinx/interface/nativeAXI4.gen 
Execute           source E:/vivado/Vitis_HLS/2024.1/common/technology/xilinx/interface/saxilite.gen 
Execute         source E:/vivado/Vitis_HLS/2024.1/common/technology/xilinx/scripts/xilinxcoregen.gen 
Execute         source E:/vivado/Vitis_HLS/2024.1/common/technology/xilinx/interface/XilEDKCoreGen.gen 
Execute         source E:/vivado/Vitis_HLS/2024.1/common/technology/xilinx/ip/dds_compiler.gen 
Execute         source E:/vivado/Vitis_HLS/2024.1/common/technology/xilinx/ip/util.gen 
Execute         source E:/vivado/Vitis_HLS/2024.1/common/technology/xilinx/ip/xfft.gen 
Execute         source E:/vivado/Vitis_HLS/2024.1/common/technology/xilinx/ip/xfir.gen 
Execute         source E:/vivado/Vitis_HLS/2024.1/common/technology/xilinx/DSP48/dsp48.gen 
Execute       source E:/robot/project/FPGA/ZedBoard/HLS_lab/source/fir/prj/hoisting/kernel/fir_hoisting/hoisting/.autopilot/db/autopilot.rtl.models.tcl 
Execute       source E:/robot/project/FPGA/ZedBoard/HLS_lab/source/fir/prj/hoisting/kernel/fir_hoisting/hoisting/.autopilot/db/global.setting.tcl 
Execute       ap_part_info -name xc7z020-clg484-1 -data names -quiet 
Execute       ap_part_info -name xc7z020-clg484-1 -data info -quiet 
INFO-FLOW: DBG:PUTS: debug_in_auto_impl: vlog exec E:/robot/project/FPGA/ZedBoard/HLS_lab/source/fir/prj/hoisting/kernel/fir_hoisting/hoisting/impl/verilog/impl.bat
INFO-FLOW: DBG:PROC: ::HLSREPORTS::auto_impl_report topinfo_dict='RtlTopPrefix {} RtlSubPrefix fir_wrap_ TopModuleNoPrefix fir_wrap TopModuleWithPrefix fir_wrap' export_design_flow='impl' impl_dir='E:/robot/project/FPGA/ZedBoard/HLS_lab/source/fir/prj/hoisting/kernel/fir_hoisting/hoisting/impl' lang='verilog' out_dir=''
INFO-FLOW: DBG:PUTS:     auto_impl_report: impl processing xml
Execute       ap_part_info -quiet -data family -name xc7z020-clg484-1 
INFO-FLOW: DBG:PUTS:     writing export xml file: E:/robot/project/FPGA/ZedBoard/HLS_lab/source/fir/prj/hoisting/kernel/fir_hoisting/hoisting/impl/report/verilog/export_impl.xml
INFO-FLOW: DBG:PROC: ::HLSREPORTS::auto_impl_report_txt xml_root='domNode0000029FA27B4E74' export_design_flow='impl' export_rpt='E:/robot/project/FPGA/ZedBoard/HLS_lab/source/fir/prj/hoisting/kernel/fir_hoisting/hoisting/impl/report/verilog/export_impl.rpt' rpt_txt_var=''
INFO-FLOW: DBG:PUTS:     wrote export rpt file: export_impl.rpt
INFO-FLOW: DBG:PUTS:     auto_impl_report: syn processing xml
Execute       ap_part_info -quiet -data family -name xc7z020-clg484-1 
INFO-FLOW: DBG:PUTS:     writing export xml file: E:/robot/project/FPGA/ZedBoard/HLS_lab/source/fir/prj/hoisting/kernel/fir_hoisting/hoisting/impl/report/verilog/export_syn.xml
INFO-FLOW: DBG:PROC: ::HLSREPORTS::auto_impl_report_txt xml_root='domNode0000029FA290E4E4' export_design_flow='syn' export_rpt='E:/robot/project/FPGA/ZedBoard/HLS_lab/source/fir/prj/hoisting/kernel/fir_hoisting/hoisting/impl/report/verilog/export_syn.rpt' rpt_txt_var=''
INFO-FLOW: DBG:PUTS:     wrote export rpt file: export_syn.rpt
Execute       send_msg_by_id INFO @200-802@%s fir_hoisting/hoisting/impl/export.zip 
INFO: [HLS 200-802] Generated output file fir_hoisting/hoisting/impl/export.zip
WARNING: [HLS 200-484] The 'export_design -evaluate' command is deprecated and will be removed in a future release.
Command     export_design done; 343.198 sec.
INFO: [HLS 200-2161] Finished Command export_design Elapsed time: 00:05:43; Allocated memory: 4.570 MB.
Execute     cleanup_all 
